
Note: No compatibility mode selected!


Circuit: * comparator-offset-mc @ ff_125c_3.30v -- generated by sim/harness, do not edit

Reset re-loads circuit * comparator-offset-mc @ ff_125c_3.30v -- generated by sim/harness, do not edit

Circuit: * comparator-offset-mc @ ff_125c_3.30v -- generated by sim/harness, do not edit

Doing analysis at TEMP = 125.000000 and TNOM = 27.000000

Using SPARSE 1.3 as Direct Linear Solver

No. of Data Rows : 6
voa = 1.4453255050e-03
ddc = -2.742454098e-07
dde = 2.6586690838e-07
Reset re-loads circuit * comparator-offset-mc @ ff_125c_3.30v -- generated by sim/harness, do not edit

Circuit: * comparator-offset-mc @ ff_125c_3.30v -- generated by sim/harness, do not edit

Doing analysis at TEMP = 125.000000 and TNOM = 27.000000

Using SPARSE 1.3 as Direct Linear Solver

No. of Data Rows : 6
voa = 1.4378240501e-03
ddc = -1.181625462e-07
dde = 1.1625907893e-07
Reset re-loads circuit * comparator-offset-mc @ ff_125c_3.30v -- generated by sim/harness, do not edit

Circuit: * comparator-offset-mc @ ff_125c_3.30v -- generated by sim/harness, do not edit

Doing analysis at TEMP = 125.000000 and TNOM = 27.000000

Using SPARSE 1.3 as Direct Linear Solver

No. of Data Rows : 6
voa = -1.017323161e-03
ddc = 6.7671299267e-08
dde = -6.699279691e-08
Reset re-loads circuit * comparator-offset-mc @ ff_125c_3.30v -- generated by sim/harness, do not edit

Circuit: * comparator-offset-mc @ ff_125c_3.30v -- generated by sim/harness, do not edit

Doing analysis at TEMP = 125.000000 and TNOM = 27.000000

Using SPARSE 1.3 as Direct Linear Solver

No. of Data Rows : 6
voa = 2.7661435679e-04
ddc = -4.414676621e-08
dde = 4.1244239772e-08
Reset re-loads circuit * comparator-offset-mc @ ff_125c_3.30v -- generated by sim/harness, do not edit

Circuit: * comparator-offset-mc @ ff_125c_3.30v -- generated by sim/harness, do not edit

Doing analysis at TEMP = 125.000000 and TNOM = 27.000000

Using SPARSE 1.3 as Direct Linear Solver

No. of Data Rows : 6
voa = -4.297742983e-04
ddc = 4.6321257434e-08
dde = -4.529014387e-08
Reset re-loads circuit * comparator-offset-mc @ ff_125c_3.30v -- generated by sim/harness, do not edit

Circuit: * comparator-offset-mc @ ff_125c_3.30v -- generated by sim/harness, do not edit

Doing analysis at TEMP = 125.000000 and TNOM = 27.000000

Using SPARSE 1.3 as Direct Linear Solver

No. of Data Rows : 6
voa = 1.8604092745e-03
ddc = -1.326210267e-07
dde = 1.3098393425e-07
Reset re-loads circuit * comparator-offset-mc @ ff_125c_3.30v -- generated by sim/harness, do not edit

Circuit: * comparator-offset-mc @ ff_125c_3.30v -- generated by sim/harness, do not edit

Doing analysis at TEMP = 125.000000 and TNOM = 27.000000

Using SPARSE 1.3 as Direct Linear Solver

No. of Data Rows : 6
voa = 1.8738437520e-03
ddc = -1.576029822e-07
dde = 1.5496440636e-07
Reset re-loads circuit * comparator-offset-mc @ ff_125c_3.30v -- generated by sim/harness, do not edit

Circuit: * comparator-offset-mc @ ff_125c_3.30v -- generated by sim/harness, do not edit

Doing analysis at TEMP = 125.000000 and TNOM = 27.000000

Using SPARSE 1.3 as Direct Linear Solver

No. of Data Rows : 6
voa = -1.375522485e-04
ddc = 5.3667839659e-08
dde = -5.083195478e-08
Reset re-loads circuit * comparator-offset-mc @ ff_125c_3.30v -- generated by sim/harness, do not edit

Circuit: * comparator-offset-mc @ ff_125c_3.30v -- generated by sim/harness, do not edit

Doing analysis at TEMP = 125.000000 and TNOM = 27.000000

Using SPARSE 1.3 as Direct Linear Solver

No. of Data Rows : 6
voa = 1.3038060619e-03
ddc = -3.010165962e-08
dde = 3.7299080322e-09
Reset re-loads circuit * comparator-offset-mc @ ff_125c_3.30v -- generated by sim/harness, do not edit

Circuit: * comparator-offset-mc @ ff_125c_3.30v -- generated by sim/harness, do not edit

Doing analysis at TEMP = 125.000000 and TNOM = 27.000000

Using SPARSE 1.3 as Direct Linear Solver
 Reference value :  0.00000e+00
No. of Data Rows : 6
voa = -7.234409788e-04
ddc = -3.598398394e-08
dde = 3.2970763265e-08
Reset re-loads circuit * comparator-offset-mc @ ff_125c_3.30v -- generated by sim/harness, do not edit

Circuit: * comparator-offset-mc @ ff_125c_3.30v -- generated by sim/harness, do not edit

Doing analysis at TEMP = 125.000000 and TNOM = 27.000000

Using SPARSE 1.3 as Direct Linear Solver

No. of Data Rows : 6
voa = -3.540993915e-03
ddc = 3.9522972236e-07
dde = -3.861802919e-07
Reset re-loads circuit * comparator-offset-mc @ ff_125c_3.30v -- generated by sim/harness, do not edit

Circuit: * comparator-offset-mc @ ff_125c_3.30v -- generated by sim/harness, do not edit

Doing analysis at TEMP = 125.000000 and TNOM = 27.000000

Using SPARSE 1.3 as Direct Linear Solver

No. of Data Rows : 6
voa = -6.871080836e-04
ddc = 1.3490426417e-07
dde = -1.307291069e-07
Reset re-loads circuit * comparator-offset-mc @ ff_125c_3.30v -- generated by sim/harness, do not edit

Circuit: * comparator-offset-mc @ ff_125c_3.30v -- generated by sim/harness, do not edit

Doing analysis at TEMP = 125.000000 and TNOM = 27.000000

Using SPARSE 1.3 as Direct Linear Solver

No. of Data Rows : 6
voa = -5.672656255e-04
ddc = 1.0121201657e-07
dde = -9.819971283e-08
Reset re-loads circuit * comparator-offset-mc @ ff_125c_3.30v -- generated by sim/harness, do not edit

Circuit: * comparator-offset-mc @ ff_125c_3.30v -- generated by sim/harness, do not edit

Doing analysis at TEMP = 125.000000 and TNOM = 27.000000

Using SPARSE 1.3 as Direct Linear Solver

No. of Data Rows : 6
voa = -3.355014642e-04
ddc = 4.7899975196e-08
dde = -4.527070758e-08
Reset re-loads circuit * comparator-offset-mc @ ff_125c_3.30v -- generated by sim/harness, do not edit

Circuit: * comparator-offset-mc @ ff_125c_3.30v -- generated by sim/harness, do not edit

Doing analysis at TEMP = 125.000000 and TNOM = 27.000000

Using SPARSE 1.3 as Direct Linear Solver

No. of Data Rows : 6
voa = 3.3752648686e-03
ddc = -5.661928620e-07
dde = 5.4967988920e-07
Reset re-loads circuit * comparator-offset-mc @ ff_125c_3.30v -- generated by sim/harness, do not edit

Circuit: * comparator-offset-mc @ ff_125c_3.30v -- generated by sim/harness, do not edit

Doing analysis at TEMP = 125.000000 and TNOM = 27.000000

Using SPARSE 1.3 as Direct Linear Solver

No. of Data Rows : 6
voa = -5.737882540e-04
ddc = 1.0759975433e-07
dde = -1.043154085e-07
Reset re-loads circuit * comparator-offset-mc @ ff_125c_3.30v -- generated by sim/harness, do not edit

Circuit: * comparator-offset-mc @ ff_125c_3.30v -- generated by sim/harness, do not edit

Doing analysis at TEMP = 125.000000 and TNOM = 27.000000

Using SPARSE 1.3 as Direct Linear Solver

No. of Data Rows : 6
voa = -1.291111096e-03
ddc = 2.2585410221e-07
dde = -2.191782580e-07
Reset re-loads circuit * comparator-offset-mc @ ff_125c_3.30v -- generated by sim/harness, do not edit

Circuit: * comparator-offset-mc @ ff_125c_3.30v -- generated by sim/harness, do not edit

Doing analysis at TEMP = 125.000000 and TNOM = 27.000000

Using SPARSE 1.3 as Direct Linear Solver

No. of Data Rows : 6
voa = 5.1723450753e-04
ddc = -9.176644927e-08
dde = 8.5348358828e-08
Reset re-loads circuit * comparator-offset-mc @ ff_125c_3.30v -- generated by sim/harness, do not edit

Circuit: * comparator-offset-mc @ ff_125c_3.30v -- generated by sim/harness, do not edit

Doing analysis at TEMP = 125.000000 and TNOM = 27.000000

Using SPARSE 1.3 as Direct Linear Solver

No. of Data Rows : 6
voa = -1.781944160e-03
ddc = 2.7982434087e-07
dde = -2.719406895e-07
Reset re-loads circuit * comparator-offset-mc @ ff_125c_3.30v -- generated by sim/harness, do not edit

Circuit: * comparator-offset-mc @ ff_125c_3.30v -- generated by sim/harness, do not edit

Doing analysis at TEMP = 125.000000 and TNOM = 27.000000

Using SPARSE 1.3 as Direct Linear Solver

No. of Data Rows : 6
voa = -1.470829408e-03
ddc = 1.4135935219e-07
dde = -1.385644095e-07
Reset re-loads circuit * comparator-offset-mc @ ff_125c_3.30v -- generated by sim/harness, do not edit

Circuit: * comparator-offset-mc @ ff_125c_3.30v -- generated by sim/harness, do not edit

Doing analysis at TEMP = 125.000000 and TNOM = 27.000000

Using SPARSE 1.3 as Direct Linear Solver
 Reference value :  0.00000e+00
No. of Data Rows : 6
voa = -2.218108846e-03
ddc = 1.3385367159e-07
dde = -1.329396602e-07
Reset re-loads circuit * comparator-offset-mc @ ff_125c_3.30v -- generated by sim/harness, do not edit

Circuit: * comparator-offset-mc @ ff_125c_3.30v -- generated by sim/harness, do not edit

Doing analysis at TEMP = 125.000000 and TNOM = 27.000000

Using SPARSE 1.3 as Direct Linear Solver

No. of Data Rows : 6
voa = -1.546783848e-03
ddc = 1.7212758792e-07
dde = -1.682215932e-07
Reset re-loads circuit * comparator-offset-mc @ ff_125c_3.30v -- generated by sim/harness, do not edit

Circuit: * comparator-offset-mc @ ff_125c_3.30v -- generated by sim/harness, do not edit

Doing analysis at TEMP = 125.000000 and TNOM = 27.000000

Using SPARSE 1.3 as Direct Linear Solver

No. of Data Rows : 6
voa = 1.5442889715e-03
ddc = -2.260593129e-08
dde = 2.4904451737e-08
Reset re-loads circuit * comparator-offset-mc @ ff_125c_3.30v -- generated by sim/harness, do not edit

Circuit: * comparator-offset-mc @ ff_125c_3.30v -- generated by sim/harness, do not edit

Doing analysis at TEMP = 125.000000 and TNOM = 27.000000

Using SPARSE 1.3 as Direct Linear Solver

No. of Data Rows : 6
voa = 1.0069521234e-03
ddc = -1.493852555e-07
dde = 1.4530530142e-07
Reset re-loads circuit * comparator-offset-mc @ ff_125c_3.30v -- generated by sim/harness, do not edit

Circuit: * comparator-offset-mc @ ff_125c_3.30v -- generated by sim/harness, do not edit

Doing analysis at TEMP = 125.000000 and TNOM = 27.000000

Using SPARSE 1.3 as Direct Linear Solver

No. of Data Rows : 6
voa = -1.427286071e-03
ddc = 1.9526445433e-07
dde = -1.901226137e-07
Reset re-loads circuit * comparator-offset-mc @ ff_125c_3.30v -- generated by sim/harness, do not edit

Circuit: * comparator-offset-mc @ ff_125c_3.30v -- generated by sim/harness, do not edit

Doing analysis at TEMP = 125.000000 and TNOM = 27.000000

Using SPARSE 1.3 as Direct Linear Solver

No. of Data Rows : 6
voa = 8.6821218770e-04
ddc = -1.071846799e-08
dde = 6.0972164260e-09
Reset re-loads circuit * comparator-offset-mc @ ff_125c_3.30v -- generated by sim/harness, do not edit

Circuit: * comparator-offset-mc @ ff_125c_3.30v -- generated by sim/harness, do not edit

Doing analysis at TEMP = 125.000000 and TNOM = 27.000000

Using SPARSE 1.3 as Direct Linear Solver

No. of Data Rows : 6
voa = 9.7000567215e-04
ddc = 5.1272459704e-08
dde = -4.710469739e-08
Reset re-loads circuit * comparator-offset-mc @ ff_125c_3.30v -- generated by sim/harness, do not edit

Circuit: * comparator-offset-mc @ ff_125c_3.30v -- generated by sim/harness, do not edit

Doing analysis at TEMP = 125.000000 and TNOM = 27.000000

Using SPARSE 1.3 as Direct Linear Solver

No. of Data Rows : 6
voa = 2.4188254501e-03
ddc = -1.247028791e-07
dde = 1.2457510492e-07
Reset re-loads circuit * comparator-offset-mc @ ff_125c_3.30v -- generated by sim/harness, do not edit

Circuit: * comparator-offset-mc @ ff_125c_3.30v -- generated by sim/harness, do not edit

Doing analysis at TEMP = 125.000000 and TNOM = 27.000000

Using SPARSE 1.3 as Direct Linear Solver

No. of Data Rows : 6
voa = 1.7737475588e-03
ddc = -1.637752430e-07
dde = 1.6065772293e-07
Reset re-loads circuit * comparator-offset-mc @ ff_125c_3.30v -- generated by sim/harness, do not edit

Circuit: * comparator-offset-mc @ ff_125c_3.30v -- generated by sim/harness, do not edit

Doing analysis at TEMP = 125.000000 and TNOM = 27.000000

Using SPARSE 1.3 as Direct Linear Solver

No. of Data Rows : 6
voa = 2.5884353800e-04
ddc = -8.973643008e-08
dde = 8.6555459147e-08
Reset re-loads circuit * comparator-offset-mc @ ff_125c_3.30v -- generated by sim/harness, do not edit

Circuit: * comparator-offset-mc @ ff_125c_3.30v -- generated by sim/harness, do not edit

Doing analysis at TEMP = 125.000000 and TNOM = 27.000000

Using SPARSE 1.3 as Direct Linear Solver

No. of Data Rows : 6
voa = 1.7954703475e-03
ddc = -1.850051677e-07
dde = 1.8106605142e-07
Reset re-loads circuit * comparator-offset-mc @ ff_125c_3.30v -- generated by sim/harness, do not edit

Circuit: * comparator-offset-mc @ ff_125c_3.30v -- generated by sim/harness, do not edit

Doing analysis at TEMP = 125.000000 and TNOM = 27.000000

Using SPARSE 1.3 as Direct Linear Solver

No. of Data Rows : 6
voa = -1.106609079e-03
ddc = 1.6378519574e-07
dde = -1.592692006e-07
Reset re-loads circuit * comparator-offset-mc @ ff_125c_3.30v -- generated by sim/harness, do not edit

Circuit: * comparator-offset-mc @ ff_125c_3.30v -- generated by sim/harness, do not edit

Doing analysis at TEMP = 125.000000 and TNOM = 27.000000

Using SPARSE 1.3 as Direct Linear Solver
 Reference value :  2.00000e-03
No. of Data Rows : 6
voa = 8.4587457511e-04
ddc = -2.648776762e-07
dde = 2.5561525282e-07
Reset re-loads circuit * comparator-offset-mc @ ff_125c_3.30v -- generated by sim/harness, do not edit

Circuit: * comparator-offset-mc @ ff_125c_3.30v -- generated by sim/harness, do not edit

Doing analysis at TEMP = 125.000000 and TNOM = 27.000000

Using SPARSE 1.3 as Direct Linear Solver

No. of Data Rows : 6
voa = 1.5452540767e-03
ddc = -1.259604472e-07
dde = 1.2397918436e-07
Reset re-loads circuit * comparator-offset-mc @ ff_125c_3.30v -- generated by sim/harness, do not edit

Circuit: * comparator-offset-mc @ ff_125c_3.30v -- generated by sim/harness, do not edit

Doing analysis at TEMP = 125.000000 and TNOM = 27.000000

Using SPARSE 1.3 as Direct Linear Solver

No. of Data Rows : 6
voa = -1.919929506e-03
ddc = 1.4134833617e-07
dde = -1.395136766e-07
Reset re-loads circuit * comparator-offset-mc @ ff_125c_3.30v -- generated by sim/harness, do not edit

Circuit: * comparator-offset-mc @ ff_125c_3.30v -- generated by sim/harness, do not edit

Doing analysis at TEMP = 125.000000 and TNOM = 27.000000

Using SPARSE 1.3 as Direct Linear Solver

No. of Data Rows : 6
voa = -9.384114855e-05
ddc = 9.8245056071e-09
dde = -9.613524024e-09
Reset re-loads circuit * comparator-offset-mc @ ff_125c_3.30v -- generated by sim/harness, do not edit

Circuit: * comparator-offset-mc @ ff_125c_3.30v -- generated by sim/harness, do not edit

Doing analysis at TEMP = 125.000000 and TNOM = 27.000000

Using SPARSE 1.3 as Direct Linear Solver

No. of Data Rows : 6
voa = 1.6630567766e-03
ddc = -2.513789949e-07
dde = 2.4439817665e-07
Reset re-loads circuit * comparator-offset-mc @ ff_125c_3.30v -- generated by sim/harness, do not edit

Circuit: * comparator-offset-mc @ ff_125c_3.30v -- generated by sim/harness, do not edit

Doing analysis at TEMP = 125.000000 and TNOM = 27.000000

Using SPARSE 1.3 as Direct Linear Solver

No. of Data Rows : 6
voa = 7.3004964969e-04
ddc = -1.236735886e-07
dde = 1.1636115756e-07
Reset re-loads circuit * comparator-offset-mc @ ff_125c_3.30v -- generated by sim/harness, do not edit

Circuit: * comparator-offset-mc @ ff_125c_3.30v -- generated by sim/harness, do not edit

Doing analysis at TEMP = 125.000000 and TNOM = 27.000000

Using SPARSE 1.3 as Direct Linear Solver

No. of Data Rows : 6
voa = 1.9322597553e-03
ddc = -6.129127512e-08
dde = 3.0679407679e-08
Reset re-loads circuit * comparator-offset-mc @ ff_125c_3.30v -- generated by sim/harness, do not edit

Circuit: * comparator-offset-mc @ ff_125c_3.30v -- generated by sim/harness, do not edit

Doing analysis at TEMP = 125.000000 and TNOM = 27.000000

Using SPARSE 1.3 as Direct Linear Solver

No. of Data Rows : 6
voa = 1.2850259644e-04
ddc = 3.1850766384e-08
dde = -3.025684642e-08
Reset re-loads circuit * comparator-offset-mc @ ff_125c_3.30v -- generated by sim/harness, do not edit

Circuit: * comparator-offset-mc @ ff_125c_3.30v -- generated by sim/harness, do not edit

Doing analysis at TEMP = 125.000000 and TNOM = 27.000000

Using SPARSE 1.3 as Direct Linear Solver

No. of Data Rows : 6
voa = 2.4770794958e-03
ddc = -2.732133469e-07
dde = 2.6704533321e-07
Reset re-loads circuit * comparator-offset-mc @ ff_125c_3.30v -- generated by sim/harness, do not edit

Circuit: * comparator-offset-mc @ ff_125c_3.30v -- generated by sim/harness, do not edit

Doing analysis at TEMP = 125.000000 and TNOM = 27.000000

Using SPARSE 1.3 as Direct Linear Solver

No. of Data Rows : 6
voa = 1.7196889815e-03
ddc = -2.295225298e-07
dde = 2.2359320662e-07
Reset re-loads circuit * comparator-offset-mc @ ff_125c_3.30v -- generated by sim/harness, do not edit

Circuit: * comparator-offset-mc @ ff_125c_3.30v -- generated by sim/harness, do not edit

Doing analysis at TEMP = 125.000000 and TNOM = 27.000000

Using SPARSE 1.3 as Direct Linear Solver

No. of Data Rows : 6
voa = 1.5194000664e-03
ddc = -1.100066521e-07
dde = 1.0863125302e-07
Reset re-loads circuit * comparator-offset-mc @ ff_125c_3.30v -- generated by sim/harness, do not edit

Circuit: * comparator-offset-mc @ ff_125c_3.30v -- generated by sim/harness, do not edit

Doing analysis at TEMP = 125.000000 and TNOM = 27.000000

Using SPARSE 1.3 as Direct Linear Solver
 Reference value :  0.00000e+00
No. of Data Rows : 6
voa = -1.258036343e-03
ddc = 1.2457444568e-08
dde = -1.457383866e-08
Reset re-loads circuit * comparator-offset-mc @ ff_125c_3.30v -- generated by sim/harness, do not edit

Circuit: * comparator-offset-mc @ ff_125c_3.30v -- generated by sim/harness, do not edit

Doing analysis at TEMP = 125.000000 and TNOM = 27.000000

Using SPARSE 1.3 as Direct Linear Solver

No. of Data Rows : 6
voa = 3.1343601679e-03
ddc = -2.493145424e-07
dde = 2.4540906532e-07
Reset re-loads circuit * comparator-offset-mc @ ff_125c_3.30v -- generated by sim/harness, do not edit

Circuit: * comparator-offset-mc @ ff_125c_3.30v -- generated by sim/harness, do not edit

Doing analysis at TEMP = 125.000000 and TNOM = 27.000000

Using SPARSE 1.3 as Direct Linear Solver

No. of Data Rows : 6
voa = -1.287393809e-04
ddc = 1.5349964192e-07
dde = -1.473906262e-07
Reset re-loads circuit * comparator-offset-mc @ ff_125c_3.30v -- generated by sim/harness, do not edit

Circuit: * comparator-offset-mc @ ff_125c_3.30v -- generated by sim/harness, do not edit

Doing analysis at TEMP = 125.000000 and TNOM = 27.000000

Using SPARSE 1.3 as Direct Linear Solver

No. of Data Rows : 6
voa = -2.574576165e-03
ddc = 1.7657078484e-07
dde = -1.746128248e-07
Reset re-loads circuit * comparator-offset-mc @ ff_125c_3.30v -- generated by sim/harness, do not edit

Circuit: * comparator-offset-mc @ ff_125c_3.30v -- generated by sim/harness, do not edit

Doing analysis at TEMP = 125.000000 and TNOM = 27.000000

Using SPARSE 1.3 as Direct Linear Solver

No. of Data Rows : 6
voa = 1.2745072978e-03
ddc = -6.856219190e-08
dde = 6.8378808971e-08
Reset re-loads circuit * comparator-offset-mc @ ff_125c_3.30v -- generated by sim/harness, do not edit

Circuit: * comparator-offset-mc @ ff_125c_3.30v -- generated by sim/harness, do not edit

Doing analysis at TEMP = 125.000000 and TNOM = 27.000000

Using SPARSE 1.3 as Direct Linear Solver

No. of Data Rows : 6
voa = 2.0827497909e-03
ddc = -2.716673782e-07
dde = 2.6480678747e-07
Reset re-loads circuit * comparator-offset-mc @ ff_125c_3.30v -- generated by sim/harness, do not edit

Circuit: * comparator-offset-mc @ ff_125c_3.30v -- generated by sim/harness, do not edit

Doing analysis at TEMP = 125.000000 and TNOM = 27.000000

Using SPARSE 1.3 as Direct Linear Solver

No. of Data Rows : 6
voa = 1.8006637394e-03
ddc = -1.892208872e-07
dde = 1.8514628033e-07
Reset re-loads circuit * comparator-offset-mc @ ff_125c_3.30v -- generated by sim/harness, do not edit

Circuit: * comparator-offset-mc @ ff_125c_3.30v -- generated by sim/harness, do not edit

Doing analysis at TEMP = 125.000000 and TNOM = 27.000000

Using SPARSE 1.3 as Direct Linear Solver

No. of Data Rows : 6
voa = -2.847258670e-03
ddc = 3.1265043935e-07
dde = -3.055698798e-07
Reset re-loads circuit * comparator-offset-mc @ ff_125c_3.30v -- generated by sim/harness, do not edit

Circuit: * comparator-offset-mc @ ff_125c_3.30v -- generated by sim/harness, do not edit

Doing analysis at TEMP = 125.000000 and TNOM = 27.000000

Using SPARSE 1.3 as Direct Linear Solver

No. of Data Rows : 6
voa = -4.252894839e-05
ddc = -2.150231554e-08
dde = 2.0526715294e-08
Reset re-loads circuit * comparator-offset-mc @ ff_125c_3.30v -- generated by sim/harness, do not edit

Circuit: * comparator-offset-mc @ ff_125c_3.30v -- generated by sim/harness, do not edit

Doing analysis at TEMP = 125.000000 and TNOM = 27.000000

Using SPARSE 1.3 as Direct Linear Solver

No. of Data Rows : 6
voa = -1.147636861e-03
ddc = 2.9120211017e-07
dde = -2.814484640e-07
Reset re-loads circuit * comparator-offset-mc @ ff_125c_3.30v -- generated by sim/harness, do not edit

Circuit: * comparator-offset-mc @ ff_125c_3.30v -- generated by sim/harness, do not edit

Doing analysis at TEMP = 125.000000 and TNOM = 27.000000

Using SPARSE 1.3 as Direct Linear Solver

No. of Data Rows : 6
voa = 2.2489848444e-03
ddc = -1.054554139e-07
dde = 1.0576767842e-07
Reset re-loads circuit * comparator-offset-mc @ ff_125c_3.30v -- generated by sim/harness, do not edit

Circuit: * comparator-offset-mc @ ff_125c_3.30v -- generated by sim/harness, do not edit

Doing analysis at TEMP = 125.000000 and TNOM = 27.000000

Using SPARSE 1.3 as Direct Linear Solver

No. of Data Rows : 6
voa = 2.1810624684e-03
ddc = -1.464207817e-07
dde = 1.1763047283e-07
Reset re-loads circuit * comparator-offset-mc @ ff_125c_3.30v -- generated by sim/harness, do not edit

Circuit: * comparator-offset-mc @ ff_125c_3.30v -- generated by sim/harness, do not edit

Doing analysis at TEMP = 125.000000 and TNOM = 27.000000

Using SPARSE 1.3 as Direct Linear Solver
 Reference value :  0.00000e+00
No. of Data Rows : 6
voa = 2.5076734542e-03
ddc = -1.009330666e-07
dde = 1.0198153953e-07
Reset re-loads circuit * comparator-offset-mc @ ff_125c_3.30v -- generated by sim/harness, do not edit

Circuit: * comparator-offset-mc @ ff_125c_3.30v -- generated by sim/harness, do not edit

Doing analysis at TEMP = 125.000000 and TNOM = 27.000000

Using SPARSE 1.3 as Direct Linear Solver

No. of Data Rows : 6
voa = -1.457572634e-03
ddc = 5.2527737252e-08
dde = -5.340153301e-08
Reset re-loads circuit * comparator-offset-mc @ ff_125c_3.30v -- generated by sim/harness, do not edit

Circuit: * comparator-offset-mc @ ff_125c_3.30v -- generated by sim/harness, do not edit

Doing analysis at TEMP = 125.000000 and TNOM = 27.000000

Using SPARSE 1.3 as Direct Linear Solver

No. of Data Rows : 6
voa = -5.550772534e-04
ddc = -3.674951197e-08
dde = 4.1802480002e-08
Reset re-loads circuit * comparator-offset-mc @ ff_125c_3.30v -- generated by sim/harness, do not edit

Circuit: * comparator-offset-mc @ ff_125c_3.30v -- generated by sim/harness, do not edit

Doing analysis at TEMP = 125.000000 and TNOM = 27.000000

Using SPARSE 1.3 as Direct Linear Solver

No. of Data Rows : 6
voa = 1.1998853744e-03
ddc = -1.252625982e-07
dde = 1.2257805192e-07
Reset re-loads circuit * comparator-offset-mc @ ff_125c_3.30v -- generated by sim/harness, do not edit

Circuit: * comparator-offset-mc @ ff_125c_3.30v -- generated by sim/harness, do not edit

Doing analysis at TEMP = 125.000000 and TNOM = 27.000000

Using SPARSE 1.3 as Direct Linear Solver

No. of Data Rows : 6
voa = -2.118889235e-03
ddc = 2.8378588368e-07
dde = -2.763997700e-07
Reset re-loads circuit * comparator-offset-mc @ ff_125c_3.30v -- generated by sim/harness, do not edit

Circuit: * comparator-offset-mc @ ff_125c_3.30v -- generated by sim/harness, do not edit

Doing analysis at TEMP = 125.000000 and TNOM = 27.000000

Using SPARSE 1.3 as Direct Linear Solver

No. of Data Rows : 6
voa = -1.341155769e-03
ddc = 1.2394339253e-07
dde = -1.215953899e-07
Reset re-loads circuit * comparator-offset-mc @ ff_125c_3.30v -- generated by sim/harness, do not edit

Circuit: * comparator-offset-mc @ ff_125c_3.30v -- generated by sim/harness, do not edit

Doing analysis at TEMP = 125.000000 and TNOM = 27.000000

Using SPARSE 1.3 as Direct Linear Solver

No. of Data Rows : 6
voa = 1.0770157361e-03
ddc = 2.8907923791e-08
dde = -2.544528603e-08
Reset re-loads circuit * comparator-offset-mc @ ff_125c_3.30v -- generated by sim/harness, do not edit

Circuit: * comparator-offset-mc @ ff_125c_3.30v -- generated by sim/harness, do not edit

Doing analysis at TEMP = 125.000000 and TNOM = 27.000000

Using SPARSE 1.3 as Direct Linear Solver

No. of Data Rows : 6
voa = 2.7199530549e-03
ddc = -3.085970951e-07
dde = 3.0147419369e-07
Reset re-loads circuit * comparator-offset-mc @ ff_125c_3.30v -- generated by sim/harness, do not edit

Circuit: * comparator-offset-mc @ ff_125c_3.30v -- generated by sim/harness, do not edit

Doing analysis at TEMP = 125.000000 and TNOM = 27.000000

Using SPARSE 1.3 as Direct Linear Solver

No. of Data Rows : 6
voa = -2.764711066e-03
ddc = 4.0853561272e-07
dde = -3.895155655e-07
Reset re-loads circuit * comparator-offset-mc @ ff_125c_3.30v -- generated by sim/harness, do not edit

Circuit: * comparator-offset-mc @ ff_125c_3.30v -- generated by sim/harness, do not edit

Doing analysis at TEMP = 125.000000 and TNOM = 27.000000

Using SPARSE 1.3 as Direct Linear Solver

No. of Data Rows : 6
voa = 3.9041271207e-04
ddc = -1.213698981e-07
dde = 1.1437679864e-07
Reset re-loads circuit * comparator-offset-mc @ ff_125c_3.30v -- generated by sim/harness, do not edit

Circuit: * comparator-offset-mc @ ff_125c_3.30v -- generated by sim/harness, do not edit

Doing analysis at TEMP = 125.000000 and TNOM = 27.000000

Using SPARSE 1.3 as Direct Linear Solver

No. of Data Rows : 6
voa = -1.196199453e-03
ddc = 9.0422321225e-08
dde = -8.916046417e-08
Reset re-loads circuit * comparator-offset-mc @ ff_125c_3.30v -- generated by sim/harness, do not edit

Circuit: * comparator-offset-mc @ ff_125c_3.30v -- generated by sim/harness, do not edit

Doing analysis at TEMP = 125.000000 and TNOM = 27.000000

Using SPARSE 1.3 as Direct Linear Solver
 Reference value :  0.00000e+00
No. of Data Rows : 6
voa = -2.474297226e-03
ddc = 3.3816987533e-07
dde = -3.292784091e-07
Reset re-loads circuit * comparator-offset-mc @ ff_125c_3.30v -- generated by sim/harness, do not edit

Circuit: * comparator-offset-mc @ ff_125c_3.30v -- generated by sim/harness, do not edit

Doing analysis at TEMP = 125.000000 and TNOM = 27.000000

Using SPARSE 1.3 as Direct Linear Solver

No. of Data Rows : 6
voa = 1.6499575679e-03
ddc = -2.112860493e-07
dde = 2.0597138712e-07
Reset re-loads circuit * comparator-offset-mc @ ff_125c_3.30v -- generated by sim/harness, do not edit

Circuit: * comparator-offset-mc @ ff_125c_3.30v -- generated by sim/harness, do not edit

Doing analysis at TEMP = 125.000000 and TNOM = 27.000000

Using SPARSE 1.3 as Direct Linear Solver

No. of Data Rows : 6
voa = 1.0957946896e-03
ddc = -2.292199105e-07
dde = 2.1089341352e-07
Reset re-loads circuit * comparator-offset-mc @ ff_125c_3.30v -- generated by sim/harness, do not edit

Circuit: * comparator-offset-mc @ ff_125c_3.30v -- generated by sim/harness, do not edit

Doing analysis at TEMP = 125.000000 and TNOM = 27.000000

Using SPARSE 1.3 as Direct Linear Solver

No. of Data Rows : 6
voa = 1.4216797862e-03
ddc = -1.989234936e-07
dde = 1.9362106047e-07
Reset re-loads circuit * comparator-offset-mc @ ff_125c_3.30v -- generated by sim/harness, do not edit

Circuit: * comparator-offset-mc @ ff_125c_3.30v -- generated by sim/harness, do not edit

Doing analysis at TEMP = 125.000000 and TNOM = 27.000000

Using SPARSE 1.3 as Direct Linear Solver

No. of Data Rows : 6
voa = 4.1142482944e-03
ddc = -4.118237484e-07
dde = 4.0321784227e-07
Reset re-loads circuit * comparator-offset-mc @ ff_125c_3.30v -- generated by sim/harness, do not edit

Circuit: * comparator-offset-mc @ ff_125c_3.30v -- generated by sim/harness, do not edit

Doing analysis at TEMP = 125.000000 and TNOM = 27.000000

Using SPARSE 1.3 as Direct Linear Solver

No. of Data Rows : 6
voa = -2.028814152e-03
ddc = 1.3211100915e-07
dde = -1.308668088e-07
Reset re-loads circuit * comparator-offset-mc @ ff_125c_3.30v -- generated by sim/harness, do not edit

Circuit: * comparator-offset-mc @ ff_125c_3.30v -- generated by sim/harness, do not edit

Doing analysis at TEMP = 125.000000 and TNOM = 27.000000

Using SPARSE 1.3 as Direct Linear Solver

No. of Data Rows : 6
voa = 2.5860410504e-04
ddc = -3.666881986e-08
dde = 3.5684592317e-08
Reset re-loads circuit * comparator-offset-mc @ ff_125c_3.30v -- generated by sim/harness, do not edit

Circuit: * comparator-offset-mc @ ff_125c_3.30v -- generated by sim/harness, do not edit

Doing analysis at TEMP = 125.000000 and TNOM = 27.000000

Using SPARSE 1.3 as Direct Linear Solver

No. of Data Rows : 6
voa = -2.450204680e-03
ddc = 1.6867956726e-07
dde = -1.668122448e-07
Reset re-loads circuit * comparator-offset-mc @ ff_125c_3.30v -- generated by sim/harness, do not edit

Circuit: * comparator-offset-mc @ ff_125c_3.30v -- generated by sim/harness, do not edit

Doing analysis at TEMP = 125.000000 and TNOM = 27.000000

Using SPARSE 1.3 as Direct Linear Solver

No. of Data Rows : 6
voa = -5.053529754e-05
ddc = -6.035296110e-08
dde = 5.7750439359e-08
Reset re-loads circuit * comparator-offset-mc @ ff_125c_3.30v -- generated by sim/harness, do not edit

Circuit: * comparator-offset-mc @ ff_125c_3.30v -- generated by sim/harness, do not edit

Doing analysis at TEMP = 125.000000 and TNOM = 27.000000

Using SPARSE 1.3 as Direct Linear Solver

No. of Data Rows : 6
voa = -1.723115476e-03
ddc = 1.1898526299e-07
dde = -1.176533425e-07
Reset re-loads circuit * comparator-offset-mc @ ff_125c_3.30v -- generated by sim/harness, do not edit

Circuit: * comparator-offset-mc @ ff_125c_3.30v -- generated by sim/harness, do not edit

Doing analysis at TEMP = 125.000000 and TNOM = 27.000000

Using SPARSE 1.3 as Direct Linear Solver

No. of Data Rows : 6
voa = -3.943717662e-04
ddc = 4.5845471285e-08
dde = -4.476775620e-08
Reset re-loads circuit * comparator-offset-mc @ ff_125c_3.30v -- generated by sim/harness, do not edit

Circuit: * comparator-offset-mc @ ff_125c_3.30v -- generated by sim/harness, do not edit

Doing analysis at TEMP = 125.000000 and TNOM = 27.000000

Using SPARSE 1.3 as Direct Linear Solver
 Reference value :  0.00000e+00
No. of Data Rows : 6
voa = 1.9789629167e-03
ddc = -2.403265083e-07
dde = 2.3452531727e-07
Reset re-loads circuit * comparator-offset-mc @ ff_125c_3.30v -- generated by sim/harness, do not edit

Circuit: * comparator-offset-mc @ ff_125c_3.30v -- generated by sim/harness, do not edit

Doing analysis at TEMP = 125.000000 and TNOM = 27.000000

Using SPARSE 1.3 as Direct Linear Solver

No. of Data Rows : 6
voa = -4.630151997e-04
ddc = 1.2042522748e-07
dde = -1.163808051e-07
Reset re-loads circuit * comparator-offset-mc @ ff_125c_3.30v -- generated by sim/harness, do not edit

Circuit: * comparator-offset-mc @ ff_125c_3.30v -- generated by sim/harness, do not edit

Doing analysis at TEMP = 125.000000 and TNOM = 27.000000

Using SPARSE 1.3 as Direct Linear Solver

No. of Data Rows : 6
voa = -1.477273562e-03
ddc = 1.3854727419e-07
dde = -1.358543064e-07
Reset re-loads circuit * comparator-offset-mc @ ff_125c_3.30v -- generated by sim/harness, do not edit

Circuit: * comparator-offset-mc @ ff_125c_3.30v -- generated by sim/harness, do not edit

Doing analysis at TEMP = 125.000000 and TNOM = 27.000000

Using SPARSE 1.3 as Direct Linear Solver

No. of Data Rows : 6
voa = -4.555748540e-04
ddc = -4.697638280e-08
dde = 4.8606797223e-08
Reset re-loads circuit * comparator-offset-mc @ ff_125c_3.30v -- generated by sim/harness, do not edit

Circuit: * comparator-offset-mc @ ff_125c_3.30v -- generated by sim/harness, do not edit

Doing analysis at TEMP = 125.000000 and TNOM = 27.000000

Using SPARSE 1.3 as Direct Linear Solver

No. of Data Rows : 6
voa = -1.223069422e-03
ddc = 8.2822099155e-08
dde = -8.193847526e-08
Reset re-loads circuit * comparator-offset-mc @ ff_125c_3.30v -- generated by sim/harness, do not edit

Circuit: * comparator-offset-mc @ ff_125c_3.30v -- generated by sim/harness, do not edit

Doing analysis at TEMP = 125.000000 and TNOM = 27.000000

Using SPARSE 1.3 as Direct Linear Solver

No. of Data Rows : 6
voa = 2.4944694102e-03
ddc = -3.918321101e-07
dde = 3.3853228172e-07
Reset re-loads circuit * comparator-offset-mc @ ff_125c_3.30v -- generated by sim/harness, do not edit

Circuit: * comparator-offset-mc @ ff_125c_3.30v -- generated by sim/harness, do not edit

Doing analysis at TEMP = 125.000000 and TNOM = 27.000000

Using SPARSE 1.3 as Direct Linear Solver

No. of Data Rows : 6
voa = 2.0351610648e-03
ddc = -1.519756577e-07
dde = 1.4994004258e-07
Reset re-loads circuit * comparator-offset-mc @ ff_125c_3.30v -- generated by sim/harness, do not edit

Circuit: * comparator-offset-mc @ ff_125c_3.30v -- generated by sim/harness, do not edit

Doing analysis at TEMP = 125.000000 and TNOM = 27.000000

Using SPARSE 1.3 as Direct Linear Solver

No. of Data Rows : 6
voa = -3.356752960e-04
ddc = -8.685743653e-09
dde = 1.2916634433e-08
Reset re-loads circuit * comparator-offset-mc @ ff_125c_3.30v -- generated by sim/harness, do not edit

Circuit: * comparator-offset-mc @ ff_125c_3.30v -- generated by sim/harness, do not edit

Doing analysis at TEMP = 125.000000 and TNOM = 27.000000

Using SPARSE 1.3 as Direct Linear Solver

No. of Data Rows : 6
voa = -1.816466820e-03
ddc = 2.6962654076e-07
dde = -2.622209330e-07
Reset re-loads circuit * comparator-offset-mc @ ff_125c_3.30v -- generated by sim/harness, do not edit

Circuit: * comparator-offset-mc @ ff_125c_3.30v -- generated by sim/harness, do not edit

Doing analysis at TEMP = 125.000000 and TNOM = 27.000000

Using SPARSE 1.3 as Direct Linear Solver

No. of Data Rows : 6
voa = 9.4412999239e-04
ddc = -9.627679341e-08
dde = 9.4232177081e-08
Reset re-loads circuit * comparator-offset-mc @ ff_125c_3.30v -- generated by sim/harness, do not edit

Circuit: * comparator-offset-mc @ ff_125c_3.30v -- generated by sim/harness, do not edit

Doing analysis at TEMP = 125.000000 and TNOM = 27.000000

Using SPARSE 1.3 as Direct Linear Solver

No. of Data Rows : 6
voa = -1.163811561e-03
ddc = 1.7580564562e-07
dde = -1.656616047e-07
Reset re-loads circuit * comparator-offset-mc @ ff_125c_3.30v -- generated by sim/harness, do not edit

Circuit: * comparator-offset-mc @ ff_125c_3.30v -- generated by sim/harness, do not edit

Doing analysis at TEMP = 125.000000 and TNOM = 27.000000

Using SPARSE 1.3 as Direct Linear Solver
 Reference value :  0.00000e+00
No. of Data Rows : 6
voa = 1.0738895695e-03
ddc = -1.936365601e-07
dde = 1.8786016268e-07
Reset re-loads circuit * comparator-offset-mc @ ff_125c_3.30v -- generated by sim/harness, do not edit

Circuit: * comparator-offset-mc @ ff_125c_3.30v -- generated by sim/harness, do not edit

Doing analysis at TEMP = 125.000000 and TNOM = 27.000000

Using SPARSE 1.3 as Direct Linear Solver

No. of Data Rows : 6
voa = -1.195638698e-03
ddc = 1.5449928824e-07
dde = -1.505888391e-07
Reset re-loads circuit * comparator-offset-mc @ ff_125c_3.30v -- generated by sim/harness, do not edit

Circuit: * comparator-offset-mc @ ff_125c_3.30v -- generated by sim/harness, do not edit

Doing analysis at TEMP = 125.000000 and TNOM = 27.000000

Using SPARSE 1.3 as Direct Linear Solver

No. of Data Rows : 6
voa = 7.7191162049e-05
ddc = -7.439482454e-08
dde = 7.1464798708e-08
Reset re-loads circuit * comparator-offset-mc @ ff_125c_3.30v -- generated by sim/harness, do not edit

Circuit: * comparator-offset-mc @ ff_125c_3.30v -- generated by sim/harness, do not edit

Doing analysis at TEMP = 125.000000 and TNOM = 27.000000

Using SPARSE 1.3 as Direct Linear Solver

No. of Data Rows : 6
voa = -1.152389334e-03
ddc = 1.5778382699e-07
dde = -1.536067155e-07
Reset re-loads circuit * comparator-offset-mc @ ff_125c_3.30v -- generated by sim/harness, do not edit

Circuit: * comparator-offset-mc @ ff_125c_3.30v -- generated by sim/harness, do not edit

Doing analysis at TEMP = 125.000000 and TNOM = 27.000000

Using SPARSE 1.3 as Direct Linear Solver

No. of Data Rows : 6
voa = -1.849337679e-03
ddc = 1.9033017859e-07
dde = -1.863137667e-07
Reset re-loads circuit * comparator-offset-mc @ ff_125c_3.30v -- generated by sim/harness, do not edit

Circuit: * comparator-offset-mc @ ff_125c_3.30v -- generated by sim/harness, do not edit

Doing analysis at TEMP = 125.000000 and TNOM = 27.000000

Using SPARSE 1.3 as Direct Linear Solver

No. of Data Rows : 6
voa = 4.5118636525e-04
ddc = 9.5607870244e-08
dde = -9.875269389e-08
Reset re-loads circuit * comparator-offset-mc @ ff_125c_3.30v -- generated by sim/harness, do not edit

Circuit: * comparator-offset-mc @ ff_125c_3.30v -- generated by sim/harness, do not edit

Doing analysis at TEMP = 125.000000 and TNOM = 27.000000

Using SPARSE 1.3 as Direct Linear Solver

No. of Data Rows : 6
voa = 3.5997077090e-03
ddc = -3.098966965e-07
dde = 3.0446727784e-07
Reset re-loads circuit * comparator-offset-mc @ ff_125c_3.30v -- generated by sim/harness, do not edit

Circuit: * comparator-offset-mc @ ff_125c_3.30v -- generated by sim/harness, do not edit

Doing analysis at TEMP = 125.000000 and TNOM = 27.000000

Using SPARSE 1.3 as Direct Linear Solver

No. of Data Rows : 6
voa = 1.9123623871e-04
ddc = -4.401353343e-08
dde = 4.2581357525e-08
Reset re-loads circuit * comparator-offset-mc @ ff_125c_3.30v -- generated by sim/harness, do not edit

Circuit: * comparator-offset-mc @ ff_125c_3.30v -- generated by sim/harness, do not edit

Doing analysis at TEMP = 125.000000 and TNOM = 27.000000

Using SPARSE 1.3 as Direct Linear Solver

No. of Data Rows : 6
voa = -1.143706853e-03
ddc = 1.2109233297e-07
dde = -1.184673757e-07
Reset re-loads circuit * comparator-offset-mc @ ff_125c_3.30v -- generated by sim/harness, do not edit

Circuit: * comparator-offset-mc @ ff_125c_3.30v -- generated by sim/harness, do not edit

Doing analysis at TEMP = 125.000000 and TNOM = 27.000000

Using SPARSE 1.3 as Direct Linear Solver

No. of Data Rows : 6
voa = -1.683328420e-03
ddc = 8.3328963889e-08
dde = -8.337768064e-08
Reset re-loads circuit * comparator-offset-mc @ ff_125c_3.30v -- generated by sim/harness, do not edit

Circuit: * comparator-offset-mc @ ff_125c_3.30v -- generated by sim/harness, do not edit

Doing analysis at TEMP = 125.000000 and TNOM = 27.000000

Using SPARSE 1.3 as Direct Linear Solver

No. of Data Rows : 6
voa = 4.5966895871e-04
ddc = -4.033403985e-09
dde = 4.8303392669e-09
Reset re-loads circuit * comparator-offset-mc @ ff_125c_3.30v -- generated by sim/harness, do not edit

Circuit: * comparator-offset-mc @ ff_125c_3.30v -- generated by sim/harness, do not edit

Doing analysis at TEMP = 125.000000 and TNOM = 27.000000

Using SPARSE 1.3 as Direct Linear Solver
 Reference value :  0.00000e+00
No. of Data Rows : 6
voa = -4.307794070e-03
ddc = 4.6798635535e-07
dde = -4.574236180e-07
Reset re-loads circuit * comparator-offset-mc @ ff_125c_3.30v -- generated by sim/harness, do not edit

Circuit: * comparator-offset-mc @ ff_125c_3.30v -- generated by sim/harness, do not edit

Doing analysis at TEMP = 125.000000 and TNOM = 27.000000

Using SPARSE 1.3 as Direct Linear Solver

No. of Data Rows : 6
voa = -4.475223426e-03
ddc = 3.7968646226e-07
dde = -3.731849338e-07
Reset re-loads circuit * comparator-offset-mc @ ff_125c_3.30v -- generated by sim/harness, do not edit

Circuit: * comparator-offset-mc @ ff_125c_3.30v -- generated by sim/harness, do not edit

Doing analysis at TEMP = 125.000000 and TNOM = 27.000000

Using SPARSE 1.3 as Direct Linear Solver

No. of Data Rows : 6
voa = -1.304457265e-03
ddc = 6.5651824557e-08
dde = -6.565910532e-08
Reset re-loads circuit * comparator-offset-mc @ ff_125c_3.30v -- generated by sim/harness, do not edit

Circuit: * comparator-offset-mc @ ff_125c_3.30v -- generated by sim/harness, do not edit

Doing analysis at TEMP = 125.000000 and TNOM = 27.000000

Using SPARSE 1.3 as Direct Linear Solver

No. of Data Rows : 6
voa = 1.4192663027e-04
ddc = 1.5240906735e-08
dde = -1.431331823e-08
Reset re-loads circuit * comparator-offset-mc @ ff_125c_3.30v -- generated by sim/harness, do not edit

Circuit: * comparator-offset-mc @ ff_125c_3.30v -- generated by sim/harness, do not edit

Doing analysis at TEMP = 125.000000 and TNOM = 27.000000

Using SPARSE 1.3 as Direct Linear Solver

No. of Data Rows : 6
voa = -1.156292811e-03
ddc = 3.5354393924e-08
dde = -3.631176529e-08
Reset re-loads circuit * comparator-offset-mc @ ff_125c_3.30v -- generated by sim/harness, do not edit

Circuit: * comparator-offset-mc @ ff_125c_3.30v -- generated by sim/harness, do not edit

Doing analysis at TEMP = 125.000000 and TNOM = 27.000000

Using SPARSE 1.3 as Direct Linear Solver

No. of Data Rows : 6
voa = 1.5171999180e-03
ddc = -2.117133463e-07
dde = 2.0612006013e-07
Reset re-loads circuit * comparator-offset-mc @ ff_125c_3.30v -- generated by sim/harness, do not edit

Circuit: * comparator-offset-mc @ ff_125c_3.30v -- generated by sim/harness, do not edit

Doing analysis at TEMP = 125.000000 and TNOM = 27.000000

Using SPARSE 1.3 as Direct Linear Solver

No. of Data Rows : 6
voa = -4.426570414e-04
ddc = 1.8280248525e-07
dde = -1.761480434e-07
Reset re-loads circuit * comparator-offset-mc @ ff_125c_3.30v -- generated by sim/harness, do not edit

Circuit: * comparator-offset-mc @ ff_125c_3.30v -- generated by sim/harness, do not edit

Doing analysis at TEMP = 125.000000 and TNOM = 27.000000

Using SPARSE 1.3 as Direct Linear Solver

No. of Data Rows : 6
voa = -6.057762246e-05
ddc = 2.0745865929e-08
dde = -1.938641308e-08
Reset re-loads circuit * comparator-offset-mc @ ff_125c_3.30v -- generated by sim/harness, do not edit

Circuit: * comparator-offset-mc @ ff_125c_3.30v -- generated by sim/harness, do not edit

Doing analysis at TEMP = 125.000000 and TNOM = 27.000000

Using SPARSE 1.3 as Direct Linear Solver

No. of Data Rows : 6
voa = -3.067142986e-03
ddc = 2.7615724555e-07
dde = -2.624778726e-07
Reset re-loads circuit * comparator-offset-mc @ ff_125c_3.30v -- generated by sim/harness, do not edit

Circuit: * comparator-offset-mc @ ff_125c_3.30v -- generated by sim/harness, do not edit

Doing analysis at TEMP = 125.000000 and TNOM = 27.000000

Using SPARSE 1.3 as Direct Linear Solver

No. of Data Rows : 6
voa = -4.081857653e-04
ddc = 6.5275765982e-08
dde = -6.341323615e-08
Reset re-loads circuit * comparator-offset-mc @ ff_125c_3.30v -- generated by sim/harness, do not edit

Circuit: * comparator-offset-mc @ ff_125c_3.30v -- generated by sim/harness, do not edit

Doing analysis at TEMP = 125.000000 and TNOM = 27.000000

Using SPARSE 1.3 as Direct Linear Solver
 Reference value :  0.00000e+00
No. of Data Rows : 6
voa = 2.5654281158e-03
ddc = -4.261071400e-07
dde = 4.1371285884e-07
Reset re-loads circuit * comparator-offset-mc @ ff_125c_3.30v -- generated by sim/harness, do not edit

Circuit: * comparator-offset-mc @ ff_125c_3.30v -- generated by sim/harness, do not edit

Doing analysis at TEMP = 125.000000 and TNOM = 27.000000

Using SPARSE 1.3 as Direct Linear Solver

No. of Data Rows : 6
voa = -1.606467522e-03
ddc = 2.3567751410e-07
dde = -2.291974649e-07
Reset re-loads circuit * comparator-offset-mc @ ff_125c_3.30v -- generated by sim/harness, do not edit

Circuit: * comparator-offset-mc @ ff_125c_3.30v -- generated by sim/harness, do not edit

Doing analysis at TEMP = 125.000000 and TNOM = 27.000000

Using SPARSE 1.3 as Direct Linear Solver

No. of Data Rows : 6
voa = 4.3402881939e-04
ddc = 9.4284851923e-09
dde = -8.126639649e-09
Reset re-loads circuit * comparator-offset-mc @ ff_125c_3.30v -- generated by sim/harness, do not edit

Circuit: * comparator-offset-mc @ ff_125c_3.30v -- generated by sim/harness, do not edit

Doing analysis at TEMP = 125.000000 and TNOM = 27.000000

Using SPARSE 1.3 as Direct Linear Solver

No. of Data Rows : 6
voa = -1.659090446e-03
ddc = 1.8742142194e-07
dde = -1.831427773e-07
Reset re-loads circuit * comparator-offset-mc @ ff_125c_3.30v -- generated by sim/harness, do not edit

Circuit: * comparator-offset-mc @ ff_125c_3.30v -- generated by sim/harness, do not edit

Doing analysis at TEMP = 125.000000 and TNOM = 27.000000

Using SPARSE 1.3 as Direct Linear Solver

No. of Data Rows : 6
voa = 1.1549969759e-03
ddc = -9.071628691e-08
dde = 7.2068411604e-08
Reset re-loads circuit * comparator-offset-mc @ ff_125c_3.30v -- generated by sim/harness, do not edit

Circuit: * comparator-offset-mc @ ff_125c_3.30v -- generated by sim/harness, do not edit

Doing analysis at TEMP = 125.000000 and TNOM = 27.000000

Using SPARSE 1.3 as Direct Linear Solver

No. of Data Rows : 6
voa = -1.962142350e-03
ddc = 1.5233334564e-07
dde = -1.501166165e-07
Reset re-loads circuit * comparator-offset-mc @ ff_125c_3.30v -- generated by sim/harness, do not edit

Circuit: * comparator-offset-mc @ ff_125c_3.30v -- generated by sim/harness, do not edit

Doing analysis at TEMP = 125.000000 and TNOM = 27.000000

Using SPARSE 1.3 as Direct Linear Solver

No. of Data Rows : 6
voa = -8.643447671e-05
ddc = 3.6964692845e-08
dde = -3.441193249e-08
Reset re-loads circuit * comparator-offset-mc @ ff_125c_3.30v -- generated by sim/harness, do not edit

Circuit: * comparator-offset-mc @ ff_125c_3.30v -- generated by sim/harness, do not edit

Doing analysis at TEMP = 125.000000 and TNOM = 27.000000

Using SPARSE 1.3 as Direct Linear Solver

No. of Data Rows : 6
voa = 2.7493564408e-03
ddc = -1.610336486e-07
dde = 1.6006397262e-07
Reset re-loads circuit * comparator-offset-mc @ ff_125c_3.30v -- generated by sim/harness, do not edit

Circuit: * comparator-offset-mc @ ff_125c_3.30v -- generated by sim/harness, do not edit

Doing analysis at TEMP = 125.000000 and TNOM = 27.000000

Using SPARSE 1.3 as Direct Linear Solver

No. of Data Rows : 6
voa = -1.526730327e-03
ddc = 1.3051862190e-07
dde = -1.282890142e-07
Reset re-loads circuit * comparator-offset-mc @ ff_125c_3.30v -- generated by sim/harness, do not edit

Circuit: * comparator-offset-mc @ ff_125c_3.30v -- generated by sim/harness, do not edit

Doing analysis at TEMP = 125.000000 and TNOM = 27.000000

Using SPARSE 1.3 as Direct Linear Solver

No. of Data Rows : 6
voa = 1.9137600592e-03
ddc = -2.134545682e-07
dde = 1.7025825698e-07
Reset re-loads circuit * comparator-offset-mc @ ff_125c_3.30v -- generated by sim/harness, do not edit

Circuit: * comparator-offset-mc @ ff_125c_3.30v -- generated by sim/harness, do not edit

Doing analysis at TEMP = 125.000000 and TNOM = 27.000000

Using SPARSE 1.3 as Direct Linear Solver

No. of Data Rows : 6
voa = -5.332903203e-04
ddc = 7.0054214482e-08
dde = -6.827030129e-08
Reset re-loads circuit * comparator-offset-mc @ ff_125c_3.30v -- generated by sim/harness, do not edit

Circuit: * comparator-offset-mc @ ff_125c_3.30v -- generated by sim/harness, do not edit

Doing analysis at TEMP = 125.000000 and TNOM = 27.000000

Using SPARSE 1.3 as Direct Linear Solver
 Reference value :  2.00000e-03
No. of Data Rows : 6
voa = -1.057896485e-04
ddc = 5.7359343151e-08
dde = -5.520169982e-08
Reset re-loads circuit * comparator-offset-mc @ ff_125c_3.30v -- generated by sim/harness, do not edit

Circuit: * comparator-offset-mc @ ff_125c_3.30v -- generated by sim/harness, do not edit

Doing analysis at TEMP = 125.000000 and TNOM = 27.000000

Using SPARSE 1.3 as Direct Linear Solver

No. of Data Rows : 6
voa = 8.0440138500e-04
ddc = -1.279526235e-07
dde = 1.2430237362e-07
Reset re-loads circuit * comparator-offset-mc @ ff_125c_3.30v -- generated by sim/harness, do not edit

Circuit: * comparator-offset-mc @ ff_125c_3.30v -- generated by sim/harness, do not edit

Doing analysis at TEMP = 125.000000 and TNOM = 27.000000

Using SPARSE 1.3 as Direct Linear Solver

No. of Data Rows : 6
voa = 1.7844258915e-03
ddc = -1.484945165e-07
dde = 1.0329360484e-07
Reset re-loads circuit * comparator-offset-mc @ ff_125c_3.30v -- generated by sim/harness, do not edit

Circuit: * comparator-offset-mc @ ff_125c_3.30v -- generated by sim/harness, do not edit

Doing analysis at TEMP = 125.000000 and TNOM = 27.000000

Using SPARSE 1.3 as Direct Linear Solver

No. of Data Rows : 6
voa = -8.759309901e-04
ddc = 2.5028074505e-07
dde = -2.416908030e-07
Reset re-loads circuit * comparator-offset-mc @ ff_125c_3.30v -- generated by sim/harness, do not edit

Circuit: * comparator-offset-mc @ ff_125c_3.30v -- generated by sim/harness, do not edit

Doing analysis at TEMP = 125.000000 and TNOM = 27.000000

Using SPARSE 1.3 as Direct Linear Solver

No. of Data Rows : 6
voa = 4.6646564615e-05
ddc = 1.0250458968e-08
dde = -1.019653983e-08
Reset re-loads circuit * comparator-offset-mc @ ff_125c_3.30v -- generated by sim/harness, do not edit

Circuit: * comparator-offset-mc @ ff_125c_3.30v -- generated by sim/harness, do not edit

Doing analysis at TEMP = 125.000000 and TNOM = 27.000000

Using SPARSE 1.3 as Direct Linear Solver

No. of Data Rows : 6
voa = -2.383182517e-04
ddc = 1.8418829308e-08
dde = -1.815097602e-08
Reset re-loads circuit * comparator-offset-mc @ ff_125c_3.30v -- generated by sim/harness, do not edit

Circuit: * comparator-offset-mc @ ff_125c_3.30v -- generated by sim/harness, do not edit

Doing analysis at TEMP = 125.000000 and TNOM = 27.000000

Using SPARSE 1.3 as Direct Linear Solver

No. of Data Rows : 6
voa = -2.358883371e-03
ddc = 2.3798587196e-07
dde = -2.330246308e-07
Reset re-loads circuit * comparator-offset-mc @ ff_125c_3.30v -- generated by sim/harness, do not edit

Circuit: * comparator-offset-mc @ ff_125c_3.30v -- generated by sim/harness, do not edit

Doing analysis at TEMP = 125.000000 and TNOM = 27.000000

Using SPARSE 1.3 as Direct Linear Solver

No. of Data Rows : 6
voa = 3.5933758505e-04
ddc = -1.218323818e-07
dde = 1.1753793883e-07
Reset re-loads circuit * comparator-offset-mc @ ff_125c_3.30v -- generated by sim/harness, do not edit

Circuit: * comparator-offset-mc @ ff_125c_3.30v -- generated by sim/harness, do not edit

Doing analysis at TEMP = 125.000000 and TNOM = 27.000000

Using SPARSE 1.3 as Direct Linear Solver

No. of Data Rows : 6
voa = 4.5775898444e-04
ddc = -1.190286489e-07
dde = 1.0945519234e-07
Reset re-loads circuit * comparator-offset-mc @ ff_125c_3.30v -- generated by sim/harness, do not edit

Circuit: * comparator-offset-mc @ ff_125c_3.30v -- generated by sim/harness, do not edit

Doing analysis at TEMP = 125.000000 and TNOM = 27.000000

Using SPARSE 1.3 as Direct Linear Solver

No. of Data Rows : 6
voa = -1.902260034e-03
ddc = 1.9815180091e-07
dde = -1.939287356e-07
Reset re-loads circuit * comparator-offset-mc @ ff_125c_3.30v -- generated by sim/harness, do not edit

Circuit: * comparator-offset-mc @ ff_125c_3.30v -- generated by sim/harness, do not edit

Doing analysis at TEMP = 125.000000 and TNOM = 27.000000

Using SPARSE 1.3 as Direct Linear Solver

No. of Data Rows : 6
voa = -2.490557148e-04
ddc = 7.5540329776e-08
dde = -7.292282222e-08
Reset re-loads circuit * comparator-offset-mc @ ff_125c_3.30v -- generated by sim/harness, do not edit

Circuit: * comparator-offset-mc @ ff_125c_3.30v -- generated by sim/harness, do not edit

Doing analysis at TEMP = 125.000000 and TNOM = 27.000000

Using SPARSE 1.3 as Direct Linear Solver
 Reference value :  0.00000e+00
No. of Data Rows : 6
voa = 1.7010152540e-03
ddc = -1.425208223e-07
dde = 1.4015589922e-07
Reset re-loads circuit * comparator-offset-mc @ ff_125c_3.30v -- generated by sim/harness, do not edit

Circuit: * comparator-offset-mc @ ff_125c_3.30v -- generated by sim/harness, do not edit

Doing analysis at TEMP = 125.000000 and TNOM = 27.000000

Using SPARSE 1.3 as Direct Linear Solver

No. of Data Rows : 6
voa = 7.2091426461e-05
ddc = 1.2483389514e-07
dde = -1.194879670e-07
Reset re-loads circuit * comparator-offset-mc @ ff_125c_3.30v -- generated by sim/harness, do not edit

Circuit: * comparator-offset-mc @ ff_125c_3.30v -- generated by sim/harness, do not edit

Doing analysis at TEMP = 125.000000 and TNOM = 27.000000

Using SPARSE 1.3 as Direct Linear Solver

No. of Data Rows : 6
voa = 1.7219073714e-03
ddc = -6.274856072e-08
dde = 6.3737678176e-08
Reset re-loads circuit * comparator-offset-mc @ ff_125c_3.30v -- generated by sim/harness, do not edit

Circuit: * comparator-offset-mc @ ff_125c_3.30v -- generated by sim/harness, do not edit

Doing analysis at TEMP = 125.000000 and TNOM = 27.000000

Using SPARSE 1.3 as Direct Linear Solver

No. of Data Rows : 6
voa = -7.411186359e-05
ddc = 1.4425204828e-07
dde = -1.385871841e-07
Reset re-loads circuit * comparator-offset-mc @ ff_125c_3.30v -- generated by sim/harness, do not edit

Circuit: * comparator-offset-mc @ ff_125c_3.30v -- generated by sim/harness, do not edit

Doing analysis at TEMP = 125.000000 and TNOM = 27.000000

Using SPARSE 1.3 as Direct Linear Solver

No. of Data Rows : 6
voa = 3.2780015581e-03
ddc = -3.005198888e-07
dde = 2.9488946104e-07
Reset re-loads circuit * comparator-offset-mc @ ff_125c_3.30v -- generated by sim/harness, do not edit

Circuit: * comparator-offset-mc @ ff_125c_3.30v -- generated by sim/harness, do not edit

Doing analysis at TEMP = 125.000000 and TNOM = 27.000000

Using SPARSE 1.3 as Direct Linear Solver

No. of Data Rows : 6
voa = 2.1672848782e-03
ddc = -1.524057078e-07
dde = 1.5060613909e-07
Reset re-loads circuit * comparator-offset-mc @ ff_125c_3.30v -- generated by sim/harness, do not edit

Circuit: * comparator-offset-mc @ ff_125c_3.30v -- generated by sim/harness, do not edit

Doing analysis at TEMP = 125.000000 and TNOM = 27.000000

Using SPARSE 1.3 as Direct Linear Solver

No. of Data Rows : 6
voa = 5.0270402272e-04
ddc = -1.166177733e-08
dde = 1.2229126635e-08
Reset re-loads circuit * comparator-offset-mc @ ff_125c_3.30v -- generated by sim/harness, do not edit

Circuit: * comparator-offset-mc @ ff_125c_3.30v -- generated by sim/harness, do not edit

Doing analysis at TEMP = 125.000000 and TNOM = 27.000000

Using SPARSE 1.3 as Direct Linear Solver

No. of Data Rows : 6
voa = 4.5066954361e-04
ddc = -1.364824373e-07
dde = 1.3176065653e-07
Reset re-loads circuit * comparator-offset-mc @ ff_125c_3.30v -- generated by sim/harness, do not edit

Circuit: * comparator-offset-mc @ ff_125c_3.30v -- generated by sim/harness, do not edit

Doing analysis at TEMP = 125.000000 and TNOM = 27.000000

Using SPARSE 1.3 as Direct Linear Solver

No. of Data Rows : 6
voa = -9.272095145e-04
ddc = 1.8162470539e-07
dde = -1.759908388e-07
Reset re-loads circuit * comparator-offset-mc @ ff_125c_3.30v -- generated by sim/harness, do not edit

Circuit: * comparator-offset-mc @ ff_125c_3.30v -- generated by sim/harness, do not edit

Doing analysis at TEMP = 125.000000 and TNOM = 27.000000

Using SPARSE 1.3 as Direct Linear Solver

No. of Data Rows : 6
voa = 7.4919778819e-05
ddc = -1.335314737e-07
dde = 1.2813140055e-07
Reset re-loads circuit * comparator-offset-mc @ ff_125c_3.30v -- generated by sim/harness, do not edit

Circuit: * comparator-offset-mc @ ff_125c_3.30v -- generated by sim/harness, do not edit

Doing analysis at TEMP = 125.000000 and TNOM = 27.000000

Using SPARSE 1.3 as Direct Linear Solver
 Reference value :  0.00000e+00
No. of Data Rows : 6
voa = -1.040548813e-03
ddc = 1.2627150431e-07
dde = -1.231930723e-07
Reset re-loads circuit * comparator-offset-mc @ ff_125c_3.30v -- generated by sim/harness, do not edit

Circuit: * comparator-offset-mc @ ff_125c_3.30v -- generated by sim/harness, do not edit

Doing analysis at TEMP = 125.000000 and TNOM = 27.000000

Using SPARSE 1.3 as Direct Linear Solver

No. of Data Rows : 6
voa = -1.241677063e-03
ddc = 5.4578977674e-08
dde = -5.491343873e-08
Reset re-loads circuit * comparator-offset-mc @ ff_125c_3.30v -- generated by sim/harness, do not edit

Circuit: * comparator-offset-mc @ ff_125c_3.30v -- generated by sim/harness, do not edit

Doing analysis at TEMP = 125.000000 and TNOM = 27.000000

Using SPARSE 1.3 as Direct Linear Solver

No. of Data Rows : 6
voa = -1.507951007e-03
ddc = 1.3591836362e-08
dde = -1.617701877e-08
Reset re-loads circuit * comparator-offset-mc @ ff_125c_3.30v -- generated by sim/harness, do not edit

Circuit: * comparator-offset-mc @ ff_125c_3.30v -- generated by sim/harness, do not edit

Doing analysis at TEMP = 125.000000 and TNOM = 27.000000

Using SPARSE 1.3 as Direct Linear Solver

No. of Data Rows : 6
voa = 1.4224071079e-03
ddc = -1.473020050e-07
dde = 1.4414696672e-07
Reset re-loads circuit * comparator-offset-mc @ ff_125c_3.30v -- generated by sim/harness, do not edit

Circuit: * comparator-offset-mc @ ff_125c_3.30v -- generated by sim/harness, do not edit

Doing analysis at TEMP = 125.000000 and TNOM = 27.000000

Using SPARSE 1.3 as Direct Linear Solver

No. of Data Rows : 6
voa = 1.2894941886e-03
ddc = -6.787914681e-08
dde = 6.7757719082e-08
Reset re-loads circuit * comparator-offset-mc @ ff_125c_3.30v -- generated by sim/harness, do not edit

Circuit: * comparator-offset-mc @ ff_125c_3.30v -- generated by sim/harness, do not edit

Doing analysis at TEMP = 125.000000 and TNOM = 27.000000

Using SPARSE 1.3 as Direct Linear Solver

No. of Data Rows : 6
voa = 3.5270377488e-05
ddc = -3.205344951e-08
dde = 3.0791633753e-08
Reset re-loads circuit * comparator-offset-mc @ ff_125c_3.30v -- generated by sim/harness, do not edit

Circuit: * comparator-offset-mc @ ff_125c_3.30v -- generated by sim/harness, do not edit

Doing analysis at TEMP = 125.000000 and TNOM = 27.000000

Using SPARSE 1.3 as Direct Linear Solver

No. of Data Rows : 6
voa = -1.915287182e-03
ddc = 2.2642935183e-07
dde = -2.210207107e-07
Reset re-loads circuit * comparator-offset-mc @ ff_125c_3.30v -- generated by sim/harness, do not edit

Circuit: * comparator-offset-mc @ ff_125c_3.30v -- generated by sim/harness, do not edit

Doing analysis at TEMP = 125.000000 and TNOM = 27.000000

Using SPARSE 1.3 as Direct Linear Solver

No. of Data Rows : 6
voa = 9.2454239524e-04
ddc = -1.833322771e-07
dde = 1.7765293352e-07
Reset re-loads circuit * comparator-offset-mc @ ff_125c_3.30v -- generated by sim/harness, do not edit

Circuit: * comparator-offset-mc @ ff_125c_3.30v -- generated by sim/harness, do not edit

Doing analysis at TEMP = 125.000000 and TNOM = 27.000000

Using SPARSE 1.3 as Direct Linear Solver

No. of Data Rows : 6
voa = 1.7463486590e-03
ddc = -3.826268769e-07
dde = 3.7028512767e-07
Reset re-loads circuit * comparator-offset-mc @ ff_125c_3.30v -- generated by sim/harness, do not edit

Circuit: * comparator-offset-mc @ ff_125c_3.30v -- generated by sim/harness, do not edit

Doing analysis at TEMP = 125.000000 and TNOM = 27.000000

Using SPARSE 1.3 as Direct Linear Solver
 Reference value :  0.00000e+00
No. of Data Rows : 6
voa = 3.0576187685e-03
ddc = -1.811340702e-07
dde = 1.7995361193e-07
Reset re-loads circuit * comparator-offset-mc @ ff_125c_3.30v -- generated by sim/harness, do not edit

Circuit: * comparator-offset-mc @ ff_125c_3.30v -- generated by sim/harness, do not edit

Doing analysis at TEMP = 125.000000 and TNOM = 27.000000

Using SPARSE 1.3 as Direct Linear Solver

No. of Data Rows : 6
voa = -3.331741759e-03
ddc = 3.0685861305e-07
dde = -3.010608306e-07
Reset re-loads circuit * comparator-offset-mc @ ff_125c_3.30v -- generated by sim/harness, do not edit

Circuit: * comparator-offset-mc @ ff_125c_3.30v -- generated by sim/harness, do not edit

Doing analysis at TEMP = 125.000000 and TNOM = 27.000000

Using SPARSE 1.3 as Direct Linear Solver

No. of Data Rows : 6
voa = -1.430555994e-03
ddc = 1.2411662883e-07
dde = -1.219401386e-07
Reset re-loads circuit * comparator-offset-mc @ ff_125c_3.30v -- generated by sim/harness, do not edit

Circuit: * comparator-offset-mc @ ff_125c_3.30v -- generated by sim/harness, do not edit

Doing analysis at TEMP = 125.000000 and TNOM = 27.000000

Using SPARSE 1.3 as Direct Linear Solver

No. of Data Rows : 6
voa = 7.3783037051e-04
ddc = -9.802511259e-08
dde = 8.7097664438e-08
Reset re-loads circuit * comparator-offset-mc @ ff_125c_3.30v -- generated by sim/harness, do not edit

Circuit: * comparator-offset-mc @ ff_125c_3.30v -- generated by sim/harness, do not edit

Doing analysis at TEMP = 125.000000 and TNOM = 27.000000

Using SPARSE 1.3 as Direct Linear Solver

No. of Data Rows : 6
voa = -1.400630215e-03
ddc = 1.8730996370e-07
dde = -1.824233260e-07
Reset re-loads circuit * comparator-offset-mc @ ff_125c_3.30v -- generated by sim/harness, do not edit

Circuit: * comparator-offset-mc @ ff_125c_3.30v -- generated by sim/harness, do not edit

Doing analysis at TEMP = 125.000000 and TNOM = 27.000000

Using SPARSE 1.3 as Direct Linear Solver

No. of Data Rows : 6
voa = 1.0464488342e-03
ddc = -7.103570593e-08
dde = 6.2312825947e-08
Reset re-loads circuit * comparator-offset-mc @ ff_125c_3.30v -- generated by sim/harness, do not edit

Circuit: * comparator-offset-mc @ ff_125c_3.30v -- generated by sim/harness, do not edit

Doing analysis at TEMP = 125.000000 and TNOM = 27.000000

Using SPARSE 1.3 as Direct Linear Solver

No. of Data Rows : 6
voa = -1.080679197e-03
ddc = 1.9658437642e-07
dde = -1.906762488e-07
Reset re-loads circuit * comparator-offset-mc @ ff_125c_3.30v -- generated by sim/harness, do not edit

Circuit: * comparator-offset-mc @ ff_125c_3.30v -- generated by sim/harness, do not edit

Doing analysis at TEMP = 125.000000 and TNOM = 27.000000

Using SPARSE 1.3 as Direct Linear Solver

No. of Data Rows : 6
voa = 1.3654843732e-04
ddc = -1.622285032e-08
dde = 1.5835793725e-08
Reset re-loads circuit * comparator-offset-mc @ ff_125c_3.30v -- generated by sim/harness, do not edit

Circuit: * comparator-offset-mc @ ff_125c_3.30v -- generated by sim/harness, do not edit

Doing analysis at TEMP = 125.000000 and TNOM = 27.000000

Using SPARSE 1.3 as Direct Linear Solver

No. of Data Rows : 6
voa = -2.083625123e-03
ddc = 2.1025128355e-07
dde = -2.058834078e-07
Reset re-loads circuit * comparator-offset-mc @ ff_125c_3.30v -- generated by sim/harness, do not edit

Circuit: * comparator-offset-mc @ ff_125c_3.30v -- generated by sim/harness, do not edit

Doing analysis at TEMP = 125.000000 and TNOM = 27.000000

Using SPARSE 1.3 as Direct Linear Solver

No. of Data Rows : 6
voa = -3.995176021e-04
ddc = 5.5595456333e-08
dde = -5.412180950e-08
Reset re-loads circuit * comparator-offset-mc @ ff_125c_3.30v -- generated by sim/harness, do not edit

Circuit: * comparator-offset-mc @ ff_125c_3.30v -- generated by sim/harness, do not edit

Doing analysis at TEMP = 125.000000 and TNOM = 27.000000

Using SPARSE 1.3 as Direct Linear Solver
 Reference value :  0.00000e+00
No. of Data Rows : 6
voa = -2.904795674e-03
ddc = 1.9119456733e-07
dde = -1.893252875e-07
Reset re-loads circuit * comparator-offset-mc @ ff_125c_3.30v -- generated by sim/harness, do not edit

Circuit: * comparator-offset-mc @ ff_125c_3.30v -- generated by sim/harness, do not edit

Doing analysis at TEMP = 125.000000 and TNOM = 27.000000

Using SPARSE 1.3 as Direct Linear Solver

No. of Data Rows : 6
voa = 6.1100613557e-05
ddc = -1.797114726e-08
dde = 1.7350511965e-08
Reset re-loads circuit * comparator-offset-mc @ ff_125c_3.30v -- generated by sim/harness, do not edit

Circuit: * comparator-offset-mc @ ff_125c_3.30v -- generated by sim/harness, do not edit

Doing analysis at TEMP = 125.000000 and TNOM = 27.000000

Using SPARSE 1.3 as Direct Linear Solver

No. of Data Rows : 6
voa = -3.641160780e-04
ddc = -9.470865195e-08
dde = 8.9998353575e-08
Reset re-loads circuit * comparator-offset-mc @ ff_125c_3.30v -- generated by sim/harness, do not edit

Circuit: * comparator-offset-mc @ ff_125c_3.30v -- generated by sim/harness, do not edit

Doing analysis at TEMP = 125.000000 and TNOM = 27.000000

Using SPARSE 1.3 as Direct Linear Solver

No. of Data Rows : 6
voa = -4.808202432e-04
ddc = -7.302009675e-09
dde = 1.1603672742e-08
Reset re-loads circuit * comparator-offset-mc @ ff_125c_3.30v -- generated by sim/harness, do not edit

Circuit: * comparator-offset-mc @ ff_125c_3.30v -- generated by sim/harness, do not edit

Doing analysis at TEMP = 125.000000 and TNOM = 27.000000

Using SPARSE 1.3 as Direct Linear Solver

No. of Data Rows : 6
voa = 1.1642604856e-03
ddc = -1.422797282e-07
dde = 1.3879651434e-07
Reset re-loads circuit * comparator-offset-mc @ ff_125c_3.30v -- generated by sim/harness, do not edit

Circuit: * comparator-offset-mc @ ff_125c_3.30v -- generated by sim/harness, do not edit

Doing analysis at TEMP = 125.000000 and TNOM = 27.000000

Using SPARSE 1.3 as Direct Linear Solver

No. of Data Rows : 6
voa = 2.8963236150e-03
ddc = -3.426304181e-07
dde = 3.3454873028e-07
Reset re-loads circuit * comparator-offset-mc @ ff_125c_3.30v -- generated by sim/harness, do not edit

Circuit: * comparator-offset-mc @ ff_125c_3.30v -- generated by sim/harness, do not edit

Doing analysis at TEMP = 125.000000 and TNOM = 27.000000

Using SPARSE 1.3 as Direct Linear Solver

No. of Data Rows : 6
voa = 1.1254230716e-03
ddc = -8.053800675e-08
dde = 7.9551320251e-08
Reset re-loads circuit * comparator-offset-mc @ ff_125c_3.30v -- generated by sim/harness, do not edit

Circuit: * comparator-offset-mc @ ff_125c_3.30v -- generated by sim/harness, do not edit

Doing analysis at TEMP = 125.000000 and TNOM = 27.000000

Using SPARSE 1.3 as Direct Linear Solver

No. of Data Rows : 6
voa = 8.4886851890e-05
ddc = -1.939042362e-08
dde = 1.8762755403e-08
Reset re-loads circuit * comparator-offset-mc @ ff_125c_3.30v -- generated by sim/harness, do not edit

Circuit: * comparator-offset-mc @ ff_125c_3.30v -- generated by sim/harness, do not edit

Doing analysis at TEMP = 125.000000 and TNOM = 27.000000

Using SPARSE 1.3 as Direct Linear Solver

No. of Data Rows : 6
voa = -2.978078483e-04
ddc = 5.3779821164e-08
dde = -5.216421761e-08
Reset re-loads circuit * comparator-offset-mc @ ff_125c_3.30v -- generated by sim/harness, do not edit

Circuit: * comparator-offset-mc @ ff_125c_3.30v -- generated by sim/harness, do not edit

Doing analysis at TEMP = 125.000000 and TNOM = 27.000000

Using SPARSE 1.3 as Direct Linear Solver

No. of Data Rows : 6
voa = -3.019199954e-03
ddc = 3.3312800113e-07
dde = -3.256029587e-07
Reset re-loads circuit * comparator-offset-mc @ ff_125c_3.30v -- generated by sim/harness, do not edit

Circuit: * comparator-offset-mc @ ff_125c_3.30v -- generated by sim/harness, do not edit

Doing analysis at TEMP = 125.000000 and TNOM = 27.000000

Using SPARSE 1.3 as Direct Linear Solver
 Reference value :  0.00000e+00
No. of Data Rows : 6
voa = 2.5887671867e-05
ddc = 2.7550717352e-08
dde = -2.634988649e-08
Reset re-loads circuit * comparator-offset-mc @ ff_125c_3.30v -- generated by sim/harness, do not edit

Circuit: * comparator-offset-mc @ ff_125c_3.30v -- generated by sim/harness, do not edit

Doing analysis at TEMP = 125.000000 and TNOM = 27.000000

Using SPARSE 1.3 as Direct Linear Solver

No. of Data Rows : 6
voa = -4.546325504e-04
ddc = 1.3041755471e-07
dde = -1.242276507e-07
Reset re-loads circuit * comparator-offset-mc @ ff_125c_3.30v -- generated by sim/harness, do not edit

Circuit: * comparator-offset-mc @ ff_125c_3.30v -- generated by sim/harness, do not edit

Doing analysis at TEMP = 125.000000 and TNOM = 27.000000

Using SPARSE 1.3 as Direct Linear Solver

No. of Data Rows : 6
voa = -1.660927398e-03
ddc = 1.6781150595e-07
dde = -1.643171977e-07
Reset re-loads circuit * comparator-offset-mc @ ff_125c_3.30v -- generated by sim/harness, do not edit

Circuit: * comparator-offset-mc @ ff_125c_3.30v -- generated by sim/harness, do not edit

Doing analysis at TEMP = 125.000000 and TNOM = 27.000000

Using SPARSE 1.3 as Direct Linear Solver

No. of Data Rows : 6
voa = 2.1207739345e-03
ddc = -3.302911999e-07
dde = 3.2101726285e-07
Reset re-loads circuit * comparator-offset-mc @ ff_125c_3.30v -- generated by sim/harness, do not edit

Circuit: * comparator-offset-mc @ ff_125c_3.30v -- generated by sim/harness, do not edit

Doing analysis at TEMP = 125.000000 and TNOM = 27.000000

Using SPARSE 1.3 as Direct Linear Solver

No. of Data Rows : 6
voa = -1.310825461e-04
ddc = -3.235283130e-08
dde = 3.0728879423e-08
Reset re-loads circuit * comparator-offset-mc @ ff_125c_3.30v -- generated by sim/harness, do not edit

Circuit: * comparator-offset-mc @ ff_125c_3.30v -- generated by sim/harness, do not edit

Doing analysis at TEMP = 125.000000 and TNOM = 27.000000

Using SPARSE 1.3 as Direct Linear Solver

No. of Data Rows : 6
voa = 5.7781834130e-04
ddc = 1.0335600695e-07
dde = -9.823739281e-08
Reset re-loads circuit * comparator-offset-mc @ ff_125c_3.30v -- generated by sim/harness, do not edit

Circuit: * comparator-offset-mc @ ff_125c_3.30v -- generated by sim/harness, do not edit

Doing analysis at TEMP = 125.000000 and TNOM = 27.000000

Using SPARSE 1.3 as Direct Linear Solver

No. of Data Rows : 6
voa = -9.500092318e-04
ddc = 1.5321913677e-07
dde = -1.447041933e-07
Reset re-loads circuit * comparator-offset-mc @ ff_125c_3.30v -- generated by sim/harness, do not edit

Circuit: * comparator-offset-mc @ ff_125c_3.30v -- generated by sim/harness, do not edit

Doing analysis at TEMP = 125.000000 and TNOM = 27.000000

Using SPARSE 1.3 as Direct Linear Solver

No. of Data Rows : 6
voa = -4.690808923e-04
ddc = -9.560739136e-08
dde = 9.4949217032e-08
Reset re-loads circuit * comparator-offset-mc @ ff_125c_3.30v -- generated by sim/harness, do not edit

Circuit: * comparator-offset-mc @ ff_125c_3.30v -- generated by sim/harness, do not edit

Doing analysis at TEMP = 125.000000 and TNOM = 27.000000

Using SPARSE 1.3 as Direct Linear Solver

No. of Data Rows : 6
voa = 1.4443611310e-03
ddc = -1.747789509e-07
dde = 1.7055893859e-07
Reset re-loads circuit * comparator-offset-mc @ ff_125c_3.30v -- generated by sim/harness, do not edit

Circuit: * comparator-offset-mc @ ff_125c_3.30v -- generated by sim/harness, do not edit

Doing analysis at TEMP = 125.000000 and TNOM = 27.000000

Using SPARSE 1.3 as Direct Linear Solver

No. of Data Rows : 6
voa = -2.295151877e-04
ddc = 1.4689053281e-08
dde = -1.456137833e-08
Reset re-loads circuit * comparator-offset-mc @ ff_125c_3.30v -- generated by sim/harness, do not edit

Circuit: * comparator-offset-mc @ ff_125c_3.30v -- generated by sim/harness, do not edit

Doing analysis at TEMP = 125.000000 and TNOM = 27.000000

Using SPARSE 1.3 as Direct Linear Solver
 Reference value :  0.00000e+00
No. of Data Rows : 6
voa = -2.701437636e-05
ddc = -1.024896805e-07
dde = 9.8189295092e-08
Reset re-loads circuit * comparator-offset-mc @ ff_125c_3.30v -- generated by sim/harness, do not edit

Circuit: * comparator-offset-mc @ ff_125c_3.30v -- generated by sim/harness, do not edit

Doing analysis at TEMP = 125.000000 and TNOM = 27.000000

Using SPARSE 1.3 as Direct Linear Solver

No. of Data Rows : 6
voa = 5.3887269961e-04
ddc = -9.307626982e-08
dde = 9.0318145338e-08
Reset re-loads circuit * comparator-offset-mc @ ff_125c_3.30v -- generated by sim/harness, do not edit

Circuit: * comparator-offset-mc @ ff_125c_3.30v -- generated by sim/harness, do not edit

Doing analysis at TEMP = 125.000000 and TNOM = 27.000000

Using SPARSE 1.3 as Direct Linear Solver

No. of Data Rows : 6
voa = -2.125264057e-03
ddc = 2.7112884749e-07
dde = -2.643092414e-07
Reset re-loads circuit * comparator-offset-mc @ ff_125c_3.30v -- generated by sim/harness, do not edit

Circuit: * comparator-offset-mc @ ff_125c_3.30v -- generated by sim/harness, do not edit

Doing analysis at TEMP = 125.000000 and TNOM = 27.000000

Using SPARSE 1.3 as Direct Linear Solver

No. of Data Rows : 6
voa = -1.578322897e-03
ddc = 1.4071308065e-07
dde = -1.381596292e-07
Reset re-loads circuit * comparator-offset-mc @ ff_125c_3.30v -- generated by sim/harness, do not edit

Circuit: * comparator-offset-mc @ ff_125c_3.30v -- generated by sim/harness, do not edit

Doing analysis at TEMP = 125.000000 and TNOM = 27.000000

Using SPARSE 1.3 as Direct Linear Solver

No. of Data Rows : 6
voa = -5.173706311e-04
ddc = 1.6180749206e-07
dde = -1.530722670e-07
Reset re-loads circuit * comparator-offset-mc @ ff_125c_3.30v -- generated by sim/harness, do not edit

Circuit: * comparator-offset-mc @ ff_125c_3.30v -- generated by sim/harness, do not edit

Doing analysis at TEMP = 125.000000 and TNOM = 27.000000

Using SPARSE 1.3 as Direct Linear Solver

No. of Data Rows : 6
voa = -3.964187508e-03
ddc = 4.4183855298e-07
dde = -4.316428242e-07
Reset re-loads circuit * comparator-offset-mc @ ff_125c_3.30v -- generated by sim/harness, do not edit

Circuit: * comparator-offset-mc @ ff_125c_3.30v -- generated by sim/harness, do not edit

Doing analysis at TEMP = 125.000000 and TNOM = 27.000000

Using SPARSE 1.3 as Direct Linear Solver

No. of Data Rows : 6
voa = -1.135320881e-03
ddc = 5.6255837698e-08
dde = -5.629030010e-08
Reset re-loads circuit * comparator-offset-mc @ ff_125c_3.30v -- generated by sim/harness, do not edit

Circuit: * comparator-offset-mc @ ff_125c_3.30v -- generated by sim/harness, do not edit

Doing analysis at TEMP = 125.000000 and TNOM = 27.000000

Using SPARSE 1.3 as Direct Linear Solver

No. of Data Rows : 6
voa = 1.1269417148e-04
ddc = -1.134401642e-07
dde = 1.0896196223e-07
Reset re-loads circuit * comparator-offset-mc @ ff_125c_3.30v -- generated by sim/harness, do not edit

Circuit: * comparator-offset-mc @ ff_125c_3.30v -- generated by sim/harness, do not edit

Doing analysis at TEMP = 125.000000 and TNOM = 27.000000

Using SPARSE 1.3 as Direct Linear Solver

No. of Data Rows : 6
voa = 7.9387016935e-04
ddc = -1.371489601e-07
dde = 1.3312732841e-07
Reset re-loads circuit * comparator-offset-mc @ ff_125c_3.30v -- generated by sim/harness, do not edit

Circuit: * comparator-offset-mc @ ff_125c_3.30v -- generated by sim/harness, do not edit

Doing analysis at TEMP = 125.000000 and TNOM = 27.000000

Using SPARSE 1.3 as Direct Linear Solver

No. of Data Rows : 6
voa = -2.308321152e-04
ddc = 1.1695779704e-07
dde = -1.125943639e-07
Reset re-loads circuit * comparator-offset-mc @ ff_125c_3.30v -- generated by sim/harness, do not edit

Circuit: * comparator-offset-mc @ ff_125c_3.30v -- generated by sim/harness, do not edit

Doing analysis at TEMP = 125.000000 and TNOM = 27.000000

Using SPARSE 1.3 as Direct Linear Solver
 Reference value :  0.00000e+00
No. of Data Rows : 6
voa = -1.491315667e-03
ddc = 1.2950498161e-07
dde = -1.272618233e-07
Reset re-loads circuit * comparator-offset-mc @ ff_125c_3.30v -- generated by sim/harness, do not edit

Circuit: * comparator-offset-mc @ ff_125c_3.30v -- generated by sim/harness, do not edit

Doing analysis at TEMP = 125.000000 and TNOM = 27.000000

Using SPARSE 1.3 as Direct Linear Solver

No. of Data Rows : 6
voa = 6.7582926075e-04
ddc = -1.559336794e-07
dde = 1.5088571214e-07
Reset re-loads circuit * comparator-offset-mc @ ff_125c_3.30v -- generated by sim/harness, do not edit

Circuit: * comparator-offset-mc @ ff_125c_3.30v -- generated by sim/harness, do not edit

Doing analysis at TEMP = 125.000000 and TNOM = 27.000000

Using SPARSE 1.3 as Direct Linear Solver

No. of Data Rows : 6
voa = -2.298065760e-03
ddc = -4.270628532e-08
dde = 3.6124425253e-08
Reset re-loads circuit * comparator-offset-mc @ ff_125c_3.30v -- generated by sim/harness, do not edit

Circuit: * comparator-offset-mc @ ff_125c_3.30v -- generated by sim/harness, do not edit

Doing analysis at TEMP = 125.000000 and TNOM = 27.000000

Using SPARSE 1.3 as Direct Linear Solver

No. of Data Rows : 6
voa = -2.802142402e-03
ddc = 1.3643419229e-07
dde = -1.231788441e-07
Reset re-loads circuit * comparator-offset-mc @ ff_125c_3.30v -- generated by sim/harness, do not edit

Circuit: * comparator-offset-mc @ ff_125c_3.30v -- generated by sim/harness, do not edit

Doing analysis at TEMP = 125.000000 and TNOM = 27.000000

Using SPARSE 1.3 as Direct Linear Solver

No. of Data Rows : 6
voa = 2.7536713098e-03
ddc = -1.987639037e-07
dde = 1.9628171988e-07
Reset re-loads circuit * comparator-offset-mc @ ff_125c_3.30v -- generated by sim/harness, do not edit

Circuit: * comparator-offset-mc @ ff_125c_3.30v -- generated by sim/harness, do not edit

Doing analysis at TEMP = 125.000000 and TNOM = 27.000000

Using SPARSE 1.3 as Direct Linear Solver

No. of Data Rows : 6
voa = 4.1179940797e-05
ddc = 3.8670820123e-09
dde = -3.620630342e-09
Reset re-loads circuit * comparator-offset-mc @ ff_125c_3.30v -- generated by sim/harness, do not edit

Circuit: * comparator-offset-mc @ ff_125c_3.30v -- generated by sim/harness, do not edit

Doing analysis at TEMP = 125.000000 and TNOM = 27.000000

Using SPARSE 1.3 as Direct Linear Solver

No. of Data Rows : 6
voa = -1.050286234e-03
ddc = 1.9206899142e-07
dde = -1.862997236e-07
Reset re-loads circuit * comparator-offset-mc @ ff_125c_3.30v -- generated by sim/harness, do not edit

Circuit: * comparator-offset-mc @ ff_125c_3.30v -- generated by sim/harness, do not edit

Doing analysis at TEMP = 125.000000 and TNOM = 27.000000

Using SPARSE 1.3 as Direct Linear Solver

No. of Data Rows : 6
voa = -7.251903556e-04
ddc = -8.029641226e-09
dde = 1.2645245679e-08
Reset re-loads circuit * comparator-offset-mc @ ff_125c_3.30v -- generated by sim/harness, do not edit

Circuit: * comparator-offset-mc @ ff_125c_3.30v -- generated by sim/harness, do not edit

Doing analysis at TEMP = 125.000000 and TNOM = 27.000000

Using SPARSE 1.3 as Direct Linear Solver

No. of Data Rows : 6
voa = -1.835011158e-03
ddc = 2.0358161014e-07
dde = -1.990007780e-07
Reset re-loads circuit * comparator-offset-mc @ ff_125c_3.30v -- generated by sim/harness, do not edit

Circuit: * comparator-offset-mc @ ff_125c_3.30v -- generated by sim/harness, do not edit

Doing analysis at TEMP = 125.000000 and TNOM = 27.000000

Using SPARSE 1.3 as Direct Linear Solver

No. of Data Rows : 6
voa = -7.846212669e-04
ddc = 3.8106545147e-08
dde = -3.815817090e-08
m_n_samples = 2.0000000000e+02
m_sig_vos_mv = 1.6366241233e+00
m_vos_3sig_mv = 4.9098723699e+00
m_mean_vos_uv = -5.603538837e+01
m_mean_vos_sem = -4.842040703e-01
m_sig_dvos_dn_uv = 1.7918813050e-01
m_sig_dvos_up_uv = 1.7340526183e-01
m_mean_dvos_dn_uv = 5.0336025437e-03
m_mean_dvos_up_uv = -5.968454218e-03
m_av_mean = 6.0202726864e+00
m_av_sigma_pct = 2.2630018699e+00
m_sig_rpair_uv = 2.5504565063e-12
m_vbias_anchor_mv = 5.7321286018e+02
Note: Simulation executed from .control section 

Note: Starting dynamic gmin stepping
Note: Dynamic gmin stepping completed
Note: Starting dynamic gmin stepping
Note: Dynamic gmin stepping completed
Note: Starting dynamic gmin stepping
Note: Dynamic gmin stepping completed
Note: Starting dynamic gmin stepping
Note: Dynamic gmin stepping completed
Note: Starting dynamic gmin stepping
Note: Dynamic gmin stepping completed
Note: Starting dynamic gmin stepping
Note: Dynamic gmin stepping completed
Note: Starting dynamic gmin stepping
Note: Dynamic gmin stepping completed
Note: Starting dynamic gmin stepping
Note: Dynamic gmin stepping completed
Note: Starting dynamic gmin stepping
Note: Dynamic gmin stepping completed
Note: Starting dynamic gmin stepping
Note: Dynamic gmin stepping completed
Note: Starting dynamic gmin stepping
Note: Dynamic gmin stepping completed
Note: Starting dynamic gmin stepping
Note: Dynamic gmin stepping completed
Note: Starting dynamic gmin stepping
Note: Dynamic gmin stepping completed
Note: Starting dynamic gmin stepping
Note: Dynamic gmin stepping completed
Note: Starting dynamic gmin stepping
Note: Dynamic gmin stepping completed
Note: Starting dynamic gmin stepping
Note: Dynamic gmin stepping completed
Note: Starting dynamic gmin stepping
Note: Dynamic gmin stepping completed
Note: Starting dynamic gmin stepping
Note: Dynamic gmin stepping completed
Note: Starting dynamic gmin stepping
Note: Dynamic gmin stepping completed
Note: Starting dynamic gmin stepping
Note: Dynamic gmin stepping completed
Note: Starting dynamic gmin stepping
Note: Dynamic gmin stepping completed
Note: Starting dynamic gmin stepping
Note: Dynamic gmin stepping completed
Note: Starting dynamic gmin stepping
Note: Dynamic gmin stepping completed
Note: Starting dynamic gmin stepping
Note: Dynamic gmin stepping completed
Note: Starting dynamic gmin stepping
Note: Dynamic gmin stepping completed
Note: Starting dynamic gmin stepping
Note: Dynamic gmin stepping completed
Note: Starting dynamic gmin stepping
Note: Dynamic gmin stepping completed
Note: Starting dynamic gmin stepping
Note: Dynamic gmin stepping completed
Note: Starting dynamic gmin stepping
Note: Dynamic gmin stepping completed
Note: Starting dynamic gmin stepping
Note: Dynamic gmin stepping completed
Note: Starting dynamic gmin stepping
Note: Dynamic gmin stepping completed
Note: Starting dynamic gmin stepping
Note: Dynamic gmin stepping completed
Note: Starting dynamic gmin stepping
Note: Dynamic gmin stepping completed
Note: Starting dynamic gmin stepping
Note: Dynamic gmin stepping completed
Note: Starting dynamic gmin stepping
Note: Dynamic gmin stepping completed
Note: Starting dynamic gmin stepping
Note: Dynamic gmin stepping completed
Note: Starting dynamic gmin stepping
Note: Dynamic gmin stepping completed
Note: Starting dynamic gmin stepping
Note: Dynamic gmin stepping completed
Note: Starting dynamic gmin stepping
Note: Dynamic gmin stepping completed
Note: Starting dynamic gmin stepping
Note: Dynamic gmin stepping completed
Note: Starting dynamic gmin stepping
Note: Dynamic gmin stepping completed
Note: Starting dynamic gmin stepping
Note: Dynamic gmin stepping completed
Note: Starting dynamic gmin stepping
Note: Dynamic gmin stepping completed
Note: Starting dynamic gmin stepping
Note: Dynamic gmin stepping completed
Note: Starting dynamic gmin stepping
Note: Dynamic gmin stepping completed
Note: Starting dynamic gmin stepping
Note: Dynamic gmin stepping completed
Note: Starting dynamic gmin stepping
Note: Dynamic gmin stepping completed
Note: Starting dynamic gmin stepping
Note: Dynamic gmin stepping completed
Note: Starting dynamic gmin stepping
Note: Dynamic gmin stepping completed
Note: Starting dynamic gmin stepping
Note: Dynamic gmin stepping completed
Note: Starting dynamic gmin stepping
Note: Dynamic gmin stepping completed
Note: Starting dynamic gmin stepping
Note: Dynamic gmin stepping completed
Note: Starting dynamic gmin stepping
Note: Dynamic gmin stepping completed
Note: Starting dynamic gmin stepping
Note: Dynamic gmin stepping completed
Note: Starting dynamic gmin stepping
Note: Dynamic gmin stepping completed
Note: Starting dynamic gmin stepping
Note: Dynamic gmin stepping completed
Note: Starting dynamic gmin stepping
Note: Dynamic gmin stepping completed
Note: Starting dynamic gmin stepping
Note: Dynamic gmin stepping completed
Note: Starting dynamic gmin stepping
Note: Dynamic gmin stepping completed
Note: Starting dynamic gmin stepping
Note: Dynamic gmin stepping completed
Note: Starting dynamic gmin stepping
Note: Dynamic gmin stepping completed
Note: Starting dynamic gmin stepping
Note: Dynamic gmin stepping completed
Note: Starting dynamic gmin stepping
Note: Dynamic gmin stepping completed
Note: Starting dynamic gmin stepping
Note: Dynamic gmin stepping completed
Note: Starting dynamic gmin stepping
Note: Dynamic gmin stepping completed
Note: Starting dynamic gmin stepping
Note: Dynamic gmin stepping completed
Note: Starting dynamic gmin stepping
Note: Dynamic gmin stepping completed
Note: Starting dynamic gmin stepping
Note: Dynamic gmin stepping completed
Note: Starting dynamic gmin stepping
Note: Dynamic gmin stepping completed
Note: Starting dynamic gmin stepping
Note: Dynamic gmin stepping completed
Note: Starting dynamic gmin stepping
Note: Dynamic gmin stepping completed
Note: Starting dynamic gmin stepping
Note: Dynamic gmin stepping completed
Note: Starting dynamic gmin stepping
Note: Dynamic gmin stepping completed
Note: Starting dynamic gmin stepping
Note: Dynamic gmin stepping completed
Note: Starting dynamic gmin stepping
Note: Dynamic gmin stepping completed
Note: Starting dynamic gmin stepping
Note: Dynamic gmin stepping completed
Note: Starting dynamic gmin stepping
Note: Dynamic gmin stepping completed
Note: Starting dynamic gmin stepping
Note: Dynamic gmin stepping completed
Note: Starting dynamic gmin stepping
Note: Dynamic gmin stepping completed
Note: Starting dynamic gmin stepping
Note: Dynamic gmin stepping completed
Note: Starting dynamic gmin stepping
Note: Dynamic gmin stepping completed
Note: Starting dynamic gmin stepping
Note: Dynamic gmin stepping completed
Note: Starting dynamic gmin stepping
Note: Dynamic gmin stepping completed
Note: Starting dynamic gmin stepping
Note: Dynamic gmin stepping completed
Note: Starting dynamic gmin stepping
Note: Dynamic gmin stepping completed
Note: Starting dynamic gmin stepping
Note: Dynamic gmin stepping completed
Note: Starting dynamic gmin stepping
Note: Dynamic gmin stepping completed
Note: Starting dynamic gmin stepping
Note: Dynamic gmin stepping completed
Note: Starting dynamic gmin stepping
Note: Dynamic gmin stepping completed
Note: Starting dynamic gmin stepping
Note: Dynamic gmin stepping completed
Note: Starting dynamic gmin stepping
Note: Dynamic gmin stepping completed
Note: Starting dynamic gmin stepping
Note: Dynamic gmin stepping completed
Note: Starting dynamic gmin stepping
Note: Dynamic gmin stepping completed
Note: Starting dynamic gmin stepping
Note: Dynamic gmin stepping completed
Note: Starting dynamic gmin stepping
Note: Dynamic gmin stepping completed
Note: Starting dynamic gmin stepping
Note: Dynamic gmin stepping completed
Note: Starting dynamic gmin stepping
Note: Dynamic gmin stepping completed
Note: Starting dynamic gmin stepping
Note: Dynamic gmin stepping completed
Note: Starting dynamic gmin stepping
Note: Dynamic gmin stepping completed
Note: Starting dynamic gmin stepping
Note: Dynamic gmin stepping completed
Note: Starting dynamic gmin stepping
Note: Dynamic gmin stepping completed
Note: Starting dynamic gmin stepping
Note: Dynamic gmin stepping completed
Note: Starting dynamic gmin stepping
Note: Dynamic gmin stepping completed
Note: Starting dynamic gmin stepping
Note: Dynamic gmin stepping completed
Note: Starting dynamic gmin stepping
Note: Dynamic gmin stepping completed
Note: Starting dynamic gmin stepping
Note: Dynamic gmin stepping completed
Note: Starting dynamic gmin stepping
Note: Dynamic gmin stepping completed
Note: Starting dynamic gmin stepping
Note: Dynamic gmin stepping completed
Note: Starting dynamic gmin stepping
Note: Dynamic gmin stepping completed
Note: Starting dynamic gmin stepping
Note: Dynamic gmin stepping completed
Note: Starting dynamic gmin stepping
Note: Dynamic gmin stepping completed
Note: Starting dynamic gmin stepping
Note: Dynamic gmin stepping completed
Note: Starting dynamic gmin stepping
Note: Dynamic gmin stepping completed
Note: Starting dynamic gmin stepping
Note: Dynamic gmin stepping completed
Note: Starting dynamic gmin stepping
Note: Dynamic gmin stepping completed
Note: Starting dynamic gmin stepping
Note: Dynamic gmin stepping completed
Note: Starting dynamic gmin stepping
Note: Dynamic gmin stepping completed
Note: Starting dynamic gmin stepping
Note: Dynamic gmin stepping completed
Note: Starting dynamic gmin stepping
Note: Dynamic gmin stepping completed
Note: Starting dynamic gmin stepping
Note: Dynamic gmin stepping completed
Note: Starting dynamic gmin stepping
Note: Dynamic gmin stepping completed
Note: Starting dynamic gmin stepping
Note: Dynamic gmin stepping completed
Note: Starting dynamic gmin stepping
Note: Dynamic gmin stepping completed
Note: Starting dynamic gmin stepping
Note: Dynamic gmin stepping completed
Note: Starting dynamic gmin stepping
Note: Dynamic gmin stepping completed
Note: Starting dynamic gmin stepping
Note: Dynamic gmin stepping completed
Note: Starting dynamic gmin stepping
Note: Dynamic gmin stepping completed
Note: Starting dynamic gmin stepping
Note: Dynamic gmin stepping completed
Note: Starting dynamic gmin stepping
Note: Dynamic gmin stepping completed
Note: Starting dynamic gmin stepping
Note: Dynamic gmin stepping completed
Note: Starting dynamic gmin stepping
Note: Dynamic gmin stepping completed
Note: Starting dynamic gmin stepping
Note: Dynamic gmin stepping completed
Note: Starting dynamic gmin stepping
Note: Dynamic gmin stepping completed
Note: Starting dynamic gmin stepping
Note: Dynamic gmin stepping completed
Note: Starting dynamic gmin stepping
Note: Dynamic gmin stepping completed
Note: Starting dynamic gmin stepping
Note: Dynamic gmin stepping completed
Note: Starting dynamic gmin stepping
Note: Dynamic gmin stepping completed
Note: Starting dynamic gmin stepping
Note: Dynamic gmin stepping completed
Note: Starting dynamic gmin stepping
Note: Dynamic gmin stepping completed
Note: Starting dynamic gmin stepping
Note: Dynamic gmin stepping completed
Note: Starting dynamic gmin stepping
Note: Dynamic gmin stepping completed
Note: Starting dynamic gmin stepping
Note: Dynamic gmin stepping completed
Note: Starting dynamic gmin stepping
Note: Dynamic gmin stepping completed
Note: Starting dynamic gmin stepping
Note: Dynamic gmin stepping completed
Note: Starting dynamic gmin stepping
Note: Dynamic gmin stepping completed
Note: Starting dynamic gmin stepping
Note: Dynamic gmin stepping completed
Note: Starting dynamic gmin stepping
Note: Dynamic gmin stepping completed
Note: Starting dynamic gmin stepping
Note: Dynamic gmin stepping completed
Note: Starting dynamic gmin stepping
Note: Dynamic gmin stepping completed
Note: Starting dynamic gmin stepping
Note: Dynamic gmin stepping completed
Note: Starting dynamic gmin stepping
Note: Dynamic gmin stepping completed
Note: Starting dynamic gmin stepping
Note: Dynamic gmin stepping completed
Note: Starting dynamic gmin stepping
Note: Dynamic gmin stepping completed
Note: Starting dynamic gmin stepping
Note: Dynamic gmin stepping completed
Note: Starting dynamic gmin stepping
Note: Dynamic gmin stepping completed
Note: Starting dynamic gmin stepping
Note: Dynamic gmin stepping completed
Note: Starting dynamic gmin stepping
Note: Dynamic gmin stepping completed
Note: Starting dynamic gmin stepping
Note: Dynamic gmin stepping completed
Note: Starting dynamic gmin stepping
Note: Dynamic gmin stepping completed
Note: Starting dynamic gmin stepping
Note: Dynamic gmin stepping completed
Note: Starting dynamic gmin stepping
Note: Dynamic gmin stepping completed
Note: Starting dynamic gmin stepping
Note: Dynamic gmin stepping completed
Note: Starting dynamic gmin stepping
Note: Dynamic gmin stepping completed
Note: Starting dynamic gmin stepping
Note: Dynamic gmin stepping completed
Note: Starting dynamic gmin stepping
Note: Dynamic gmin stepping completed
Note: Starting dynamic gmin stepping
Note: Dynamic gmin stepping completed
Note: Starting dynamic gmin stepping
Note: Dynamic gmin stepping completed
Note: Starting dynamic gmin stepping
Note: Dynamic gmin stepping completed
Note: Starting dynamic gmin stepping
Note: Dynamic gmin stepping completed
Note: Starting dynamic gmin stepping
Note: Dynamic gmin stepping completed
Note: Starting dynamic gmin stepping
Note: Dynamic gmin stepping completed
Note: Starting dynamic gmin stepping
Note: Dynamic gmin stepping completed
Note: Starting dynamic gmin stepping
Note: Dynamic gmin stepping completed
Note: Starting dynamic gmin stepping
Note: Dynamic gmin stepping completed
Note: Starting dynamic gmin stepping
Note: Dynamic gmin stepping completed
Note: Starting dynamic gmin stepping
Note: Dynamic gmin stepping completed
Note: Starting dynamic gmin stepping
Note: Dynamic gmin stepping completed
Note: Starting dynamic gmin stepping
Note: Dynamic gmin stepping completed
Note: Starting dynamic gmin stepping
Note: Dynamic gmin stepping completed
Note: Starting dynamic gmin stepping
Note: Dynamic gmin stepping completed
Note: Starting dynamic gmin stepping
Note: Dynamic gmin stepping completed
Note: Starting dynamic gmin stepping
Note: Dynamic gmin stepping completed
Note: Starting dynamic gmin stepping
Note: Dynamic gmin stepping completed
Note: Starting dynamic gmin stepping
Note: Dynamic gmin stepping completed
Note: Starting dynamic gmin stepping
Note: Dynamic gmin stepping completed
Note: Starting dynamic gmin stepping
Note: Dynamic gmin stepping completed
Note: Starting dynamic gmin stepping
Note: Dynamic gmin stepping completed
Note: Starting dynamic gmin stepping
Note: Dynamic gmin stepping completed
Note: Starting dynamic gmin stepping
Note: Dynamic gmin stepping completed
Note: Starting dynamic gmin stepping
Note: Dynamic gmin stepping completed
Note: Starting dynamic gmin stepping
Note: Dynamic gmin stepping completed
Note: Starting dynamic gmin stepping
Note: Dynamic gmin stepping completed
Note: Starting dynamic gmin stepping
Note: Dynamic gmin stepping completed
Note: Starting dynamic gmin stepping
Note: Dynamic gmin stepping completed
Note: Starting dynamic gmin stepping
Note: Dynamic gmin stepping completed
Note: Starting dynamic gmin stepping
Note: Dynamic gmin stepping completed
Note: Starting dynamic gmin stepping
Note: Dynamic gmin stepping completed
Note: Starting dynamic gmin stepping
Note: Dynamic gmin stepping completed
Note: Starting dynamic gmin stepping
Note: Dynamic gmin stepping completed
Note: Starting dynamic gmin stepping
Note: Dynamic gmin stepping completed
Note: Starting dynamic gmin stepping
Note: Dynamic gmin stepping completed
Note: Starting dynamic gmin stepping
Note: Dynamic gmin stepping completed
Note: Starting dynamic gmin stepping
Note: Dynamic gmin stepping completed
Note: Starting dynamic gmin stepping
Note: Dynamic gmin stepping completed
Note: Starting dynamic gmin stepping
Note: Dynamic gmin stepping completed
Note: Starting dynamic gmin stepping
Note: Dynamic gmin stepping completed
Note: Starting dynamic gmin stepping
Note: Dynamic gmin stepping completed
Note: Starting dynamic gmin stepping
Note: Dynamic gmin stepping completed
Note: Starting dynamic gmin stepping
Note: Dynamic gmin stepping completed
Note: Starting dynamic gmin stepping
Note: Dynamic gmin stepping completed
Note: Starting dynamic gmin stepping
Note: Dynamic gmin stepping completed
Note: Starting dynamic gmin stepping
Note: Dynamic gmin stepping completed
Note: Starting dynamic gmin stepping
Note: Dynamic gmin stepping completed
Note: Starting dynamic gmin stepping
Note: Dynamic gmin stepping completed
Note: Starting dynamic gmin stepping
Note: Dynamic gmin stepping completed
Note: Starting dynamic gmin stepping
Note: Dynamic gmin stepping completed
Note: Starting dynamic gmin stepping
Note: Dynamic gmin stepping completed
Note: Starting dynamic gmin stepping
Note: Dynamic gmin stepping completed
Note: Starting dynamic gmin stepping
Note: Dynamic gmin stepping completed
Note: Starting dynamic gmin stepping
Note: Dynamic gmin stepping completed
Note: Starting dynamic gmin stepping
Note: Dynamic gmin stepping completed
Note: Starting dynamic gmin stepping
Note: Dynamic gmin stepping completed
Note: Starting dynamic gmin stepping
Note: Dynamic gmin stepping completed
Note: Starting dynamic gmin stepping
Note: Dynamic gmin stepping completed
Note: Starting dynamic gmin stepping
Note: Dynamic gmin stepping completed
Note: Starting dynamic gmin stepping
Note: Dynamic gmin stepping completed
Note: Starting dynamic gmin stepping
Note: Dynamic gmin stepping completed
Note: Starting dynamic gmin stepping
Note: Dynamic gmin stepping completed
Note: Starting dynamic gmin stepping
Note: Dynamic gmin stepping completed
Note: Starting dynamic gmin stepping
Note: Dynamic gmin stepping completed
Note: Starting dynamic gmin stepping
Note: Dynamic gmin stepping completed
Note: Starting dynamic gmin stepping
Note: Dynamic gmin stepping completed
Note: Starting dynamic gmin stepping
Note: Dynamic gmin stepping completed
Note: Starting dynamic gmin stepping
Note: Dynamic gmin stepping completed
Note: Starting dynamic gmin stepping
Note: Dynamic gmin stepping completed
Note: Starting dynamic gmin stepping
Note: Dynamic gmin stepping completed
Note: Starting dynamic gmin stepping
Note: Dynamic gmin stepping completed
Note: Starting dynamic gmin stepping
Note: Dynamic gmin stepping completed
Note: Starting dynamic gmin stepping
Note: Dynamic gmin stepping completed
Note: Starting dynamic gmin stepping
Note: Dynamic gmin stepping completed
Note: Starting dynamic gmin stepping
Note: Dynamic gmin stepping completed
Note: Starting dynamic gmin stepping
Note: Dynamic gmin stepping completed
Note: Starting dynamic gmin stepping
Note: Dynamic gmin stepping completed
Note: Starting dynamic gmin stepping
Note: Dynamic gmin stepping completed
Note: Starting dynamic gmin stepping
Note: Dynamic gmin stepping completed
Note: Starting dynamic gmin stepping
Note: Dynamic gmin stepping completed
Note: Starting dynamic gmin stepping
Note: Dynamic gmin stepping completed
Note: Starting dynamic gmin stepping
Note: Dynamic gmin stepping completed
Note: Starting dynamic gmin stepping
Note: Dynamic gmin stepping completed
Note: Starting dynamic gmin stepping
Note: Dynamic gmin stepping completed
Note: Starting dynamic gmin stepping
Note: Dynamic gmin stepping completed
Note: Starting dynamic gmin stepping
Note: Dynamic gmin stepping completed
Note: Starting dynamic gmin stepping
Note: Dynamic gmin stepping completed
Note: Starting dynamic gmin stepping
Note: Dynamic gmin stepping completed
Note: Starting dynamic gmin stepping
Note: Dynamic gmin stepping completed
Note: Starting dynamic gmin stepping
Note: Dynamic gmin stepping completed
Note: Starting dynamic gmin stepping
Note: Dynamic gmin stepping completed
Note: Starting dynamic gmin stepping
Note: Dynamic gmin stepping completed
Note: Starting dynamic gmin stepping
Note: Dynamic gmin stepping completed
Note: Starting dynamic gmin stepping
Note: Dynamic gmin stepping completed
Note: Starting dynamic gmin stepping
Note: Dynamic gmin stepping completed
Note: Starting dynamic gmin stepping
Note: Dynamic gmin stepping completed
Note: Starting dynamic gmin stepping
Note: Dynamic gmin stepping completed
Note: Starting dynamic gmin stepping
Note: Dynamic gmin stepping completed
Note: Starting dynamic gmin stepping
Note: Dynamic gmin stepping completed
Note: Starting dynamic gmin stepping
Note: Dynamic gmin stepping completed
Note: Starting dynamic gmin stepping
Note: Dynamic gmin stepping completed
Note: Starting dynamic gmin stepping
Note: Dynamic gmin stepping completed
Note: Starting dynamic gmin stepping
Note: Dynamic gmin stepping completed
Note: Starting dynamic gmin stepping
Note: Dynamic gmin stepping completed
Note: Starting dynamic gmin stepping
Note: Dynamic gmin stepping completed
Note: Starting dynamic gmin stepping
Note: Dynamic gmin stepping completed
Note: Starting dynamic gmin stepping
Note: Dynamic gmin stepping completed
Note: Starting dynamic gmin stepping
Note: Dynamic gmin stepping completed
Note: Starting dynamic gmin stepping
Note: Dynamic gmin stepping completed
Note: Starting dynamic gmin stepping
Note: Dynamic gmin stepping completed
Note: Starting dynamic gmin stepping
Note: Dynamic gmin stepping completed
Note: Starting dynamic gmin stepping
Note: Dynamic gmin stepping completed
Note: Starting dynamic gmin stepping
Note: Dynamic gmin stepping completed
Note: Starting dynamic gmin stepping
Note: Dynamic gmin stepping completed
Note: Starting dynamic gmin stepping
Note: Dynamic gmin stepping completed
Note: Starting dynamic gmin stepping
Note: Dynamic gmin stepping completed
Note: Starting dynamic gmin stepping
Note: Dynamic gmin stepping completed
Note: Starting dynamic gmin stepping
Note: Dynamic gmin stepping completed
Note: Starting dynamic gmin stepping
Note: Dynamic gmin stepping completed
Note: Starting dynamic gmin stepping
Note: Dynamic gmin stepping completed
Note: Starting dynamic gmin stepping
Note: Dynamic gmin stepping completed
Note: Starting dynamic gmin stepping
Note: Dynamic gmin stepping completed
Note: Starting dynamic gmin stepping
Note: Dynamic gmin stepping completed
Note: Starting dynamic gmin stepping
Note: Dynamic gmin stepping completed
Note: Starting dynamic gmin stepping
Note: Dynamic gmin stepping completed
Note: Starting dynamic gmin stepping
Note: Dynamic gmin stepping completed
Note: Starting dynamic gmin stepping
Note: Dynamic gmin stepping completed
Note: Starting dynamic gmin stepping
Note: Dynamic gmin stepping completed
Note: Starting dynamic gmin stepping
Note: Dynamic gmin stepping completed
Note: Starting dynamic gmin stepping
Note: Dynamic gmin stepping completed
Note: Starting dynamic gmin stepping
Note: Dynamic gmin stepping completed
Note: Starting dynamic gmin stepping
Note: Dynamic gmin stepping completed
Note: Starting dynamic gmin stepping
Note: Dynamic gmin stepping completed
Note: Starting dynamic gmin stepping
Note: Dynamic gmin stepping completed
Note: Starting dynamic gmin stepping
Note: Dynamic gmin stepping completed
Note: Starting dynamic gmin stepping
Note: Dynamic gmin stepping completed
Note: Starting dynamic gmin stepping
Note: Dynamic gmin stepping completed
Note: Starting dynamic gmin stepping
Note: Dynamic gmin stepping completed
Note: Starting dynamic gmin stepping
Note: Dynamic gmin stepping completed
Note: Starting dynamic gmin stepping
Note: Dynamic gmin stepping completed
Note: Starting dynamic gmin stepping
Note: Dynamic gmin stepping completed
Note: Starting dynamic gmin stepping
Note: Dynamic gmin stepping completed
Note: Starting dynamic gmin stepping
Note: Dynamic gmin stepping completed
Note: Starting dynamic gmin stepping
Note: Dynamic gmin stepping completed
Note: Starting dynamic gmin stepping
Note: Dynamic gmin stepping completed
Note: Starting dynamic gmin stepping
Note: Dynamic gmin stepping completed
Note: Starting dynamic gmin stepping
Note: Dynamic gmin stepping completed
Note: Starting dynamic gmin stepping
Note: Dynamic gmin stepping completed
Note: Starting dynamic gmin stepping
Note: Dynamic gmin stepping completed
Note: Starting dynamic gmin stepping
Note: Dynamic gmin stepping completed
Note: Starting dynamic gmin stepping
Note: Dynamic gmin stepping completed
Note: Starting dynamic gmin stepping
Note: Dynamic gmin stepping completed
Note: Starting dynamic gmin stepping
Note: Dynamic gmin stepping completed
Note: Starting dynamic gmin stepping
Note: Dynamic gmin stepping completed
Note: Starting dynamic gmin stepping
Note: Dynamic gmin stepping completed
Note: Starting dynamic gmin stepping
Note: Dynamic gmin stepping completed
Note: Starting dynamic gmin stepping
Note: Dynamic gmin stepping completed
Note: Starting dynamic gmin stepping
Note: Dynamic gmin stepping completed
Note: Starting dynamic gmin stepping
Note: Dynamic gmin stepping completed
Note: Starting dynamic gmin stepping
Note: Dynamic gmin stepping completed
Note: Starting dynamic gmin stepping
Note: Dynamic gmin stepping completed
Note: Starting dynamic gmin stepping
Note: Dynamic gmin stepping completed
Note: Starting dynamic gmin stepping
Note: Dynamic gmin stepping completed
Note: Starting dynamic gmin stepping
Note: Dynamic gmin stepping completed
Note: Starting dynamic gmin stepping
Note: Dynamic gmin stepping completed
Note: Starting dynamic gmin stepping
Note: Dynamic gmin stepping completed
Note: Starting dynamic gmin stepping
Note: Dynamic gmin stepping completed
Note: Starting dynamic gmin stepping
Note: Dynamic gmin stepping completed
Note: Starting dynamic gmin stepping
Note: Dynamic gmin stepping completed
Note: Starting dynamic gmin stepping
Note: Dynamic gmin stepping completed
Note: Starting dynamic gmin stepping
Note: Dynamic gmin stepping completed
Note: Starting dynamic gmin stepping
Note: Dynamic gmin stepping completed
Note: Starting dynamic gmin stepping
Note: Dynamic gmin stepping completed
Note: Starting dynamic gmin stepping
Note: Dynamic gmin stepping completed
Note: Starting dynamic gmin stepping
Note: Dynamic gmin stepping completed
Note: Starting dynamic gmin stepping
Note: Dynamic gmin stepping completed
Note: Starting dynamic gmin stepping
Note: Dynamic gmin stepping completed
Note: Starting dynamic gmin stepping
Note: Dynamic gmin stepping completed
Note: Starting dynamic gmin stepping
Note: Dynamic gmin stepping completed
Note: Starting dynamic gmin stepping
Note: Dynamic gmin stepping completed
Note: Starting dynamic gmin stepping
Note: Dynamic gmin stepping completed
Note: Starting dynamic gmin stepping
Note: Dynamic gmin stepping completed
Note: Starting dynamic gmin stepping
Note: Dynamic gmin stepping completed
Note: Starting dynamic gmin stepping
Note: Dynamic gmin stepping completed
Note: Starting dynamic gmin stepping
Note: Dynamic gmin stepping completed
Note: Starting dynamic gmin stepping
Note: Dynamic gmin stepping completed
Note: Starting dynamic gmin stepping
Note: Dynamic gmin stepping completed
Note: Starting dynamic gmin stepping
Note: Dynamic gmin stepping completed
Note: Starting dynamic gmin stepping
Note: Dynamic gmin stepping completed
Note: Starting dynamic gmin stepping
Note: Dynamic gmin stepping completed
Note: Starting dynamic gmin stepping
Note: Dynamic gmin stepping completed
Note: Starting dynamic gmin stepping
Note: Dynamic gmin stepping completed
Note: Starting dynamic gmin stepping
Note: Dynamic gmin stepping completed
Note: Starting dynamic gmin stepping
Note: Dynamic gmin stepping completed
Note: Starting dynamic gmin stepping
Note: Dynamic gmin stepping completed
Note: Starting dynamic gmin stepping
Note: Dynamic gmin stepping completed
Note: Starting dynamic gmin stepping
Note: Dynamic gmin stepping completed
Note: Starting dynamic gmin stepping
Note: Dynamic gmin stepping completed
Note: Starting dynamic gmin stepping
Note: Dynamic gmin stepping completed
Note: Starting dynamic gmin stepping
Note: Dynamic gmin stepping completed
Note: Starting dynamic gmin stepping
Note: Dynamic gmin stepping completed
Note: Starting dynamic gmin stepping
Note: Dynamic gmin stepping completed
Note: Starting dynamic gmin stepping
Note: Dynamic gmin stepping completed
Note: Starting dynamic gmin stepping
Note: Dynamic gmin stepping completed
Note: Starting dynamic gmin stepping
Note: Dynamic gmin stepping completed
Note: Starting dynamic gmin stepping
Note: Dynamic gmin stepping completed
Note: Starting dynamic gmin stepping
Note: Dynamic gmin stepping completed
Note: Starting dynamic gmin stepping
Note: Dynamic gmin stepping completed
Note: Starting dynamic gmin stepping
Note: Dynamic gmin stepping completed
Note: Starting dynamic gmin stepping
Note: Dynamic gmin stepping completed
Note: Starting dynamic gmin stepping
Note: Dynamic gmin stepping completed
Note: Starting dynamic gmin stepping
Note: Dynamic gmin stepping completed
Note: Starting dynamic gmin stepping
Note: Dynamic gmin stepping completed
Note: Starting dynamic gmin stepping
Note: Dynamic gmin stepping completed
Note: Starting dynamic gmin stepping
Note: Dynamic gmin stepping completed
Note: Starting dynamic gmin stepping
Note: Dynamic gmin stepping completed
Note: Starting dynamic gmin stepping
Note: Dynamic gmin stepping completed
Note: Starting dynamic gmin stepping
Note: Dynamic gmin stepping completed
Note: Starting dynamic gmin stepping
Note: Dynamic gmin stepping completed
Note: Starting dynamic gmin stepping
Note: Dynamic gmin stepping completed
Note: Starting dynamic gmin stepping
Note: Dynamic gmin stepping completed
Note: Starting dynamic gmin stepping
Note: Dynamic gmin stepping completed
Note: Starting dynamic gmin stepping
Note: Dynamic gmin stepping completed
Note: Starting dynamic gmin stepping
Note: Dynamic gmin stepping completed
Note: Starting dynamic gmin stepping
Note: Dynamic gmin stepping completed
Note: Starting dynamic gmin stepping
Note: Dynamic gmin stepping completed
Note: Starting dynamic gmin stepping
Note: Dynamic gmin stepping completed
Note: Starting dynamic gmin stepping
Note: Dynamic gmin stepping completed
Note: Starting dynamic gmin stepping
Note: Dynamic gmin stepping completed
Note: Starting dynamic gmin stepping
Note: Dynamic gmin stepping completed
Note: Starting dynamic gmin stepping
Note: Dynamic gmin stepping completed
Note: Starting dynamic gmin stepping
Note: Dynamic gmin stepping completed
Note: Starting dynamic gmin stepping
Note: Dynamic gmin stepping completed
Note: Starting dynamic gmin stepping
Note: Dynamic gmin stepping completed
Note: Starting dynamic gmin stepping
Note: Dynamic gmin stepping completed
Note: Starting dynamic gmin stepping
Note: Dynamic gmin stepping completed
Note: Starting dynamic gmin stepping
Note: Dynamic gmin stepping completed
Note: Starting dynamic gmin stepping
Note: Dynamic gmin stepping completed
Note: Starting dynamic gmin stepping
Note: Dynamic gmin stepping completed
Note: Starting dynamic gmin stepping
Note: Dynamic gmin stepping completed
Note: Starting dynamic gmin stepping
Note: Dynamic gmin stepping completed
Note: Starting dynamic gmin stepping
Note: Dynamic gmin stepping completed
Note: Starting dynamic gmin stepping
Note: Dynamic gmin stepping completed
Note: Starting dynamic gmin stepping
Note: Dynamic gmin stepping completed
Note: Starting dynamic gmin stepping
Note: Dynamic gmin stepping completed
Note: Starting dynamic gmin stepping
Note: Dynamic gmin stepping completed
Note: Starting dynamic gmin stepping
Note: Dynamic gmin stepping completed
Note: Starting dynamic gmin stepping
Note: Dynamic gmin stepping completed
Note: Starting dynamic gmin stepping
Note: Dynamic gmin stepping completed
Note: Starting dynamic gmin stepping
Note: Dynamic gmin stepping completed
Note: Starting dynamic gmin stepping
Note: Dynamic gmin stepping completed
Note: Starting dynamic gmin stepping
Note: Dynamic gmin stepping completed
Note: Starting dynamic gmin stepping
Note: Dynamic gmin stepping completed
Note: Starting dynamic gmin stepping
Note: Dynamic gmin stepping completed
Note: Starting dynamic gmin stepping
Note: Dynamic gmin stepping completed
Note: Starting dynamic gmin stepping
Note: Dynamic gmin stepping completed
Note: Starting dynamic gmin stepping
Note: Dynamic gmin stepping completed
Note: Starting dynamic gmin stepping
Note: Dynamic gmin stepping completed
Note: Starting dynamic gmin stepping
Note: Dynamic gmin stepping completed
Note: Starting dynamic gmin stepping
Note: Dynamic gmin stepping completed
Note: Starting dynamic gmin stepping
Note: Dynamic gmin stepping completed
Note: Starting dynamic gmin stepping
Note: Dynamic gmin stepping completed
Note: Starting dynamic gmin stepping
Note: Dynamic gmin stepping completed
Note: Starting dynamic gmin stepping
Note: Dynamic gmin stepping completed
Note: Starting dynamic gmin stepping
Note: Dynamic gmin stepping completed
Note: Starting dynamic gmin stepping
Note: Dynamic gmin stepping completed
Note: Starting dynamic gmin stepping
Note: Dynamic gmin stepping completed
Note: Starting dynamic gmin stepping
Note: Dynamic gmin stepping completed
Note: Starting dynamic gmin stepping
Note: Dynamic gmin stepping completed
Note: Starting dynamic gmin stepping
Note: Dynamic gmin stepping completed
Note: Starting dynamic gmin stepping
Note: Dynamic gmin stepping completed
Note: Starting dynamic gmin stepping
Note: Dynamic gmin stepping completed
Note: Starting dynamic gmin stepping
Note: Dynamic gmin stepping completed
Note: Starting dynamic gmin stepping
Note: Dynamic gmin stepping completed
Note: Starting dynamic gmin stepping
Note: Dynamic gmin stepping completed
Note: Starting dynamic gmin stepping
Note: Dynamic gmin stepping completed
Note: Starting dynamic gmin stepping
Note: Dynamic gmin stepping completed
Note: Starting dynamic gmin stepping
Note: Dynamic gmin stepping completed
Note: Starting dynamic gmin stepping
Note: Dynamic gmin stepping completed
Note: Starting dynamic gmin stepping
Note: Dynamic gmin stepping completed
Note: Starting dynamic gmin stepping
Note: Dynamic gmin stepping completed
Note: Starting dynamic gmin stepping
Note: Dynamic gmin stepping completed
Note: Starting dynamic gmin stepping
Note: Dynamic gmin stepping completed
Note: Starting dynamic gmin stepping
Note: Dynamic gmin stepping completed
Note: Starting dynamic gmin stepping
Note: Dynamic gmin stepping completed
Note: Starting dynamic gmin stepping
Note: Dynamic gmin stepping completed
Note: Starting dynamic gmin stepping
Note: Dynamic gmin stepping completed
Note: Starting dynamic gmin stepping
Note: Dynamic gmin stepping completed
Note: Starting dynamic gmin stepping
Note: Dynamic gmin stepping completed
Note: Starting dynamic gmin stepping
Note: Dynamic gmin stepping completed
Note: Starting dynamic gmin stepping
Note: Dynamic gmin stepping completed
Note: Starting dynamic gmin stepping
Note: Dynamic gmin stepping completed
Note: Starting dynamic gmin stepping
Note: Dynamic gmin stepping completed
Note: Starting dynamic gmin stepping
Note: Dynamic gmin stepping completed
Note: Starting dynamic gmin stepping
Note: Dynamic gmin stepping completed
Note: Starting dynamic gmin stepping
Note: Dynamic gmin stepping completed
Note: Starting dynamic gmin stepping
Note: Dynamic gmin stepping completed
Note: Starting dynamic gmin stepping
Note: Dynamic gmin stepping completed
Note: Starting dynamic gmin stepping
Note: Dynamic gmin stepping completed
Note: Starting dynamic gmin stepping
Note: Dynamic gmin stepping completed
Note: Starting dynamic gmin stepping
Note: Dynamic gmin stepping completed
Note: Starting dynamic gmin stepping
Note: Dynamic gmin stepping completed
Note: Starting dynamic gmin stepping
Note: Dynamic gmin stepping completed
Note: Starting dynamic gmin stepping
Note: Dynamic gmin stepping completed
Note: Starting dynamic gmin stepping
Note: Dynamic gmin stepping completed
Note: Starting dynamic gmin stepping
Note: Dynamic gmin stepping completed
Note: Starting dynamic gmin stepping
Note: Dynamic gmin stepping completed
Note: Starting dynamic gmin stepping
Note: Dynamic gmin stepping completed
Note: Starting dynamic gmin stepping
Note: Dynamic gmin stepping completed
Note: Starting dynamic gmin stepping
Note: Dynamic gmin stepping completed
Note: Starting dynamic gmin stepping
Note: Dynamic gmin stepping completed
Note: Starting dynamic gmin stepping
Note: Dynamic gmin stepping completed
Note: Starting dynamic gmin stepping
Note: Dynamic gmin stepping completed
Note: Starting dynamic gmin stepping
Note: Dynamic gmin stepping completed
Note: Starting dynamic gmin stepping
Note: Dynamic gmin stepping completed
Note: Starting dynamic gmin stepping
Note: Dynamic gmin stepping completed
Note: Starting dynamic gmin stepping
Note: Dynamic gmin stepping completed
Note: Starting dynamic gmin stepping
Note: Dynamic gmin stepping completed
Note: Starting dynamic gmin stepping
Note: Dynamic gmin stepping completed
Note: Starting dynamic gmin stepping
Note: Dynamic gmin stepping completed
Note: Starting dynamic gmin stepping
Note: Dynamic gmin stepping completed
Note: Starting dynamic gmin stepping
Note: Dynamic gmin stepping completed
Note: Starting dynamic gmin stepping
Note: Dynamic gmin stepping completed
Note: Starting dynamic gmin stepping
Note: Dynamic gmin stepping completed
Note: Starting dynamic gmin stepping
Note: Dynamic gmin stepping completed
Note: Starting dynamic gmin stepping
Note: Dynamic gmin stepping completed
Note: Starting dynamic gmin stepping
Note: Dynamic gmin stepping completed
Note: Starting dynamic gmin stepping
Note: Dynamic gmin stepping completed
Note: Starting dynamic gmin stepping
Note: Dynamic gmin stepping completed
Note: Starting dynamic gmin stepping
Note: Dynamic gmin stepping completed
Note: Starting dynamic gmin stepping
Note: Dynamic gmin stepping completed
Note: Starting dynamic gmin stepping
Note: Dynamic gmin stepping completed
Note: Starting dynamic gmin stepping
Note: Dynamic gmin stepping completed
Note: Starting dynamic gmin stepping
Note: Dynamic gmin stepping completed
Note: Starting dynamic gmin stepping
Note: Dynamic gmin stepping completed
Note: Starting dynamic gmin stepping
Note: Dynamic gmin stepping completed
Note: Starting dynamic gmin stepping
Note: Dynamic gmin stepping completed
Note: Starting dynamic gmin stepping
Note: Dynamic gmin stepping completed
Note: Starting dynamic gmin stepping
Note: Dynamic gmin stepping completed
Note: Starting dynamic gmin stepping
Note: Dynamic gmin stepping completed
Note: Starting dynamic gmin stepping
Note: Dynamic gmin stepping completed
Note: Starting dynamic gmin stepping
Note: Dynamic gmin stepping completed
Note: Starting dynamic gmin stepping
Note: Dynamic gmin stepping completed
Note: Starting dynamic gmin stepping
Note: Dynamic gmin stepping completed
Note: Starting dynamic gmin stepping
Note: Dynamic gmin stepping completed
Note: Starting dynamic gmin stepping
Note: Dynamic gmin stepping completed
Note: Starting dynamic gmin stepping
Note: Dynamic gmin stepping completed
Note: Starting dynamic gmin stepping
Note: Dynamic gmin stepping completed
Note: Starting dynamic gmin stepping
Note: Dynamic gmin stepping completed
Note: Starting dynamic gmin stepping
Note: Dynamic gmin stepping completed
Note: Starting dynamic gmin stepping
Note: Dynamic gmin stepping completed
Note: Starting dynamic gmin stepping
Note: Dynamic gmin stepping completed
Note: Starting dynamic gmin stepping
Note: Dynamic gmin stepping completed
Note: Starting dynamic gmin stepping
Note: Dynamic gmin stepping completed
Note: Starting dynamic gmin stepping
Note: Dynamic gmin stepping completed
Note: Starting dynamic gmin stepping
Note: Dynamic gmin stepping completed
Note: Starting dynamic gmin stepping
Note: Dynamic gmin stepping completed
Note: Starting dynamic gmin stepping
Note: Dynamic gmin stepping completed
Note: Starting dynamic gmin stepping
Note: Dynamic gmin stepping completed
Note: Starting dynamic gmin stepping
Note: Dynamic gmin stepping completed
Note: Starting dynamic gmin stepping
Note: Dynamic gmin stepping completed
Note: Starting dynamic gmin stepping
Note: Dynamic gmin stepping completed
Note: Starting dynamic gmin stepping
Note: Dynamic gmin stepping completed
Note: Starting dynamic gmin stepping
Note: Dynamic gmin stepping completed
Note: Starting dynamic gmin stepping
Note: Dynamic gmin stepping completed
Note: Starting dynamic gmin stepping
Note: Dynamic gmin stepping completed
Note: Starting dynamic gmin stepping
Note: Dynamic gmin stepping completed
Note: Starting dynamic gmin stepping
Note: Dynamic gmin stepping completed
Note: Starting dynamic gmin stepping
Note: Dynamic gmin stepping completed
Note: Starting dynamic gmin stepping
Note: Dynamic gmin stepping completed
Note: Starting dynamic gmin stepping
Note: Dynamic gmin stepping completed
Note: Starting dynamic gmin stepping
Note: Dynamic gmin stepping completed
Note: Starting dynamic gmin stepping
Note: Dynamic gmin stepping completed
Note: Starting dynamic gmin stepping
Note: Dynamic gmin stepping completed
Note: Starting dynamic gmin stepping
Note: Dynamic gmin stepping completed
Note: Starting dynamic gmin stepping
Note: Dynamic gmin stepping completed
Note: Starting dynamic gmin stepping
Note: Dynamic gmin stepping completed
Note: Starting dynamic gmin stepping
Note: Dynamic gmin stepping completed
Note: Starting dynamic gmin stepping
Note: Dynamic gmin stepping completed
Note: Starting dynamic gmin stepping
Note: Dynamic gmin stepping completed
Note: Starting dynamic gmin stepping
Note: Dynamic gmin stepping completed
Note: Starting dynamic gmin stepping
Note: Dynamic gmin stepping completed
Note: Starting dynamic gmin stepping
Note: Dynamic gmin stepping completed
Note: Starting dynamic gmin stepping
Note: Dynamic gmin stepping completed
Note: Starting dynamic gmin stepping
Note: Dynamic gmin stepping completed
Note: Starting dynamic gmin stepping
Note: Dynamic gmin stepping completed
Note: Starting dynamic gmin stepping
Note: Dynamic gmin stepping completed
Note: Starting dynamic gmin stepping
Note: Dynamic gmin stepping completed
Note: Starting dynamic gmin stepping
Note: Dynamic gmin stepping completed
Note: Starting dynamic gmin stepping
Note: Dynamic gmin stepping completed
Note: Starting dynamic gmin stepping
Note: Dynamic gmin stepping completed
Note: Starting dynamic gmin stepping
Note: Dynamic gmin stepping completed
Note: Starting dynamic gmin stepping
Note: Dynamic gmin stepping completed
