
Note: No compatibility mode selected!


Circuit: * comparator-offset-mc @ fs_125c_2.97v -- generated by sim/harness, do not edit

Reset re-loads circuit * comparator-offset-mc @ fs_125c_2.97v -- generated by sim/harness, do not edit

Circuit: * comparator-offset-mc @ fs_125c_2.97v -- generated by sim/harness, do not edit

Doing analysis at TEMP = 125.000000 and TNOM = 27.000000

Using SPARSE 1.3 as Direct Linear Solver

No. of Data Rows : 6
voa = 1.4438916014e-03
ddc = -2.694304815e-07
dde = 2.6125422688e-07
Reset re-loads circuit * comparator-offset-mc @ fs_125c_2.97v -- generated by sim/harness, do not edit

Circuit: * comparator-offset-mc @ fs_125c_2.97v -- generated by sim/harness, do not edit

Doing analysis at TEMP = 125.000000 and TNOM = 27.000000

Using SPARSE 1.3 as Direct Linear Solver

No. of Data Rows : 6
voa = 1.4380193599e-03
ddc = -1.159441211e-07
dde = 1.1403929764e-07
Reset re-loads circuit * comparator-offset-mc @ fs_125c_2.97v -- generated by sim/harness, do not edit

Circuit: * comparator-offset-mc @ fs_125c_2.97v -- generated by sim/harness, do not edit

Doing analysis at TEMP = 125.000000 and TNOM = 27.000000

Using SPARSE 1.3 as Direct Linear Solver

No. of Data Rows : 6
voa = -1.017637727e-03
ddc = 6.6422909421e-08
dde = -6.571769001e-08
Reset re-loads circuit * comparator-offset-mc @ fs_125c_2.97v -- generated by sim/harness, do not edit

Circuit: * comparator-offset-mc @ fs_125c_2.97v -- generated by sim/harness, do not edit

Doing analysis at TEMP = 125.000000 and TNOM = 27.000000

Using SPARSE 1.3 as Direct Linear Solver

No. of Data Rows : 6
voa = 2.7644276996e-04
ddc = -4.164153839e-08
dde = 4.0491638135e-08
Reset re-loads circuit * comparator-offset-mc @ fs_125c_2.97v -- generated by sim/harness, do not edit

Circuit: * comparator-offset-mc @ fs_125c_2.97v -- generated by sim/harness, do not edit

Doing analysis at TEMP = 125.000000 and TNOM = 27.000000

Using SPARSE 1.3 as Direct Linear Solver

No. of Data Rows : 6
voa = -4.297166476e-04
ddc = 4.5491943206e-08
dde = -4.447414409e-08
Reset re-loads circuit * comparator-offset-mc @ fs_125c_2.97v -- generated by sim/harness, do not edit

Circuit: * comparator-offset-mc @ fs_125c_2.97v -- generated by sim/harness, do not edit

Doing analysis at TEMP = 125.000000 and TNOM = 27.000000

Using SPARSE 1.3 as Direct Linear Solver

No. of Data Rows : 6
voa = 1.8608530293e-03
ddc = -1.299828195e-07
dde = 1.2832581789e-07
Reset re-loads circuit * comparator-offset-mc @ fs_125c_2.97v -- generated by sim/harness, do not edit

Circuit: * comparator-offset-mc @ fs_125c_2.97v -- generated by sim/harness, do not edit

Doing analysis at TEMP = 125.000000 and TNOM = 27.000000

Using SPARSE 1.3 as Direct Linear Solver

No. of Data Rows : 6
voa = 1.8740554108e-03
ddc = -1.546272183e-07
dde = 1.5199150821e-07
Reset re-loads circuit * comparator-offset-mc @ fs_125c_2.97v -- generated by sim/harness, do not edit

Circuit: * comparator-offset-mc @ fs_125c_2.97v -- generated by sim/harness, do not edit

Doing analysis at TEMP = 125.000000 and TNOM = 27.000000

Using SPARSE 1.3 as Direct Linear Solver

No. of Data Rows : 6
voa = -1.371390804e-04
ddc = 5.1855091545e-08
dde = -5.000263609e-08
Reset re-loads circuit * comparator-offset-mc @ fs_125c_2.97v -- generated by sim/harness, do not edit

Circuit: * comparator-offset-mc @ fs_125c_2.97v -- generated by sim/harness, do not edit

Doing analysis at TEMP = 125.000000 and TNOM = 27.000000

Using SPARSE 1.3 as Direct Linear Solver

No. of Data Rows : 6
voa = 1.3050317770e-03
ddc = -4.137422503e-10
dde = 2.9937546183e-09
Reset re-loads circuit * comparator-offset-mc @ fs_125c_2.97v -- generated by sim/harness, do not edit

Circuit: * comparator-offset-mc @ fs_125c_2.97v -- generated by sim/harness, do not edit

Doing analysis at TEMP = 125.000000 and TNOM = 27.000000

Using SPARSE 1.3 as Direct Linear Solver

No. of Data Rows : 6
voa = -7.245378110e-04
ddc = -3.550212307e-08
dde = 3.2616027395e-08
Reset re-loads circuit * comparator-offset-mc @ fs_125c_2.97v -- generated by sim/harness, do not edit

Circuit: * comparator-offset-mc @ fs_125c_2.97v -- generated by sim/harness, do not edit

Doing analysis at TEMP = 125.000000 and TNOM = 27.000000

Using SPARSE 1.3 as Direct Linear Solver
 Reference value :  0.00000e+00
No. of Data Rows : 6
voa = -3.540367850e-03
ddc = 3.8763017946e-07
dde = -3.787211916e-07
Reset re-loads circuit * comparator-offset-mc @ fs_125c_2.97v -- generated by sim/harness, do not edit

Circuit: * comparator-offset-mc @ fs_125c_2.97v -- generated by sim/harness, do not edit

Doing analysis at TEMP = 125.000000 and TNOM = 27.000000

Using SPARSE 1.3 as Direct Linear Solver

No. of Data Rows : 6
voa = -6.863842805e-04
ddc = 1.3259355020e-07
dde = -1.285166380e-07
Reset re-loads circuit * comparator-offset-mc @ fs_125c_2.97v -- generated by sim/harness, do not edit

Circuit: * comparator-offset-mc @ fs_125c_2.97v -- generated by sim/harness, do not edit

Doing analysis at TEMP = 125.000000 and TNOM = 27.000000

Using SPARSE 1.3 as Direct Linear Solver

No. of Data Rows : 6
voa = -5.667640226e-04
ddc = 9.9379842222e-08
dde = -9.644317064e-08
Reset re-loads circuit * comparator-offset-mc @ fs_125c_2.97v -- generated by sim/harness, do not edit

Circuit: * comparator-offset-mc @ fs_125c_2.97v -- generated by sim/harness, do not edit

Doing analysis at TEMP = 125.000000 and TNOM = 27.000000

Using SPARSE 1.3 as Direct Linear Solver

No. of Data Rows : 6
voa = -3.353449348e-04
ddc = 4.5604006296e-08
dde = -4.441724883e-08
Reset re-loads circuit * comparator-offset-mc @ fs_125c_2.97v -- generated by sim/harness, do not edit

Circuit: * comparator-offset-mc @ fs_125c_2.97v -- generated by sim/harness, do not edit

Doing analysis at TEMP = 125.000000 and TNOM = 27.000000

Using SPARSE 1.3 as Direct Linear Solver

No. of Data Rows : 6
voa = 3.3726583072e-03
ddc = -5.557053657e-07
dde = 5.3958976694e-07
Reset re-loads circuit * comparator-offset-mc @ fs_125c_2.97v -- generated by sim/harness, do not edit

Circuit: * comparator-offset-mc @ fs_125c_2.97v -- generated by sim/harness, do not edit

Doing analysis at TEMP = 125.000000 and TNOM = 27.000000

Using SPARSE 1.3 as Direct Linear Solver

No. of Data Rows : 6
voa = -5.732462501e-04
ddc = 1.0583875958e-07
dde = -1.026218495e-07
Reset re-loads circuit * comparator-offset-mc @ fs_125c_2.97v -- generated by sim/harness, do not edit

Circuit: * comparator-offset-mc @ fs_125c_2.97v -- generated by sim/harness, do not edit

Doing analysis at TEMP = 125.000000 and TNOM = 27.000000

Using SPARSE 1.3 as Direct Linear Solver

No. of Data Rows : 6
voa = -1.290019059e-03
ddc = 2.2177023686e-07
dde = -2.152602272e-07
Reset re-loads circuit * comparator-offset-mc @ fs_125c_2.97v -- generated by sim/harness, do not edit

Circuit: * comparator-offset-mc @ fs_125c_2.97v -- generated by sim/harness, do not edit

Doing analysis at TEMP = 125.000000 and TNOM = 27.000000

Using SPARSE 1.3 as Direct Linear Solver

No. of Data Rows : 6
voa = 5.1682380421e-04
ddc = -8.632090372e-08
dde = 8.3819493327e-08
Reset re-loads circuit * comparator-offset-mc @ fs_125c_2.97v -- generated by sim/harness, do not edit

Circuit: * comparator-offset-mc @ fs_125c_2.97v -- generated by sim/harness, do not edit

Doing analysis at TEMP = 125.000000 and TNOM = 27.000000

Using SPARSE 1.3 as Direct Linear Solver

No. of Data Rows : 6
voa = -1.780772772e-03
ddc = 2.7469041912e-07
dde = -2.669931806e-07
Reset re-loads circuit * comparator-offset-mc @ fs_125c_2.97v -- generated by sim/harness, do not edit

Circuit: * comparator-offset-mc @ fs_125c_2.97v -- generated by sim/harness, do not edit

Doing analysis at TEMP = 125.000000 and TNOM = 27.000000

Using SPARSE 1.3 as Direct Linear Solver

No. of Data Rows : 6
voa = -1.470818812e-03
ddc = 1.3877301715e-07
dde = -1.360004398e-07
Reset re-loads circuit * comparator-offset-mc @ fs_125c_2.97v -- generated by sim/harness, do not edit

Circuit: * comparator-offset-mc @ fs_125c_2.97v -- generated by sim/harness, do not edit

Doing analysis at TEMP = 125.000000 and TNOM = 27.000000

Using SPARSE 1.3 as Direct Linear Solver

No. of Data Rows : 6
voa = -2.218952721e-03
ddc = 1.3138559120e-07
dde = -1.303860120e-07
Reset re-loads circuit * comparator-offset-mc @ fs_125c_2.97v -- generated by sim/harness, do not edit

Circuit: * comparator-offset-mc @ fs_125c_2.97v -- generated by sim/harness, do not edit

Doing analysis at TEMP = 125.000000 and TNOM = 27.000000

Using SPARSE 1.3 as Direct Linear Solver

No. of Data Rows : 6
voa = -1.546526944e-03
ddc = 1.6898712716e-07
dde = -1.651379529e-07
Reset re-loads circuit * comparator-offset-mc @ fs_125c_2.97v -- generated by sim/harness, do not edit

Circuit: * comparator-offset-mc @ fs_125c_2.97v -- generated by sim/harness, do not edit

Doing analysis at TEMP = 125.000000 and TNOM = 27.000000

Using SPARSE 1.3 as Direct Linear Solver

No. of Data Rows : 6
voa = 1.5456413962e-03
ddc = -2.225465473e-08
dde = 2.4386443104e-08
Reset re-loads circuit * comparator-offset-mc @ fs_125c_2.97v -- generated by sim/harness, do not edit

Circuit: * comparator-offset-mc @ fs_125c_2.97v -- generated by sim/harness, do not edit

Doing analysis at TEMP = 125.000000 and TNOM = 27.000000

Using SPARSE 1.3 as Direct Linear Solver

No. of Data Rows : 6
voa = 1.0063804510e-03
ddc = -1.466161990e-07
dde = 1.4263309282e-07
Reset re-loads circuit * comparator-offset-mc @ fs_125c_2.97v -- generated by sim/harness, do not edit

Circuit: * comparator-offset-mc @ fs_125c_2.97v -- generated by sim/harness, do not edit

Doing analysis at TEMP = 125.000000 and TNOM = 27.000000

Using SPARSE 1.3 as Direct Linear Solver
 Reference value :  0.00000e+00
No. of Data Rows : 6
voa = -1.426667339e-03
ddc = 1.9182642769e-07
dde = -1.867793799e-07
Reset re-loads circuit * comparator-offset-mc @ fs_125c_2.97v -- generated by sim/harness, do not edit

Circuit: * comparator-offset-mc @ fs_125c_2.97v -- generated by sim/harness, do not edit

Doing analysis at TEMP = 125.000000 and TNOM = 27.000000

Using SPARSE 1.3 as Direct Linear Solver

No. of Data Rows : 6
voa = 8.6909613594e-04
ddc = -4.662839835e-09
dde = 6.1626900804e-09
Reset re-loads circuit * comparator-offset-mc @ fs_125c_2.97v -- generated by sim/harness, do not edit

Circuit: * comparator-offset-mc @ fs_125c_2.97v -- generated by sim/harness, do not edit

Doing analysis at TEMP = 125.000000 and TNOM = 27.000000

Using SPARSE 1.3 as Direct Linear Solver

No. of Data Rows : 6
voa = 9.7149733730e-04
ddc = 5.0670208822e-08
dde = -4.666689225e-08
Reset re-loads circuit * comparator-offset-mc @ fs_125c_2.97v -- generated by sim/harness, do not edit

Circuit: * comparator-offset-mc @ fs_125c_2.97v -- generated by sim/harness, do not edit

Doing analysis at TEMP = 125.000000 and TNOM = 27.000000

Using SPARSE 1.3 as Direct Linear Solver

No. of Data Rows : 6
voa = 2.4199463076e-03
ddc = -1.222481212e-07
dde = 1.2200750854e-07
Reset re-loads circuit * comparator-offset-mc @ fs_125c_2.97v -- generated by sim/harness, do not edit

Circuit: * comparator-offset-mc @ fs_125c_2.97v -- generated by sim/harness, do not edit

Doing analysis at TEMP = 125.000000 and TNOM = 27.000000

Using SPARSE 1.3 as Direct Linear Solver

No. of Data Rows : 6
voa = 1.7737867757e-03
ddc = -1.607040932e-07
dde = 1.5761136806e-07
Reset re-loads circuit * comparator-offset-mc @ fs_125c_2.97v -- generated by sim/harness, do not edit

Circuit: * comparator-offset-mc @ fs_125c_2.97v -- generated by sim/harness, do not edit

Doing analysis at TEMP = 125.000000 and TNOM = 27.000000

Using SPARSE 1.3 as Direct Linear Solver

No. of Data Rows : 6
voa = 2.5814520467e-04
ddc = -8.808068634e-08
dde = 8.5001294555e-08
Reset re-loads circuit * comparator-offset-mc @ fs_125c_2.97v -- generated by sim/harness, do not edit

Circuit: * comparator-offset-mc @ fs_125c_2.97v -- generated by sim/harness, do not edit

Doing analysis at TEMP = 125.000000 and TNOM = 27.000000

Using SPARSE 1.3 as Direct Linear Solver

No. of Data Rows : 6
voa = 1.7953206711e-03
ddc = -1.816072176e-07
dde = 1.7771408214e-07
Reset re-loads circuit * comparator-offset-mc @ fs_125c_2.97v -- generated by sim/harness, do not edit

Circuit: * comparator-offset-mc @ fs_125c_2.97v -- generated by sim/harness, do not edit

Doing analysis at TEMP = 125.000000 and TNOM = 27.000000

Using SPARSE 1.3 as Direct Linear Solver

No. of Data Rows : 6
voa = -1.106009151e-03
ddc = 1.6102219598e-07
dde = -1.565866383e-07
Reset re-loads circuit * comparator-offset-mc @ fs_125c_2.97v -- generated by sim/harness, do not edit

Circuit: * comparator-offset-mc @ fs_125c_2.97v -- generated by sim/harness, do not edit

Doing analysis at TEMP = 125.000000 and TNOM = 27.000000

Using SPARSE 1.3 as Direct Linear Solver

No. of Data Rows : 6
voa = 8.4397258184e-04
ddc = -2.605875765e-07
dde = 2.5155627758e-07
Reset re-loads circuit * comparator-offset-mc @ fs_125c_2.97v -- generated by sim/harness, do not edit

Circuit: * comparator-offset-mc @ fs_125c_2.97v -- generated by sim/harness, do not edit

Doing analysis at TEMP = 125.000000 and TNOM = 27.000000

Using SPARSE 1.3 as Direct Linear Solver

No. of Data Rows : 6
voa = 1.5455053243e-03
ddc = -1.237246494e-07
dde = 1.2172620160e-07
Reset re-loads circuit * comparator-offset-mc @ fs_125c_2.97v -- generated by sim/harness, do not edit

Circuit: * comparator-offset-mc @ fs_125c_2.97v -- generated by sim/harness, do not edit

Doing analysis at TEMP = 125.000000 and TNOM = 27.000000

Using SPARSE 1.3 as Direct Linear Solver

No. of Data Rows : 6
voa = -1.920414057e-03
ddc = 1.3890206666e-07
dde = -1.370153425e-07
Reset re-loads circuit * comparator-offset-mc @ fs_125c_2.97v -- generated by sim/harness, do not edit

Circuit: * comparator-offset-mc @ fs_125c_2.97v -- generated by sim/harness, do not edit

Doing analysis at TEMP = 125.000000 and TNOM = 27.000000

Using SPARSE 1.3 as Direct Linear Solver

No. of Data Rows : 6
voa = -9.383232017e-05
ddc = 9.6477347459e-09
dde = -9.439067163e-09
Reset re-loads circuit * comparator-offset-mc @ fs_125c_2.97v -- generated by sim/harness, do not edit

Circuit: * comparator-offset-mc @ fs_125c_2.97v -- generated by sim/harness, do not edit

Doing analysis at TEMP = 125.000000 and TNOM = 27.000000

Using SPARSE 1.3 as Direct Linear Solver

No. of Data Rows : 6
voa = 1.6620816989e-03
ddc = -2.469365829e-07
dde = 2.4010023508e-07
Reset re-loads circuit * comparator-offset-mc @ fs_125c_2.97v -- generated by sim/harness, do not edit

Circuit: * comparator-offset-mc @ fs_125c_2.97v -- generated by sim/harness, do not edit

Doing analysis at TEMP = 125.000000 and TNOM = 27.000000

Using SPARSE 1.3 as Direct Linear Solver
 Reference value :  0.00000e+00
No. of Data Rows : 6
voa = 7.2951446053e-04
ddc = -1.176138963e-07
dde = 1.1425829633e-07
Reset re-loads circuit * comparator-offset-mc @ fs_125c_2.97v -- generated by sim/harness, do not edit

Circuit: * comparator-offset-mc @ fs_125c_2.97v -- generated by sim/harness, do not edit

Doing analysis at TEMP = 125.000000 and TNOM = 27.000000

Using SPARSE 1.3 as Direct Linear Solver

No. of Data Rows : 6
voa = 1.9338282819e-03
ddc = -2.659495550e-08
dde = 2.9336143791e-08
Reset re-loads circuit * comparator-offset-mc @ fs_125c_2.97v -- generated by sim/harness, do not edit

Circuit: * comparator-offset-mc @ fs_125c_2.97v -- generated by sim/harness, do not edit

Doing analysis at TEMP = 125.000000 and TNOM = 27.000000

Using SPARSE 1.3 as Direct Linear Solver

No. of Data Rows : 6
voa = 1.2896687643e-04
ddc = 3.1328430297e-08
dde = -2.979127967e-08
Reset re-loads circuit * comparator-offset-mc @ fs_125c_2.97v -- generated by sim/harness, do not edit

Circuit: * comparator-offset-mc @ fs_125c_2.97v -- generated by sim/harness, do not edit

Doing analysis at TEMP = 125.000000 and TNOM = 27.000000

Using SPARSE 1.3 as Direct Linear Solver

No. of Data Rows : 6
voa = 2.4766862870e-03
ddc = -2.681244863e-07
dde = 2.6204607498e-07
Reset re-loads circuit * comparator-offset-mc @ fs_125c_2.97v -- generated by sim/harness, do not edit

Circuit: * comparator-offset-mc @ fs_125c_2.97v -- generated by sim/harness, do not edit

Doing analysis at TEMP = 125.000000 and TNOM = 27.000000

Using SPARSE 1.3 as Direct Linear Solver

No. of Data Rows : 6
voa = 1.7189946589e-03
ddc = -2.253321747e-07
dde = 2.1952083404e-07
Reset re-loads circuit * comparator-offset-mc @ fs_125c_2.97v -- generated by sim/harness, do not edit

Circuit: * comparator-offset-mc @ fs_125c_2.97v -- generated by sim/harness, do not edit

Doing analysis at TEMP = 125.000000 and TNOM = 27.000000

Using SPARSE 1.3 as Direct Linear Solver

No. of Data Rows : 6
voa = 1.5197975053e-03
ddc = -1.080874329e-07
dde = 1.0667238099e-07
Reset re-loads circuit * comparator-offset-mc @ fs_125c_2.97v -- generated by sim/harness, do not edit

Circuit: * comparator-offset-mc @ fs_125c_2.97v -- generated by sim/harness, do not edit

Doing analysis at TEMP = 125.000000 and TNOM = 27.000000

Using SPARSE 1.3 as Direct Linear Solver

No. of Data Rows : 6
voa = -1.259137041e-03
ddc = 1.1898935454e-08
dde = -1.390814106e-08
Reset re-loads circuit * comparator-offset-mc @ fs_125c_2.97v -- generated by sim/harness, do not edit

Circuit: * comparator-offset-mc @ fs_125c_2.97v -- generated by sim/harness, do not edit

Doing analysis at TEMP = 125.000000 and TNOM = 27.000000

Using SPARSE 1.3 as Direct Linear Solver

No. of Data Rows : 6
voa = 3.1347760770e-03
ddc = -2.440263370e-07
dde = 2.4014696632e-07
Reset re-loads circuit * comparator-offset-mc @ fs_125c_2.97v -- generated by sim/harness, do not edit

Circuit: * comparator-offset-mc @ fs_125c_2.97v -- generated by sim/harness, do not edit

Doing analysis at TEMP = 125.000000 and TNOM = 27.000000

Using SPARSE 1.3 as Direct Linear Solver

No. of Data Rows : 6
voa = -1.272453568e-04
ddc = 1.5082554728e-07
dde = -1.449143396e-07
Reset re-loads circuit * comparator-offset-mc @ fs_125c_2.97v -- generated by sim/harness, do not edit

Circuit: * comparator-offset-mc @ fs_125c_2.97v -- generated by sim/harness, do not edit

Doing analysis at TEMP = 125.000000 and TNOM = 27.000000

Using SPARSE 1.3 as Direct Linear Solver

No. of Data Rows : 6
voa = -2.575297082e-03
ddc = 1.7309486032e-07
dde = -1.710874340e-07
Reset re-loads circuit * comparator-offset-mc @ fs_125c_2.97v -- generated by sim/harness, do not edit

Circuit: * comparator-offset-mc @ fs_125c_2.97v -- generated by sim/harness, do not edit

Doing analysis at TEMP = 125.000000 and TNOM = 27.000000

Using SPARSE 1.3 as Direct Linear Solver

No. of Data Rows : 6
voa = 1.2750523722e-03
ddc = -6.715753315e-08
dde = 6.6930681349e-08
Reset re-loads circuit * comparator-offset-mc @ fs_125c_2.97v -- generated by sim/harness, do not edit

Circuit: * comparator-offset-mc @ fs_125c_2.97v -- generated by sim/harness, do not edit

Doing analysis at TEMP = 125.000000 and TNOM = 27.000000

Using SPARSE 1.3 as Direct Linear Solver

No. of Data Rows : 6
voa = 2.0819656315e-03
ddc = -2.664609749e-07
dde = 2.5975317961e-07
Reset re-loads circuit * comparator-offset-mc @ fs_125c_2.97v -- generated by sim/harness, do not edit

Circuit: * comparator-offset-mc @ fs_125c_2.97v -- generated by sim/harness, do not edit

Doing analysis at TEMP = 125.000000 and TNOM = 27.000000

Using SPARSE 1.3 as Direct Linear Solver
 Reference value :  0.00000e+00
No. of Data Rows : 6
voa = 1.8004875908e-03
ddc = -1.857485492e-07
dde = 1.8172364065e-07
Reset re-loads circuit * comparator-offset-mc @ fs_125c_2.97v -- generated by sim/harness, do not edit

Circuit: * comparator-offset-mc @ fs_125c_2.97v -- generated by sim/harness, do not edit

Doing analysis at TEMP = 125.000000 and TNOM = 27.000000

Using SPARSE 1.3 as Direct Linear Solver

No. of Data Rows : 6
voa = -2.846806342e-03
ddc = 3.0680365076e-07
dde = -2.998243567e-07
Reset re-loads circuit * comparator-offset-mc @ fs_125c_2.97v -- generated by sim/harness, do not edit

Circuit: * comparator-offset-mc @ fs_125c_2.97v -- generated by sim/harness, do not edit

Doing analysis at TEMP = 125.000000 and TNOM = 27.000000

Using SPARSE 1.3 as Direct Linear Solver

No. of Data Rows : 6
voa = -4.281815583e-05
ddc = -2.099978402e-08
dde = 2.0072220540e-08
Reset re-loads circuit * comparator-offset-mc @ fs_125c_2.97v -- generated by sim/harness, do not edit

Circuit: * comparator-offset-mc @ fs_125c_2.97v -- generated by sim/harness, do not edit

Doing analysis at TEMP = 125.000000 and TNOM = 27.000000

Using SPARSE 1.3 as Direct Linear Solver

No. of Data Rows : 6
voa = -1.145792691e-03
ddc = 2.8670328068e-07
dde = -2.771584206e-07
Reset re-loads circuit * comparator-offset-mc @ fs_125c_2.97v -- generated by sim/harness, do not edit

Circuit: * comparator-offset-mc @ fs_125c_2.97v -- generated by sim/harness, do not edit

Doing analysis at TEMP = 125.000000 and TNOM = 27.000000

Using SPARSE 1.3 as Direct Linear Solver

No. of Data Rows : 6
voa = 2.2501166208e-03
ddc = -1.032422198e-07
dde = 1.0344750535e-07
Reset re-loads circuit * comparator-offset-mc @ fs_125c_2.97v -- generated by sim/harness, do not edit

Circuit: * comparator-offset-mc @ fs_125c_2.97v -- generated by sim/harness, do not edit

Doing analysis at TEMP = 125.000000 and TNOM = 27.000000

Using SPARSE 1.3 as Direct Linear Solver

No. of Data Rows : 6
voa = 2.1819898300e-03
ddc = -1.155646810e-07
dde = 1.1513001136e-07
Reset re-loads circuit * comparator-offset-mc @ fs_125c_2.97v -- generated by sim/harness, do not edit

Circuit: * comparator-offset-mc @ fs_125c_2.97v -- generated by sim/harness, do not edit

Doing analysis at TEMP = 125.000000 and TNOM = 27.000000

Using SPARSE 1.3 as Direct Linear Solver

No. of Data Rows : 6
voa = 2.5091457223e-03
ddc = -9.890739949e-08
dde = 9.9797753279e-08
Reset re-loads circuit * comparator-offset-mc @ fs_125c_2.97v -- generated by sim/harness, do not edit

Circuit: * comparator-offset-mc @ fs_125c_2.97v -- generated by sim/harness, do not edit

Doing analysis at TEMP = 125.000000 and TNOM = 27.000000

Using SPARSE 1.3 as Direct Linear Solver

No. of Data Rows : 6
voa = -1.458516412e-03
ddc = 5.1634730464e-08
dde = -5.239571497e-08
Reset re-loads circuit * comparator-offset-mc @ fs_125c_2.97v -- generated by sim/harness, do not edit

Circuit: * comparator-offset-mc @ fs_125c_2.97v -- generated by sim/harness, do not edit

Doing analysis at TEMP = 125.000000 and TNOM = 27.000000

Using SPARSE 1.3 as Direct Linear Solver

No. of Data Rows : 6
voa = -5.560760857e-04
ddc = -4.435114527e-08
dde = 4.1419341352e-08
Reset re-loads circuit * comparator-offset-mc @ fs_125c_2.97v -- generated by sim/harness, do not edit

Circuit: * comparator-offset-mc @ fs_125c_2.97v -- generated by sim/harness, do not edit

Doing analysis at TEMP = 125.000000 and TNOM = 27.000000

Using SPARSE 1.3 as Direct Linear Solver

No. of Data Rows : 6
voa = 1.1997753834e-03
ddc = -1.229903584e-07
dde = 1.2033749880e-07
Reset re-loads circuit * comparator-offset-mc @ fs_125c_2.97v -- generated by sim/harness, do not edit

Circuit: * comparator-offset-mc @ fs_125c_2.97v -- generated by sim/harness, do not edit

Doing analysis at TEMP = 125.000000 and TNOM = 27.000000

Using SPARSE 1.3 as Direct Linear Solver

No. of Data Rows : 6
voa = -2.118029743e-03
ddc = 2.7871649783e-07
dde = -2.714658573e-07
Reset re-loads circuit * comparator-offset-mc @ fs_125c_2.97v -- generated by sim/harness, do not edit

Circuit: * comparator-offset-mc @ fs_125c_2.97v -- generated by sim/harness, do not edit

Doing analysis at TEMP = 125.000000 and TNOM = 27.000000

Using SPARSE 1.3 as Direct Linear Solver

No. of Data Rows : 6
voa = -1.341193804e-03
ddc = 1.2165277313e-07
dde = -1.193215828e-07
Reset re-loads circuit * comparator-offset-mc @ fs_125c_2.97v -- generated by sim/harness, do not edit

Circuit: * comparator-offset-mc @ fs_125c_2.97v -- generated by sim/harness, do not edit

Doing analysis at TEMP = 125.000000 and TNOM = 27.000000

Using SPARSE 1.3 as Direct Linear Solver
 Reference value :  0.00000e+00
No. of Data Rows : 6
voa = 1.0783751160e-03
ddc = 2.8734811536e-08
dde = -2.541399053e-08
Reset re-loads circuit * comparator-offset-mc @ fs_125c_2.97v -- generated by sim/harness, do not edit

Circuit: * comparator-offset-mc @ fs_125c_2.97v -- generated by sim/harness, do not edit

Doing analysis at TEMP = 125.000000 and TNOM = 27.000000

Using SPARSE 1.3 as Direct Linear Solver

No. of Data Rows : 6
voa = 2.7194297123e-03
ddc = -3.027977138e-07
dde = 2.9578796186e-07
Reset re-loads circuit * comparator-offset-mc @ fs_125c_2.97v -- generated by sim/harness, do not edit

Circuit: * comparator-offset-mc @ fs_125c_2.97v -- generated by sim/harness, do not edit

Doing analysis at TEMP = 125.000000 and TNOM = 27.000000

Using SPARSE 1.3 as Direct Linear Solver

No. of Data Rows : 6
voa = -2.763268957e-03
ddc = 3.9321372062e-07
dde = -3.825283097e-07
Reset re-loads circuit * comparator-offset-mc @ fs_125c_2.97v -- generated by sim/harness, do not edit

Circuit: * comparator-offset-mc @ fs_125c_2.97v -- generated by sim/harness, do not edit

Doing analysis at TEMP = 125.000000 and TNOM = 27.000000

Using SPARSE 1.3 as Direct Linear Solver

No. of Data Rows : 6
voa = 3.8954057581e-04
ddc = -1.162872409e-07
dde = 1.1231814431e-07
Reset re-loads circuit * comparator-offset-mc @ fs_125c_2.97v -- generated by sim/harness, do not edit

Circuit: * comparator-offset-mc @ fs_125c_2.97v -- generated by sim/harness, do not edit

Doing analysis at TEMP = 125.000000 and TNOM = 27.000000

Using SPARSE 1.3 as Direct Linear Solver

No. of Data Rows : 6
voa = -1.196434306e-03
ddc = 8.8660311455e-08
dde = -8.739326880e-08
Reset re-loads circuit * comparator-offset-mc @ fs_125c_2.97v -- generated by sim/harness, do not edit

Circuit: * comparator-offset-mc @ fs_125c_2.97v -- generated by sim/harness, do not edit

Doing analysis at TEMP = 125.000000 and TNOM = 27.000000

Using SPARSE 1.3 as Direct Linear Solver

No. of Data Rows : 6
voa = -2.473212557e-03
ddc = 3.3199403600e-07
dde = -3.232796493e-07
Reset re-loads circuit * comparator-offset-mc @ fs_125c_2.97v -- generated by sim/harness, do not edit

Circuit: * comparator-offset-mc @ fs_125c_2.97v -- generated by sim/harness, do not edit

Doing analysis at TEMP = 125.000000 and TNOM = 27.000000

Using SPARSE 1.3 as Direct Linear Solver

No. of Data Rows : 6
voa = 1.6493855420e-03
ddc = -2.074178727e-07
dde = 2.0220509991e-07
Reset re-loads circuit * comparator-offset-mc @ fs_125c_2.97v -- generated by sim/harness, do not edit

Circuit: * comparator-offset-mc @ fs_125c_2.97v -- generated by sim/harness, do not edit

Doing analysis at TEMP = 125.000000 and TNOM = 27.000000

Using SPARSE 1.3 as Direct Linear Solver

No. of Data Rows : 6
voa = 1.0946020073e-03
ddc = -2.137975915e-07
dde = 2.0721753391e-07
Reset re-loads circuit * comparator-offset-mc @ fs_125c_2.97v -- generated by sim/harness, do not edit

Circuit: * comparator-offset-mc @ fs_125c_2.97v -- generated by sim/harness, do not edit

Doing analysis at TEMP = 125.000000 and TNOM = 27.000000

Using SPARSE 1.3 as Direct Linear Solver

No. of Data Rows : 6
voa = 1.4210168684e-03
ddc = -1.954146998e-07
dde = 1.9021347173e-07
Reset re-loads circuit * comparator-offset-mc @ fs_125c_2.97v -- generated by sim/harness, do not edit

Circuit: * comparator-offset-mc @ fs_125c_2.97v -- generated by sim/harness, do not edit

Doing analysis at TEMP = 125.000000 and TNOM = 27.000000

Using SPARSE 1.3 as Direct Linear Solver

No. of Data Rows : 6
voa = 4.1139885268e-03
ddc = -4.036127783e-07
dde = 3.9510978917e-07
Reset re-loads circuit * comparator-offset-mc @ fs_125c_2.97v -- generated by sim/harness, do not edit

Circuit: * comparator-offset-mc @ fs_125c_2.97v -- generated by sim/harness, do not edit

Doing analysis at TEMP = 125.000000 and TNOM = 27.000000

Using SPARSE 1.3 as Direct Linear Solver

No. of Data Rows : 6
voa = -2.029468268e-03
ddc = 1.2960779116e-07
dde = -1.283074636e-07
Reset re-loads circuit * comparator-offset-mc @ fs_125c_2.97v -- generated by sim/harness, do not edit

Circuit: * comparator-offset-mc @ fs_125c_2.97v -- generated by sim/harness, do not edit

Doing analysis at TEMP = 125.000000 and TNOM = 27.000000

Using SPARSE 1.3 as Direct Linear Solver

No. of Data Rows : 6
voa = 2.5847887248e-04
ddc = -3.602992803e-08
dde = 3.5064375450e-08
Reset re-loads circuit * comparator-offset-mc @ fs_125c_2.97v -- generated by sim/harness, do not edit

Circuit: * comparator-offset-mc @ fs_125c_2.97v -- generated by sim/harness, do not edit

Doing analysis at TEMP = 125.000000 and TNOM = 27.000000

Using SPARSE 1.3 as Direct Linear Solver
 Reference value :  0.00000e+00
No. of Data Rows : 6
voa = -2.450938779e-03
ddc = 1.6566667297e-07
dde = -1.637217819e-07
Reset re-loads circuit * comparator-offset-mc @ fs_125c_2.97v -- generated by sim/harness, do not edit

Circuit: * comparator-offset-mc @ fs_125c_2.97v -- generated by sim/harness, do not edit

Doing analysis at TEMP = 125.000000 and TNOM = 27.000000

Using SPARSE 1.3 as Direct Linear Solver

No. of Data Rows : 6
voa = -5.125565546e-05
ddc = -5.908899307e-08
dde = 5.6597349674e-08
Reset re-loads circuit * comparator-offset-mc @ fs_125c_2.97v -- generated by sim/harness, do not edit

Circuit: * comparator-offset-mc @ fs_125c_2.97v -- generated by sim/harness, do not edit

Doing analysis at TEMP = 125.000000 and TNOM = 27.000000

Using SPARSE 1.3 as Direct Linear Solver

No. of Data Rows : 6
voa = -1.723606768e-03
ddc = 1.1679960630e-07
dde = -1.154244779e-07
Reset re-loads circuit * comparator-offset-mc @ fs_125c_2.97v -- generated by sim/harness, do not edit

Circuit: * comparator-offset-mc @ fs_125c_2.97v -- generated by sim/harness, do not edit

Doing analysis at TEMP = 125.000000 and TNOM = 27.000000

Using SPARSE 1.3 as Direct Linear Solver

No. of Data Rows : 6
voa = -3.942852175e-04
ddc = 4.5021410386e-08
dde = -4.396069093e-08
Reset re-loads circuit * comparator-offset-mc @ fs_125c_2.97v -- generated by sim/harness, do not edit

Circuit: * comparator-offset-mc @ fs_125c_2.97v -- generated by sim/harness, do not edit

Doing analysis at TEMP = 125.000000 and TNOM = 27.000000

Using SPARSE 1.3 as Direct Linear Solver

No. of Data Rows : 6
voa = 1.9784167034e-03
ddc = -2.358197962e-07
dde = 2.3012868682e-07
Reset re-loads circuit * comparator-offset-mc @ fs_125c_2.97v -- generated by sim/harness, do not edit

Circuit: * comparator-offset-mc @ fs_125c_2.97v -- generated by sim/harness, do not edit

Doing analysis at TEMP = 125.000000 and TNOM = 27.000000

Using SPARSE 1.3 as Direct Linear Solver

No. of Data Rows : 6
voa = -4.622243260e-04
ddc = 1.1842979091e-07
dde = -1.144851311e-07
Reset re-loads circuit * comparator-offset-mc @ fs_125c_2.97v -- generated by sim/harness, do not edit

Circuit: * comparator-offset-mc @ fs_125c_2.97v -- generated by sim/harness, do not edit

Doing analysis at TEMP = 125.000000 and TNOM = 27.000000

Using SPARSE 1.3 as Direct Linear Solver

No. of Data Rows : 6
voa = -1.477278919e-03
ddc = 1.3594779112e-07
dde = -1.332801444e-07
Reset re-loads circuit * comparator-offset-mc @ fs_125c_2.97v -- generated by sim/harness, do not edit

Circuit: * comparator-offset-mc @ fs_125c_2.97v -- generated by sim/harness, do not edit

Doing analysis at TEMP = 125.000000 and TNOM = 27.000000

Using SPARSE 1.3 as Direct Linear Solver

No. of Data Rows : 6
voa = -4.565570609e-04
ddc = -5.102311536e-08
dde = 4.8023742703e-08
Reset re-loads circuit * comparator-offset-mc @ fs_125c_2.97v -- generated by sim/harness, do not edit

Circuit: * comparator-offset-mc @ fs_125c_2.97v -- generated by sim/harness, do not edit

Doing analysis at TEMP = 125.000000 and TNOM = 27.000000

Using SPARSE 1.3 as Direct Linear Solver

No. of Data Rows : 6
voa = -1.223420552e-03
ddc = 8.1245954265e-08
dde = -8.033656997e-08
Reset re-loads circuit * comparator-offset-mc @ fs_125c_2.97v -- generated by sim/harness, do not edit

Circuit: * comparator-offset-mc @ fs_125c_2.97v -- generated by sim/harness, do not edit

Doing analysis at TEMP = 125.000000 and TNOM = 27.000000

Using SPARSE 1.3 as Direct Linear Solver

No. of Data Rows : 6
voa = 2.4933013896e-03
ddc = -3.413644596e-07
dde = 3.3232243776e-07
Reset re-loads circuit * comparator-offset-mc @ fs_125c_2.97v -- generated by sim/harness, do not edit

Circuit: * comparator-offset-mc @ fs_125c_2.97v -- generated by sim/harness, do not edit

Doing analysis at TEMP = 125.000000 and TNOM = 27.000000

Using SPARSE 1.3 as Direct Linear Solver

No. of Data Rows : 6
voa = 2.0356405751e-03
ddc = -1.492502870e-07
dde = 1.4717283244e-07
Reset re-loads circuit * comparator-offset-mc @ fs_125c_2.97v -- generated by sim/harness, do not edit

Circuit: * comparator-offset-mc @ fs_125c_2.97v -- generated by sim/harness, do not edit

Doing analysis at TEMP = 125.000000 and TNOM = 27.000000

Using SPARSE 1.3 as Direct Linear Solver

No. of Data Rows : 6
voa = -3.361179987e-04
ddc = -1.430334607e-08
dde = 1.3036952988e-08
Reset re-loads circuit * comparator-offset-mc @ fs_125c_2.97v -- generated by sim/harness, do not edit

Circuit: * comparator-offset-mc @ fs_125c_2.97v -- generated by sim/harness, do not edit

Doing analysis at TEMP = 125.000000 and TNOM = 27.000000

Using SPARSE 1.3 as Direct Linear Solver
 Reference value :  0.00000e+00
No. of Data Rows : 6
voa = -1.815453063e-03
ddc = 2.6479933072e-07
dde = -2.575489619e-07
Reset re-loads circuit * comparator-offset-mc @ fs_125c_2.97v -- generated by sim/harness, do not edit

Circuit: * comparator-offset-mc @ fs_125c_2.97v -- generated by sim/harness, do not edit

Doing analysis at TEMP = 125.000000 and TNOM = 27.000000

Using SPARSE 1.3 as Direct Linear Solver

No. of Data Rows : 6
voa = 9.4405524676e-04
ddc = -9.452644238e-08
dde = 9.2505496200e-08
Reset re-loads circuit * comparator-offset-mc @ fs_125c_2.97v -- generated by sim/harness, do not edit

Circuit: * comparator-offset-mc @ fs_125c_2.97v -- generated by sim/harness, do not edit

Doing analysis at TEMP = 125.000000 and TNOM = 27.000000

Using SPARSE 1.3 as Direct Linear Solver

No. of Data Rows : 6
voa = -1.163179492e-03
ddc = 1.6715862435e-07
dde = -1.626399686e-07
Reset re-loads circuit * comparator-offset-mc @ fs_125c_2.97v -- generated by sim/harness, do not edit

Circuit: * comparator-offset-mc @ fs_125c_2.97v -- generated by sim/harness, do not edit

Doing analysis at TEMP = 125.000000 and TNOM = 27.000000

Using SPARSE 1.3 as Direct Linear Solver

No. of Data Rows : 6
voa = 1.0729084486e-03
ddc = -1.900304705e-07
dde = 1.8441122669e-07
Reset re-loads circuit * comparator-offset-mc @ fs_125c_2.97v -- generated by sim/harness, do not edit

Circuit: * comparator-offset-mc @ fs_125c_2.97v -- generated by sim/harness, do not edit

Doing analysis at TEMP = 125.000000 and TNOM = 27.000000

Using SPARSE 1.3 as Direct Linear Solver

No. of Data Rows : 6
voa = -1.195211521e-03
ddc = 1.5170372171e-07
dde = -1.478665890e-07
Reset re-loads circuit * comparator-offset-mc @ fs_125c_2.97v -- generated by sim/harness, do not edit

Circuit: * comparator-offset-mc @ fs_125c_2.97v -- generated by sim/harness, do not edit

Doing analysis at TEMP = 125.000000 and TNOM = 27.000000

Using SPARSE 1.3 as Direct Linear Solver

No. of Data Rows : 6
voa = 7.6481635129e-05
ddc = -7.310007369e-08
dde = 7.0263098901e-08
Reset re-loads circuit * comparator-offset-mc @ fs_125c_2.97v -- generated by sim/harness, do not edit

Circuit: * comparator-offset-mc @ fs_125c_2.97v -- generated by sim/harness, do not edit

Doing analysis at TEMP = 125.000000 and TNOM = 27.000000

Using SPARSE 1.3 as Direct Linear Solver

No. of Data Rows : 6
voa = -1.151892832e-03
ddc = 1.5509866297e-07
dde = -1.509923390e-07
Reset re-loads circuit * comparator-offset-mc @ fs_125c_2.97v -- generated by sim/harness, do not edit

Circuit: * comparator-offset-mc @ fs_125c_2.97v -- generated by sim/harness, do not edit

Doing analysis at TEMP = 125.000000 and TNOM = 27.000000

Using SPARSE 1.3 as Direct Linear Solver

No. of Data Rows : 6
voa = -1.849200962e-03
ddc = 1.8684363125e-07
dde = -1.828711755e-07
Reset re-loads circuit * comparator-offset-mc @ fs_125c_2.97v -- generated by sim/harness, do not edit

Circuit: * comparator-offset-mc @ fs_125c_2.97v -- generated by sim/harness, do not edit

Doing analysis at TEMP = 125.000000 and TNOM = 27.000000

Using SPARSE 1.3 as Direct Linear Solver

No. of Data Rows : 6
voa = 4.5267584925e-04
ddc = 1.0274519053e-07
dde = -9.761007925e-08
Reset re-loads circuit * comparator-offset-mc @ fs_125c_2.97v -- generated by sim/harness, do not edit

Circuit: * comparator-offset-mc @ fs_125c_2.97v -- generated by sim/harness, do not edit

Doing analysis at TEMP = 125.000000 and TNOM = 27.000000

Using SPARSE 1.3 as Direct Linear Solver

No. of Data Rows : 6
voa = 3.5999937265e-03
ddc = -3.035891178e-07
dde = 2.9819397102e-07
Reset re-loads circuit * comparator-offset-mc @ fs_125c_2.97v -- generated by sim/harness, do not edit

Circuit: * comparator-offset-mc @ fs_125c_2.97v -- generated by sim/harness, do not edit

Doing analysis at TEMP = 125.000000 and TNOM = 27.000000

Using SPARSE 1.3 as Direct Linear Solver

No. of Data Rows : 6
voa = 1.9096800027e-04
ddc = -4.327331082e-08
dde = 4.1875864673e-08
Reset re-loads circuit * comparator-offset-mc @ fs_125c_2.97v -- generated by sim/harness, do not edit

Circuit: * comparator-offset-mc @ fs_125c_2.97v -- generated by sim/harness, do not edit

Doing analysis at TEMP = 125.000000 and TNOM = 27.000000

Using SPARSE 1.3 as Direct Linear Solver

No. of Data Rows : 6
voa = -1.143585233e-03
ddc = 1.1889732174e-07
dde = -1.163045411e-07
Reset re-loads circuit * comparator-offset-mc @ fs_125c_2.97v -- generated by sim/harness, do not edit

Circuit: * comparator-offset-mc @ fs_125c_2.97v -- generated by sim/harness, do not edit

Doing analysis at TEMP = 125.000000 and TNOM = 27.000000

Using SPARSE 1.3 as Direct Linear Solver
 Reference value :  0.00000e+00
No. of Data Rows : 6
voa = -1.684108123e-03
ddc = 8.1521690483e-08
dde = -8.150736578e-08
Reset re-loads circuit * comparator-offset-mc @ fs_125c_2.97v -- generated by sim/harness, do not edit

Circuit: * comparator-offset-mc @ fs_125c_2.97v -- generated by sim/harness, do not edit

Doing analysis at TEMP = 125.000000 and TNOM = 27.000000

Using SPARSE 1.3 as Direct Linear Solver

No. of Data Rows : 6
voa = 4.6009059998e-04
ddc = -3.922995953e-09
dde = 4.6727783460e-09
Reset re-loads circuit * comparator-offset-mc @ fs_125c_2.97v -- generated by sim/harness, do not edit

Circuit: * comparator-offset-mc @ fs_125c_2.97v -- generated by sim/harness, do not edit

Doing analysis at TEMP = 125.000000 and TNOM = 27.000000

Using SPARSE 1.3 as Direct Linear Solver

No. of Data Rows : 6
voa = -4.307134581e-03
ddc = 4.5874694756e-07
dde = -4.483387847e-07
Reset re-loads circuit * comparator-offset-mc @ fs_125c_2.97v -- generated by sim/harness, do not edit

Circuit: * comparator-offset-mc @ fs_125c_2.97v -- generated by sim/harness, do not edit

Doing analysis at TEMP = 125.000000 and TNOM = 27.000000

Using SPARSE 1.3 as Direct Linear Solver

No. of Data Rows : 6
voa = -4.475673310e-03
ddc = 3.7177378039e-07
dde = -3.652933812e-07
Reset re-loads circuit * comparator-offset-mc @ fs_125c_2.97v -- generated by sim/harness, do not edit

Circuit: * comparator-offset-mc @ fs_125c_2.97v -- generated by sim/harness, do not edit

Doing analysis at TEMP = 125.000000 and TNOM = 27.000000

Using SPARSE 1.3 as Direct Linear Solver

No. of Data Rows : 6
voa = -1.305091158e-03
ddc = 6.4461713358e-08
dde = -6.440073975e-08
Reset re-loads circuit * comparator-offset-mc @ fs_125c_2.97v -- generated by sim/harness, do not edit

Circuit: * comparator-offset-mc @ fs_125c_2.97v -- generated by sim/harness, do not edit

Doing analysis at TEMP = 125.000000 and TNOM = 27.000000

Using SPARSE 1.3 as Direct Linear Solver

No. of Data Rows : 6
voa = 1.4224454193e-04
ddc = 1.4894149090e-08
dde = -1.401378329e-08
Reset re-loads circuit * comparator-offset-mc @ fs_125c_2.97v -- generated by sim/harness, do not edit

Circuit: * comparator-offset-mc @ fs_125c_2.97v -- generated by sim/harness, do not edit

Doing analysis at TEMP = 125.000000 and TNOM = 27.000000

Using SPARSE 1.3 as Direct Linear Solver

No. of Data Rows : 6
voa = -1.157121540e-03
ddc = 3.4850548759e-08
dde = -3.570125241e-08
Reset re-loads circuit * comparator-offset-mc @ fs_125c_2.97v -- generated by sim/harness, do not edit

Circuit: * comparator-offset-mc @ fs_125c_2.97v -- generated by sim/harness, do not edit

Doing analysis at TEMP = 125.000000 and TNOM = 27.000000

Using SPARSE 1.3 as Direct Linear Solver

No. of Data Rows : 6
voa = 1.5164809561e-03
ddc = -2.077627780e-07
dde = 2.0229613930e-07
Reset re-loads circuit * comparator-offset-mc @ fs_125c_2.97v -- generated by sim/harness, do not edit

Circuit: * comparator-offset-mc @ fs_125c_2.97v -- generated by sim/harness, do not edit

Doing analysis at TEMP = 125.000000 and TNOM = 27.000000

Using SPARSE 1.3 as Direct Linear Solver

No. of Data Rows : 6
voa = -4.411427410e-04
ddc = 1.7939029803e-07
dde = -1.729567234e-07
Reset re-loads circuit * comparator-offset-mc @ fs_125c_2.97v -- generated by sim/harness, do not edit

Circuit: * comparator-offset-mc @ fs_125c_2.97v -- generated by sim/harness, do not edit

Doing analysis at TEMP = 125.000000 and TNOM = 27.000000

Using SPARSE 1.3 as Direct Linear Solver

No. of Data Rows : 6
voa = -6.042949418e-05
ddc = 1.9770165482e-08
dde = -1.907814725e-08
Reset re-loads circuit * comparator-offset-mc @ fs_125c_2.97v -- generated by sim/harness, do not edit

Circuit: * comparator-offset-mc @ fs_125c_2.97v -- generated by sim/harness, do not edit

Doing analysis at TEMP = 125.000000 and TNOM = 27.000000

Using SPARSE 1.3 as Direct Linear Solver

No. of Data Rows : 6
voa = -3.067364475e-03
ddc = 2.6192873191e-07
dde = -2.572143148e-07
Reset re-loads circuit * comparator-offset-mc @ fs_125c_2.97v -- generated by sim/harness, do not edit

Circuit: * comparator-offset-mc @ fs_125c_2.97v -- generated by sim/harness, do not edit

Doing analysis at TEMP = 125.000000 and TNOM = 27.000000

Using SPARSE 1.3 as Direct Linear Solver

No. of Data Rows : 6
voa = -4.079114779e-04
ddc = 6.4153706223e-08
dde = -6.232940940e-08
Reset re-loads circuit * comparator-offset-mc @ fs_125c_2.97v -- generated by sim/harness, do not edit

Circuit: * comparator-offset-mc @ fs_125c_2.97v -- generated by sim/harness, do not edit

Doing analysis at TEMP = 125.000000 and TNOM = 27.000000

Using SPARSE 1.3 as Direct Linear Solver
 Reference value :  0.00000e+00
No. of Data Rows : 6
voa = 2.5635367181e-03
ddc = -4.186853675e-07
dde = 4.0655063393e-07
Reset re-loads circuit * comparator-offset-mc @ fs_125c_2.97v -- generated by sim/harness, do not edit

Circuit: * comparator-offset-mc @ fs_125c_2.97v -- generated by sim/harness, do not edit

Doing analysis at TEMP = 125.000000 and TNOM = 27.000000

Using SPARSE 1.3 as Direct Linear Solver

No. of Data Rows : 6
voa = -1.605617781e-03
ddc = 2.3170899714e-07
dde = -2.253419050e-07
Reset re-loads circuit * comparator-offset-mc @ fs_125c_2.97v -- generated by sim/harness, do not edit

Circuit: * comparator-offset-mc @ fs_125c_2.97v -- generated by sim/harness, do not edit

Doing analysis at TEMP = 125.000000 and TNOM = 27.000000

Using SPARSE 1.3 as Direct Linear Solver

No. of Data Rows : 6
voa = 4.3456937195e-04
ddc = 9.2821128689e-09
dde = -8.045661350e-09
Reset re-loads circuit * comparator-offset-mc @ fs_125c_2.97v -- generated by sim/harness, do not edit

Circuit: * comparator-offset-mc @ fs_125c_2.97v -- generated by sim/harness, do not edit

Doing analysis at TEMP = 125.000000 and TNOM = 27.000000

Using SPARSE 1.3 as Direct Linear Solver

No. of Data Rows : 6
voa = -1.658790366e-03
ddc = 1.8396015902e-07
dde = -1.797486784e-07
Reset re-loads circuit * comparator-offset-mc @ fs_125c_2.97v -- generated by sim/harness, do not edit

Circuit: * comparator-offset-mc @ fs_125c_2.97v -- generated by sim/harness, do not edit

Doing analysis at TEMP = 125.000000 and TNOM = 27.000000

Using SPARSE 1.3 as Direct Linear Solver

No. of Data Rows : 6
voa = 1.1553758920e-03
ddc = -7.123734027e-08
dde = 7.0598969175e-08
Reset re-loads circuit * comparator-offset-mc @ fs_125c_2.97v -- generated by sim/harness, do not edit

Circuit: * comparator-offset-mc @ fs_125c_2.97v -- generated by sim/harness, do not edit

Doing analysis at TEMP = 125.000000 and TNOM = 27.000000

Using SPARSE 1.3 as Direct Linear Solver

No. of Data Rows : 6
voa = -1.962521154e-03
ddc = 1.4951385438e-07
dde = -1.472744590e-07
Reset re-loads circuit * comparator-offset-mc @ fs_125c_2.97v -- generated by sim/harness, do not edit

Circuit: * comparator-offset-mc @ fs_125c_2.97v -- generated by sim/harness, do not edit

Doing analysis at TEMP = 125.000000 and TNOM = 27.000000

Using SPARSE 1.3 as Direct Linear Solver

No. of Data Rows : 6
voa = -8.615931287e-05
ddc = 3.5220010440e-08
dde = -3.393643361e-08
Reset re-loads circuit * comparator-offset-mc @ fs_125c_2.97v -- generated by sim/harness, do not edit

Circuit: * comparator-offset-mc @ fs_125c_2.97v -- generated by sim/harness, do not edit

Doing analysis at TEMP = 125.000000 and TNOM = 27.000000

Using SPARSE 1.3 as Direct Linear Solver

No. of Data Rows : 6
voa = 2.7503808319e-03
ddc = -1.576254780e-07
dde = 1.5657815506e-07
Reset re-loads circuit * comparator-offset-mc @ fs_125c_2.97v -- generated by sim/harness, do not edit

Circuit: * comparator-offset-mc @ fs_125c_2.97v -- generated by sim/harness, do not edit

Doing analysis at TEMP = 125.000000 and TNOM = 27.000000

Using SPARSE 1.3 as Direct Linear Solver

No. of Data Rows : 6
voa = -1.526888053e-03
ddc = 1.2809933425e-07
dde = -1.258730212e-07
Reset re-loads circuit * comparator-offset-mc @ fs_125c_2.97v -- generated by sim/harness, do not edit

Circuit: * comparator-offset-mc @ fs_125c_2.97v -- generated by sim/harness, do not edit

Doing analysis at TEMP = 125.000000 and TNOM = 27.000000

Using SPARSE 1.3 as Direct Linear Solver

No. of Data Rows : 6
voa = 1.9138365609e-03
ddc = -1.702147752e-07
dde = 1.6700902116e-07
Reset re-loads circuit * comparator-offset-mc @ fs_125c_2.97v -- generated by sim/harness, do not edit

Circuit: * comparator-offset-mc @ fs_125c_2.97v -- generated by sim/harness, do not edit

Doing analysis at TEMP = 125.000000 and TNOM = 27.000000

Using SPARSE 1.3 as Direct Linear Solver

No. of Data Rows : 6
voa = -5.330880386e-04
ddc = 6.8780503406e-08
dde = -6.703031859e-08
Reset re-loads circuit * comparator-offset-mc @ fs_125c_2.97v -- generated by sim/harness, do not edit

Circuit: * comparator-offset-mc @ fs_125c_2.97v -- generated by sim/harness, do not edit

Doing analysis at TEMP = 125.000000 and TNOM = 27.000000

Using SPARSE 1.3 as Direct Linear Solver

No. of Data Rows : 6
voa = -1.052825071e-04
ddc = 5.6304912494e-08
dde = -5.421853042e-08
Reset re-loads circuit * comparator-offset-mc @ fs_125c_2.97v -- generated by sim/harness, do not edit

Circuit: * comparator-offset-mc @ fs_125c_2.97v -- generated by sim/harness, do not edit

Doing analysis at TEMP = 125.000000 and TNOM = 27.000000

Using SPARSE 1.3 as Direct Linear Solver
 Reference value :  0.00000e+00
No. of Data Rows : 6
voa = 8.0387079159e-04
ddc = -1.257859884e-07
dde = 1.2220808693e-07
Reset re-loads circuit * comparator-offset-mc @ fs_125c_2.97v -- generated by sim/harness, do not edit

Circuit: * comparator-offset-mc @ fs_125c_2.97v -- generated by sim/harness, do not edit

Doing analysis at TEMP = 125.000000 and TNOM = 27.000000

Using SPARSE 1.3 as Direct Linear Solver

No. of Data Rows : 6
voa = 1.7850829119e-03
ddc = -1.016784294e-07
dde = 1.0103462865e-07
Reset re-loads circuit * comparator-offset-mc @ fs_125c_2.97v -- generated by sim/harness, do not edit

Circuit: * comparator-offset-mc @ fs_125c_2.97v -- generated by sim/harness, do not edit

Doing analysis at TEMP = 125.000000 and TNOM = 27.000000

Using SPARSE 1.3 as Direct Linear Solver

No. of Data Rows : 6
voa = -8.742037599e-04
ddc = 2.4616746792e-07
dde = -2.377914380e-07
Reset re-loads circuit * comparator-offset-mc @ fs_125c_2.97v -- generated by sim/harness, do not edit

Circuit: * comparator-offset-mc @ fs_125c_2.97v -- generated by sim/harness, do not edit

Doing analysis at TEMP = 125.000000 and TNOM = 27.000000

Using SPARSE 1.3 as Direct Linear Solver

No. of Data Rows : 6
voa = 4.6805652980e-05
ddc = 1.0570045684e-08
dde = -1.004433241e-08
Reset re-loads circuit * comparator-offset-mc @ fs_125c_2.97v -- generated by sim/harness, do not edit

Circuit: * comparator-offset-mc @ fs_125c_2.97v -- generated by sim/harness, do not edit

Doing analysis at TEMP = 125.000000 and TNOM = 27.000000

Using SPARSE 1.3 as Direct Linear Solver

No. of Data Rows : 6
voa = -2.383614018e-04
ddc = 1.8069795509e-08
dde = -1.780058192e-08
Reset re-loads circuit * comparator-offset-mc @ fs_125c_2.97v -- generated by sim/harness, do not edit

Circuit: * comparator-offset-mc @ fs_125c_2.97v -- generated by sim/harness, do not edit

Doing analysis at TEMP = 125.000000 and TNOM = 27.000000

Using SPARSE 1.3 as Direct Linear Solver

No. of Data Rows : 6
voa = -2.358741717e-03
ddc = 2.3354719598e-07
dde = -2.286397529e-07
Reset re-loads circuit * comparator-offset-mc @ fs_125c_2.97v -- generated by sim/harness, do not edit

Circuit: * comparator-offset-mc @ fs_125c_2.97v -- generated by sim/harness, do not edit

Doing analysis at TEMP = 125.000000 and TNOM = 27.000000

Using SPARSE 1.3 as Direct Linear Solver

No. of Data Rows : 6
voa = 3.5838732158e-04
ddc = -1.195041511e-07
dde = 1.1535383095e-07
Reset re-loads circuit * comparator-offset-mc @ fs_125c_2.97v -- generated by sim/harness, do not edit

Circuit: * comparator-offset-mc @ fs_125c_2.97v -- generated by sim/harness, do not edit

Doing analysis at TEMP = 125.000000 and TNOM = 27.000000

Using SPARSE 1.3 as Direct Linear Solver

No. of Data Rows : 6
voa = 4.5704149380e-04
ddc = -1.113655315e-07
dde = 1.0769579444e-07
Reset re-loads circuit * comparator-offset-mc @ fs_125c_2.97v -- generated by sim/harness, do not edit

Circuit: * comparator-offset-mc @ fs_125c_2.97v -- generated by sim/harness, do not edit

Doing analysis at TEMP = 125.000000 and TNOM = 27.000000

Using SPARSE 1.3 as Direct Linear Solver

No. of Data Rows : 6
voa = -1.902097255e-03
ddc = 1.9451084724e-07
dde = -1.903369397e-07
Reset re-loads circuit * comparator-offset-mc @ fs_125c_2.97v -- generated by sim/harness, do not edit

Circuit: * comparator-offset-mc @ fs_125c_2.97v -- generated by sim/harness, do not edit

Doing analysis at TEMP = 125.000000 and TNOM = 27.000000

Using SPARSE 1.3 as Direct Linear Solver

No. of Data Rows : 6
voa = -2.485084190e-04
ddc = 7.4216431559e-08
dde = -7.167338209e-08
Reset re-loads circuit * comparator-offset-mc @ fs_125c_2.97v -- generated by sim/harness, do not edit

Circuit: * comparator-offset-mc @ fs_125c_2.97v -- generated by sim/harness, do not edit

Doing analysis at TEMP = 125.000000 and TNOM = 27.000000

Using SPARSE 1.3 as Direct Linear Solver

No. of Data Rows : 6
voa = 1.7012215632e-03
ddc = -1.398749680e-07
dde = 1.3750811460e-07
Reset re-loads circuit * comparator-offset-mc @ fs_125c_2.97v -- generated by sim/harness, do not edit

Circuit: * comparator-offset-mc @ fs_125c_2.97v -- generated by sim/harness, do not edit

Doing analysis at TEMP = 125.000000 and TNOM = 27.000000

Using SPARSE 1.3 as Direct Linear Solver
 Reference value :  0.00000e+00
No. of Data Rows : 6
voa = 7.3467881038e-05
ddc = 1.2279462089e-07
dde = -1.176190030e-07
Reset re-loads circuit * comparator-offset-mc @ fs_125c_2.97v -- generated by sim/harness, do not edit

Circuit: * comparator-offset-mc @ fs_125c_2.97v -- generated by sim/harness, do not edit

Doing analysis at TEMP = 125.000000 and TNOM = 27.000000

Using SPARSE 1.3 as Direct Linear Solver

No. of Data Rows : 6
voa = 1.7229411450e-03
ddc = -6.125739828e-08
dde = 6.2154202795e-08
Reset re-loads circuit * comparator-offset-mc @ fs_125c_2.97v -- generated by sim/harness, do not edit

Circuit: * comparator-offset-mc @ fs_125c_2.97v -- generated by sim/harness, do not edit

Doing analysis at TEMP = 125.000000 and TNOM = 27.000000

Using SPARSE 1.3 as Direct Linear Solver

No. of Data Rows : 6
voa = -7.269173816e-05
ddc = 1.4218393700e-07
dde = -1.364902629e-07
Reset re-loads circuit * comparator-offset-mc @ fs_125c_2.97v -- generated by sim/harness, do not edit

Circuit: * comparator-offset-mc @ fs_125c_2.97v -- generated by sim/harness, do not edit

Doing analysis at TEMP = 125.000000 and TNOM = 27.000000

Using SPARSE 1.3 as Direct Linear Solver

No. of Data Rows : 6
voa = 3.2781378163e-03
ddc = -2.947460082e-07
dde = 2.8914637175e-07
Reset re-loads circuit * comparator-offset-mc @ fs_125c_2.97v -- generated by sim/harness, do not edit

Circuit: * comparator-offset-mc @ fs_125c_2.97v -- generated by sim/harness, do not edit

Doing analysis at TEMP = 125.000000 and TNOM = 27.000000

Using SPARSE 1.3 as Direct Linear Solver

No. of Data Rows : 6
voa = 2.1678556769e-03
ddc = -1.494718315e-07
dde = 1.4763435764e-07
Reset re-loads circuit * comparator-offset-mc @ fs_125c_2.97v -- generated by sim/harness, do not edit

Circuit: * comparator-offset-mc @ fs_125c_2.97v -- generated by sim/harness, do not edit

Doing analysis at TEMP = 125.000000 and TNOM = 27.000000

Using SPARSE 1.3 as Direct Linear Solver

No. of Data Rows : 6
voa = 5.0306757857e-04
ddc = -1.129129958e-08
dde = 1.1828391910e-08
Reset re-loads circuit * comparator-offset-mc @ fs_125c_2.97v -- generated by sim/harness, do not edit

Circuit: * comparator-offset-mc @ fs_125c_2.97v -- generated by sim/harness, do not edit

Doing analysis at TEMP = 125.000000 and TNOM = 27.000000

Using SPARSE 1.3 as Direct Linear Solver

No. of Data Rows : 6
voa = 4.4967262970e-04
ddc = -1.340180723e-07
dde = 1.2943782710e-07
Reset re-loads circuit * comparator-offset-mc @ fs_125c_2.97v -- generated by sim/harness, do not edit

Circuit: * comparator-offset-mc @ fs_125c_2.97v -- generated by sim/harness, do not edit

Doing analysis at TEMP = 125.000000 and TNOM = 27.000000

Using SPARSE 1.3 as Direct Linear Solver

No. of Data Rows : 6
voa = -9.262562827e-04
ddc = 1.7868279657e-07
dde = -1.731640453e-07
Reset re-loads circuit * comparator-offset-mc @ fs_125c_2.97v -- generated by sim/harness, do not edit

Circuit: * comparator-offset-mc @ fs_125c_2.97v -- generated by sim/harness, do not edit

Doing analysis at TEMP = 125.000000 and TNOM = 27.000000

Using SPARSE 1.3 as Direct Linear Solver

No. of Data Rows : 6
voa = 7.3611019832e-05
ddc = -1.314251716e-07
dde = 1.2617604921e-07
Reset re-loads circuit * comparator-offset-mc @ fs_125c_2.97v -- generated by sim/harness, do not edit

Circuit: * comparator-offset-mc @ fs_125c_2.97v -- generated by sim/harness, do not edit

Doing analysis at TEMP = 125.000000 and TNOM = 27.000000

Using SPARSE 1.3 as Direct Linear Solver

No. of Data Rows : 6
voa = -1.040264948e-03
ddc = 1.2403048320e-07
dde = -1.210013125e-07
Reset re-loads circuit * comparator-offset-mc @ fs_125c_2.97v -- generated by sim/harness, do not edit

Circuit: * comparator-offset-mc @ fs_125c_2.97v -- generated by sim/harness, do not edit

Doing analysis at TEMP = 125.000000 and TNOM = 27.000000

Using SPARSE 1.3 as Direct Linear Solver

No. of Data Rows : 6
voa = -1.242358683e-03
ddc = 5.3552554623e-08
dde = -5.381399934e-08
Reset re-loads circuit * comparator-offset-mc @ fs_125c_2.97v -- generated by sim/harness, do not edit

Circuit: * comparator-offset-mc @ fs_125c_2.97v -- generated by sim/harness, do not edit

Doing analysis at TEMP = 125.000000 and TNOM = 27.000000

Using SPARSE 1.3 as Direct Linear Solver
 Reference value :  0.00000e+00
No. of Data Rows : 6
voa = -1.509245582e-03
ddc = 1.2697375972e-08
dde = -1.517322057e-08
Reset re-loads circuit * comparator-offset-mc @ fs_125c_2.97v -- generated by sim/harness, do not edit

Circuit: * comparator-offset-mc @ fs_125c_2.97v -- generated by sim/harness, do not edit

Doing analysis at TEMP = 125.000000 and TNOM = 27.000000

Using SPARSE 1.3 as Direct Linear Solver

No. of Data Rows : 6
voa = 1.4222796925e-03
ddc = -1.446186431e-07
dde = 1.4150105572e-07
Reset re-loads circuit * comparator-offset-mc @ fs_125c_2.97v -- generated by sim/harness, do not edit

Circuit: * comparator-offset-mc @ fs_125c_2.97v -- generated by sim/harness, do not edit

Doing analysis at TEMP = 125.000000 and TNOM = 27.000000

Using SPARSE 1.3 as Direct Linear Solver

No. of Data Rows : 6
voa = 1.2900690934e-03
ddc = -6.653445692e-08
dde = 6.6361477959e-08
Reset re-loads circuit * comparator-offset-mc @ fs_125c_2.97v -- generated by sim/harness, do not edit

Circuit: * comparator-offset-mc @ fs_125c_2.97v -- generated by sim/harness, do not edit

Doing analysis at TEMP = 125.000000 and TNOM = 27.000000

Using SPARSE 1.3 as Direct Linear Solver

No. of Data Rows : 6
voa = 3.4975016545e-05
ddc = -3.155761841e-08
dde = 3.0329926805e-08
Reset re-loads circuit * comparator-offset-mc @ fs_125c_2.97v -- generated by sim/harness, do not edit

Circuit: * comparator-offset-mc @ fs_125c_2.97v -- generated by sim/harness, do not edit

Doing analysis at TEMP = 125.000000 and TNOM = 27.000000

Using SPARSE 1.3 as Direct Linear Solver

No. of Data Rows : 6
voa = -1.914823622e-03
ddc = 2.2230695840e-07
dde = -2.169860064e-07
Reset re-loads circuit * comparator-offset-mc @ fs_125c_2.97v -- generated by sim/harness, do not edit

Circuit: * comparator-offset-mc @ fs_125c_2.97v -- generated by sim/harness, do not edit

Doing analysis at TEMP = 125.000000 and TNOM = 27.000000

Using SPARSE 1.3 as Direct Linear Solver

No. of Data Rows : 6
voa = 9.2353472403e-04
ddc = -1.800605861e-07
dde = 1.7452828527e-07
Reset re-loads circuit * comparator-offset-mc @ fs_125c_2.97v -- generated by sim/harness, do not edit

Circuit: * comparator-offset-mc @ fs_125c_2.97v -- generated by sim/harness, do not edit

Doing analysis at TEMP = 125.000000 and TNOM = 27.000000

Using SPARSE 1.3 as Direct Linear Solver

No. of Data Rows : 6
voa = 1.7441706576e-03
ddc = -3.767628811e-07
dde = 3.6466025025e-07
Reset re-loads circuit * comparator-offset-mc @ fs_125c_2.97v -- generated by sim/harness, do not edit

Circuit: * comparator-offset-mc @ fs_125c_2.97v -- generated by sim/harness, do not edit

Doing analysis at TEMP = 125.000000 and TNOM = 27.000000

Using SPARSE 1.3 as Direct Linear Solver

No. of Data Rows : 6
voa = 3.0587002328e-03
ddc = -1.770606355e-07
dde = 1.7581781577e-07
Reset re-loads circuit * comparator-offset-mc @ fs_125c_2.97v -- generated by sim/harness, do not edit

Circuit: * comparator-offset-mc @ fs_125c_2.97v -- generated by sim/harness, do not edit

Doing analysis at TEMP = 125.000000 and TNOM = 27.000000

Using SPARSE 1.3 as Direct Linear Solver

No. of Data Rows : 6
voa = -3.331851935e-03
ddc = 3.0092719985e-07
dde = -2.951660963e-07
Reset re-loads circuit * comparator-offset-mc @ fs_125c_2.97v -- generated by sim/harness, do not edit

Circuit: * comparator-offset-mc @ fs_125c_2.97v -- generated by sim/harness, do not edit

Doing analysis at TEMP = 125.000000 and TNOM = 27.000000

Using SPARSE 1.3 as Direct Linear Solver

No. of Data Rows : 6
voa = -1.430673591e-03
ddc = 1.2178190531e-07
dde = -1.196147981e-07
Reset re-loads circuit * comparator-offset-mc @ fs_125c_2.97v -- generated by sim/harness, do not edit

Circuit: * comparator-offset-mc @ fs_125c_2.97v -- generated by sim/harness, do not edit

Doing analysis at TEMP = 125.000000 and TNOM = 27.000000

Using SPARSE 1.3 as Direct Linear Solver

No. of Data Rows : 6
voa = 7.3763250929e-04
ddc = -8.764214981e-08
dde = 8.5521708072e-08
Reset re-loads circuit * comparator-offset-mc @ fs_125c_2.97v -- generated by sim/harness, do not edit

Circuit: * comparator-offset-mc @ fs_125c_2.97v -- generated by sim/harness, do not edit

Doing analysis at TEMP = 125.000000 and TNOM = 27.000000

Using SPARSE 1.3 as Direct Linear Solver
 Reference value :  0.00000e+00
No. of Data Rows : 6
voa = -1.400071700e-03
ddc = 1.8408470738e-07
dde = -1.792799915e-07
Reset re-loads circuit * comparator-offset-mc @ fs_125c_2.97v -- generated by sim/harness, do not edit

Circuit: * comparator-offset-mc @ fs_125c_2.97v -- generated by sim/harness, do not edit

Doing analysis at TEMP = 125.000000 and TNOM = 27.000000

Using SPARSE 1.3 as Direct Linear Solver

No. of Data Rows : 6
voa = 1.0468711602e-03
ddc = -6.168166319e-08
dde = 6.1229771228e-08
Reset re-loads circuit * comparator-offset-mc @ fs_125c_2.97v -- generated by sim/harness, do not edit

Circuit: * comparator-offset-mc @ fs_125c_2.97v -- generated by sim/harness, do not edit

Doing analysis at TEMP = 125.000000 and TNOM = 27.000000

Using SPARSE 1.3 as Direct Linear Solver

No. of Data Rows : 6
voa = -1.079692975e-03
ddc = 1.9310743531e-07
dde = -1.873413339e-07
Reset re-loads circuit * comparator-offset-mc @ fs_125c_2.97v -- generated by sim/harness, do not edit

Circuit: * comparator-offset-mc @ fs_125c_2.97v -- generated by sim/harness, do not edit

Doing analysis at TEMP = 125.000000 and TNOM = 27.000000

Using SPARSE 1.3 as Direct Linear Solver

No. of Data Rows : 6
voa = 1.3651514269e-04
ddc = -1.593052564e-08
dde = 1.5550073987e-08
Reset re-loads circuit * comparator-offset-mc @ fs_125c_2.97v -- generated by sim/harness, do not edit

Circuit: * comparator-offset-mc @ fs_125c_2.97v -- generated by sim/harness, do not edit

Doing analysis at TEMP = 125.000000 and TNOM = 27.000000

Using SPARSE 1.3 as Direct Linear Solver

No. of Data Rows : 6
voa = -2.083507930e-03
ddc = 2.0636669738e-07
dde = -2.020445201e-07
Reset re-loads circuit * comparator-offset-mc @ fs_125c_2.97v -- generated by sim/harness, do not edit

Circuit: * comparator-offset-mc @ fs_125c_2.97v -- generated by sim/harness, do not edit

Doing analysis at TEMP = 125.000000 and TNOM = 27.000000

Using SPARSE 1.3 as Direct Linear Solver

No. of Data Rows : 6
voa = -3.993337468e-04
ddc = 5.4608295657e-08
dde = -5.316402306e-08
Reset re-loads circuit * comparator-offset-mc @ fs_125c_2.97v -- generated by sim/harness, do not edit

Circuit: * comparator-offset-mc @ fs_125c_2.97v -- generated by sim/harness, do not edit

Doing analysis at TEMP = 125.000000 and TNOM = 27.000000

Using SPARSE 1.3 as Direct Linear Solver

No. of Data Rows : 6
voa = -2.905722294e-03
ddc = 1.8751716781e-07
dde = -1.855650778e-07
Reset re-loads circuit * comparator-offset-mc @ fs_125c_2.97v -- generated by sim/harness, do not edit

Circuit: * comparator-offset-mc @ fs_125c_2.97v -- generated by sim/harness, do not edit

Doing analysis at TEMP = 125.000000 and TNOM = 27.000000

Using SPARSE 1.3 as Direct Linear Solver

No. of Data Rows : 6
voa = 6.0974508487e-05
ddc = -1.767443698e-08
dde = 1.7069566857e-08
Reset re-loads circuit * comparator-offset-mc @ fs_125c_2.97v -- generated by sim/harness, do not edit

Circuit: * comparator-offset-mc @ fs_125c_2.97v -- generated by sim/harness, do not edit

Doing analysis at TEMP = 125.000000 and TNOM = 27.000000

Using SPARSE 1.3 as Direct Linear Solver

No. of Data Rows : 6
voa = -3.654548931e-04
ddc = -9.331778687e-08
dde = 8.8759329578e-08
Reset re-loads circuit * comparator-offset-mc @ fs_125c_2.97v -- generated by sim/harness, do not edit

Circuit: * comparator-offset-mc @ fs_125c_2.97v -- generated by sim/harness, do not edit

Doing analysis at TEMP = 125.000000 and TNOM = 27.000000

Using SPARSE 1.3 as Direct Linear Solver

No. of Data Rows : 6
voa = -4.813979412e-04
ddc = -1.327887658e-08
dde = 1.1768705457e-08
Reset re-loads circuit * comparator-offset-mc @ fs_125c_2.97v -- generated by sim/harness, do not edit

Circuit: * comparator-offset-mc @ fs_125c_2.97v -- generated by sim/harness, do not edit

Doing analysis at TEMP = 125.000000 and TNOM = 27.000000

Using SPARSE 1.3 as Direct Linear Solver

No. of Data Rows : 6
voa = 1.1639312909e-03
ddc = -1.397402757e-07
dde = 1.3631489108e-07
Reset re-loads circuit * comparator-offset-mc @ fs_125c_2.97v -- generated by sim/harness, do not edit

Circuit: * comparator-offset-mc @ fs_125c_2.97v -- generated by sim/harness, do not edit

Doing analysis at TEMP = 125.000000 and TNOM = 27.000000

Using SPARSE 1.3 as Direct Linear Solver
 Reference value :  0.00000e+00
No. of Data Rows : 6
voa = 2.8956239872e-03
ddc = -3.359818378e-07
dde = 3.2805524658e-07
Reset re-loads circuit * comparator-offset-mc @ fs_125c_2.97v -- generated by sim/harness, do not edit

Circuit: * comparator-offset-mc @ fs_125c_2.97v -- generated by sim/harness, do not edit

Doing analysis at TEMP = 125.000000 and TNOM = 27.000000

Using SPARSE 1.3 as Direct Linear Solver

No. of Data Rows : 6
voa = 1.1257113719e-03
ddc = -7.906375680e-08
dde = 7.8054923973e-08
Reset re-loads circuit * comparator-offset-mc @ fs_125c_2.97v -- generated by sim/harness, do not edit

Circuit: * comparator-offset-mc @ fs_125c_2.97v -- generated by sim/harness, do not edit

Doing analysis at TEMP = 125.000000 and TNOM = 27.000000

Using SPARSE 1.3 as Direct Linear Solver

No. of Data Rows : 6
voa = 8.4766713418e-05
ddc = -1.904226981e-08
dde = 1.8432121354e-08
Reset re-loads circuit * comparator-offset-mc @ fs_125c_2.97v -- generated by sim/harness, do not edit

Circuit: * comparator-offset-mc @ fs_125c_2.97v -- generated by sim/harness, do not edit

Doing analysis at TEMP = 125.000000 and TNOM = 27.000000

Using SPARSE 1.3 as Direct Linear Solver

No. of Data Rows : 6
voa = -2.975444469e-04
ddc = 5.2868008059e-08
dde = -5.128782776e-08
Reset re-loads circuit * comparator-offset-mc @ fs_125c_2.97v -- generated by sim/harness, do not edit

Circuit: * comparator-offset-mc @ fs_125c_2.97v -- generated by sim/harness, do not edit

Doing analysis at TEMP = 125.000000 and TNOM = 27.000000

Using SPARSE 1.3 as Direct Linear Solver

No. of Data Rows : 6
voa = -3.018715310e-03
ddc = 3.2681187075e-07
dde = -3.193994837e-07
Reset re-loads circuit * comparator-offset-mc @ fs_125c_2.97v -- generated by sim/harness, do not edit

Circuit: * comparator-offset-mc @ fs_125c_2.97v -- generated by sim/harness, do not edit

Doing analysis at TEMP = 125.000000 and TNOM = 27.000000

Using SPARSE 1.3 as Direct Linear Solver

No. of Data Rows : 6
voa = 2.6202422997e-05
ddc = 2.7097293720e-08
dde = -2.593523651e-08
Reset re-loads circuit * comparator-offset-mc @ fs_125c_2.97v -- generated by sim/harness, do not edit

Circuit: * comparator-offset-mc @ fs_125c_2.97v -- generated by sim/harness, do not edit

Doing analysis at TEMP = 125.000000 and TNOM = 27.000000

Using SPARSE 1.3 as Direct Linear Solver

No. of Data Rows : 6
voa = -4.536960786e-04
ddc = 1.2604657619e-07
dde = -1.218330887e-07
Reset re-loads circuit * comparator-offset-mc @ fs_125c_2.97v -- generated by sim/harness, do not edit

Circuit: * comparator-offset-mc @ fs_125c_2.97v -- generated by sim/harness, do not edit

Doing analysis at TEMP = 125.000000 and TNOM = 27.000000

Using SPARSE 1.3 as Direct Linear Solver

No. of Data Rows : 6
voa = -1.660829489e-03
ddc = 1.6474094421e-07
dde = -1.612834825e-07
Reset re-loads circuit * comparator-offset-mc @ fs_125c_2.97v -- generated by sim/harness, do not edit

Circuit: * comparator-offset-mc @ fs_125c_2.97v -- generated by sim/harness, do not edit

Doing analysis at TEMP = 125.000000 and TNOM = 27.000000

Using SPARSE 1.3 as Direct Linear Solver

No. of Data Rows : 6
voa = 2.1194081871e-03
ddc = -3.242063783e-07
dde = 3.1514938011e-07
Reset re-loads circuit * comparator-offset-mc @ fs_125c_2.97v -- generated by sim/harness, do not edit

Circuit: * comparator-offset-mc @ fs_125c_2.97v -- generated by sim/harness, do not edit

Doing analysis at TEMP = 125.000000 and TNOM = 27.000000

Using SPARSE 1.3 as Direct Linear Solver

No. of Data Rows : 6
voa = -1.315387606e-04
ddc = -3.193545136e-08
dde = 3.0358485736e-08
Reset re-loads circuit * comparator-offset-mc @ fs_125c_2.97v -- generated by sim/harness, do not edit

Circuit: * comparator-offset-mc @ fs_125c_2.97v -- generated by sim/harness, do not edit

Doing analysis at TEMP = 125.000000 and TNOM = 27.000000

Using SPARSE 1.3 as Direct Linear Solver

No. of Data Rows : 6
voa = 5.7947962053e-04
ddc = 1.0215280023e-07
dde = -9.682105677e-08
Reset re-loads circuit * comparator-offset-mc @ fs_125c_2.97v -- generated by sim/harness, do not edit

Circuit: * comparator-offset-mc @ fs_125c_2.97v -- generated by sim/harness, do not edit

Doing analysis at TEMP = 125.000000 and TNOM = 27.000000

Using SPARSE 1.3 as Direct Linear Solver
 Reference value :  0.00000e+00
No. of Data Rows : 6
voa = -9.493896669e-04
ddc = 1.4619169222e-07
dde = -1.421007718e-07
Reset re-loads circuit * comparator-offset-mc @ fs_125c_2.97v -- generated by sim/harness, do not edit

Circuit: * comparator-offset-mc @ fs_125c_2.97v -- generated by sim/harness, do not edit

Doing analysis at TEMP = 125.000000 and TNOM = 27.000000

Using SPARSE 1.3 as Direct Linear Solver

No. of Data Rows : 6
voa = -4.706239117e-04
ddc = -9.833788750e-08
dde = 9.3391448177e-08
Reset re-loads circuit * comparator-offset-mc @ fs_125c_2.97v -- generated by sim/harness, do not edit

Circuit: * comparator-offset-mc @ fs_125c_2.97v -- generated by sim/harness, do not edit

Doing analysis at TEMP = 125.000000 and TNOM = 27.000000

Using SPARSE 1.3 as Direct Linear Solver

No. of Data Rows : 6
voa = 1.4439715858e-03
ddc = -1.715720233e-07
dde = 1.6742710200e-07
Reset re-loads circuit * comparator-offset-mc @ fs_125c_2.97v -- generated by sim/harness, do not edit

Circuit: * comparator-offset-mc @ fs_125c_2.97v -- generated by sim/harness, do not edit

Doing analysis at TEMP = 125.000000 and TNOM = 27.000000

Using SPARSE 1.3 as Direct Linear Solver

No. of Data Rows : 6
voa = -2.295951957e-04
ddc = 1.4436384762e-08
dde = -1.430021184e-08
Reset re-loads circuit * comparator-offset-mc @ fs_125c_2.97v -- generated by sim/harness, do not edit

Circuit: * comparator-offset-mc @ fs_125c_2.97v -- generated by sim/harness, do not edit

Doing analysis at TEMP = 125.000000 and TNOM = 27.000000

Using SPARSE 1.3 as Direct Linear Solver

No. of Data Rows : 6
voa = -2.816236147e-05
ddc = -1.004525643e-07
dde = 9.6322211729e-08
Reset re-loads circuit * comparator-offset-mc @ fs_125c_2.97v -- generated by sim/harness, do not edit

Circuit: * comparator-offset-mc @ fs_125c_2.97v -- generated by sim/harness, do not edit

Doing analysis at TEMP = 125.000000 and TNOM = 27.000000

Using SPARSE 1.3 as Direct Linear Solver

No. of Data Rows : 6
voa = 5.3844851950e-04
ddc = -9.157799444e-08
dde = 8.8871143091e-08
Reset re-loads circuit * comparator-offset-mc @ fs_125c_2.97v -- generated by sim/harness, do not edit

Circuit: * comparator-offset-mc @ fs_125c_2.97v -- generated by sim/harness, do not edit

Doing analysis at TEMP = 125.000000 and TNOM = 27.000000

Using SPARSE 1.3 as Direct Linear Solver

No. of Data Rows : 6
voa = -2.124540524e-03
ddc = 2.6617448716e-07
dde = -2.594798879e-07
Reset re-loads circuit * comparator-offset-mc @ fs_125c_2.97v -- generated by sim/harness, do not edit

Circuit: * comparator-offset-mc @ fs_125c_2.97v -- generated by sim/harness, do not edit

Doing analysis at TEMP = 125.000000 and TNOM = 27.000000

Using SPARSE 1.3 as Direct Linear Solver

No. of Data Rows : 6
voa = -1.578418380e-03
ddc = 1.3808659308e-07
dde = -1.355469124e-07
Reset re-loads circuit * comparator-offset-mc @ fs_125c_2.97v -- generated by sim/harness, do not edit

Circuit: * comparator-offset-mc @ fs_125c_2.97v -- generated by sim/harness, do not edit

Doing analysis at TEMP = 125.000000 and TNOM = 27.000000

Using SPARSE 1.3 as Direct Linear Solver

No. of Data Rows : 6
voa = -5.162131567e-04
ddc = 1.5577665526e-07
dde = -1.504297627e-07
Reset re-loads circuit * comparator-offset-mc @ fs_125c_2.97v -- generated by sim/harness, do not edit

Circuit: * comparator-offset-mc @ fs_125c_2.97v -- generated by sim/harness, do not edit

Doing analysis at TEMP = 125.000000 and TNOM = 27.000000

Using SPARSE 1.3 as Direct Linear Solver

No. of Data Rows : 6
voa = -3.963466654e-03
ddc = 4.3332245994e-07
dde = -4.232787329e-07
Reset re-loads circuit * comparator-offset-mc @ fs_125c_2.97v -- generated by sim/harness, do not edit

Circuit: * comparator-offset-mc @ fs_125c_2.97v -- generated by sim/harness, do not edit

Doing analysis at TEMP = 125.000000 and TNOM = 27.000000

Using SPARSE 1.3 as Direct Linear Solver
 Reference value :  0.00000e+00
No. of Data Rows : 6
voa = -1.135849949e-03
ddc = 5.5053152171e-08
dde = -5.504544967e-08
Reset re-loads circuit * comparator-offset-mc @ fs_125c_2.97v -- generated by sim/harness, do not edit

Circuit: * comparator-offset-mc @ fs_125c_2.97v -- generated by sim/harness, do not edit

Doing analysis at TEMP = 125.000000 and TNOM = 27.000000

Using SPARSE 1.3 as Direct Linear Solver

No. of Data Rows : 6
voa = 1.1160914808e-04
ddc = -1.114807488e-07
dde = 1.0714348547e-07
Reset re-loads circuit * comparator-offset-mc @ fs_125c_2.97v -- generated by sim/harness, do not edit

Circuit: * comparator-offset-mc @ fs_125c_2.97v -- generated by sim/harness, do not edit

Doing analysis at TEMP = 125.000000 and TNOM = 27.000000

Using SPARSE 1.3 as Direct Linear Solver

No. of Data Rows : 6
voa = 7.9321182683e-04
ddc = -1.346161699e-07
dde = 1.3069857596e-07
Reset re-loads circuit * comparator-offset-mc @ fs_125c_2.97v -- generated by sim/harness, do not edit

Circuit: * comparator-offset-mc @ fs_125c_2.97v -- generated by sim/harness, do not edit

Doing analysis at TEMP = 125.000000 and TNOM = 27.000000

Using SPARSE 1.3 as Direct Linear Solver

No. of Data Rows : 6
voa = -2.298069811e-04
ddc = 1.1475574936e-07
dde = -1.105406620e-07
Reset re-loads circuit * comparator-offset-mc @ fs_125c_2.97v -- generated by sim/harness, do not edit

Circuit: * comparator-offset-mc @ fs_125c_2.97v -- generated by sim/harness, do not edit

Doing analysis at TEMP = 125.000000 and TNOM = 27.000000

Using SPARSE 1.3 as Direct Linear Solver

No. of Data Rows : 6
voa = -1.491468805e-03
ddc = 1.2718479805e-07
dde = -1.249387240e-07
Reset re-loads circuit * comparator-offset-mc @ fs_125c_2.97v -- generated by sim/harness, do not edit

Circuit: * comparator-offset-mc @ fs_125c_2.97v -- generated by sim/harness, do not edit

Doing analysis at TEMP = 125.000000 and TNOM = 27.000000

Using SPARSE 1.3 as Direct Linear Solver

No. of Data Rows : 6
voa = 6.7484440663e-04
ddc = -1.530289290e-07
dde = 1.4813044091e-07
Reset re-loads circuit * comparator-offset-mc @ fs_125c_2.97v -- generated by sim/harness, do not edit

Circuit: * comparator-offset-mc @ fs_125c_2.97v -- generated by sim/harness, do not edit

Doing analysis at TEMP = 125.000000 and TNOM = 27.000000

Using SPARSE 1.3 as Direct Linear Solver

No. of Data Rows : 6
voa = -2.300802533e-03
ddc = -4.245552205e-08
dde = 3.6181072947e-08
Reset re-loads circuit * comparator-offset-mc @ fs_125c_2.97v -- generated by sim/harness, do not edit

Circuit: * comparator-offset-mc @ fs_125c_2.97v -- generated by sim/harness, do not edit

Doing analysis at TEMP = 125.000000 and TNOM = 27.000000

Using SPARSE 1.3 as Direct Linear Solver

No. of Data Rows : 6
voa = -2.803625823e-03
ddc = 1.1962914196e-07
dde = -1.202528572e-07
Reset re-loads circuit * comparator-offset-mc @ fs_125c_2.97v -- generated by sim/harness, do not edit

Circuit: * comparator-offset-mc @ fs_125c_2.97v -- generated by sim/harness, do not edit

Doing analysis at TEMP = 125.000000 and TNOM = 27.000000

Using SPARSE 1.3 as Direct Linear Solver

No. of Data Rows : 6
voa = 2.7544013723e-03
ddc = -1.951911323e-07
dde = 1.9263322573e-07
Reset re-loads circuit * comparator-offset-mc @ fs_125c_2.97v -- generated by sim/harness, do not edit

Circuit: * comparator-offset-mc @ fs_125c_2.97v -- generated by sim/harness, do not edit

Doing analysis at TEMP = 125.000000 and TNOM = 27.000000

Using SPARSE 1.3 as Direct Linear Solver

No. of Data Rows : 6
voa = 4.1265721653e-05
ddc = 3.7812947920e-09
dde = -3.547094586e-09
Reset re-loads circuit * comparator-offset-mc @ fs_125c_2.97v -- generated by sim/harness, do not edit

Circuit: * comparator-offset-mc @ fs_125c_2.97v -- generated by sim/harness, do not edit

Doing analysis at TEMP = 125.000000 and TNOM = 27.000000

Using SPARSE 1.3 as Direct Linear Solver

No. of Data Rows : 6
voa = -1.049312268e-03
ddc = 1.8862553461e-07
dde = -1.829937552e-07
Reset re-loads circuit * comparator-offset-mc @ fs_125c_2.97v -- generated by sim/harness, do not edit

Circuit: * comparator-offset-mc @ fs_125c_2.97v -- generated by sim/harness, do not edit

Doing analysis at TEMP = 125.000000 and TNOM = 27.000000

Using SPARSE 1.3 as Direct Linear Solver
 Reference value :  0.00000e+00
No. of Data Rows : 6
voa = -7.260667398e-04
ddc = -1.467099295e-08
dde = 1.2631336723e-08
Reset re-loads circuit * comparator-offset-mc @ fs_125c_2.97v -- generated by sim/harness, do not edit

Circuit: * comparator-offset-mc @ fs_125c_2.97v -- generated by sim/harness, do not edit

Doing analysis at TEMP = 125.000000 and TNOM = 27.000000

Using SPARSE 1.3 as Direct Linear Solver

No. of Data Rows : 6
voa = -1.834717685e-03
ddc = 1.9981895117e-07
dde = -1.953067665e-07
Reset re-loads circuit * comparator-offset-mc @ fs_125c_2.97v -- generated by sim/harness, do not edit

Circuit: * comparator-offset-mc @ fs_125c_2.97v -- generated by sim/harness, do not edit

Doing analysis at TEMP = 125.000000 and TNOM = 27.000000

Using SPARSE 1.3 as Direct Linear Solver

No. of Data Rows : 6
voa = -7.849715223e-04
ddc = 3.7163762216e-08
dde = -3.719465467e-08
m_n_samples = 2.0000000000e+02
m_sig_vos_mv = 1.6365883990e+00
m_vos_3sig_mv = 4.9097651970e+00
m_mean_vos_uv = -5.602906911e+01
m_mean_vos_sem = -4.841600335e-01
m_sig_dvos_dn_uv = 1.7445406620e-01
m_sig_dvos_up_uv = 1.7019703817e-01
m_mean_dvos_dn_uv = 6.0063009955e-03
m_mean_dvos_up_uv = -5.868518530e-03
m_av_mean = 7.4190357161e+00
m_av_sigma_pct = 2.2224479581e+00
m_sig_rpair_uv = 9.3754702650e-12
m_vbias_anchor_mv = 6.0479197550e+02
Note: Simulation executed from .control section 

Note: Starting dynamic gmin stepping
Note: Dynamic gmin stepping completed
Note: Starting dynamic gmin stepping
Note: Dynamic gmin stepping completed
Note: Starting dynamic gmin stepping
Note: Dynamic gmin stepping completed
Note: Starting dynamic gmin stepping
Note: Dynamic gmin stepping completed
Note: Starting dynamic gmin stepping
Note: Dynamic gmin stepping completed
Note: Starting dynamic gmin stepping
Note: Dynamic gmin stepping completed
Note: Starting dynamic gmin stepping
Note: Dynamic gmin stepping completed
Note: Starting dynamic gmin stepping
Note: Dynamic gmin stepping completed
Note: Starting dynamic gmin stepping
Note: Dynamic gmin stepping completed
Note: Starting dynamic gmin stepping
Note: Dynamic gmin stepping completed
Note: Starting dynamic gmin stepping
Note: Dynamic gmin stepping completed
Note: Starting dynamic gmin stepping
Note: Dynamic gmin stepping completed
Note: Starting dynamic gmin stepping
Note: Dynamic gmin stepping completed
Note: Starting dynamic gmin stepping
Note: Dynamic gmin stepping completed
Note: Starting dynamic gmin stepping
Note: Dynamic gmin stepping completed
Note: Starting dynamic gmin stepping
Note: Dynamic gmin stepping completed
Note: Starting dynamic gmin stepping
Note: Dynamic gmin stepping completed
Note: Starting dynamic gmin stepping
Note: Dynamic gmin stepping completed
Note: Starting dynamic gmin stepping
Note: Dynamic gmin stepping completed
Note: Starting dynamic gmin stepping
Note: Dynamic gmin stepping completed
Note: Starting dynamic gmin stepping
Note: Dynamic gmin stepping completed
Note: Starting dynamic gmin stepping
Note: Dynamic gmin stepping completed
Note: Starting dynamic gmin stepping
Note: Dynamic gmin stepping completed
Note: Starting dynamic gmin stepping
Note: Dynamic gmin stepping completed
Note: Starting dynamic gmin stepping
Note: Dynamic gmin stepping completed
Note: Starting dynamic gmin stepping
Note: Dynamic gmin stepping completed
Note: Starting dynamic gmin stepping
Note: Dynamic gmin stepping completed
Note: Starting dynamic gmin stepping
Note: Dynamic gmin stepping completed
Note: Starting dynamic gmin stepping
Note: Dynamic gmin stepping completed
Note: Starting dynamic gmin stepping
Note: Dynamic gmin stepping completed
Note: Starting dynamic gmin stepping
Note: Dynamic gmin stepping completed
Note: Starting dynamic gmin stepping
Note: Dynamic gmin stepping completed
Note: Starting dynamic gmin stepping
Note: Dynamic gmin stepping completed
Note: Starting dynamic gmin stepping
Note: Dynamic gmin stepping completed
Note: Starting dynamic gmin stepping
Note: Dynamic gmin stepping completed
Note: Starting dynamic gmin stepping
Note: Dynamic gmin stepping completed
Note: Starting dynamic gmin stepping
Note: Dynamic gmin stepping completed
Note: Starting dynamic gmin stepping
Note: Dynamic gmin stepping completed
Note: Starting dynamic gmin stepping
Note: Dynamic gmin stepping completed
Note: Starting dynamic gmin stepping
Note: Dynamic gmin stepping completed
Note: Starting dynamic gmin stepping
Note: Dynamic gmin stepping completed
Note: Starting dynamic gmin stepping
Note: Dynamic gmin stepping completed
Note: Starting dynamic gmin stepping
Note: Dynamic gmin stepping completed
Note: Starting dynamic gmin stepping
Note: Dynamic gmin stepping completed
Note: Starting dynamic gmin stepping
Note: Dynamic gmin stepping completed
Note: Starting dynamic gmin stepping
Note: Dynamic gmin stepping completed
Note: Starting dynamic gmin stepping
Note: Dynamic gmin stepping completed
Note: Starting dynamic gmin stepping
Note: Dynamic gmin stepping completed
Note: Starting dynamic gmin stepping
Note: Dynamic gmin stepping completed
Note: Starting dynamic gmin stepping
Note: Dynamic gmin stepping completed
Note: Starting dynamic gmin stepping
Note: Dynamic gmin stepping completed
Note: Starting dynamic gmin stepping
Note: Dynamic gmin stepping completed
Note: Starting dynamic gmin stepping
Note: Dynamic gmin stepping completed
Note: Starting dynamic gmin stepping
Note: Dynamic gmin stepping completed
Note: Starting dynamic gmin stepping
Note: Dynamic gmin stepping completed
Note: Starting dynamic gmin stepping
Note: Dynamic gmin stepping completed
Note: Starting dynamic gmin stepping
Note: Dynamic gmin stepping completed
Note: Starting dynamic gmin stepping
Note: Dynamic gmin stepping completed
Note: Starting dynamic gmin stepping
Note: Dynamic gmin stepping completed
Note: Starting dynamic gmin stepping
Note: Dynamic gmin stepping completed
Note: Starting dynamic gmin stepping
Note: Dynamic gmin stepping completed
Note: Starting dynamic gmin stepping
Note: Dynamic gmin stepping completed
Note: Starting dynamic gmin stepping
Note: Dynamic gmin stepping completed
Note: Starting dynamic gmin stepping
Note: Dynamic gmin stepping completed
Note: Starting dynamic gmin stepping
Note: Dynamic gmin stepping completed
Note: Starting dynamic gmin stepping
Note: Dynamic gmin stepping completed
Note: Starting dynamic gmin stepping
Note: Dynamic gmin stepping completed
Note: Starting dynamic gmin stepping
Note: Dynamic gmin stepping completed
Note: Starting dynamic gmin stepping
Note: Dynamic gmin stepping completed
Note: Starting dynamic gmin stepping
Note: Dynamic gmin stepping completed
Note: Starting dynamic gmin stepping
Note: Dynamic gmin stepping completed
Note: Starting dynamic gmin stepping
Note: Dynamic gmin stepping completed
Note: Starting dynamic gmin stepping
Note: Dynamic gmin stepping completed
Note: Starting dynamic gmin stepping
Note: Dynamic gmin stepping completed
Note: Starting dynamic gmin stepping
Note: Dynamic gmin stepping completed
Note: Starting dynamic gmin stepping
Note: Dynamic gmin stepping completed
Note: Starting dynamic gmin stepping
Note: Dynamic gmin stepping completed
Note: Starting dynamic gmin stepping
Note: Dynamic gmin stepping completed
Note: Starting dynamic gmin stepping
Note: Dynamic gmin stepping completed
Note: Starting dynamic gmin stepping
Note: Dynamic gmin stepping completed
Note: Starting dynamic gmin stepping
Note: Dynamic gmin stepping completed
Note: Starting dynamic gmin stepping
Note: Dynamic gmin stepping completed
Note: Starting dynamic gmin stepping
Note: Dynamic gmin stepping completed
Note: Starting dynamic gmin stepping
Note: Dynamic gmin stepping completed
Note: Starting dynamic gmin stepping
Note: Dynamic gmin stepping completed
Note: Starting dynamic gmin stepping
Note: Dynamic gmin stepping completed
Note: Starting dynamic gmin stepping
Note: Dynamic gmin stepping completed
Note: Starting dynamic gmin stepping
Note: Dynamic gmin stepping completed
Note: Starting dynamic gmin stepping
Note: Dynamic gmin stepping completed
Note: Starting dynamic gmin stepping
Note: Dynamic gmin stepping completed
Note: Starting dynamic gmin stepping
Note: Dynamic gmin stepping completed
Note: Starting dynamic gmin stepping
Note: Dynamic gmin stepping completed
Note: Starting dynamic gmin stepping
Note: Dynamic gmin stepping completed
Note: Starting dynamic gmin stepping
Note: Dynamic gmin stepping completed
Note: Starting dynamic gmin stepping
Note: Dynamic gmin stepping completed
Note: Starting dynamic gmin stepping
Note: Dynamic gmin stepping completed
Note: Starting dynamic gmin stepping
Note: Dynamic gmin stepping completed
Note: Starting dynamic gmin stepping
Note: Dynamic gmin stepping completed
Note: Starting dynamic gmin stepping
Note: Dynamic gmin stepping completed
Note: Starting dynamic gmin stepping
Note: Dynamic gmin stepping completed
Note: Starting dynamic gmin stepping
Note: Dynamic gmin stepping completed
Note: Starting dynamic gmin stepping
Note: Dynamic gmin stepping completed
Note: Starting dynamic gmin stepping
Note: Dynamic gmin stepping completed
Note: Starting dynamic gmin stepping
Note: Dynamic gmin stepping completed
Note: Starting dynamic gmin stepping
Note: Dynamic gmin stepping completed
Note: Starting dynamic gmin stepping
Note: Dynamic gmin stepping completed
Note: Starting dynamic gmin stepping
Note: Dynamic gmin stepping completed
Note: Starting dynamic gmin stepping
Note: Dynamic gmin stepping completed
Note: Starting dynamic gmin stepping
Note: Dynamic gmin stepping completed
Note: Starting dynamic gmin stepping
Note: Dynamic gmin stepping completed
Note: Starting dynamic gmin stepping
Note: Dynamic gmin stepping completed
Note: Starting dynamic gmin stepping
Note: Dynamic gmin stepping completed
Note: Starting dynamic gmin stepping
Note: Dynamic gmin stepping completed
Note: Starting dynamic gmin stepping
Note: Dynamic gmin stepping completed
Note: Starting dynamic gmin stepping
Note: Dynamic gmin stepping completed
Note: Starting dynamic gmin stepping
Note: Dynamic gmin stepping completed
Note: Starting dynamic gmin stepping
Note: Dynamic gmin stepping completed
Note: Starting dynamic gmin stepping
Note: Dynamic gmin stepping completed
Note: Starting dynamic gmin stepping
Note: Dynamic gmin stepping completed
Note: Starting dynamic gmin stepping
Note: Dynamic gmin stepping completed
Note: Starting dynamic gmin stepping
Note: Dynamic gmin stepping completed
Note: Starting dynamic gmin stepping
Note: Dynamic gmin stepping completed
Note: Starting dynamic gmin stepping
Note: Dynamic gmin stepping completed
Note: Starting dynamic gmin stepping
Note: Dynamic gmin stepping completed
Note: Starting dynamic gmin stepping
Note: Dynamic gmin stepping completed
Note: Starting dynamic gmin stepping
Note: Dynamic gmin stepping completed
Note: Starting dynamic gmin stepping
Note: Dynamic gmin stepping completed
Note: Starting dynamic gmin stepping
Note: Dynamic gmin stepping completed
Note: Starting dynamic gmin stepping
Note: Dynamic gmin stepping completed
Note: Starting dynamic gmin stepping
Note: Dynamic gmin stepping completed
Note: Starting dynamic gmin stepping
Note: Dynamic gmin stepping completed
Note: Starting dynamic gmin stepping
Note: Dynamic gmin stepping completed
Note: Starting dynamic gmin stepping
Note: Dynamic gmin stepping completed
Note: Starting dynamic gmin stepping
Note: Dynamic gmin stepping completed
Note: Starting dynamic gmin stepping
Note: Dynamic gmin stepping completed
Note: Starting dynamic gmin stepping
Note: Dynamic gmin stepping completed
Note: Starting dynamic gmin stepping
Note: Dynamic gmin stepping completed
Note: Starting dynamic gmin stepping
Note: Dynamic gmin stepping completed
Note: Starting dynamic gmin stepping
Note: Dynamic gmin stepping completed
Note: Starting dynamic gmin stepping
Note: Dynamic gmin stepping completed
Note: Starting dynamic gmin stepping
Note: Dynamic gmin stepping completed
Note: Starting dynamic gmin stepping
Note: Dynamic gmin stepping completed
Note: Starting dynamic gmin stepping
Note: Dynamic gmin stepping completed
Note: Starting dynamic gmin stepping
Note: Dynamic gmin stepping completed
Note: Starting dynamic gmin stepping
Note: Dynamic gmin stepping completed
Note: Starting dynamic gmin stepping
Note: Dynamic gmin stepping completed
Note: Starting dynamic gmin stepping
Note: Dynamic gmin stepping completed
Note: Starting dynamic gmin stepping
Note: Dynamic gmin stepping completed
Note: Starting dynamic gmin stepping
Note: Dynamic gmin stepping completed
Note: Starting dynamic gmin stepping
Note: Dynamic gmin stepping completed
Note: Starting dynamic gmin stepping
Note: Dynamic gmin stepping completed
Note: Starting dynamic gmin stepping
Note: Dynamic gmin stepping completed
Note: Starting dynamic gmin stepping
Note: Dynamic gmin stepping completed
Note: Starting dynamic gmin stepping
Note: Dynamic gmin stepping completed
Note: Starting dynamic gmin stepping
Note: Dynamic gmin stepping completed
Note: Starting dynamic gmin stepping
Note: Dynamic gmin stepping completed
Note: Starting dynamic gmin stepping
Note: Dynamic gmin stepping completed
Note: Starting dynamic gmin stepping
Note: Dynamic gmin stepping completed
Note: Starting dynamic gmin stepping
Note: Dynamic gmin stepping completed
Note: Starting dynamic gmin stepping
Note: Dynamic gmin stepping completed
Note: Starting dynamic gmin stepping
Note: Dynamic gmin stepping completed
Note: Starting dynamic gmin stepping
Note: Dynamic gmin stepping completed
Note: Starting dynamic gmin stepping
Note: Dynamic gmin stepping completed
Note: Starting dynamic gmin stepping
Note: Dynamic gmin stepping completed
Note: Starting dynamic gmin stepping
Note: Dynamic gmin stepping completed
Note: Starting dynamic gmin stepping
Note: Dynamic gmin stepping completed
Note: Starting dynamic gmin stepping
Note: Dynamic gmin stepping completed
Note: Starting dynamic gmin stepping
Note: Dynamic gmin stepping completed
Note: Starting dynamic gmin stepping
Note: Dynamic gmin stepping completed
Note: Starting dynamic gmin stepping
Note: Dynamic gmin stepping completed
Note: Starting dynamic gmin stepping
Note: Dynamic gmin stepping completed
Note: Starting dynamic gmin stepping
Note: Dynamic gmin stepping completed
Note: Starting dynamic gmin stepping
Note: Dynamic gmin stepping completed
Note: Starting dynamic gmin stepping
Note: Dynamic gmin stepping completed
Note: Starting dynamic gmin stepping
Note: Dynamic gmin stepping completed
Note: Starting dynamic gmin stepping
Note: Dynamic gmin stepping completed
Note: Starting dynamic gmin stepping
Note: Dynamic gmin stepping completed
Note: Starting dynamic gmin stepping
Note: Dynamic gmin stepping completed
Note: Starting dynamic gmin stepping
Note: Dynamic gmin stepping completed
Note: Starting dynamic gmin stepping
Note: Dynamic gmin stepping completed
Note: Starting dynamic gmin stepping
Note: Dynamic gmin stepping completed
Note: Starting dynamic gmin stepping
Note: Dynamic gmin stepping completed
Note: Starting dynamic gmin stepping
Note: Dynamic gmin stepping completed
Note: Starting dynamic gmin stepping
Note: Dynamic gmin stepping completed
Note: Starting dynamic gmin stepping
Note: Dynamic gmin stepping completed
Note: Starting dynamic gmin stepping
Note: Dynamic gmin stepping completed
Note: Starting dynamic gmin stepping
Note: Dynamic gmin stepping completed
Note: Starting dynamic gmin stepping
Note: Dynamic gmin stepping completed
Note: Starting dynamic gmin stepping
Note: Dynamic gmin stepping completed
Note: Starting dynamic gmin stepping
Note: Dynamic gmin stepping completed
Note: Starting dynamic gmin stepping
Note: Dynamic gmin stepping completed
Note: Starting dynamic gmin stepping
Note: Dynamic gmin stepping completed
Note: Starting dynamic gmin stepping
Note: Dynamic gmin stepping completed
Note: Starting dynamic gmin stepping
Note: Dynamic gmin stepping completed
Note: Starting dynamic gmin stepping
Note: Dynamic gmin stepping completed
Note: Starting dynamic gmin stepping
Note: Dynamic gmin stepping completed
Note: Starting dynamic gmin stepping
Note: Dynamic gmin stepping completed
Note: Starting dynamic gmin stepping
Note: Dynamic gmin stepping completed
Note: Starting dynamic gmin stepping
Note: Dynamic gmin stepping completed
Note: Starting dynamic gmin stepping
Note: Dynamic gmin stepping completed
Note: Starting dynamic gmin stepping
Note: Dynamic gmin stepping completed
Note: Starting dynamic gmin stepping
Note: Dynamic gmin stepping completed
Note: Starting dynamic gmin stepping
Note: Dynamic gmin stepping completed
Note: Starting dynamic gmin stepping
Note: Dynamic gmin stepping completed
Note: Starting dynamic gmin stepping
Note: Dynamic gmin stepping completed
Note: Starting dynamic gmin stepping
Note: Dynamic gmin stepping completed
Note: Starting dynamic gmin stepping
Note: Dynamic gmin stepping completed
Note: Starting dynamic gmin stepping
Note: Dynamic gmin stepping completed
Note: Starting dynamic gmin stepping
Note: Dynamic gmin stepping completed
Note: Starting dynamic gmin stepping
Note: Dynamic gmin stepping completed
Note: Starting dynamic gmin stepping
Note: Dynamic gmin stepping completed
Note: Starting dynamic gmin stepping
Note: Dynamic gmin stepping completed
Note: Starting dynamic gmin stepping
Note: Dynamic gmin stepping completed
Note: Starting dynamic gmin stepping
Note: Dynamic gmin stepping completed
Note: Starting dynamic gmin stepping
Note: Dynamic gmin stepping completed
Note: Starting dynamic gmin stepping
Note: Dynamic gmin stepping completed
Note: Starting dynamic gmin stepping
Note: Dynamic gmin stepping completed
Note: Starting dynamic gmin stepping
Note: Dynamic gmin stepping completed
Note: Starting dynamic gmin stepping
Note: Dynamic gmin stepping completed
Note: Starting dynamic gmin stepping
Note: Dynamic gmin stepping completed
Note: Starting dynamic gmin stepping
Note: Dynamic gmin stepping completed
Note: Starting dynamic gmin stepping
Note: Dynamic gmin stepping completed
Note: Starting dynamic gmin stepping
Note: Dynamic gmin stepping completed
Note: Starting dynamic gmin stepping
Note: Dynamic gmin stepping completed
Note: Starting dynamic gmin stepping
Note: Dynamic gmin stepping completed
Note: Starting dynamic gmin stepping
Note: Dynamic gmin stepping completed
Note: Starting dynamic gmin stepping
Note: Dynamic gmin stepping completed
Note: Starting dynamic gmin stepping
Note: Dynamic gmin stepping completed
Note: Starting dynamic gmin stepping
Note: Dynamic gmin stepping completed
Note: Starting dynamic gmin stepping
Note: Dynamic gmin stepping completed
Note: Starting dynamic gmin stepping
Note: Dynamic gmin stepping completed
Note: Starting dynamic gmin stepping
Note: Dynamic gmin stepping completed
Note: Starting dynamic gmin stepping
Note: Dynamic gmin stepping completed
Note: Starting dynamic gmin stepping
Note: Dynamic gmin stepping completed
Note: Starting dynamic gmin stepping
Note: Dynamic gmin stepping completed
Note: Starting dynamic gmin stepping
Note: Dynamic gmin stepping completed
Note: Starting dynamic gmin stepping
Note: Dynamic gmin stepping completed
Note: Starting dynamic gmin stepping
Note: Dynamic gmin stepping completed
Note: Starting dynamic gmin stepping
Note: Dynamic gmin stepping completed
Note: Starting dynamic gmin stepping
Note: Dynamic gmin stepping completed
Note: Starting dynamic gmin stepping
Note: Dynamic gmin stepping completed
Note: Starting dynamic gmin stepping
Note: Dynamic gmin stepping completed
Note: Starting dynamic gmin stepping
Note: Dynamic gmin stepping completed
Note: Starting dynamic gmin stepping
Note: Dynamic gmin stepping completed
Note: Starting dynamic gmin stepping
Note: Dynamic gmin stepping completed
Note: Starting dynamic gmin stepping
Note: Dynamic gmin stepping completed
Note: Starting dynamic gmin stepping
Note: Dynamic gmin stepping completed
Note: Starting dynamic gmin stepping
Note: Dynamic gmin stepping completed
Note: Starting dynamic gmin stepping
Note: Dynamic gmin stepping completed
Note: Starting dynamic gmin stepping
Note: Dynamic gmin stepping completed
Note: Starting dynamic gmin stepping
Note: Dynamic gmin stepping completed
Note: Starting dynamic gmin stepping
Note: Dynamic gmin stepping completed
Note: Starting dynamic gmin stepping
Note: Dynamic gmin stepping completed
Note: Starting dynamic gmin stepping
Note: Dynamic gmin stepping completed
Note: Starting dynamic gmin stepping
Note: Dynamic gmin stepping completed
Note: Starting dynamic gmin stepping
Note: Dynamic gmin stepping completed
Note: Starting dynamic gmin stepping
Note: Dynamic gmin stepping completed
Note: Starting dynamic gmin stepping
Note: Dynamic gmin stepping completed
Note: Starting dynamic gmin stepping
Note: Dynamic gmin stepping completed
Note: Starting dynamic gmin stepping
Note: Dynamic gmin stepping completed
Note: Starting dynamic gmin stepping
Note: Dynamic gmin stepping completed
Note: Starting dynamic gmin stepping
Note: Dynamic gmin stepping completed
Note: Starting dynamic gmin stepping
Note: Dynamic gmin stepping completed
Note: Starting dynamic gmin stepping
Note: Dynamic gmin stepping completed
Note: Starting dynamic gmin stepping
Note: Dynamic gmin stepping completed
Note: Starting dynamic gmin stepping
Note: Dynamic gmin stepping completed
Note: Starting dynamic gmin stepping
Note: Dynamic gmin stepping completed
Note: Starting dynamic gmin stepping
Note: Dynamic gmin stepping completed
Note: Starting dynamic gmin stepping
Note: Dynamic gmin stepping completed
Note: Starting dynamic gmin stepping
Note: Dynamic gmin stepping completed
Note: Starting dynamic gmin stepping
Note: Dynamic gmin stepping completed
Note: Starting dynamic gmin stepping
Note: Dynamic gmin stepping completed
Note: Starting dynamic gmin stepping
Note: Dynamic gmin stepping completed
Note: Starting dynamic gmin stepping
Note: Dynamic gmin stepping completed
Note: Starting dynamic gmin stepping
Note: Dynamic gmin stepping completed
Note: Starting dynamic gmin stepping
Note: Dynamic gmin stepping completed
Note: Starting dynamic gmin stepping
Note: Dynamic gmin stepping completed
Note: Starting dynamic gmin stepping
Note: Dynamic gmin stepping completed
Note: Starting dynamic gmin stepping
Note: Dynamic gmin stepping completed
Note: Starting dynamic gmin stepping
Note: Dynamic gmin stepping completed
Note: Starting dynamic gmin stepping
Note: Dynamic gmin stepping completed
Note: Starting dynamic gmin stepping
Note: Dynamic gmin stepping completed
Note: Starting dynamic gmin stepping
Note: Dynamic gmin stepping completed
Note: Starting dynamic gmin stepping
Note: Dynamic gmin stepping completed
Note: Starting dynamic gmin stepping
Note: Dynamic gmin stepping completed
Note: Starting dynamic gmin stepping
Note: Dynamic gmin stepping completed
Note: Starting dynamic gmin stepping
Note: Dynamic gmin stepping completed
Note: Starting dynamic gmin stepping
Note: Dynamic gmin stepping completed
Note: Starting dynamic gmin stepping
Note: Dynamic gmin stepping completed
Note: Starting dynamic gmin stepping
Note: Dynamic gmin stepping completed
Note: Starting dynamic gmin stepping
Note: Dynamic gmin stepping completed
Note: Starting dynamic gmin stepping
Note: Dynamic gmin stepping completed
Note: Starting dynamic gmin stepping
Note: Dynamic gmin stepping completed
Note: Starting dynamic gmin stepping
Note: Dynamic gmin stepping completed
Note: Starting dynamic gmin stepping
Note: Dynamic gmin stepping completed
Note: Starting dynamic gmin stepping
Note: Dynamic gmin stepping completed
Note: Starting dynamic gmin stepping
Note: Dynamic gmin stepping completed
Note: Starting dynamic gmin stepping
Note: Dynamic gmin stepping completed
Note: Starting dynamic gmin stepping
Note: Dynamic gmin stepping completed
Note: Starting dynamic gmin stepping
Note: Dynamic gmin stepping completed
Note: Starting dynamic gmin stepping
Note: Dynamic gmin stepping completed
Note: Starting dynamic gmin stepping
Note: Dynamic gmin stepping completed
Note: Starting dynamic gmin stepping
Note: Dynamic gmin stepping completed
Note: Starting dynamic gmin stepping
Note: Dynamic gmin stepping completed
Note: Starting dynamic gmin stepping
Note: Dynamic gmin stepping completed
Note: Starting dynamic gmin stepping
Note: Dynamic gmin stepping completed
Note: Starting dynamic gmin stepping
Note: Dynamic gmin stepping completed
Note: Starting dynamic gmin stepping
Note: Dynamic gmin stepping completed
Note: Starting dynamic gmin stepping
Note: Dynamic gmin stepping completed
Note: Starting dynamic gmin stepping
Note: Dynamic gmin stepping completed
Note: Starting dynamic gmin stepping
Note: Dynamic gmin stepping completed
Note: Starting dynamic gmin stepping
Note: Dynamic gmin stepping completed
Note: Starting dynamic gmin stepping
Note: Dynamic gmin stepping completed
Note: Starting dynamic gmin stepping
Note: Dynamic gmin stepping completed
Note: Starting dynamic gmin stepping
Note: Dynamic gmin stepping completed
Note: Starting dynamic gmin stepping
Note: Dynamic gmin stepping completed
Note: Starting dynamic gmin stepping
Note: Dynamic gmin stepping completed
Note: Starting dynamic gmin stepping
Note: Dynamic gmin stepping completed
Note: Starting dynamic gmin stepping
Note: Dynamic gmin stepping completed
Note: Starting dynamic gmin stepping
Note: Dynamic gmin stepping completed
Note: Starting dynamic gmin stepping
Note: Dynamic gmin stepping completed
Note: Starting dynamic gmin stepping
Note: Dynamic gmin stepping completed
Note: Starting dynamic gmin stepping
Note: Dynamic gmin stepping completed
Note: Starting dynamic gmin stepping
Note: Dynamic gmin stepping completed
Note: Starting dynamic gmin stepping
Note: Dynamic gmin stepping completed
Note: Starting dynamic gmin stepping
Note: Dynamic gmin stepping completed
Note: Starting dynamic gmin stepping
Note: Dynamic gmin stepping completed
Note: Starting dynamic gmin stepping
Note: Dynamic gmin stepping completed
Note: Starting dynamic gmin stepping
Note: Dynamic gmin stepping completed
Note: Starting dynamic gmin stepping
Note: Dynamic gmin stepping completed
Note: Starting dynamic gmin stepping
Note: Dynamic gmin stepping completed
Note: Starting dynamic gmin stepping
Note: Dynamic gmin stepping completed
Note: Starting dynamic gmin stepping
Note: Dynamic gmin stepping completed
Note: Starting dynamic gmin stepping
Note: Dynamic gmin stepping completed
Note: Starting dynamic gmin stepping
Note: Dynamic gmin stepping completed
Note: Starting dynamic gmin stepping
Note: Dynamic gmin stepping completed
Note: Starting dynamic gmin stepping
Note: Dynamic gmin stepping completed
Note: Starting dynamic gmin stepping
Note: Dynamic gmin stepping completed
Note: Starting dynamic gmin stepping
Note: Dynamic gmin stepping completed
Note: Starting dynamic gmin stepping
Note: Dynamic gmin stepping completed
Note: Starting dynamic gmin stepping
Note: Dynamic gmin stepping completed
Note: Starting dynamic gmin stepping
Note: Dynamic gmin stepping completed
Note: Starting dynamic gmin stepping
Note: Dynamic gmin stepping completed
Note: Starting dynamic gmin stepping
Note: Dynamic gmin stepping completed
Note: Starting dynamic gmin stepping
Note: Dynamic gmin stepping completed
Note: Starting dynamic gmin stepping
Note: Dynamic gmin stepping completed
Note: Starting dynamic gmin stepping
Note: Dynamic gmin stepping completed
Note: Starting dynamic gmin stepping
Note: Dynamic gmin stepping completed
Note: Starting dynamic gmin stepping
Note: Dynamic gmin stepping completed
Note: Starting dynamic gmin stepping
Note: Dynamic gmin stepping completed
Note: Starting dynamic gmin stepping
Note: Dynamic gmin stepping completed
Note: Starting dynamic gmin stepping
Note: Dynamic gmin stepping completed
Note: Starting dynamic gmin stepping
Note: Dynamic gmin stepping completed
Note: Starting dynamic gmin stepping
Note: Dynamic gmin stepping completed
Note: Starting dynamic gmin stepping
Note: Dynamic gmin stepping completed
Note: Starting dynamic gmin stepping
Note: Dynamic gmin stepping completed
Note: Starting dynamic gmin stepping
Note: Dynamic gmin stepping completed
Note: Starting dynamic gmin stepping
Note: Dynamic gmin stepping completed
Note: Starting dynamic gmin stepping
Note: Dynamic gmin stepping completed
Note: Starting dynamic gmin stepping
Note: Dynamic gmin stepping completed
Note: Starting dynamic gmin stepping
Note: Dynamic gmin stepping completed
Note: Starting dynamic gmin stepping
Note: Dynamic gmin stepping completed
Note: Starting dynamic gmin stepping
Note: Dynamic gmin stepping completed
Note: Starting dynamic gmin stepping
Note: Dynamic gmin stepping completed
Note: Starting dynamic gmin stepping
Note: Dynamic gmin stepping completed
Note: Starting dynamic gmin stepping
Note: Dynamic gmin stepping completed
Note: Starting dynamic gmin stepping
Note: Dynamic gmin stepping completed
Note: Starting dynamic gmin stepping
Note: Dynamic gmin stepping completed
Note: Starting dynamic gmin stepping
Note: Dynamic gmin stepping completed
Note: Starting dynamic gmin stepping
Note: Dynamic gmin stepping completed
Note: Starting dynamic gmin stepping
Note: Dynamic gmin stepping completed
Note: Starting dynamic gmin stepping
Note: Dynamic gmin stepping completed
Note: Starting dynamic gmin stepping
Note: Dynamic gmin stepping completed
Note: Starting dynamic gmin stepping
Note: Dynamic gmin stepping completed
Note: Starting dynamic gmin stepping
Note: Dynamic gmin stepping completed
Note: Starting dynamic gmin stepping
Note: Dynamic gmin stepping completed
Note: Starting dynamic gmin stepping
Note: Dynamic gmin stepping completed
Note: Starting dynamic gmin stepping
Note: Dynamic gmin stepping completed
Note: Starting dynamic gmin stepping
Note: Dynamic gmin stepping completed
Note: Starting dynamic gmin stepping
Note: Dynamic gmin stepping completed
Note: Starting dynamic gmin stepping
Note: Dynamic gmin stepping completed
Note: Starting dynamic gmin stepping
Note: Dynamic gmin stepping completed
Note: Starting dynamic gmin stepping
Note: Dynamic gmin stepping completed
Note: Starting dynamic gmin stepping
Note: Dynamic gmin stepping completed
Note: Starting dynamic gmin stepping
Note: Dynamic gmin stepping completed
Note: Starting dynamic gmin stepping
Note: Dynamic gmin stepping completed
Note: Starting dynamic gmin stepping
Note: Dynamic gmin stepping completed
Note: Starting dynamic gmin stepping
Note: Dynamic gmin stepping completed
Note: Starting dynamic gmin stepping
Note: Dynamic gmin stepping completed
Note: Starting dynamic gmin stepping
Note: Dynamic gmin stepping completed
Note: Starting dynamic gmin stepping
Note: Dynamic gmin stepping completed
Note: Starting dynamic gmin stepping
Note: Dynamic gmin stepping completed
Note: Starting dynamic gmin stepping
Note: Dynamic gmin stepping completed
Note: Starting dynamic gmin stepping
Note: Dynamic gmin stepping completed
Note: Starting dynamic gmin stepping
Note: Dynamic gmin stepping completed
Note: Starting dynamic gmin stepping
Note: Dynamic gmin stepping completed
Note: Starting dynamic gmin stepping
Note: Dynamic gmin stepping completed
Note: Starting dynamic gmin stepping
Note: Dynamic gmin stepping completed
Note: Starting dynamic gmin stepping
Note: Dynamic gmin stepping completed
Note: Starting dynamic gmin stepping
Note: Dynamic gmin stepping completed
Note: Starting dynamic gmin stepping
Note: Dynamic gmin stepping completed
Note: Starting dynamic gmin stepping
Note: Dynamic gmin stepping completed
Note: Starting dynamic gmin stepping
Note: Dynamic gmin stepping completed
Note: Starting dynamic gmin stepping
Note: Dynamic gmin stepping completed
Note: Starting dynamic gmin stepping
Note: Dynamic gmin stepping completed
Note: Starting dynamic gmin stepping
Note: Dynamic gmin stepping completed
Note: Starting dynamic gmin stepping
Note: Dynamic gmin stepping completed
Note: Starting dynamic gmin stepping
Note: Dynamic gmin stepping completed
Note: Starting dynamic gmin stepping
Note: Dynamic gmin stepping completed
Note: Starting dynamic gmin stepping
Note: Dynamic gmin stepping completed
Note: Starting dynamic gmin stepping
Note: Dynamic gmin stepping completed
Note: Starting dynamic gmin stepping
Note: Dynamic gmin stepping completed
Note: Starting dynamic gmin stepping
Note: Dynamic gmin stepping completed
Note: Starting dynamic gmin stepping
Note: Dynamic gmin stepping completed
Note: Starting dynamic gmin stepping
Note: Dynamic gmin stepping completed
Note: Starting dynamic gmin stepping
Note: Dynamic gmin stepping completed
Note: Starting dynamic gmin stepping
Note: Dynamic gmin stepping completed
Note: Starting dynamic gmin stepping
Note: Dynamic gmin stepping completed
Note: Starting dynamic gmin stepping
Note: Dynamic gmin stepping completed
Note: Starting dynamic gmin stepping
Note: Dynamic gmin stepping completed
Note: Starting dynamic gmin stepping
Note: Dynamic gmin stepping completed
Note: Starting dynamic gmin stepping
Note: Dynamic gmin stepping completed
Note: Starting dynamic gmin stepping
Note: Dynamic gmin stepping completed
Note: Starting dynamic gmin stepping
Note: Dynamic gmin stepping completed
Note: Starting dynamic gmin stepping
Note: Dynamic gmin stepping completed
Note: Starting dynamic gmin stepping
Note: Dynamic gmin stepping completed
Note: Starting dynamic gmin stepping
Note: Dynamic gmin stepping completed
Note: Starting dynamic gmin stepping
Note: Dynamic gmin stepping completed
Note: Starting dynamic gmin stepping
Note: Dynamic gmin stepping completed
Note: Starting dynamic gmin stepping
Note: Dynamic gmin stepping completed
Note: Starting dynamic gmin stepping
Note: Dynamic gmin stepping completed
Note: Starting dynamic gmin stepping
Note: Dynamic gmin stepping completed
Note: Starting dynamic gmin stepping
Note: Dynamic gmin stepping completed
Note: Starting dynamic gmin stepping
Note: Dynamic gmin stepping completed
Note: Starting dynamic gmin stepping
Note: Dynamic gmin stepping completed
Note: Starting dynamic gmin stepping
Note: Dynamic gmin stepping completed
Note: Starting dynamic gmin stepping
Note: Dynamic gmin stepping completed
Note: Starting dynamic gmin stepping
Note: Dynamic gmin stepping completed
Note: Starting dynamic gmin stepping
Note: Dynamic gmin stepping completed
Note: Starting dynamic gmin stepping
Note: Dynamic gmin stepping completed
Note: Starting dynamic gmin stepping
Note: Dynamic gmin stepping completed
Note: Starting dynamic gmin stepping
Note: Dynamic gmin stepping completed
Note: Starting dynamic gmin stepping
Note: Dynamic gmin stepping completed
Note: Starting dynamic gmin stepping
Note: Dynamic gmin stepping completed
Note: Starting dynamic gmin stepping
Note: Dynamic gmin stepping completed
Note: Starting dynamic gmin stepping
Note: Dynamic gmin stepping completed
Note: Starting dynamic gmin stepping
Note: Dynamic gmin stepping completed
Note: Starting dynamic gmin stepping
Note: Dynamic gmin stepping completed
Note: Starting dynamic gmin stepping
Note: Dynamic gmin stepping completed
Note: Starting dynamic gmin stepping
Note: Dynamic gmin stepping completed
Note: Starting dynamic gmin stepping
Note: Dynamic gmin stepping completed
Note: Starting dynamic gmin stepping
Note: Dynamic gmin stepping completed
Note: Starting dynamic gmin stepping
Note: Dynamic gmin stepping completed
Note: Starting dynamic gmin stepping
Note: Dynamic gmin stepping completed
Note: Starting dynamic gmin stepping
Note: Dynamic gmin stepping completed
Note: Starting dynamic gmin stepping
Note: Dynamic gmin stepping completed
Note: Starting dynamic gmin stepping
Note: Dynamic gmin stepping completed
Note: Starting dynamic gmin stepping
Note: Dynamic gmin stepping completed
Note: Starting dynamic gmin stepping
Note: Dynamic gmin stepping completed
Note: Starting dynamic gmin stepping
Note: Dynamic gmin stepping completed
Note: Starting dynamic gmin stepping
Note: Dynamic gmin stepping completed
Note: Starting dynamic gmin stepping
Note: Dynamic gmin stepping completed
Note: Starting dynamic gmin stepping
Note: Dynamic gmin stepping completed
Note: Starting dynamic gmin stepping
Note: Dynamic gmin stepping completed
Note: Starting dynamic gmin stepping
Note: Dynamic gmin stepping completed
Note: Starting dynamic gmin stepping
Note: Dynamic gmin stepping completed
Note: Starting dynamic gmin stepping
Note: Dynamic gmin stepping completed
Note: Starting dynamic gmin stepping
Note: Dynamic gmin stepping completed
Note: Starting dynamic gmin stepping
Note: Dynamic gmin stepping completed
Note: Starting dynamic gmin stepping
Note: Dynamic gmin stepping completed
Note: Starting dynamic gmin stepping
Note: Dynamic gmin stepping completed
Note: Starting dynamic gmin stepping
Note: Dynamic gmin stepping completed
Note: Starting dynamic gmin stepping
Note: Dynamic gmin stepping completed
Note: Starting dynamic gmin stepping
Note: Dynamic gmin stepping completed
Note: Starting dynamic gmin stepping
Note: Dynamic gmin stepping completed
Note: Starting dynamic gmin stepping
Note: Dynamic gmin stepping completed
Note: Starting dynamic gmin stepping
Note: Dynamic gmin stepping completed
Note: Starting dynamic gmin stepping
Note: Dynamic gmin stepping completed
Note: Starting dynamic gmin stepping
Note: Dynamic gmin stepping completed
Note: Starting dynamic gmin stepping
Note: Dynamic gmin stepping completed
Note: Starting dynamic gmin stepping
Note: Dynamic gmin stepping completed
Note: Starting dynamic gmin stepping
Note: Dynamic gmin stepping completed
Note: Starting dynamic gmin stepping
Note: Dynamic gmin stepping completed
Note: Starting dynamic gmin stepping
Note: Dynamic gmin stepping completed
Note: Starting dynamic gmin stepping
Note: Dynamic gmin stepping completed
Note: Starting dynamic gmin stepping
Note: Dynamic gmin stepping completed
Note: Starting dynamic gmin stepping
Note: Dynamic gmin stepping completed
Note: Starting dynamic gmin stepping
Note: Dynamic gmin stepping completed
Note: Starting dynamic gmin stepping
Note: Dynamic gmin stepping completed
Note: Starting dynamic gmin stepping
Note: Dynamic gmin stepping completed
Note: Starting dynamic gmin stepping
Note: Dynamic gmin stepping completed
Note: Starting dynamic gmin stepping
Note: Dynamic gmin stepping completed
Note: Starting dynamic gmin stepping
Note: Dynamic gmin stepping completed
Note: Starting dynamic gmin stepping
Note: Dynamic gmin stepping completed
Note: Starting dynamic gmin stepping
Note: Dynamic gmin stepping completed
Note: Starting dynamic gmin stepping
Note: Dynamic gmin stepping completed
Note: Starting dynamic gmin stepping
Note: Dynamic gmin stepping completed
Note: Starting dynamic gmin stepping
Note: Dynamic gmin stepping completed
Note: Starting dynamic gmin stepping
Note: Dynamic gmin stepping completed
Note: Starting dynamic gmin stepping
Note: Dynamic gmin stepping completed
Note: Starting dynamic gmin stepping
Note: Dynamic gmin stepping completed
Note: Starting dynamic gmin stepping
Note: Dynamic gmin stepping completed
Note: Starting dynamic gmin stepping
Note: Dynamic gmin stepping completed
Note: Starting dynamic gmin stepping
Note: Dynamic gmin stepping completed
Note: Starting dynamic gmin stepping
Note: Dynamic gmin stepping completed
Note: Starting dynamic gmin stepping
Note: Dynamic gmin stepping completed
Note: Starting dynamic gmin stepping
Note: Dynamic gmin stepping completed
Note: Starting dynamic gmin stepping
Note: Dynamic gmin stepping completed
Note: Starting dynamic gmin stepping
Note: Dynamic gmin stepping completed
Note: Starting dynamic gmin stepping
Note: Dynamic gmin stepping completed
Note: Starting dynamic gmin stepping
Note: Dynamic gmin stepping completed
Note: Starting dynamic gmin stepping
Note: Dynamic gmin stepping completed
Note: Starting dynamic gmin stepping
Note: Dynamic gmin stepping completed
Note: Starting dynamic gmin stepping
Note: Dynamic gmin stepping completed
Note: Starting dynamic gmin stepping
Note: Dynamic gmin stepping completed
Note: Starting dynamic gmin stepping
Note: Dynamic gmin stepping completed
Note: Starting dynamic gmin stepping
Note: Dynamic gmin stepping completed
Note: Starting dynamic gmin stepping
Note: Dynamic gmin stepping completed
Note: Starting dynamic gmin stepping
Note: Dynamic gmin stepping completed
Note: Starting dynamic gmin stepping
Note: Dynamic gmin stepping completed
Note: Starting dynamic gmin stepping
Note: Dynamic gmin stepping completed
Note: Starting dynamic gmin stepping
Note: Dynamic gmin stepping completed
Note: Starting dynamic gmin stepping
Note: Dynamic gmin stepping completed
Note: Starting dynamic gmin stepping
Note: Dynamic gmin stepping completed
Note: Starting dynamic gmin stepping
Note: Dynamic gmin stepping completed
Note: Starting dynamic gmin stepping
Note: Dynamic gmin stepping completed
Note: Starting dynamic gmin stepping
Note: Dynamic gmin stepping completed
Note: Starting dynamic gmin stepping
Note: Dynamic gmin stepping completed
Note: Starting dynamic gmin stepping
Note: Dynamic gmin stepping completed
Note: Starting dynamic gmin stepping
Note: Dynamic gmin stepping completed
Note: Starting dynamic gmin stepping
Note: Dynamic gmin stepping completed
Note: Starting dynamic gmin stepping
Note: Dynamic gmin stepping completed
Note: Starting dynamic gmin stepping
Note: Dynamic gmin stepping completed
Note: Starting dynamic gmin stepping
Note: Dynamic gmin stepping completed
Note: Starting dynamic gmin stepping
Note: Dynamic gmin stepping completed
Note: Starting dynamic gmin stepping
Note: Dynamic gmin stepping completed
Note: Starting dynamic gmin stepping
Note: Dynamic gmin stepping completed
Note: Starting dynamic gmin stepping
Note: Dynamic gmin stepping completed
Note: Starting dynamic gmin stepping
Note: Dynamic gmin stepping completed
Note: Starting dynamic gmin stepping
Note: Dynamic gmin stepping completed
Note: Starting dynamic gmin stepping
Note: Dynamic gmin stepping completed
Note: Starting dynamic gmin stepping
Note: Dynamic gmin stepping completed
Note: Starting dynamic gmin stepping
Note: Dynamic gmin stepping completed
Note: Starting dynamic gmin stepping
Note: Dynamic gmin stepping completed
Note: Starting dynamic gmin stepping
Note: Dynamic gmin stepping completed
Note: Starting dynamic gmin stepping
Note: Dynamic gmin stepping completed
Note: Starting dynamic gmin stepping
Note: Dynamic gmin stepping completed
Note: Starting dynamic gmin stepping
Note: Dynamic gmin stepping completed
Note: Starting dynamic gmin stepping
Note: Dynamic gmin stepping completed
Note: Starting dynamic gmin stepping
Note: Dynamic gmin stepping completed
Note: Starting dynamic gmin stepping
Note: Dynamic gmin stepping completed
Note: Starting dynamic gmin stepping
Note: Dynamic gmin stepping completed
Note: Starting dynamic gmin stepping
Note: Dynamic gmin stepping completed
Note: Starting dynamic gmin stepping
Note: Dynamic gmin stepping completed
Note: Starting dynamic gmin stepping
Note: Dynamic gmin stepping completed
Note: Starting dynamic gmin stepping
Note: Dynamic gmin stepping completed
Note: Starting dynamic gmin stepping
Note: Dynamic gmin stepping completed
Note: Starting dynamic gmin stepping
Note: Dynamic gmin stepping completed
Note: Starting dynamic gmin stepping
Note: Dynamic gmin stepping completed
Note: Starting dynamic gmin stepping
Note: Dynamic gmin stepping completed
Note: Starting dynamic gmin stepping
Note: Dynamic gmin stepping completed
Note: Starting dynamic gmin stepping
Note: Dynamic gmin stepping completed
Note: Starting dynamic gmin stepping
Note: Dynamic gmin stepping completed
Note: Starting dynamic gmin stepping
Note: Dynamic gmin stepping completed
Note: Starting dynamic gmin stepping
Note: Dynamic gmin stepping completed
Note: Starting dynamic gmin stepping
Note: Dynamic gmin stepping completed
Note: Starting dynamic gmin stepping
Note: Dynamic gmin stepping completed
Note: Starting dynamic gmin stepping
Note: Dynamic gmin stepping completed
Note: Starting dynamic gmin stepping
Note: Dynamic gmin stepping completed
Note: Starting dynamic gmin stepping
Note: Dynamic gmin stepping completed
Note: Starting dynamic gmin stepping
Note: Dynamic gmin stepping completed
Note: Starting dynamic gmin stepping
Note: Dynamic gmin stepping completed
Note: Starting dynamic gmin stepping
Note: Dynamic gmin stepping completed
Note: Starting dynamic gmin stepping
Note: Dynamic gmin stepping completed
Note: Starting dynamic gmin stepping
Note: Dynamic gmin stepping completed
Note: Starting dynamic gmin stepping
Note: Dynamic gmin stepping completed
Note: Starting dynamic gmin stepping
Note: Dynamic gmin stepping completed
Note: Starting dynamic gmin stepping
Note: Dynamic gmin stepping completed
Note: Starting dynamic gmin stepping
Note: Dynamic gmin stepping completed
Note: Starting dynamic gmin stepping
Note: Dynamic gmin stepping completed
Note: Starting dynamic gmin stepping
Note: Dynamic gmin stepping completed
Note: Starting dynamic gmin stepping
Note: Dynamic gmin stepping completed
Note: Starting dynamic gmin stepping
Note: Dynamic gmin stepping completed
Note: Starting dynamic gmin stepping
Note: Dynamic gmin stepping completed
Note: Starting dynamic gmin stepping
Note: Dynamic gmin stepping completed
Note: Starting dynamic gmin stepping
Note: Dynamic gmin stepping completed
Note: Starting dynamic gmin stepping
Note: Dynamic gmin stepping completed
Note: Starting dynamic gmin stepping
Note: Dynamic gmin stepping completed
Note: Starting dynamic gmin stepping
Note: Dynamic gmin stepping completed
Note: Starting dynamic gmin stepping
Note: Dynamic gmin stepping completed
Note: Starting dynamic gmin stepping
Note: Dynamic gmin stepping completed
Note: Starting dynamic gmin stepping
Note: Dynamic gmin stepping completed
Note: Starting dynamic gmin stepping
Note: Dynamic gmin stepping completed
Note: Starting dynamic gmin stepping
Note: Dynamic gmin stepping completed
Note: Starting dynamic gmin stepping
Note: Dynamic gmin stepping completed
Note: Starting dynamic gmin stepping
Note: Dynamic gmin stepping completed
Note: Starting dynamic gmin stepping
Note: Dynamic gmin stepping completed
Note: Starting dynamic gmin stepping
Note: Dynamic gmin stepping completed
Note: Starting dynamic gmin stepping
Note: Dynamic gmin stepping completed
Note: Starting dynamic gmin stepping
Note: Dynamic gmin stepping completed
