
Note: No compatibility mode selected!


Circuit: * comparator-offset-mc @ fs_27c_2.97v -- generated by sim/harness, do not edit

Reset re-loads circuit * comparator-offset-mc @ fs_27c_2.97v -- generated by sim/harness, do not edit

Circuit: * comparator-offset-mc @ fs_27c_2.97v -- generated by sim/harness, do not edit

Doing analysis at TEMP = 27.000000 and TNOM = 27.000000

Using SPARSE 1.3 as Direct Linear Solver

No. of Data Rows : 6
voa = 1.4728288167e-03
ddc = -2.948717537e-07
dde = 2.8829894095e-07
Reset re-loads circuit * comparator-offset-mc @ fs_27c_2.97v -- generated by sim/harness, do not edit

Circuit: * comparator-offset-mc @ fs_27c_2.97v -- generated by sim/harness, do not edit

Doing analysis at TEMP = 27.000000 and TNOM = 27.000000

Using SPARSE 1.3 as Direct Linear Solver

No. of Data Rows : 6
voa = 1.4301781759e-03
ddc = -2.210660323e-07
dde = 2.1682765433e-07
Reset re-loads circuit * comparator-offset-mc @ fs_27c_2.97v -- generated by sim/harness, do not edit

Circuit: * comparator-offset-mc @ fs_27c_2.97v -- generated by sim/harness, do not edit

Doing analysis at TEMP = 27.000000 and TNOM = 27.000000

Using SPARSE 1.3 as Direct Linear Solver

No. of Data Rows : 6
voa = -1.008125619e-03
ddc = 1.4971459241e-07
dde = -1.469151028e-07
Reset re-loads circuit * comparator-offset-mc @ fs_27c_2.97v -- generated by sim/harness, do not edit

Circuit: * comparator-offset-mc @ fs_27c_2.97v -- generated by sim/harness, do not edit

Doing analysis at TEMP = 27.000000 and TNOM = 27.000000

Using SPARSE 1.3 as Direct Linear Solver

No. of Data Rows : 6
voa = 2.7963558652e-04
ddc = -5.186064723e-08
dde = 5.0769955839e-08
Reset re-loads circuit * comparator-offset-mc @ fs_27c_2.97v -- generated by sim/harness, do not edit

Circuit: * comparator-offset-mc @ fs_27c_2.97v -- generated by sim/harness, do not edit

Doing analysis at TEMP = 27.000000 and TNOM = 27.000000

Using SPARSE 1.3 as Direct Linear Solver

No. of Data Rows : 6
voa = -4.300073671e-04
ddc = 7.0946326593e-08
dde = -6.951565785e-08
Reset re-loads circuit * comparator-offset-mc @ fs_27c_2.97v -- generated by sim/harness, do not edit

Circuit: * comparator-offset-mc @ fs_27c_2.97v -- generated by sim/harness, do not edit

Doing analysis at TEMP = 27.000000 and TNOM = 27.000000

Using SPARSE 1.3 as Direct Linear Solver

No. of Data Rows : 6
voa = 1.8463000861e-03
ddc = -2.753828307e-07
dde = 2.7024897764e-07
Reset re-loads circuit * comparator-offset-mc @ fs_27c_2.97v -- generated by sim/harness, do not edit

Circuit: * comparator-offset-mc @ fs_27c_2.97v -- generated by sim/harness, do not edit

Doing analysis at TEMP = 27.000000 and TNOM = 27.000000

Using SPARSE 1.3 as Direct Linear Solver

No. of Data Rows : 6
voa = 1.8647533148e-03
ddc = -2.896987489e-07
dde = 2.8411265267e-07
Reset re-loads circuit * comparator-offset-mc @ fs_27c_2.97v -- generated by sim/harness, do not edit

Circuit: * comparator-offset-mc @ fs_27c_2.97v -- generated by sim/harness, do not edit

Doing analysis at TEMP = 27.000000 and TNOM = 27.000000

Using SPARSE 1.3 as Direct Linear Solver

No. of Data Rows : 6
voa = -1.461606443e-04
ddc = 4.0467933584e-08
dde = -3.944416486e-08
Reset re-loads circuit * comparator-offset-mc @ fs_27c_2.97v -- generated by sim/harness, do not edit

Circuit: * comparator-offset-mc @ fs_27c_2.97v -- generated by sim/harness, do not edit

Doing analysis at TEMP = 27.000000 and TNOM = 27.000000

Using SPARSE 1.3 as Direct Linear Solver
 Reference value :  0.00000e+00
No. of Data Rows : 6
voa = 1.2739837595e-03
ddc = -1.482437622e-07
dde = 1.4621093711e-07
Reset re-loads circuit * comparator-offset-mc @ fs_27c_2.97v -- generated by sim/harness, do not edit

Circuit: * comparator-offset-mc @ fs_27c_2.97v -- generated by sim/harness, do not edit

Doing analysis at TEMP = 27.000000 and TNOM = 27.000000

Using SPARSE 1.3 as Direct Linear Solver

No. of Data Rows : 6
voa = -6.980076860e-04
ddc = 6.7013028637e-08
dde = -6.628205408e-08
Reset re-loads circuit * comparator-offset-mc @ fs_27c_2.97v -- generated by sim/harness, do not edit

Circuit: * comparator-offset-mc @ fs_27c_2.97v -- generated by sim/harness, do not edit

Doing analysis at TEMP = 27.000000 and TNOM = 27.000000

Using SPARSE 1.3 as Direct Linear Solver

No. of Data Rows : 6
voa = -3.545779867e-03
ddc = 5.9378803337e-07
dde = -5.817520471e-07
Reset re-loads circuit * comparator-offset-mc @ fs_27c_2.97v -- generated by sim/harness, do not edit

Circuit: * comparator-offset-mc @ fs_27c_2.97v -- generated by sim/harness, do not edit

Doing analysis at TEMP = 27.000000 and TNOM = 27.000000

Using SPARSE 1.3 as Direct Linear Solver

No. of Data Rows : 6
voa = -7.011265297e-04
ddc = 1.4228625983e-07
dde = -1.390768213e-07
Reset re-loads circuit * comparator-offset-mc @ fs_27c_2.97v -- generated by sim/harness, do not edit

Circuit: * comparator-offset-mc @ fs_27c_2.97v -- generated by sim/harness, do not edit

Doing analysis at TEMP = 27.000000 and TNOM = 27.000000

Using SPARSE 1.3 as Direct Linear Solver

No. of Data Rows : 6
voa = -5.767030220e-04
ddc = 1.1281247046e-07
dde = -1.103573696e-07
Reset re-loads circuit * comparator-offset-mc @ fs_27c_2.97v -- generated by sim/harness, do not edit

Circuit: * comparator-offset-mc @ fs_27c_2.97v -- generated by sim/harness, do not edit

Doing analysis at TEMP = 27.000000 and TNOM = 27.000000

Using SPARSE 1.3 as Direct Linear Solver

No. of Data Rows : 6
voa = -3.380374565e-04
ddc = 6.0842763287e-08
dde = -5.959906334e-08
Reset re-loads circuit * comparator-offset-mc @ fs_27c_2.97v -- generated by sim/harness, do not edit

Circuit: * comparator-offset-mc @ fs_27c_2.97v -- generated by sim/harness, do not edit

Doing analysis at TEMP = 27.000000 and TNOM = 27.000000

Using SPARSE 1.3 as Direct Linear Solver

No. of Data Rows : 6
voa = 3.4230977222e-03
ddc = -6.533856597e-07
dde = 6.3918020235e-07
Reset re-loads circuit * comparator-offset-mc @ fs_27c_2.97v -- generated by sim/harness, do not edit

Circuit: * comparator-offset-mc @ fs_27c_2.97v -- generated by sim/harness, do not edit

Doing analysis at TEMP = 27.000000 and TNOM = 27.000000

Using SPARSE 1.3 as Direct Linear Solver

No. of Data Rows : 6
voa = -5.842107236e-04
ddc = 1.1650933235e-07
dde = -1.138574989e-07
Reset re-loads circuit * comparator-offset-mc @ fs_27c_2.97v -- generated by sim/harness, do not edit

Circuit: * comparator-offset-mc @ fs_27c_2.97v -- generated by sim/harness, do not edit

Doing analysis at TEMP = 27.000000 and TNOM = 27.000000

Using SPARSE 1.3 as Direct Linear Solver

No. of Data Rows : 6
voa = -1.311523429e-03
ddc = 2.5455941914e-07
dde = -2.490268000e-07
Reset re-loads circuit * comparator-offset-mc @ fs_27c_2.97v -- generated by sim/harness, do not edit

Circuit: * comparator-offset-mc @ fs_27c_2.97v -- generated by sim/harness, do not edit

Doing analysis at TEMP = 27.000000 and TNOM = 27.000000

Using SPARSE 1.3 as Direct Linear Solver

No. of Data Rows : 6
voa = 5.2483140385e-04
ddc = -1.008100101e-07
dde = 9.8638555750e-08
Reset re-loads circuit * comparator-offset-mc @ fs_27c_2.97v -- generated by sim/harness, do not edit

Circuit: * comparator-offset-mc @ fs_27c_2.97v -- generated by sim/harness, do not edit

Doing analysis at TEMP = 27.000000 and TNOM = 27.000000

Using SPARSE 1.3 as Direct Linear Solver

No. of Data Rows : 6
voa = -1.802852833e-03
ddc = 3.3675682712e-07
dde = -3.295902559e-07
Reset re-loads circuit * comparator-offset-mc @ fs_27c_2.97v -- generated by sim/harness, do not edit

Circuit: * comparator-offset-mc @ fs_27c_2.97v -- generated by sim/harness, do not edit

Doing analysis at TEMP = 27.000000 and TNOM = 27.000000

Using SPARSE 1.3 as Direct Linear Solver
 Reference value :  0.00000e+00
No. of Data Rows : 6
voa = -1.467526881e-03
ddc = 2.3646212593e-07
dde = -2.317899131e-07
Reset re-loads circuit * comparator-offset-mc @ fs_27c_2.97v -- generated by sim/harness, do not edit

Circuit: * comparator-offset-mc @ fs_27c_2.97v -- generated by sim/harness, do not edit

Doing analysis at TEMP = 27.000000 and TNOM = 27.000000

Using SPARSE 1.3 as Direct Linear Solver

No. of Data Rows : 6
voa = -2.194630390e-03
ddc = 3.2090155917e-07
dde = -3.149280615e-07
Reset re-loads circuit * comparator-offset-mc @ fs_27c_2.97v -- generated by sim/harness, do not edit

Circuit: * comparator-offset-mc @ fs_27c_2.97v -- generated by sim/harness, do not edit

Doing analysis at TEMP = 27.000000 and TNOM = 27.000000

Using SPARSE 1.3 as Direct Linear Solver

No. of Data Rows : 6
voa = -1.548617047e-03
ddc = 2.5978007347e-07
dde = -2.545354187e-07
Reset re-loads circuit * comparator-offset-mc @ fs_27c_2.97v -- generated by sim/harness, do not edit

Circuit: * comparator-offset-mc @ fs_27c_2.97v -- generated by sim/harness, do not edit

Doing analysis at TEMP = 27.000000 and TNOM = 27.000000

Using SPARSE 1.3 as Direct Linear Solver

No. of Data Rows : 6
voa = 1.5115488113e-03
ddc = -1.912661355e-07
dde = 1.8806896193e-07
Reset re-loads circuit * comparator-offset-mc @ fs_27c_2.97v -- generated by sim/harness, do not edit

Circuit: * comparator-offset-mc @ fs_27c_2.97v -- generated by sim/harness, do not edit

Doing analysis at TEMP = 27.000000 and TNOM = 27.000000

Using SPARSE 1.3 as Direct Linear Solver

No. of Data Rows : 6
voa = 1.0168017176e-03
ddc = -1.865291117e-07
dde = 1.8262761685e-07
Reset re-loads circuit * comparator-offset-mc @ fs_27c_2.97v -- generated by sim/harness, do not edit

Circuit: * comparator-offset-mc @ fs_27c_2.97v -- generated by sim/harness, do not edit

Doing analysis at TEMP = 27.000000 and TNOM = 27.000000

Using SPARSE 1.3 as Direct Linear Solver

No. of Data Rows : 6
voa = -1.437279546e-03
ddc = 2.5571671504e-07
dde = -2.503171705e-07
Reset re-loads circuit * comparator-offset-mc @ fs_27c_2.97v -- generated by sim/harness, do not edit

Circuit: * comparator-offset-mc @ fs_27c_2.97v -- generated by sim/harness, do not edit

Doing analysis at TEMP = 27.000000 and TNOM = 27.000000

Using SPARSE 1.3 as Direct Linear Solver

No. of Data Rows : 6
voa = 8.4727373656e-04
ddc = -1.054649255e-07
dde = 1.0362157476e-07
Reset re-loads circuit * comparator-offset-mc @ fs_27c_2.97v -- generated by sim/harness, do not edit

Circuit: * comparator-offset-mc @ fs_27c_2.97v -- generated by sim/harness, do not edit

Doing analysis at TEMP = 27.000000 and TNOM = 27.000000

Using SPARSE 1.3 as Direct Linear Solver

No. of Data Rows : 6
voa = 9.3541601026e-04
ddc = -8.777320670e-08
dde = 8.6903249239e-08
Reset re-loads circuit * comparator-offset-mc @ fs_27c_2.97v -- generated by sim/harness, do not edit

Circuit: * comparator-offset-mc @ fs_27c_2.97v -- generated by sim/harness, do not edit

Doing analysis at TEMP = 27.000000 and TNOM = 27.000000

Using SPARSE 1.3 as Direct Linear Solver

No. of Data Rows : 6
voa = 2.3887949979e-03
ddc = -3.390284980e-07
dde = 3.3287332881e-07
Reset re-loads circuit * comparator-offset-mc @ fs_27c_2.97v -- generated by sim/harness, do not edit

Circuit: * comparator-offset-mc @ fs_27c_2.97v -- generated by sim/harness, do not edit

Doing analysis at TEMP = 27.000000 and TNOM = 27.000000

Using SPARSE 1.3 as Direct Linear Solver

No. of Data Rows : 6
voa = 1.7686293605e-03
ddc = -2.799668322e-07
dde = 2.7449092253e-07
Reset re-loads circuit * comparator-offset-mc @ fs_27c_2.97v -- generated by sim/harness, do not edit

Circuit: * comparator-offset-mc @ fs_27c_2.97v -- generated by sim/harness, do not edit

Doing analysis at TEMP = 27.000000 and TNOM = 27.000000

Using SPARSE 1.3 as Direct Linear Solver

No. of Data Rows : 6
voa = 2.7322795296e-04
ddc = -7.137704460e-08
dde = 6.9670293667e-08
Reset re-loads circuit * comparator-offset-mc @ fs_27c_2.97v -- generated by sim/harness, do not edit

Circuit: * comparator-offset-mc @ fs_27c_2.97v -- generated by sim/harness, do not edit

Doing analysis at TEMP = 27.000000 and TNOM = 27.000000

Using SPARSE 1.3 as Direct Linear Solver
 Reference value :  0.00000e+00
No. of Data Rows : 6
voa = 1.7943787566e-03
ddc = -2.938109790e-07
dde = 2.8793917440e-07
Reset re-loads circuit * comparator-offset-mc @ fs_27c_2.97v -- generated by sim/harness, do not edit

Circuit: * comparator-offset-mc @ fs_27c_2.97v -- generated by sim/harness, do not edit

Doing analysis at TEMP = 27.000000 and TNOM = 27.000000

Using SPARSE 1.3 as Direct Linear Solver

No. of Data Rows : 6
voa = -1.117039002e-03
ddc = 2.0378943395e-07
dde = -1.993683232e-07
Reset re-loads circuit * comparator-offset-mc @ fs_27c_2.97v -- generated by sim/harness, do not edit

Circuit: * comparator-offset-mc @ fs_27c_2.97v -- generated by sim/harness, do not edit

Doing analysis at TEMP = 27.000000 and TNOM = 27.000000

Using SPARSE 1.3 as Direct Linear Solver

No. of Data Rows : 6
voa = 8.8509087098e-04
ddc = -2.218833403e-07
dde = 2.1634170715e-07
Reset re-loads circuit * comparator-offset-mc @ fs_27c_2.97v -- generated by sim/harness, do not edit

Circuit: * comparator-offset-mc @ fs_27c_2.97v -- generated by sim/harness, do not edit

Doing analysis at TEMP = 27.000000 and TNOM = 27.000000

Using SPARSE 1.3 as Direct Linear Solver

No. of Data Rows : 6
voa = 1.5361871937e-03
ddc = -2.396564349e-07
dde = 2.3500126244e-07
Reset re-loads circuit * comparator-offset-mc @ fs_27c_2.97v -- generated by sim/harness, do not edit

Circuit: * comparator-offset-mc @ fs_27c_2.97v -- generated by sim/harness, do not edit

Doing analysis at TEMP = 27.000000 and TNOM = 27.000000

Using SPARSE 1.3 as Direct Linear Solver

No. of Data Rows : 6
voa = -1.904950217e-03
ddc = 2.9152192764e-07
dde = -2.858883418e-07
Reset re-loads circuit * comparator-offset-mc @ fs_27c_2.97v -- generated by sim/harness, do not edit

Circuit: * comparator-offset-mc @ fs_27c_2.97v -- generated by sim/harness, do not edit

Doing analysis at TEMP = 27.000000 and TNOM = 27.000000

Using SPARSE 1.3 as Direct Linear Solver

No. of Data Rows : 6
voa = -9.380826164e-05
ddc = 1.5486543237e-08
dde = -1.517690068e-08
Reset re-loads circuit * comparator-offset-mc @ fs_27c_2.97v -- generated by sim/harness, do not edit

Circuit: * comparator-offset-mc @ fs_27c_2.97v -- generated by sim/harness, do not edit

Doing analysis at TEMP = 27.000000 and TNOM = 27.000000

Using SPARSE 1.3 as Direct Linear Solver

No. of Data Rows : 6
voa = 1.6801389592e-03
ddc = -3.092698890e-07
dde = 3.0262648514e-07
Reset re-loads circuit * comparator-offset-mc @ fs_27c_2.97v -- generated by sim/harness, do not edit

Circuit: * comparator-offset-mc @ fs_27c_2.97v -- generated by sim/harness, do not edit

Doing analysis at TEMP = 27.000000 and TNOM = 27.000000

Using SPARSE 1.3 as Direct Linear Solver

No. of Data Rows : 6
voa = 7.3980924732e-04
ddc = -1.404022834e-07
dde = 1.3740056503e-07
Reset re-loads circuit * comparator-offset-mc @ fs_27c_2.97v -- generated by sim/harness, do not edit

Circuit: * comparator-offset-mc @ fs_27c_2.97v -- generated by sim/harness, do not edit

Doing analysis at TEMP = 27.000000 and TNOM = 27.000000

Using SPARSE 1.3 as Direct Linear Solver

No. of Data Rows : 6
voa = 1.8934978194e-03
ddc = -2.330335355e-07
dde = 2.2951415553e-07
Reset re-loads circuit * comparator-offset-mc @ fs_27c_2.97v -- generated by sim/harness, do not edit

Circuit: * comparator-offset-mc @ fs_27c_2.97v -- generated by sim/harness, do not edit

Doing analysis at TEMP = 27.000000 and TNOM = 27.000000

Using SPARSE 1.3 as Direct Linear Solver

No. of Data Rows : 6
voa = 1.1817952297e-04
ddc = -5.417200103e-11
dde = 2.9924228006e-10
Reset re-loads circuit * comparator-offset-mc @ fs_27c_2.97v -- generated by sim/harness, do not edit

Circuit: * comparator-offset-mc @ fs_27c_2.97v -- generated by sim/harness, do not edit

Doing analysis at TEMP = 27.000000 and TNOM = 27.000000

Using SPARSE 1.3 as Direct Linear Solver

No. of Data Rows : 6
voa = 2.4795260808e-03
ddc = -4.147918163e-07
dde = 4.0641695191e-07
Reset re-loads circuit * comparator-offset-mc @ fs_27c_2.97v -- generated by sim/harness, do not edit

Circuit: * comparator-offset-mc @ fs_27c_2.97v -- generated by sim/harness, do not edit

Doing analysis at TEMP = 27.000000 and TNOM = 27.000000

Using SPARSE 1.3 as Direct Linear Solver
 Reference value :  0.00000e+00
No. of Data Rows : 6
voa = 1.7305141128e-03
ddc = -3.063063493e-07
dde = 2.9993865660e-07
Reset re-loads circuit * comparator-offset-mc @ fs_27c_2.97v -- generated by sim/harness, do not edit

Circuit: * comparator-offset-mc @ fs_27c_2.97v -- generated by sim/harness, do not edit

Doing analysis at TEMP = 27.000000 and TNOM = 27.000000

Using SPARSE 1.3 as Direct Linear Solver

No. of Data Rows : 6
voa = 1.5072550454e-03
ddc = -2.293185842e-07
dde = 2.2491995721e-07
Reset re-loads circuit * comparator-offset-mc @ fs_27c_2.97v -- generated by sim/harness, do not edit

Circuit: * comparator-offset-mc @ fs_27c_2.97v -- generated by sim/harness, do not edit

Doing analysis at TEMP = 27.000000 and TNOM = 27.000000

Using SPARSE 1.3 as Direct Linear Solver

No. of Data Rows : 6
voa = -1.231172127e-03
ddc = 1.5002240847e-07
dde = -1.477524859e-07
Reset re-loads circuit * comparator-offset-mc @ fs_27c_2.97v -- generated by sim/harness, do not edit

Circuit: * comparator-offset-mc @ fs_27c_2.97v -- generated by sim/harness, do not edit

Doing analysis at TEMP = 27.000000 and TNOM = 27.000000

Using SPARSE 1.3 as Direct Linear Solver

No. of Data Rows : 6
voa = 3.1175968834e-03
ddc = -4.707866221e-07
dde = 4.6193014588e-07
Reset re-loads circuit * comparator-offset-mc @ fs_27c_2.97v -- generated by sim/harness, do not edit

Circuit: * comparator-offset-mc @ fs_27c_2.97v -- generated by sim/harness, do not edit

Doing analysis at TEMP = 27.000000 and TNOM = 27.000000

Using SPARSE 1.3 as Direct Linear Solver

No. of Data Rows : 6
voa = -1.606381832e-04
ddc = 8.5942924515e-08
dde = -8.350778438e-08
Reset re-loads circuit * comparator-offset-mc @ fs_27c_2.97v -- generated by sim/harness, do not edit

Circuit: * comparator-offset-mc @ fs_27c_2.97v -- generated by sim/harness, do not edit

Doing analysis at TEMP = 27.000000 and TNOM = 27.000000

Using SPARSE 1.3 as Direct Linear Solver

No. of Data Rows : 6
voa = -2.552804097e-03
ddc = 3.8014721156e-07
dde = -3.730379994e-07
Reset re-loads circuit * comparator-offset-mc @ fs_27c_2.97v -- generated by sim/harness, do not edit

Circuit: * comparator-offset-mc @ fs_27c_2.97v -- generated by sim/harness, do not edit

Doing analysis at TEMP = 27.000000 and TNOM = 27.000000

Using SPARSE 1.3 as Direct Linear Solver

No. of Data Rows : 6
voa = 1.2596763430e-03
ddc = -1.786502007e-07
dde = 1.7546338894e-07
Reset re-loads circuit * comparator-offset-mc @ fs_27c_2.97v -- generated by sim/harness, do not edit

Circuit: * comparator-offset-mc @ fs_27c_2.97v -- generated by sim/harness, do not edit

Doing analysis at TEMP = 27.000000 and TNOM = 27.000000

Using SPARSE 1.3 as Direct Linear Solver

No. of Data Rows : 6
voa = 2.0944664840e-03
ddc = -3.700662970e-07
dde = 3.6253428422e-07
Reset re-loads circuit * comparator-offset-mc @ fs_27c_2.97v -- generated by sim/harness, do not edit

Circuit: * comparator-offset-mc @ fs_27c_2.97v -- generated by sim/harness, do not edit

Doing analysis at TEMP = 27.000000 and TNOM = 27.000000

Using SPARSE 1.3 as Direct Linear Solver

No. of Data Rows : 6
voa = 1.8001345381e-03
ddc = -2.979392855e-07
dde = 2.9197963157e-07
Reset re-loads circuit * comparator-offset-mc @ fs_27c_2.97v -- generated by sim/harness, do not edit

Circuit: * comparator-offset-mc @ fs_27c_2.97v -- generated by sim/harness, do not edit

Doing analysis at TEMP = 27.000000 and TNOM = 27.000000

Using SPARSE 1.3 as Direct Linear Solver

No. of Data Rows : 6
voa = -2.850078613e-03
ddc = 4.7386849354e-07
dde = -4.642668250e-07
Reset re-loads circuit * comparator-offset-mc @ fs_27c_2.97v -- generated by sim/harness, do not edit

Circuit: * comparator-offset-mc @ fs_27c_2.97v -- generated by sim/harness, do not edit

Doing analysis at TEMP = 27.000000 and TNOM = 27.000000

Using SPARSE 1.3 as Direct Linear Solver

No. of Data Rows : 6
voa = -3.627221822e-05
ddc = -4.405404580e-09
dde = 4.2547519463e-09
Reset re-loads circuit * comparator-offset-mc @ fs_27c_2.97v -- generated by sim/harness, do not edit

Circuit: * comparator-offset-mc @ fs_27c_2.97v -- generated by sim/harness, do not edit

Doing analysis at TEMP = 27.000000 and TNOM = 27.000000

Using SPARSE 1.3 as Direct Linear Solver
 Reference value :  0.00000e+00
No. of Data Rows : 6
voa = -1.185055614e-03
ddc = 2.6932814094e-07
dde = -2.627203010e-07
Reset re-loads circuit * comparator-offset-mc @ fs_27c_2.97v -- generated by sim/harness, do not edit

Circuit: * comparator-offset-mc @ fs_27c_2.97v -- generated by sim/harness, do not edit

Doing analysis at TEMP = 27.000000 and TNOM = 27.000000

Using SPARSE 1.3 as Direct Linear Solver

No. of Data Rows : 6
voa = 2.2190820998e-03
ddc = -3.091471094e-07
dde = 3.0366017899e-07
Reset re-loads circuit * comparator-offset-mc @ fs_27c_2.97v -- generated by sim/harness, do not edit

Circuit: * comparator-offset-mc @ fs_27c_2.97v -- generated by sim/harness, do not edit

Doing analysis at TEMP = 27.000000 and TNOM = 27.000000

Using SPARSE 1.3 as Direct Linear Solver

No. of Data Rows : 6
voa = 2.1557175440e-03
ddc = -3.068813672e-07
dde = 3.0133915194e-07
Reset re-loads circuit * comparator-offset-mc @ fs_27c_2.97v -- generated by sim/harness, do not edit

Circuit: * comparator-offset-mc @ fs_27c_2.97v -- generated by sim/harness, do not edit

Doing analysis at TEMP = 27.000000 and TNOM = 27.000000

Using SPARSE 1.3 as Direct Linear Solver

No. of Data Rows : 6
voa = 2.4698994885e-03
ddc = -3.385515640e-07
dde = 3.3256803205e-07
Reset re-loads circuit * comparator-offset-mc @ fs_27c_2.97v -- generated by sim/harness, do not edit

Circuit: * comparator-offset-mc @ fs_27c_2.97v -- generated by sim/harness, do not edit

Doing analysis at TEMP = 27.000000 and TNOM = 27.000000

Using SPARSE 1.3 as Direct Linear Solver

No. of Data Rows : 6
voa = -1.433830886e-03
ddc = 1.9506487242e-07
dde = -1.916008375e-07
Reset re-loads circuit * comparator-offset-mc @ fs_27c_2.97v -- generated by sim/harness, do not edit

Circuit: * comparator-offset-mc @ fs_27c_2.97v -- generated by sim/harness, do not edit

Doing analysis at TEMP = 27.000000 and TNOM = 27.000000

Using SPARSE 1.3 as Direct Linear Solver

No. of Data Rows : 6
voa = -5.320914628e-04
ddc = 4.2127014272e-08
dde = -4.194915371e-08
Reset re-loads circuit * comparator-offset-mc @ fs_27c_2.97v -- generated by sim/harness, do not edit

Circuit: * comparator-offset-mc @ fs_27c_2.97v -- generated by sim/harness, do not edit

Doing analysis at TEMP = 27.000000 and TNOM = 27.000000

Using SPARSE 1.3 as Direct Linear Solver

No. of Data Rows : 6
voa = 1.1993835557e-03
ddc = -1.978888017e-07
dde = 1.9393196894e-07
Reset re-loads circuit * comparator-offset-mc @ fs_27c_2.97v -- generated by sim/harness, do not edit

Circuit: * comparator-offset-mc @ fs_27c_2.97v -- generated by sim/harness, do not edit

Doing analysis at TEMP = 27.000000 and TNOM = 27.000000

Using SPARSE 1.3 as Direct Linear Solver

No. of Data Rows : 6
voa = -2.132399309e-03
ddc = 3.7667849016e-07
dde = -3.687532161e-07
Reset re-loads circuit * comparator-offset-mc @ fs_27c_2.97v -- generated by sim/harness, do not edit

Circuit: * comparator-offset-mc @ fs_27c_2.97v -- generated by sim/harness, do not edit

Doing analysis at TEMP = 27.000000 and TNOM = 27.000000

Using SPARSE 1.3 as Direct Linear Solver

No. of Data Rows : 6
voa = -1.337143826e-03
ddc = 2.1247055079e-07
dde = -2.083149311e-07
Reset re-loads circuit * comparator-offset-mc @ fs_27c_2.97v -- generated by sim/harness, do not edit

Circuit: * comparator-offset-mc @ fs_27c_2.97v -- generated by sim/harness, do not edit

Doing analysis at TEMP = 27.000000 and TNOM = 27.000000

Using SPARSE 1.3 as Direct Linear Solver

No. of Data Rows : 6
voa = 1.0450267388e-03
ddc = -1.100014223e-07
dde = 1.0865992631e-07
Reset re-loads circuit * comparator-offset-mc @ fs_27c_2.97v -- generated by sim/harness, do not edit

Circuit: * comparator-offset-mc @ fs_27c_2.97v -- generated by sim/harness, do not edit

Doing analysis at TEMP = 27.000000 and TNOM = 27.000000

Using SPARSE 1.3 as Direct Linear Solver
 Reference value :  0.00000e+00
No. of Data Rows : 6
voa = 2.7245754440e-03
ddc = -4.598619331e-07
dde = 4.5054714548e-07
Reset re-loads circuit * comparator-offset-mc @ fs_27c_2.97v -- generated by sim/harness, do not edit

Circuit: * comparator-offset-mc @ fs_27c_2.97v -- generated by sim/harness, do not edit

Doing analysis at TEMP = 27.000000 and TNOM = 27.000000

Using SPARSE 1.3 as Direct Linear Solver

No. of Data Rows : 6
voa = -2.789187131e-03
ddc = 5.0553364829e-07
dde = -4.947354205e-07
Reset re-loads circuit * comparator-offset-mc @ fs_27c_2.97v -- generated by sim/harness, do not edit

Circuit: * comparator-offset-mc @ fs_27c_2.97v -- generated by sim/harness, do not edit

Doing analysis at TEMP = 27.000000 and TNOM = 27.000000

Using SPARSE 1.3 as Direct Linear Solver

No. of Data Rows : 6
voa = 4.0822127842e-04
ddc = -9.999349323e-08
dde = 9.7648046593e-08
Reset re-loads circuit * comparator-offset-mc @ fs_27c_2.97v -- generated by sim/harness, do not edit

Circuit: * comparator-offset-mc @ fs_27c_2.97v -- generated by sim/harness, do not edit

Doing analysis at TEMP = 27.000000 and TNOM = 27.000000

Using SPARSE 1.3 as Direct Linear Solver

No. of Data Rows : 6
voa = -1.188269842e-03
ddc = 1.7927978855e-07
dde = -1.759196473e-07
Reset re-loads circuit * comparator-offset-mc @ fs_27c_2.97v -- generated by sim/harness, do not edit

Circuit: * comparator-offset-mc @ fs_27c_2.97v -- generated by sim/harness, do not edit

Doing analysis at TEMP = 27.000000 and TNOM = 27.000000

Using SPARSE 1.3 as Direct Linear Solver

No. of Data Rows : 6
voa = -2.491689333e-03
ddc = 4.4365471545e-07
dde = -4.343471591e-07
Reset re-loads circuit * comparator-offset-mc @ fs_27c_2.97v -- generated by sim/harness, do not edit

Circuit: * comparator-offset-mc @ fs_27c_2.97v -- generated by sim/harness, do not edit

Doing analysis at TEMP = 27.000000 and TNOM = 27.000000

Using SPARSE 1.3 as Direct Linear Solver

No. of Data Rows : 6
voa = 1.6582963569e-03
ddc = -2.899074436e-07
dde = 2.8392868777e-07
Reset re-loads circuit * comparator-offset-mc @ fs_27c_2.97v -- generated by sim/harness, do not edit

Circuit: * comparator-offset-mc @ fs_27c_2.97v -- generated by sim/harness, do not edit

Doing analysis at TEMP = 27.000000 and TNOM = 27.000000

Using SPARSE 1.3 as Direct Linear Solver

No. of Data Rows : 6
voa = 1.1189195865e-03
ddc = -2.282038811e-07
dde = 2.2309493212e-07
Reset re-loads circuit * comparator-offset-mc @ fs_27c_2.97v -- generated by sim/harness, do not edit

Circuit: * comparator-offset-mc @ fs_27c_2.97v -- generated by sim/harness, do not edit

Doing analysis at TEMP = 27.000000 and TNOM = 27.000000

Using SPARSE 1.3 as Direct Linear Solver

No. of Data Rows : 6
voa = 1.4326348560e-03
ddc = -2.568915441e-07
dde = 2.5145284893e-07
Reset re-loads circuit * comparator-offset-mc @ fs_27c_2.97v -- generated by sim/harness, do not edit

Circuit: * comparator-offset-mc @ fs_27c_2.97v -- generated by sim/harness, do not edit

Doing analysis at TEMP = 27.000000 and TNOM = 27.000000

Using SPARSE 1.3 as Direct Linear Solver

No. of Data Rows : 6
voa = 4.1095101335e-03
ddc = -6.658587301e-07
dde = 6.5256158892e-07
Reset re-loads circuit * comparator-offset-mc @ fs_27c_2.97v -- generated by sim/harness, do not edit

Circuit: * comparator-offset-mc @ fs_27c_2.97v -- generated by sim/harness, do not edit

Doing analysis at TEMP = 27.000000 and TNOM = 27.000000

Using SPARSE 1.3 as Direct Linear Solver

No. of Data Rows : 6
voa = -2.009841440e-03
ddc = 2.9723988619e-07
dde = -2.916860706e-07
Reset re-loads circuit * comparator-offset-mc @ fs_27c_2.97v -- generated by sim/harness, do not edit

Circuit: * comparator-offset-mc @ fs_27c_2.97v -- generated by sim/harness, do not edit

Doing analysis at TEMP = 27.000000 and TNOM = 27.000000

Using SPARSE 1.3 as Direct Linear Solver
 Reference value :  0.00000e+00
No. of Data Rows : 6
voa = 2.6070166514e-04
ddc = -4.695706975e-08
dde = 4.5959827078e-08
Reset re-loads circuit * comparator-offset-mc @ fs_27c_2.97v -- generated by sim/harness, do not edit

Circuit: * comparator-offset-mc @ fs_27c_2.97v -- generated by sim/harness, do not edit

Doing analysis at TEMP = 27.000000 and TNOM = 27.000000

Using SPARSE 1.3 as Direct Linear Solver

No. of Data Rows : 6
voa = -2.428562393e-03
ddc = 3.6601828874e-07
dde = -3.590154544e-07
Reset re-loads circuit * comparator-offset-mc @ fs_27c_2.97v -- generated by sim/harness, do not edit

Circuit: * comparator-offset-mc @ fs_27c_2.97v -- generated by sim/harness, do not edit

Doing analysis at TEMP = 27.000000 and TNOM = 27.000000

Using SPARSE 1.3 as Direct Linear Solver

No. of Data Rows : 6
voa = -3.501937997e-05
ddc = -2.109148180e-08
dde = 2.0448827165e-08
Reset re-loads circuit * comparator-offset-mc @ fs_27c_2.97v -- generated by sim/harness, do not edit

Circuit: * comparator-offset-mc @ fs_27c_2.97v -- generated by sim/harness, do not edit

Doing analysis at TEMP = 27.000000 and TNOM = 27.000000

Using SPARSE 1.3 as Direct Linear Solver

No. of Data Rows : 6
voa = -1.708413076e-03
ddc = 2.5608598014e-07
dde = -2.512474673e-07
Reset re-loads circuit * comparator-offset-mc @ fs_27c_2.97v -- generated by sim/harness, do not edit

Circuit: * comparator-offset-mc @ fs_27c_2.97v -- generated by sim/harness, do not edit

Doing analysis at TEMP = 27.000000 and TNOM = 27.000000

Using SPARSE 1.3 as Direct Linear Solver

No. of Data Rows : 6
voa = -3.952930045e-04
ddc = 6.7103771820e-08
dde = -6.573840722e-08
Reset re-loads circuit * comparator-offset-mc @ fs_27c_2.97v -- generated by sim/harness, do not edit

Circuit: * comparator-offset-mc @ fs_27c_2.97v -- generated by sim/harness, do not edit

Doing analysis at TEMP = 27.000000 and TNOM = 27.000000

Using SPARSE 1.3 as Direct Linear Solver

No. of Data Rows : 6
voa = 1.9858726662e-03
ddc = -3.431166298e-07
dde = 3.3615161041e-07
Reset re-loads circuit * comparator-offset-mc @ fs_27c_2.97v -- generated by sim/harness, do not edit

Circuit: * comparator-offset-mc @ fs_27c_2.97v -- generated by sim/harness, do not edit

Doing analysis at TEMP = 27.000000 and TNOM = 27.000000

Using SPARSE 1.3 as Direct Linear Solver

No. of Data Rows : 6
voa = -4.790416943e-04
ddc = 1.0981012933e-07
dde = -1.071764583e-07
Reset re-loads circuit * comparator-offset-mc @ fs_27c_2.97v -- generated by sim/harness, do not edit

Circuit: * comparator-offset-mc @ fs_27c_2.97v -- generated by sim/harness, do not edit

Doing analysis at TEMP = 27.000000 and TNOM = 27.000000

Using SPARSE 1.3 as Direct Linear Solver

No. of Data Rows : 6
voa = -1.473626819e-03
ddc = 2.3345908818e-07
dde = -2.288887128e-07
Reset re-loads circuit * comparator-offset-mc @ fs_27c_2.97v -- generated by sim/harness, do not edit

Circuit: * comparator-offset-mc @ fs_27c_2.97v -- generated by sim/harness, do not edit

Doing analysis at TEMP = 27.000000 and TNOM = 27.000000

Using SPARSE 1.3 as Direct Linear Solver

No. of Data Rows : 6
voa = -4.332185001e-04
ddc = 2.8007892046e-08
dde = -2.804517554e-08
Reset re-loads circuit * comparator-offset-mc @ fs_27c_2.97v -- generated by sim/harness, do not edit

Circuit: * comparator-offset-mc @ fs_27c_2.97v -- generated by sim/harness, do not edit

Doing analysis at TEMP = 27.000000 and TNOM = 27.000000

Using SPARSE 1.3 as Direct Linear Solver

No. of Data Rows : 6
voa = -1.212552594e-03
ddc = 1.7995342090e-07
dde = -1.765998584e-07
Reset re-loads circuit * comparator-offset-mc @ fs_27c_2.97v -- generated by sim/harness, do not edit

Circuit: * comparator-offset-mc @ fs_27c_2.97v -- generated by sim/harness, do not edit

Doing analysis at TEMP = 27.000000 and TNOM = 27.000000

Using SPARSE 1.3 as Direct Linear Solver

No. of Data Rows : 6
voa = 2.5135974714e-03
ddc = -4.507860028e-07
dde = 4.4132466451e-07
Reset re-loads circuit * comparator-offset-mc @ fs_27c_2.97v -- generated by sim/harness, do not edit

Circuit: * comparator-offset-mc @ fs_27c_2.97v -- generated by sim/harness, do not edit

Doing analysis at TEMP = 27.000000 and TNOM = 27.000000

Using SPARSE 1.3 as Direct Linear Solver
 Reference value :  2.00000e-03
No. of Data Rows : 6
voa = 2.0200255088e-03
ddc = -3.089154806e-07
dde = 3.0298688137e-07
Reset re-loads circuit * comparator-offset-mc @ fs_27c_2.97v -- generated by sim/harness, do not edit

Circuit: * comparator-offset-mc @ fs_27c_2.97v -- generated by sim/harness, do not edit

Doing analysis at TEMP = 27.000000 and TNOM = 27.000000

Using SPARSE 1.3 as Direct Linear Solver

No. of Data Rows : 6
voa = -3.251642010e-04
ddc = 3.0223407578e-08
dde = -3.002819962e-08
Reset re-loads circuit * comparator-offset-mc @ fs_27c_2.97v -- generated by sim/harness, do not edit

Circuit: * comparator-offset-mc @ fs_27c_2.97v -- generated by sim/harness, do not edit

Doing analysis at TEMP = 27.000000 and TNOM = 27.000000

Using SPARSE 1.3 as Direct Linear Solver

No. of Data Rows : 6
voa = -1.834022340e-03
ddc = 3.3575560624e-07
dde = -3.286069094e-07
Reset re-loads circuit * comparator-offset-mc @ fs_27c_2.97v -- generated by sim/harness, do not edit

Circuit: * comparator-offset-mc @ fs_27c_2.97v -- generated by sim/harness, do not edit

Doing analysis at TEMP = 27.000000 and TNOM = 27.000000

Using SPARSE 1.3 as Direct Linear Solver

No. of Data Rows : 6
voa = 9.4350134234e-04
ddc = -1.528715581e-07
dde = 1.4982021199e-07
Reset re-loads circuit * comparator-offset-mc @ fs_27c_2.97v -- generated by sim/harness, do not edit

Circuit: * comparator-offset-mc @ fs_27c_2.97v -- generated by sim/harness, do not edit

Doing analysis at TEMP = 27.000000 and TNOM = 27.000000

Using SPARSE 1.3 as Direct Linear Solver

No. of Data Rows : 6
voa = -1.174608364e-03
ddc = 2.1439303870e-07
dde = -2.098959327e-07
Reset re-loads circuit * comparator-offset-mc @ fs_27c_2.97v -- generated by sim/harness, do not edit

Circuit: * comparator-offset-mc @ fs_27c_2.97v -- generated by sim/harness, do not edit

Doing analysis at TEMP = 27.000000 and TNOM = 27.000000

Using SPARSE 1.3 as Direct Linear Solver

No. of Data Rows : 6
voa = 1.0923653275e-03
ddc = -2.144244231e-07
dde = 2.0981063111e-07
Reset re-loads circuit * comparator-offset-mc @ fs_27c_2.97v -- generated by sim/harness, do not edit

Circuit: * comparator-offset-mc @ fs_27c_2.97v -- generated by sim/harness, do not edit

Doing analysis at TEMP = 27.000000 and TNOM = 27.000000

Using SPARSE 1.3 as Direct Linear Solver

No. of Data Rows : 6
voa = -1.201983074e-03
ddc = 2.1062039848e-07
dde = -2.062647117e-07
Reset re-loads circuit * comparator-offset-mc @ fs_27c_2.97v -- generated by sim/harness, do not edit

Circuit: * comparator-offset-mc @ fs_27c_2.97v -- generated by sim/harness, do not edit

Doing analysis at TEMP = 27.000000 and TNOM = 27.000000

Using SPARSE 1.3 as Direct Linear Solver

No. of Data Rows : 6
voa = 9.2302174284e-05
ddc = -4.344494079e-08
dde = 4.2231769770e-08
Reset re-loads circuit * comparator-offset-mc @ fs_27c_2.97v -- generated by sim/harness, do not edit

Circuit: * comparator-offset-mc @ fs_27c_2.97v -- generated by sim/harness, do not edit

Doing analysis at TEMP = 27.000000 and TNOM = 27.000000

Using SPARSE 1.3 as Direct Linear Solver

No. of Data Rows : 6
voa = -1.160440402e-03
ddc = 2.0594382587e-07
dde = -2.015449937e-07
Reset re-loads circuit * comparator-offset-mc @ fs_27c_2.97v -- generated by sim/harness, do not edit

Circuit: * comparator-offset-mc @ fs_27c_2.97v -- generated by sim/harness, do not edit

Doing analysis at TEMP = 27.000000 and TNOM = 27.000000

Using SPARSE 1.3 as Direct Linear Solver

No. of Data Rows : 6
voa = -1.847818557e-03
ddc = 3.0452290156e-07
dde = -2.984435114e-07
Reset re-loads circuit * comparator-offset-mc @ fs_27c_2.97v -- generated by sim/harness, do not edit

Circuit: * comparator-offset-mc @ fs_27c_2.97v -- generated by sim/harness, do not edit

Doing analysis at TEMP = 27.000000 and TNOM = 27.000000

Using SPARSE 1.3 as Direct Linear Solver
 Reference value :  0.00000e+00
No. of Data Rows : 6
voa = 4.1773525938e-04
ddc = -1.650860737e-09
dde = 2.6454243018e-09
Reset re-loads circuit * comparator-offset-mc @ fs_27c_2.97v -- generated by sim/harness, do not edit

Circuit: * comparator-offset-mc @ fs_27c_2.97v -- generated by sim/harness, do not edit

Doing analysis at TEMP = 27.000000 and TNOM = 27.000000

Using SPARSE 1.3 as Direct Linear Solver

No. of Data Rows : 6
voa = 3.5846092323e-03
ddc = -5.565825193e-07
dde = 5.4583386090e-07
Reset re-loads circuit * comparator-offset-mc @ fs_27c_2.97v -- generated by sim/harness, do not edit

Circuit: * comparator-offset-mc @ fs_27c_2.97v -- generated by sim/harness, do not edit

Doing analysis at TEMP = 27.000000 and TNOM = 27.000000

Using SPARSE 1.3 as Direct Linear Solver

No. of Data Rows : 6
voa = 1.9658657349e-04
ddc = -4.266288820e-08
dde = 4.1664909913e-08
Reset re-loads circuit * comparator-offset-mc @ fs_27c_2.97v -- generated by sim/harness, do not edit

Circuit: * comparator-offset-mc @ fs_27c_2.97v -- generated by sim/harness, do not edit

Doing analysis at TEMP = 27.000000 and TNOM = 27.000000

Using SPARSE 1.3 as Direct Linear Solver

No. of Data Rows : 6
voa = -1.143581537e-03
ddc = 1.8966942765e-07
dde = -1.858700136e-07
Reset re-loads circuit * comparator-offset-mc @ fs_27c_2.97v -- generated by sim/harness, do not edit

Circuit: * comparator-offset-mc @ fs_27c_2.97v -- generated by sim/harness, do not edit

Doing analysis at TEMP = 27.000000 and TNOM = 27.000000

Using SPARSE 1.3 as Direct Linear Solver

No. of Data Rows : 6
voa = -1.662355145e-03
ddc = 2.3210101478e-07
dde = -2.280180191e-07
Reset re-loads circuit * comparator-offset-mc @ fs_27c_2.97v -- generated by sim/harness, do not edit

Circuit: * comparator-offset-mc @ fs_27c_2.97v -- generated by sim/harness, do not edit

Doing analysis at TEMP = 27.000000 and TNOM = 27.000000

Using SPARSE 1.3 as Direct Linear Solver

No. of Data Rows : 6
voa = 4.4948982491e-04
ddc = -5.516913421e-08
dde = 5.4300763158e-08
Reset re-loads circuit * comparator-offset-mc @ fs_27c_2.97v -- generated by sim/harness, do not edit

Circuit: * comparator-offset-mc @ fs_27c_2.97v -- generated by sim/harness, do not edit

Doing analysis at TEMP = 27.000000 and TNOM = 27.000000

Using SPARSE 1.3 as Direct Linear Solver

No. of Data Rows : 6
voa = -4.311289895e-03
ddc = 7.1271369245e-07
dde = -6.982595260e-07
Reset re-loads circuit * comparator-offset-mc @ fs_27c_2.97v -- generated by sim/harness, do not edit

Circuit: * comparator-offset-mc @ fs_27c_2.97v -- generated by sim/harness, do not edit

Doing analysis at TEMP = 27.000000 and TNOM = 27.000000

Using SPARSE 1.3 as Direct Linear Solver

No. of Data Rows : 6
voa = -4.454239990e-03
ddc = 6.9377791886e-07
dde = -6.803047304e-07
Reset re-loads circuit * comparator-offset-mc @ fs_27c_2.97v -- generated by sim/harness, do not edit

Circuit: * comparator-offset-mc @ fs_27c_2.97v -- generated by sim/harness, do not edit

Doing analysis at TEMP = 27.000000 and TNOM = 27.000000

Using SPARSE 1.3 as Direct Linear Solver

No. of Data Rows : 6
voa = -1.287705631e-03
ddc = 1.8257370133e-07
dde = -1.792556247e-07
Reset re-loads circuit * comparator-offset-mc @ fs_27c_2.97v -- generated by sim/harness, do not edit

Circuit: * comparator-offset-mc @ fs_27c_2.97v -- generated by sim/harness, do not edit

Doing analysis at TEMP = 27.000000 and TNOM = 27.000000

Using SPARSE 1.3 as Direct Linear Solver

No. of Data Rows : 6
voa = 1.3478522282e-04
ddc = -1.000529596e-08
dde = 9.9086550575e-09
Reset re-loads circuit * comparator-offset-mc @ fs_27c_2.97v -- generated by sim/harness, do not edit

Circuit: * comparator-offset-mc @ fs_27c_2.97v -- generated by sim/harness, do not edit

Doing analysis at TEMP = 27.000000 and TNOM = 27.000000

Using SPARSE 1.3 as Direct Linear Solver

No. of Data Rows : 6
voa = -1.135778397e-03
ddc = 1.5248805285e-07
dde = -1.497760196e-07
Reset re-loads circuit * comparator-offset-mc @ fs_27c_2.97v -- generated by sim/harness, do not edit

Circuit: * comparator-offset-mc @ fs_27c_2.97v -- generated by sim/harness, do not edit

Doing analysis at TEMP = 27.000000 and TNOM = 27.000000

Using SPARSE 1.3 as Direct Linear Solver
 Reference value :  0.00000e+00
No. of Data Rows : 6
voa = 1.5289545642e-03
ddc = -2.750391320e-07
dde = 2.6933958348e-07
Reset re-loads circuit * comparator-offset-mc @ fs_27c_2.97v -- generated by sim/harness, do not edit

Circuit: * comparator-offset-mc @ fs_27c_2.97v -- generated by sim/harness, do not edit

Doing analysis at TEMP = 27.000000 and TNOM = 27.000000

Using SPARSE 1.3 as Direct Linear Solver

No. of Data Rows : 6
voa = -4.741160996e-04
ddc = 1.3538764361e-07
dde = -1.320897742e-07
Reset re-loads circuit * comparator-offset-mc @ fs_27c_2.97v -- generated by sim/harness, do not edit

Circuit: * comparator-offset-mc @ fs_27c_2.97v -- generated by sim/harness, do not edit

Doing analysis at TEMP = 27.000000 and TNOM = 27.000000

Using SPARSE 1.3 as Direct Linear Solver

No. of Data Rows : 6
voa = -6.364206563e-05
ddc = 1.6412859338e-08
dde = -1.599958414e-08
Reset re-loads circuit * comparator-offset-mc @ fs_27c_2.97v -- generated by sim/harness, do not edit

Circuit: * comparator-offset-mc @ fs_27c_2.97v -- generated by sim/harness, do not edit

Doing analysis at TEMP = 27.000000 and TNOM = 27.000000

Using SPARSE 1.3 as Direct Linear Solver

No. of Data Rows : 6
voa = -3.054832945e-03
ddc = 4.7643760127e-07
dde = -4.672125015e-07
Reset re-loads circuit * comparator-offset-mc @ fs_27c_2.97v -- generated by sim/harness, do not edit

Circuit: * comparator-offset-mc @ fs_27c_2.97v -- generated by sim/harness, do not edit

Doing analysis at TEMP = 27.000000 and TNOM = 27.000000

Using SPARSE 1.3 as Direct Linear Solver

No. of Data Rows : 6
voa = -4.131542579e-04
ddc = 7.7577690188e-08
dde = -7.588781596e-08
Reset re-loads circuit * comparator-offset-mc @ fs_27c_2.97v -- generated by sim/harness, do not edit

Circuit: * comparator-offset-mc @ fs_27c_2.97v -- generated by sim/harness, do not edit

Doing analysis at TEMP = 27.000000 and TNOM = 27.000000

Using SPARSE 1.3 as Direct Linear Solver

No. of Data Rows : 6
voa = 2.6002218173e-03
ddc = -4.946434432e-07
dde = 4.8374182325e-07
Reset re-loads circuit * comparator-offset-mc @ fs_27c_2.97v -- generated by sim/harness, do not edit

Circuit: * comparator-offset-mc @ fs_27c_2.97v -- generated by sim/harness, do not edit

Doing analysis at TEMP = 27.000000 and TNOM = 27.000000

Using SPARSE 1.3 as Direct Linear Solver

No. of Data Rows : 6
voa = -1.621129377e-03
ddc = 2.9459925237e-07
dde = -2.882011091e-07
Reset re-loads circuit * comparator-offset-mc @ fs_27c_2.97v -- generated by sim/harness, do not edit

Circuit: * comparator-offset-mc @ fs_27c_2.97v -- generated by sim/harness, do not edit

Doing analysis at TEMP = 27.000000 and TNOM = 27.000000

Using SPARSE 1.3 as Direct Linear Solver

No. of Data Rows : 6
voa = 4.2135099399e-04
ddc = -4.613797157e-08
dde = 4.5492363800e-08
Reset re-loads circuit * comparator-offset-mc @ fs_27c_2.97v -- generated by sim/harness, do not edit

Circuit: * comparator-offset-mc @ fs_27c_2.97v -- generated by sim/harness, do not edit

Doing analysis at TEMP = 27.000000 and TNOM = 27.000000

Using SPARSE 1.3 as Direct Linear Solver

No. of Data Rows : 6
voa = -1.661536876e-03
ddc = 2.8139323285e-07
dde = -2.757265259e-07
Reset re-loads circuit * comparator-offset-mc @ fs_27c_2.97v -- generated by sim/harness, do not edit

Circuit: * comparator-offset-mc @ fs_27c_2.97v -- generated by sim/harness, do not edit

Doing analysis at TEMP = 27.000000 and TNOM = 27.000000

Using SPARSE 1.3 as Direct Linear Solver

No. of Data Rows : 6
voa = 1.1440057309e-03
ddc = -1.668656501e-07
dde = 1.6380433892e-07
Reset re-loads circuit * comparator-offset-mc @ fs_27c_2.97v -- generated by sim/harness, do not edit

Circuit: * comparator-offset-mc @ fs_27c_2.97v -- generated by sim/harness, do not edit

Doing analysis at TEMP = 27.000000 and TNOM = 27.000000

Using SPARSE 1.3 as Direct Linear Solver
 Reference value :  0.00000e+00
No. of Data Rows : 6
voa = -1.949287766e-03
ddc = 2.9914716544e-07
dde = -2.934152747e-07
Reset re-loads circuit * comparator-offset-mc @ fs_27c_2.97v -- generated by sim/harness, do not edit

Circuit: * comparator-offset-mc @ fs_27c_2.97v -- generated by sim/harness, do not edit

Doing analysis at TEMP = 27.000000 and TNOM = 27.000000

Using SPARSE 1.3 as Direct Linear Solver

No. of Data Rows : 6
voa = -9.223323491e-05
ddc = 2.6969250116e-08
dde = -2.622886339e-08
Reset re-loads circuit * comparator-offset-mc @ fs_27c_2.97v -- generated by sim/harness, do not edit

Circuit: * comparator-offset-mc @ fs_27c_2.97v -- generated by sim/harness, do not edit

Doing analysis at TEMP = 27.000000 and TNOM = 27.000000

Using SPARSE 1.3 as Direct Linear Solver

No. of Data Rows : 6
voa = 2.7204607323e-03
ddc = -3.915402384e-07
dde = 3.8442444367e-07
Reset re-loads circuit * comparator-offset-mc @ fs_27c_2.97v -- generated by sim/harness, do not edit

Circuit: * comparator-offset-mc @ fs_27c_2.97v -- generated by sim/harness, do not edit

Doing analysis at TEMP = 27.000000 and TNOM = 27.000000

Using SPARSE 1.3 as Direct Linear Solver

No. of Data Rows : 6
voa = -1.519676586e-03
ddc = 2.3739043901e-07
dde = -2.327986005e-07
Reset re-loads circuit * comparator-offset-mc @ fs_27c_2.97v -- generated by sim/harness, do not edit

Circuit: * comparator-offset-mc @ fs_27c_2.97v -- generated by sim/harness, do not edit

Doing analysis at TEMP = 27.000000 and TNOM = 27.000000

Using SPARSE 1.3 as Direct Linear Solver

No. of Data Rows : 6
voa = 1.9074792767e-03
ddc = -3.009361299e-07
dde = 2.9506406875e-07
Reset re-loads circuit * comparator-offset-mc @ fs_27c_2.97v -- generated by sim/harness, do not edit

Circuit: * comparator-offset-mc @ fs_27c_2.97v -- generated by sim/harness, do not edit

Doing analysis at TEMP = 27.000000 and TNOM = 27.000000

Using SPARSE 1.3 as Direct Linear Solver

No. of Data Rows : 6
voa = -5.363770291e-04
ddc = 9.4631618877e-08
dde = -9.267952604e-08
Reset re-loads circuit * comparator-offset-mc @ fs_27c_2.97v -- generated by sim/harness, do not edit

Circuit: * comparator-offset-mc @ fs_27c_2.97v -- generated by sim/harness, do not edit

Doing analysis at TEMP = 27.000000 and TNOM = 27.000000

Using SPARSE 1.3 as Direct Linear Solver

No. of Data Rows : 6
voa = -1.164395221e-04
ddc = 3.8701700626e-08
dde = -3.771685552e-08
Reset re-loads circuit * comparator-offset-mc @ fs_27c_2.97v -- generated by sim/harness, do not edit

Circuit: * comparator-offset-mc @ fs_27c_2.97v -- generated by sim/harness, do not edit

Doing analysis at TEMP = 27.000000 and TNOM = 27.000000

Using SPARSE 1.3 as Direct Linear Solver

No. of Data Rows : 6
voa = 8.1399522412e-04
ddc = -1.524370006e-07
dde = 1.4909806029e-07
Reset re-loads circuit * comparator-offset-mc @ fs_27c_2.97v -- generated by sim/harness, do not edit

Circuit: * comparator-offset-mc @ fs_27c_2.97v -- generated by sim/harness, do not edit

Doing analysis at TEMP = 27.000000 and TNOM = 27.000000

Using SPARSE 1.3 as Direct Linear Solver

No. of Data Rows : 6
voa = 1.7658533358e-03
ddc = -2.526103041e-07
dde = 2.4808396230e-07
Reset re-loads circuit * comparator-offset-mc @ fs_27c_2.97v -- generated by sim/harness, do not edit

Circuit: * comparator-offset-mc @ fs_27c_2.97v -- generated by sim/harness, do not edit

Doing analysis at TEMP = 27.000000 and TNOM = 27.000000

Using SPARSE 1.3 as Direct Linear Solver

No. of Data Rows : 6
voa = -9.112570121e-04
ddc = 2.1835368263e-07
dde = -2.130099192e-07
Reset re-loads circuit * comparator-offset-mc @ fs_27c_2.97v -- generated by sim/harness, do not edit

Circuit: * comparator-offset-mc @ fs_27c_2.97v -- generated by sim/harness, do not edit

Doing analysis at TEMP = 27.000000 and TNOM = 27.000000

Using SPARSE 1.3 as Direct Linear Solver
 Reference value :  0.00000e+00
No. of Data Rows : 6
voa = 4.3099657217e-05
ddc = -3.880350719e-10
dde = 4.6719132533e-10
Reset re-loads circuit * comparator-offset-mc @ fs_27c_2.97v -- generated by sim/harness, do not edit

Circuit: * comparator-offset-mc @ fs_27c_2.97v -- generated by sim/harness, do not edit

Doing analysis at TEMP = 27.000000 and TNOM = 27.000000

Using SPARSE 1.3 as Direct Linear Solver

No. of Data Rows : 6
voa = -2.368153931e-04
ddc = 3.5999515684e-08
dde = -3.531836291e-08
Reset re-loads circuit * comparator-offset-mc @ fs_27c_2.97v -- generated by sim/harness, do not edit

Circuit: * comparator-offset-mc @ fs_27c_2.97v -- generated by sim/harness, do not edit

Doing analysis at TEMP = 27.000000 and TNOM = 27.000000

Using SPARSE 1.3 as Direct Linear Solver

No. of Data Rows : 6
voa = -2.356249204e-03
ddc = 3.8381386433e-07
dde = -3.761742460e-07
Reset re-loads circuit * comparator-offset-mc @ fs_27c_2.97v -- generated by sim/harness, do not edit

Circuit: * comparator-offset-mc @ fs_27c_2.97v -- generated by sim/harness, do not edit

Doing analysis at TEMP = 27.000000 and TNOM = 27.000000

Using SPARSE 1.3 as Direct Linear Solver

No. of Data Rows : 6
voa = 3.7884747347e-04
ddc = -9.763671442e-08
dde = 9.5352634211e-08
Reset re-loads circuit * comparator-offset-mc @ fs_27c_2.97v -- generated by sim/harness, do not edit

Circuit: * comparator-offset-mc @ fs_27c_2.97v -- generated by sim/harness, do not edit

Doing analysis at TEMP = 27.000000 and TNOM = 27.000000

Using SPARSE 1.3 as Direct Linear Solver

No. of Data Rows : 6
voa = 4.7222502859e-04
ddc = -1.057909826e-07
dde = 1.0326436491e-07
Reset re-loads circuit * comparator-offset-mc @ fs_27c_2.97v -- generated by sim/harness, do not edit

Circuit: * comparator-offset-mc @ fs_27c_2.97v -- generated by sim/harness, do not edit

Doing analysis at TEMP = 27.000000 and TNOM = 27.000000

Using SPARSE 1.3 as Direct Linear Solver

No. of Data Rows : 6
voa = -1.901196215e-03
ddc = 3.1452700741e-07
dde = -3.082456230e-07
Reset re-loads circuit * comparator-offset-mc @ fs_27c_2.97v -- generated by sim/harness, do not edit

Circuit: * comparator-offset-mc @ fs_27c_2.97v -- generated by sim/harness, do not edit

Doing analysis at TEMP = 27.000000 and TNOM = 27.000000

Using SPARSE 1.3 as Direct Linear Solver

No. of Data Rows : 6
voa = -2.602621146e-04
ddc = 6.3931660432e-08
dde = -6.239491853e-08
Reset re-loads circuit * comparator-offset-mc @ fs_27c_2.97v -- generated by sim/harness, do not edit

Circuit: * comparator-offset-mc @ fs_27c_2.97v -- generated by sim/harness, do not edit

Doing analysis at TEMP = 27.000000 and TNOM = 27.000000

Using SPARSE 1.3 as Direct Linear Solver

No. of Data Rows : 6
voa = 1.6924713241e-03
ddc = -2.634508958e-07
dde = 2.5835840142e-07
Reset re-loads circuit * comparator-offset-mc @ fs_27c_2.97v -- generated by sim/harness, do not edit

Circuit: * comparator-offset-mc @ fs_27c_2.97v -- generated by sim/harness, do not edit

Doing analysis at TEMP = 27.000000 and TNOM = 27.000000

Using SPARSE 1.3 as Direct Linear Solver

No. of Data Rows : 6
voa = 4.2171384599e-05
ddc = 4.9845305834e-08
dde = -4.810805264e-08
Reset re-loads circuit * comparator-offset-mc @ fs_27c_2.97v -- generated by sim/harness, do not edit

Circuit: * comparator-offset-mc @ fs_27c_2.97v -- generated by sim/harness, do not edit

Doing analysis at TEMP = 27.000000 and TNOM = 27.000000

Using SPARSE 1.3 as Direct Linear Solver
 Reference value :  0.00000e+00
No. of Data Rows : 6
voa = 1.6953637435e-03
ddc = -2.268394060e-07
dde = 2.2301579659e-07
Reset re-loads circuit * comparator-offset-mc @ fs_27c_2.97v -- generated by sim/harness, do not edit

Circuit: * comparator-offset-mc @ fs_27c_2.97v -- generated by sim/harness, do not edit

Doing analysis at TEMP = 27.000000 and TNOM = 27.000000

Using SPARSE 1.3 as Direct Linear Solver

No. of Data Rows : 6
voa = -1.047007368e-04
ddc = 7.6378293223e-08
dde = -7.402396551e-08
Reset re-loads circuit * comparator-offset-mc @ fs_27c_2.97v -- generated by sim/harness, do not edit

Circuit: * comparator-offset-mc @ fs_27c_2.97v -- generated by sim/harness, do not edit

Doing analysis at TEMP = 27.000000 and TNOM = 27.000000

Using SPARSE 1.3 as Direct Linear Solver

No. of Data Rows : 6
voa = 3.2670550629e-03
ddc = -5.214354265e-07
dde = 5.1117916894e-07
Reset re-loads circuit * comparator-offset-mc @ fs_27c_2.97v -- generated by sim/harness, do not edit

Circuit: * comparator-offset-mc @ fs_27c_2.97v -- generated by sim/harness, do not edit

Doing analysis at TEMP = 27.000000 and TNOM = 27.000000

Using SPARSE 1.3 as Direct Linear Solver

No. of Data Rows : 6
voa = 2.1497717870e-03
ddc = -3.218226799e-07
dde = 3.1578371972e-07
Reset re-loads circuit * comparator-offset-mc @ fs_27c_2.97v -- generated by sim/harness, do not edit

Circuit: * comparator-offset-mc @ fs_27c_2.97v -- generated by sim/harness, do not edit

Doing analysis at TEMP = 27.000000 and TNOM = 27.000000

Using SPARSE 1.3 as Direct Linear Solver

No. of Data Rows : 6
voa = 4.9360296177e-04
ddc = -6.268991920e-08
dde = 6.1711418647e-08
Reset re-loads circuit * comparator-offset-mc @ fs_27c_2.97v -- generated by sim/harness, do not edit

Circuit: * comparator-offset-mc @ fs_27c_2.97v -- generated by sim/harness, do not edit

Doing analysis at TEMP = 27.000000 and TNOM = 27.000000

Using SPARSE 1.3 as Direct Linear Solver

No. of Data Rows : 6
voa = 4.7104461010e-04
ddc = -1.153858053e-07
dde = 1.1265275967e-07
Reset re-loads circuit * comparator-offset-mc @ fs_27c_2.97v -- generated by sim/harness, do not edit

Circuit: * comparator-offset-mc @ fs_27c_2.97v -- generated by sim/harness, do not edit

Doing analysis at TEMP = 27.000000 and TNOM = 27.000000

Using SPARSE 1.3 as Direct Linear Solver

No. of Data Rows : 6
voa = -9.457399349e-04
ddc = 1.9197168054e-07
dde = -1.875463030e-07
Reset re-loads circuit * comparator-offset-mc @ fs_27c_2.97v -- generated by sim/harness, do not edit

Circuit: * comparator-offset-mc @ fs_27c_2.97v -- generated by sim/harness, do not edit

Doing analysis at TEMP = 27.000000 and TNOM = 27.000000

Using SPARSE 1.3 as Direct Linear Solver

No. of Data Rows : 6
voa = 1.0307709265e-04
ddc = -7.126432581e-08
dde = 6.9085520768e-08
Reset re-loads circuit * comparator-offset-mc @ fs_27c_2.97v -- generated by sim/harness, do not edit

Circuit: * comparator-offset-mc @ fs_27c_2.97v -- generated by sim/harness, do not edit

Doing analysis at TEMP = 27.000000 and TNOM = 27.000000

Using SPARSE 1.3 as Direct Linear Solver

No. of Data Rows : 6
voa = -1.044223878e-03
ddc = 1.7882214681e-07
dde = -1.751343906e-07
Reset re-loads circuit * comparator-offset-mc @ fs_27c_2.97v -- generated by sim/harness, do not edit

Circuit: * comparator-offset-mc @ fs_27c_2.97v -- generated by sim/harness, do not edit

Doing analysis at TEMP = 27.000000 and TNOM = 27.000000

Using SPARSE 1.3 as Direct Linear Solver

No. of Data Rows : 6
voa = -1.224030947e-03
ddc = 1.6976100773e-07
dde = -1.667409074e-07
Reset re-loads circuit * comparator-offset-mc @ fs_27c_2.97v -- generated by sim/harness, do not edit

Circuit: * comparator-offset-mc @ fs_27c_2.97v -- generated by sim/harness, do not edit

Doing analysis at TEMP = 27.000000 and TNOM = 27.000000

Using SPARSE 1.3 as Direct Linear Solver
 Reference value :  0.00000e+00
No. of Data Rows : 6
voa = -1.476140284e-03
ddc = 1.7745354170e-07
dde = -1.748868983e-07
Reset re-loads circuit * comparator-offset-mc @ fs_27c_2.97v -- generated by sim/harness, do not edit

Circuit: * comparator-offset-mc @ fs_27c_2.97v -- generated by sim/harness, do not edit

Doing analysis at TEMP = 27.000000 and TNOM = 27.000000

Using SPARSE 1.3 as Direct Linear Solver

No. of Data Rows : 6
voa = 1.4217613279e-03
ddc = -2.325876854e-07
dde = 2.2793679808e-07
Reset re-loads circuit * comparator-offset-mc @ fs_27c_2.97v -- generated by sim/harness, do not edit

Circuit: * comparator-offset-mc @ fs_27c_2.97v -- generated by sim/harness, do not edit

Doing analysis at TEMP = 27.000000 and TNOM = 27.000000

Using SPARSE 1.3 as Direct Linear Solver

No. of Data Rows : 6
voa = 1.2739954771e-03
ddc = -1.806497809e-07
dde = 1.7740814444e-07
Reset re-loads circuit * comparator-offset-mc @ fs_27c_2.97v -- generated by sim/harness, do not edit

Circuit: * comparator-offset-mc @ fs_27c_2.97v -- generated by sim/harness, do not edit

Doing analysis at TEMP = 27.000000 and TNOM = 27.000000

Using SPARSE 1.3 as Direct Linear Solver

No. of Data Rows : 6
voa = 4.1590310828e-05
ddc = -1.917531240e-08
dde = 1.8613016313e-08
Reset re-loads circuit * comparator-offset-mc @ fs_27c_2.97v -- generated by sim/harness, do not edit

Circuit: * comparator-offset-mc @ fs_27c_2.97v -- generated by sim/harness, do not edit

Doing analysis at TEMP = 27.000000 and TNOM = 27.000000

Using SPARSE 1.3 as Direct Linear Solver

No. of Data Rows : 6
voa = -1.920691861e-03
ddc = 3.2700410539e-07
dde = -3.203137515e-07
Reset re-loads circuit * comparator-offset-mc @ fs_27c_2.97v -- generated by sim/harness, do not edit

Circuit: * comparator-offset-mc @ fs_27c_2.97v -- generated by sim/harness, do not edit

Doing analysis at TEMP = 27.000000 and TNOM = 27.000000

Using SPARSE 1.3 as Direct Linear Solver

No. of Data Rows : 6
voa = 9.4404428346e-04
ddc = -1.922440508e-07
dde = 1.8796740854e-07
Reset re-loads circuit * comparator-offset-mc @ fs_27c_2.97v -- generated by sim/harness, do not edit

Circuit: * comparator-offset-mc @ fs_27c_2.97v -- generated by sim/harness, do not edit

Doing analysis at TEMP = 27.000000 and TNOM = 27.000000

Using SPARSE 1.3 as Direct Linear Solver

No. of Data Rows : 6
voa = 1.7896974028e-03
ddc = -3.809943080e-07
dde = 3.7183860910e-07
Reset re-loads circuit * comparator-offset-mc @ fs_27c_2.97v -- generated by sim/harness, do not edit

Circuit: * comparator-offset-mc @ fs_27c_2.97v -- generated by sim/harness, do not edit

Doing analysis at TEMP = 27.000000 and TNOM = 27.000000

Using SPARSE 1.3 as Direct Linear Solver

No. of Data Rows : 6
voa = 3.0266332108e-03
ddc = -4.337759008e-07
dde = 4.2598277051e-07
Reset re-loads circuit * comparator-offset-mc @ fs_27c_2.97v -- generated by sim/harness, do not edit

Circuit: * comparator-offset-mc @ fs_27c_2.97v -- generated by sim/harness, do not edit

Doing analysis at TEMP = 27.000000 and TNOM = 27.000000

Using SPARSE 1.3 as Direct Linear Solver

No. of Data Rows : 6
voa = -3.321173890e-03
ddc = 5.2974552038e-07
dde = -5.193202769e-07
Reset re-loads circuit * comparator-offset-mc @ fs_27c_2.97v -- generated by sim/harness, do not edit

Circuit: * comparator-offset-mc @ fs_27c_2.97v -- generated by sim/harness, do not edit

Doing analysis at TEMP = 27.000000 and TNOM = 27.000000

Using SPARSE 1.3 as Direct Linear Solver

No. of Data Rows : 6
voa = -1.424580799e-03
ddc = 2.2241677297e-07
dde = -2.181167107e-07
Reset re-loads circuit * comparator-offset-mc @ fs_27c_2.97v -- generated by sim/harness, do not edit

Circuit: * comparator-offset-mc @ fs_27c_2.97v -- generated by sim/harness, do not edit

Doing analysis at TEMP = 27.000000 and TNOM = 27.000000

Using SPARSE 1.3 as Direct Linear Solver
 Reference value :  0.00000e+00
No. of Data Rows : 6
voa = 7.4033778424e-04
ddc = -1.272464477e-07
dde = 1.2464616261e-07
Reset re-loads circuit * comparator-offset-mc @ fs_27c_2.97v -- generated by sim/harness, do not edit

Circuit: * comparator-offset-mc @ fs_27c_2.97v -- generated by sim/harness, do not edit

Doing analysis at TEMP = 27.000000 and TNOM = 27.000000

Using SPARSE 1.3 as Direct Linear Solver

No. of Data Rows : 6
voa = -1.409437859e-03
ddc = 2.4827935586e-07
dde = -2.430129161e-07
Reset re-loads circuit * comparator-offset-mc @ fs_27c_2.97v -- generated by sim/harness, do not edit

Circuit: * comparator-offset-mc @ fs_27c_2.97v -- generated by sim/harness, do not edit

Doing analysis at TEMP = 27.000000 and TNOM = 27.000000

Using SPARSE 1.3 as Direct Linear Solver

No. of Data Rows : 6
voa = 1.0349365952e-03
ddc = -1.522493487e-07
dde = 1.4938071622e-07
Reset re-loads circuit * comparator-offset-mc @ fs_27c_2.97v -- generated by sim/harness, do not edit

Circuit: * comparator-offset-mc @ fs_27c_2.97v -- generated by sim/harness, do not edit

Doing analysis at TEMP = 27.000000 and TNOM = 27.000000

Using SPARSE 1.3 as Direct Linear Solver

No. of Data Rows : 6
voa = -1.099372725e-03
ddc = 2.1658581835e-07
dde = -2.118081316e-07
Reset re-loads circuit * comparator-offset-mc @ fs_27c_2.97v -- generated by sim/harness, do not edit

Circuit: * comparator-offset-mc @ fs_27c_2.97v -- generated by sim/harness, do not edit

Doing analysis at TEMP = 27.000000 and TNOM = 27.000000

Using SPARSE 1.3 as Direct Linear Solver

No. of Data Rows : 6
voa = 1.3694324747e-04
ddc = -2.341337555e-08
dde = 2.2936450150e-08
Reset re-loads circuit * comparator-offset-mc @ fs_27c_2.97v -- generated by sim/harness, do not edit

Circuit: * comparator-offset-mc @ fs_27c_2.97v -- generated by sim/harness, do not edit

Doing analysis at TEMP = 27.000000 and TNOM = 27.000000

Using SPARSE 1.3 as Direct Linear Solver

No. of Data Rows : 6
voa = -2.081144712e-03
ddc = 3.3988823468e-07
dde = -3.331258299e-07
Reset re-loads circuit * comparator-offset-mc @ fs_27c_2.97v -- generated by sim/harness, do not edit

Circuit: * comparator-offset-mc @ fs_27c_2.97v -- generated by sim/harness, do not edit

Doing analysis at TEMP = 27.000000 and TNOM = 27.000000

Using SPARSE 1.3 as Direct Linear Solver

No. of Data Rows : 6
voa = -4.025343163e-04
ddc = 7.2142971989e-08
dde = -7.062683286e-08
Reset re-loads circuit * comparator-offset-mc @ fs_27c_2.97v -- generated by sim/harness, do not edit

Circuit: * comparator-offset-mc @ fs_27c_2.97v -- generated by sim/harness, do not edit

Doing analysis at TEMP = 27.000000 and TNOM = 27.000000

Using SPARSE 1.3 as Direct Linear Solver

No. of Data Rows : 6
voa = -2.877817952e-03
ddc = 4.2729188327e-07
dde = -4.192582990e-07
Reset re-loads circuit * comparator-offset-mc @ fs_27c_2.97v -- generated by sim/harness, do not edit

Circuit: * comparator-offset-mc @ fs_27c_2.97v -- generated by sim/harness, do not edit

Doing analysis at TEMP = 27.000000 and TNOM = 27.000000

Using SPARSE 1.3 as Direct Linear Solver

No. of Data Rows : 6
voa = 6.3684736972e-05
ddc = -1.546785169e-08
dde = 1.5087978187e-08
Reset re-loads circuit * comparator-offset-mc @ fs_27c_2.97v -- generated by sim/harness, do not edit

Circuit: * comparator-offset-mc @ fs_27c_2.97v -- generated by sim/harness, do not edit

Doing analysis at TEMP = 27.000000 and TNOM = 27.000000

Using SPARSE 1.3 as Direct Linear Solver
 Reference value :  0.00000e+00
No. of Data Rows : 6
voa = -3.342635162e-04
ddc = -2.705640549e-09
dde = 1.8471314701e-09
Reset re-loads circuit * comparator-offset-mc @ fs_27c_2.97v -- generated by sim/harness, do not edit

Circuit: * comparator-offset-mc @ fs_27c_2.97v -- generated by sim/harness, do not edit

Doing analysis at TEMP = 27.000000 and TNOM = 27.000000

Using SPARSE 1.3 as Direct Linear Solver

No. of Data Rows : 6
voa = -4.670512282e-04
ddc = 4.7603683230e-08
dde = -4.712975312e-08
Reset re-loads circuit * comparator-offset-mc @ fs_27c_2.97v -- generated by sim/harness, do not edit

Circuit: * comparator-offset-mc @ fs_27c_2.97v -- generated by sim/harness, do not edit

Doing analysis at TEMP = 27.000000 and TNOM = 27.000000

Using SPARSE 1.3 as Direct Linear Solver

No. of Data Rows : 6
voa = 1.1685954380e-03
ddc = -2.007586466e-07
dde = 1.9661980695e-07
Reset re-loads circuit * comparator-offset-mc @ fs_27c_2.97v -- generated by sim/harness, do not edit

Circuit: * comparator-offset-mc @ fs_27c_2.97v -- generated by sim/harness, do not edit

Doing analysis at TEMP = 27.000000 and TNOM = 27.000000

Using SPARSE 1.3 as Direct Linear Solver

No. of Data Rows : 6
voa = 2.9041670324e-03
ddc = -4.998630246e-07
dde = 4.8980023230e-07
Reset re-loads circuit * comparator-offset-mc @ fs_27c_2.97v -- generated by sim/harness, do not edit

Circuit: * comparator-offset-mc @ fs_27c_2.97v -- generated by sim/harness, do not edit

Doing analysis at TEMP = 27.000000 and TNOM = 27.000000

Using SPARSE 1.3 as Direct Linear Solver

No. of Data Rows : 6
voa = 1.1165327575e-03
ddc = -1.682068757e-07
dde = 1.6502864337e-07
Reset re-loads circuit * comparator-offset-mc @ fs_27c_2.97v -- generated by sim/harness, do not edit

Circuit: * comparator-offset-mc @ fs_27c_2.97v -- generated by sim/harness, do not edit

Doing analysis at TEMP = 27.000000 and TNOM = 27.000000

Using SPARSE 1.3 as Direct Linear Solver

No. of Data Rows : 6
voa = 8.7270159978e-05
ddc = -1.883383974e-08
dde = 1.8405729650e-08
Reset re-loads circuit * comparator-offset-mc @ fs_27c_2.97v -- generated by sim/harness, do not edit

Circuit: * comparator-offset-mc @ fs_27c_2.97v -- generated by sim/harness, do not edit

Doing analysis at TEMP = 27.000000 and TNOM = 27.000000

Using SPARSE 1.3 as Direct Linear Solver

No. of Data Rows : 6
voa = -3.028072443e-04
ddc = 5.9499212956e-08
dde = -5.816993632e-08
Reset re-loads circuit * comparator-offset-mc @ fs_27c_2.97v -- generated by sim/harness, do not edit

Circuit: * comparator-offset-mc @ fs_27c_2.97v -- generated by sim/harness, do not edit

Doing analysis at TEMP = 27.000000 and TNOM = 27.000000

Using SPARSE 1.3 as Direct Linear Solver

No. of Data Rows : 6
voa = -3.022195531e-03
ddc = 5.0605674448e-07
dde = -4.958371075e-07
Reset re-loads circuit * comparator-offset-mc @ fs_27c_2.97v -- generated by sim/harness, do not edit

Circuit: * comparator-offset-mc @ fs_27c_2.97v -- generated by sim/harness, do not edit

Doing analysis at TEMP = 27.000000 and TNOM = 27.000000

Using SPARSE 1.3 as Direct Linear Solver

No. of Data Rows : 6
voa = 1.9029150902e-05
ddc = 9.8562250198e-09
dde = -9.489998759e-09
Reset re-loads circuit * comparator-offset-mc @ fs_27c_2.97v -- generated by sim/harness, do not edit

Circuit: * comparator-offset-mc @ fs_27c_2.97v -- generated by sim/harness, do not edit

Doing analysis at TEMP = 27.000000 and TNOM = 27.000000

Using SPARSE 1.3 as Direct Linear Solver
 Reference value :  0.00000e+00
No. of Data Rows : 6
voa = -4.735641327e-04
ddc = 1.1174312669e-07
dde = -1.092472903e-07
Reset re-loads circuit * comparator-offset-mc @ fs_27c_2.97v -- generated by sim/harness, do not edit

Circuit: * comparator-offset-mc @ fs_27c_2.97v -- generated by sim/harness, do not edit

Doing analysis at TEMP = 27.000000 and TNOM = 27.000000

Using SPARSE 1.3 as Direct Linear Solver

No. of Data Rows : 6
voa = -1.659039694e-03
ddc = 2.7092201719e-07
dde = -2.655258912e-07
Reset re-loads circuit * comparator-offset-mc @ fs_27c_2.97v -- generated by sim/harness, do not edit

Circuit: * comparator-offset-mc @ fs_27c_2.97v -- generated by sim/harness, do not edit

Doing analysis at TEMP = 27.000000 and TNOM = 27.000000

Using SPARSE 1.3 as Direct Linear Solver

No. of Data Rows : 6
voa = 2.1450377878e-03
ddc = -3.995119458e-07
dde = 3.9100952713e-07
Reset re-loads circuit * comparator-offset-mc @ fs_27c_2.97v -- generated by sim/harness, do not edit

Circuit: * comparator-offset-mc @ fs_27c_2.97v -- generated by sim/harness, do not edit

Doing analysis at TEMP = 27.000000 and TNOM = 27.000000

Using SPARSE 1.3 as Direct Linear Solver

No. of Data Rows : 6
voa = -1.208618153e-04
ddc = -4.561514848e-10
dde = 1.4075566683e-10
Reset re-loads circuit * comparator-offset-mc @ fs_27c_2.97v -- generated by sim/harness, do not edit

Circuit: * comparator-offset-mc @ fs_27c_2.97v -- generated by sim/harness, do not edit

Doing analysis at TEMP = 27.000000 and TNOM = 27.000000

Using SPARSE 1.3 as Direct Linear Solver

No. of Data Rows : 6
voa = 5.4055282273e-04
ddc = -1.832869287e-08
dde = 1.8883128534e-08
Reset re-loads circuit * comparator-offset-mc @ fs_27c_2.97v -- generated by sim/harness, do not edit

Circuit: * comparator-offset-mc @ fs_27c_2.97v -- generated by sim/harness, do not edit

Doing analysis at TEMP = 27.000000 and TNOM = 27.000000

Using SPARSE 1.3 as Direct Linear Solver

No. of Data Rows : 6
voa = -9.610662077e-04
ddc = 1.7942455813e-07
dde = -1.756078374e-07
Reset re-loads circuit * comparator-offset-mc @ fs_27c_2.97v -- generated by sim/harness, do not edit

Circuit: * comparator-offset-mc @ fs_27c_2.97v -- generated by sim/harness, do not edit

Doing analysis at TEMP = 27.000000 and TNOM = 27.000000

Using SPARSE 1.3 as Direct Linear Solver

No. of Data Rows : 6
voa = -4.347462643e-04
ddc = 8.3378509936e-09
dde = -8.922470422e-09
Reset re-loads circuit * comparator-offset-mc @ fs_27c_2.97v -- generated by sim/harness, do not edit

Circuit: * comparator-offset-mc @ fs_27c_2.97v -- generated by sim/harness, do not edit

Doing analysis at TEMP = 27.000000 and TNOM = 27.000000

Using SPARSE 1.3 as Direct Linear Solver

No. of Data Rows : 6
voa = 1.4492748805e-03
ddc = -2.495004086e-07
dde = 2.4441476539e-07
Reset re-loads circuit * comparator-offset-mc @ fs_27c_2.97v -- generated by sim/harness, do not edit

Circuit: * comparator-offset-mc @ fs_27c_2.97v -- generated by sim/harness, do not edit

Doing analysis at TEMP = 27.000000 and TNOM = 27.000000

Using SPARSE 1.3 as Direct Linear Solver

No. of Data Rows : 6
voa = -2.272533337e-04
ddc = 3.3683465624e-08
dde = -3.304941680e-08
Reset re-loads circuit * comparator-offset-mc @ fs_27c_2.97v -- generated by sim/harness, do not edit

Circuit: * comparator-offset-mc @ fs_27c_2.97v -- generated by sim/harness, do not edit

Doing analysis at TEMP = 27.000000 and TNOM = 27.000000

Using SPARSE 1.3 as Direct Linear Solver
 Reference value :  0.00000e+00
No. of Data Rows : 6
voa = -2.358831545e-06
ddc = -4.319290361e-08
dde = 4.1928022327e-08
Reset re-loads circuit * comparator-offset-mc @ fs_27c_2.97v -- generated by sim/harness, do not edit

Circuit: * comparator-offset-mc @ fs_27c_2.97v -- generated by sim/harness, do not edit

Doing analysis at TEMP = 27.000000 and TNOM = 27.000000

Using SPARSE 1.3 as Direct Linear Solver

No. of Data Rows : 6
voa = 5.4683961653e-04
ddc = -1.055693030e-07
dde = 1.0318551763e-07
Reset re-loads circuit * comparator-offset-mc @ fs_27c_2.97v -- generated by sim/harness, do not edit

Circuit: * comparator-offset-mc @ fs_27c_2.97v -- generated by sim/harness, do not edit

Doing analysis at TEMP = 27.000000 and TNOM = 27.000000

Using SPARSE 1.3 as Direct Linear Solver

No. of Data Rows : 6
voa = -2.135767595e-03
ddc = 3.7237193931e-07
dde = -3.646656217e-07
Reset re-loads circuit * comparator-offset-mc @ fs_27c_2.97v -- generated by sim/harness, do not edit

Circuit: * comparator-offset-mc @ fs_27c_2.97v -- generated by sim/harness, do not edit

Doing analysis at TEMP = 27.000000 and TNOM = 27.000000

Using SPARSE 1.3 as Direct Linear Solver

No. of Data Rows : 6
voa = -1.572475589e-03
ddc = 2.4764568546e-07
dde = -2.428270086e-07
Reset re-loads circuit * comparator-offset-mc @ fs_27c_2.97v -- generated by sim/harness, do not edit

Circuit: * comparator-offset-mc @ fs_27c_2.97v -- generated by sim/harness, do not edit

Doing analysis at TEMP = 27.000000 and TNOM = 27.000000

Using SPARSE 1.3 as Direct Linear Solver

No. of Data Rows : 6
voa = -5.410674916e-04
ddc = 1.3342731362e-07
dde = -1.302262090e-07
Reset re-loads circuit * comparator-offset-mc @ fs_27c_2.97v -- generated by sim/harness, do not edit

Circuit: * comparator-offset-mc @ fs_27c_2.97v -- generated by sim/harness, do not edit

Doing analysis at TEMP = 27.000000 and TNOM = 27.000000

Using SPARSE 1.3 as Direct Linear Solver

No. of Data Rows : 6
voa = -3.969967382e-03
ddc = 6.6029990507e-07
dde = -6.468236049e-07
Reset re-loads circuit * comparator-offset-mc @ fs_27c_2.97v -- generated by sim/harness, do not edit

Circuit: * comparator-offset-mc @ fs_27c_2.97v -- generated by sim/harness, do not edit

Doing analysis at TEMP = 27.000000 and TNOM = 27.000000

Using SPARSE 1.3 as Direct Linear Solver

No. of Data Rows : 6
voa = -1.121143037e-03
ddc = 1.5660004265e-07
dde = -1.538509590e-07
Reset re-loads circuit * comparator-offset-mc @ fs_27c_2.97v -- generated by sim/harness, do not edit

Circuit: * comparator-offset-mc @ fs_27c_2.97v -- generated by sim/harness, do not edit

Doing analysis at TEMP = 27.000000 and TNOM = 27.000000

Using SPARSE 1.3 as Direct Linear Solver

No. of Data Rows : 6
voa = 1.3582394904e-04
ddc = -6.570510608e-08
dde = 6.3858702262e-08
Reset re-loads circuit * comparator-offset-mc @ fs_27c_2.97v -- generated by sim/harness, do not edit

Circuit: * comparator-offset-mc @ fs_27c_2.97v -- generated by sim/harness, do not edit

Doing analysis at TEMP = 27.000000 and TNOM = 27.000000

Using SPARSE 1.3 as Direct Linear Solver

No. of Data Rows : 6
voa = 8.0611238768e-04
ddc = -1.558567969e-07
dde = 1.5251347034e-07
Reset re-loads circuit * comparator-offset-mc @ fs_27c_2.97v -- generated by sim/harness, do not edit

Circuit: * comparator-offset-mc @ fs_27c_2.97v -- generated by sim/harness, do not edit

Doing analysis at TEMP = 27.000000 and TNOM = 27.000000

Using SPARSE 1.3 as Direct Linear Solver
 Reference value :  0.00000e+00
No. of Data Rows : 6
voa = -2.522913092e-04
ddc = 8.0465416315e-08
dde = -7.846601014e-08
Reset re-loads circuit * comparator-offset-mc @ fs_27c_2.97v -- generated by sim/harness, do not edit

Circuit: * comparator-offset-mc @ fs_27c_2.97v -- generated by sim/harness, do not edit

Doing analysis at TEMP = 27.000000 and TNOM = 27.000000

Using SPARSE 1.3 as Direct Linear Solver

No. of Data Rows : 6
voa = -1.484469929e-03
ddc = 2.3471982940e-07
dde = -2.301302809e-07
Reset re-loads circuit * comparator-offset-mc @ fs_27c_2.97v -- generated by sim/harness, do not edit

Circuit: * comparator-offset-mc @ fs_27c_2.97v -- generated by sim/harness, do not edit

Doing analysis at TEMP = 27.000000 and TNOM = 27.000000

Using SPARSE 1.3 as Direct Linear Solver

No. of Data Rows : 6
voa = 6.9535683424e-04
ddc = -1.505176751e-07
dde = 1.4715035248e-07
Reset re-loads circuit * comparator-offset-mc @ fs_27c_2.97v -- generated by sim/harness, do not edit

Circuit: * comparator-offset-mc @ fs_27c_2.97v -- generated by sim/harness, do not edit

Doing analysis at TEMP = 27.000000 and TNOM = 27.000000

Using SPARSE 1.3 as Direct Linear Solver

No. of Data Rows : 6
voa = -2.233388675e-03
ddc = 2.4586212985e-07
dde = -2.424884538e-07
Reset re-loads circuit * comparator-offset-mc @ fs_27c_2.97v -- generated by sim/harness, do not edit

Circuit: * comparator-offset-mc @ fs_27c_2.97v -- generated by sim/harness, do not edit

Doing analysis at TEMP = 27.000000 and TNOM = 27.000000

Using SPARSE 1.3 as Direct Linear Solver

No. of Data Rows : 6
voa = -2.763218592e-03
ddc = 3.7941296308e-07
dde = -3.728121982e-07
Reset re-loads circuit * comparator-offset-mc @ fs_27c_2.97v -- generated by sim/harness, do not edit

Circuit: * comparator-offset-mc @ fs_27c_2.97v -- generated by sim/harness, do not edit

Doing analysis at TEMP = 27.000000 and TNOM = 27.000000

Using SPARSE 1.3 as Direct Linear Solver

No. of Data Rows : 6
voa = 2.7313584913e-03
ddc = -4.160329620e-07
dde = 4.0800716552e-07
Reset re-loads circuit * comparator-offset-mc @ fs_27c_2.97v -- generated by sim/harness, do not edit

Circuit: * comparator-offset-mc @ fs_27c_2.97v -- generated by sim/harness, do not edit

Doing analysis at TEMP = 27.000000 and TNOM = 27.000000

Using SPARSE 1.3 as Direct Linear Solver

No. of Data Rows : 6
voa = 3.9245153317e-05
ddc = -3.121175591e-09
dde = 3.0896836237e-09
Reset re-loads circuit * comparator-offset-mc @ fs_27c_2.97v -- generated by sim/harness, do not edit

Circuit: * comparator-offset-mc @ fs_27c_2.97v -- generated by sim/harness, do not edit

Doing analysis at TEMP = 27.000000 and TNOM = 27.000000

Using SPARSE 1.3 as Direct Linear Solver

No. of Data Rows : 6
voa = -1.068768587e-03
ddc = 2.1103862183e-07
dde = -2.064115531e-07
Reset re-loads circuit * comparator-offset-mc @ fs_27c_2.97v -- generated by sim/harness, do not edit

Circuit: * comparator-offset-mc @ fs_27c_2.97v -- generated by sim/harness, do not edit

Doing analysis at TEMP = 27.000000 and TNOM = 27.000000

Using SPARSE 1.3 as Direct Linear Solver

No. of Data Rows : 6
voa = -7.045246698e-04
ddc = 7.6860071662e-08
dde = -7.583345179e-08
Reset re-loads circuit * comparator-offset-mc @ fs_27c_2.97v -- generated by sim/harness, do not edit

Circuit: * comparator-offset-mc @ fs_27c_2.97v -- generated by sim/harness, do not edit

Doing analysis at TEMP = 27.000000 and TNOM = 27.000000

Using SPARSE 1.3 as Direct Linear Solver
 Reference value :  2.00000e-03
No. of Data Rows : 6
voa = -1.836839892e-03
ddc = 3.0977464693e-07
dde = -3.035427466e-07
Reset re-loads circuit * comparator-offset-mc @ fs_27c_2.97v -- generated by sim/harness, do not edit

Circuit: * comparator-offset-mc @ fs_27c_2.97v -- generated by sim/harness, do not edit

Doing analysis at TEMP = 27.000000 and TNOM = 27.000000

Using SPARSE 1.3 as Direct Linear Solver

No. of Data Rows : 6
voa = -7.750957688e-04
ddc = 1.0633195216e-07
dde = -1.045383525e-07
m_n_samples = 2.0000000000e+02
m_sig_vos_mv = 1.6335174052e+00
m_vos_3sig_mv = 4.9005522155e+00
m_mean_vos_uv = -5.604566103e+01
m_mean_vos_sem = -4.852138930e-01
m_sig_dvos_dn_uv = 2.6588979534e-01
m_sig_dvos_up_uv = 2.6056762860e-01
m_mean_dvos_dn_uv = 9.3494402695e-03
m_mean_dvos_up_uv = -9.152632014e-03
m_av_mean = 9.5386490074e+00
m_av_sigma_pct = 2.6103356733e+00
m_sig_rpair_uv = 0.0000000000e+00
m_vbias_anchor_mv = 6.8180113956e+02
Note: Simulation executed from .control section 

Note: Starting dynamic gmin stepping
Note: Dynamic gmin stepping completed
Note: Starting dynamic gmin stepping
Note: Dynamic gmin stepping completed
Note: Starting dynamic gmin stepping
Note: Dynamic gmin stepping completed
Note: Starting dynamic gmin stepping
Note: Dynamic gmin stepping completed
Note: Starting dynamic gmin stepping
Note: Dynamic gmin stepping completed
Note: Starting dynamic gmin stepping
Note: Dynamic gmin stepping completed
Note: Starting dynamic gmin stepping
Note: Dynamic gmin stepping completed
Note: Starting dynamic gmin stepping
Note: Dynamic gmin stepping completed
Note: Starting dynamic gmin stepping
Note: Dynamic gmin stepping completed
Note: Starting dynamic gmin stepping
Note: Dynamic gmin stepping completed
Note: Starting dynamic gmin stepping
Note: Dynamic gmin stepping completed
Note: Starting dynamic gmin stepping
Note: Dynamic gmin stepping completed
Note: Starting dynamic gmin stepping
Note: Dynamic gmin stepping completed
Note: Starting dynamic gmin stepping
Note: Dynamic gmin stepping completed
Note: Starting dynamic gmin stepping
Note: Dynamic gmin stepping completed
Note: Starting dynamic gmin stepping
Note: Dynamic gmin stepping completed
Note: Starting dynamic gmin stepping
Note: Dynamic gmin stepping completed
Note: Starting dynamic gmin stepping
Note: Dynamic gmin stepping completed
Note: Starting dynamic gmin stepping
Note: Dynamic gmin stepping completed
Note: Starting dynamic gmin stepping
Note: Dynamic gmin stepping completed
Note: Starting dynamic gmin stepping
Note: Dynamic gmin stepping completed
Note: Starting dynamic gmin stepping
Note: Dynamic gmin stepping completed
Note: Starting dynamic gmin stepping
Note: Dynamic gmin stepping completed
Note: Starting dynamic gmin stepping
Note: Dynamic gmin stepping completed
Note: Starting dynamic gmin stepping
Note: Dynamic gmin stepping completed
Note: Starting dynamic gmin stepping
Note: Dynamic gmin stepping completed
Note: Starting dynamic gmin stepping
Note: Dynamic gmin stepping completed
Note: Starting dynamic gmin stepping
Note: Dynamic gmin stepping completed
Note: Starting dynamic gmin stepping
Note: Dynamic gmin stepping completed
Note: Starting dynamic gmin stepping
Note: Dynamic gmin stepping completed
Note: Starting dynamic gmin stepping
Note: Dynamic gmin stepping completed
Note: Starting dynamic gmin stepping
Note: Dynamic gmin stepping completed
Note: Starting dynamic gmin stepping
Note: Dynamic gmin stepping completed
Note: Starting dynamic gmin stepping
Note: Dynamic gmin stepping completed
Note: Starting dynamic gmin stepping
Note: Dynamic gmin stepping completed
Note: Starting dynamic gmin stepping
Note: Dynamic gmin stepping completed
Note: Starting dynamic gmin stepping
Note: Dynamic gmin stepping completed
Note: Starting dynamic gmin stepping
Note: Dynamic gmin stepping completed
Note: Starting dynamic gmin stepping
Note: Dynamic gmin stepping completed
Note: Starting dynamic gmin stepping
Note: Dynamic gmin stepping completed
Note: Starting dynamic gmin stepping
Note: Dynamic gmin stepping completed
Note: Starting dynamic gmin stepping
Note: Dynamic gmin stepping completed
Note: Starting dynamic gmin stepping
Note: Dynamic gmin stepping completed
Note: Starting dynamic gmin stepping
Note: Dynamic gmin stepping completed
Note: Starting dynamic gmin stepping
Note: Dynamic gmin stepping completed
Note: Starting dynamic gmin stepping
Note: Dynamic gmin stepping completed
Note: Starting dynamic gmin stepping
Note: Dynamic gmin stepping completed
Note: Starting dynamic gmin stepping
Note: Dynamic gmin stepping completed
Note: Starting dynamic gmin stepping
Note: Dynamic gmin stepping completed
Note: Starting dynamic gmin stepping
Note: Dynamic gmin stepping completed
Note: Starting dynamic gmin stepping
Note: Dynamic gmin stepping completed
Note: Starting dynamic gmin stepping
Note: Dynamic gmin stepping completed
Note: Starting dynamic gmin stepping
Note: Dynamic gmin stepping completed
Note: Starting dynamic gmin stepping
Note: Dynamic gmin stepping completed
Note: Starting dynamic gmin stepping
Note: Dynamic gmin stepping completed
Note: Starting dynamic gmin stepping
Note: Dynamic gmin stepping completed
Note: Starting dynamic gmin stepping
Note: Dynamic gmin stepping completed
Note: Starting dynamic gmin stepping
Note: Dynamic gmin stepping completed
Note: Starting dynamic gmin stepping
Note: Dynamic gmin stepping completed
Note: Starting dynamic gmin stepping
Note: Dynamic gmin stepping completed
Note: Starting dynamic gmin stepping
Note: Dynamic gmin stepping completed
Note: Starting dynamic gmin stepping
Note: Dynamic gmin stepping completed
Note: Starting dynamic gmin stepping
Note: Dynamic gmin stepping completed
Note: Starting dynamic gmin stepping
Note: Dynamic gmin stepping completed
Note: Starting dynamic gmin stepping
Note: Dynamic gmin stepping completed
Note: Starting dynamic gmin stepping
Note: Dynamic gmin stepping completed
Note: Starting dynamic gmin stepping
Note: Dynamic gmin stepping completed
Note: Starting dynamic gmin stepping
Note: Dynamic gmin stepping completed
Note: Starting dynamic gmin stepping
Note: Dynamic gmin stepping completed
Note: Starting dynamic gmin stepping
Note: Dynamic gmin stepping completed
Note: Starting dynamic gmin stepping
Note: Dynamic gmin stepping completed
Note: Starting dynamic gmin stepping
Note: Dynamic gmin stepping completed
Note: Starting dynamic gmin stepping
Note: Dynamic gmin stepping completed
Note: Starting dynamic gmin stepping
Note: Dynamic gmin stepping completed
Note: Starting dynamic gmin stepping
Note: Dynamic gmin stepping completed
Note: Starting dynamic gmin stepping
Note: Dynamic gmin stepping completed
Note: Starting dynamic gmin stepping
Note: Dynamic gmin stepping completed
Note: Starting dynamic gmin stepping
Note: Dynamic gmin stepping completed
Note: Starting dynamic gmin stepping
Note: Dynamic gmin stepping completed
Note: Starting dynamic gmin stepping
Note: Dynamic gmin stepping completed
Note: Starting dynamic gmin stepping
Note: Dynamic gmin stepping completed
Note: Starting dynamic gmin stepping
Note: Dynamic gmin stepping completed
Note: Starting dynamic gmin stepping
Note: Dynamic gmin stepping completed
Note: Starting dynamic gmin stepping
Note: Dynamic gmin stepping completed
Note: Starting dynamic gmin stepping
Note: Dynamic gmin stepping completed
Note: Starting dynamic gmin stepping
Note: Dynamic gmin stepping completed
Note: Starting dynamic gmin stepping
Note: Dynamic gmin stepping completed
Note: Starting dynamic gmin stepping
Note: Dynamic gmin stepping completed
Note: Starting dynamic gmin stepping
Note: Dynamic gmin stepping completed
Note: Starting dynamic gmin stepping
Note: Dynamic gmin stepping completed
Note: Starting dynamic gmin stepping
Note: Dynamic gmin stepping completed
Note: Starting dynamic gmin stepping
Note: Dynamic gmin stepping completed
Note: Starting dynamic gmin stepping
Note: Dynamic gmin stepping completed
Note: Starting dynamic gmin stepping
Note: Dynamic gmin stepping completed
Note: Starting dynamic gmin stepping
Note: Dynamic gmin stepping completed
Note: Starting dynamic gmin stepping
Note: Dynamic gmin stepping completed
Note: Starting dynamic gmin stepping
Note: Dynamic gmin stepping completed
Note: Starting dynamic gmin stepping
Note: Dynamic gmin stepping completed
Note: Starting dynamic gmin stepping
Note: Dynamic gmin stepping completed
Note: Starting dynamic gmin stepping
Note: Dynamic gmin stepping completed
Note: Starting dynamic gmin stepping
Note: Dynamic gmin stepping completed
Note: Starting dynamic gmin stepping
Note: Dynamic gmin stepping completed
Note: Starting dynamic gmin stepping
Note: Dynamic gmin stepping completed
Note: Starting dynamic gmin stepping
Note: Dynamic gmin stepping completed
Note: Starting dynamic gmin stepping
Note: Dynamic gmin stepping completed
Note: Starting dynamic gmin stepping
Note: Dynamic gmin stepping completed
Note: Starting dynamic gmin stepping
Note: Dynamic gmin stepping completed
Note: Starting dynamic gmin stepping
Note: Dynamic gmin stepping completed
Note: Starting dynamic gmin stepping
Note: Dynamic gmin stepping completed
Note: Starting dynamic gmin stepping
Note: Dynamic gmin stepping completed
Note: Starting dynamic gmin stepping
Note: Dynamic gmin stepping completed
Note: Starting dynamic gmin stepping
Note: Dynamic gmin stepping completed
Note: Starting dynamic gmin stepping
Note: Dynamic gmin stepping completed
Note: Starting dynamic gmin stepping
Note: Dynamic gmin stepping completed
Note: Starting dynamic gmin stepping
Note: Dynamic gmin stepping completed
Note: Starting dynamic gmin stepping
Note: Dynamic gmin stepping completed
Note: Starting dynamic gmin stepping
Note: Dynamic gmin stepping completed
Note: Starting dynamic gmin stepping
Note: Dynamic gmin stepping completed
Note: Starting dynamic gmin stepping
Note: Dynamic gmin stepping completed
Note: Starting dynamic gmin stepping
Note: Dynamic gmin stepping completed
Note: Starting dynamic gmin stepping
Note: Dynamic gmin stepping completed
Note: Starting dynamic gmin stepping
Note: Dynamic gmin stepping completed
Note: Starting dynamic gmin stepping
Note: Dynamic gmin stepping completed
Note: Starting dynamic gmin stepping
Note: Dynamic gmin stepping completed
Note: Starting dynamic gmin stepping
Note: Dynamic gmin stepping completed
Note: Starting dynamic gmin stepping
Note: Dynamic gmin stepping completed
Note: Starting dynamic gmin stepping
Note: Dynamic gmin stepping completed
Note: Starting dynamic gmin stepping
Note: Dynamic gmin stepping completed
Note: Starting dynamic gmin stepping
Note: Dynamic gmin stepping completed
Note: Starting dynamic gmin stepping
Note: Dynamic gmin stepping completed
Note: Starting dynamic gmin stepping
Note: Dynamic gmin stepping completed
Note: Starting dynamic gmin stepping
Note: Dynamic gmin stepping completed
Note: Starting dynamic gmin stepping
Note: Dynamic gmin stepping completed
Note: Starting dynamic gmin stepping
Note: Dynamic gmin stepping completed
Note: Starting dynamic gmin stepping
Note: Dynamic gmin stepping completed
Note: Starting dynamic gmin stepping
Note: Dynamic gmin stepping completed
Note: Starting dynamic gmin stepping
Note: Dynamic gmin stepping completed
Note: Starting dynamic gmin stepping
Note: Dynamic gmin stepping completed
Note: Starting dynamic gmin stepping
Note: Dynamic gmin stepping completed
Note: Starting dynamic gmin stepping
Note: Dynamic gmin stepping completed
Note: Starting dynamic gmin stepping
Note: Dynamic gmin stepping completed
Note: Starting dynamic gmin stepping
Note: Dynamic gmin stepping completed
Note: Starting dynamic gmin stepping
Note: Dynamic gmin stepping completed
Note: Starting dynamic gmin stepping
Note: Dynamic gmin stepping completed
Note: Starting dynamic gmin stepping
Note: Dynamic gmin stepping completed
Note: Starting dynamic gmin stepping
Note: Dynamic gmin stepping completed
Note: Starting dynamic gmin stepping
Note: Dynamic gmin stepping completed
Note: Starting dynamic gmin stepping
Note: Dynamic gmin stepping completed
Note: Starting dynamic gmin stepping
Note: Dynamic gmin stepping completed
Note: Starting dynamic gmin stepping
Note: Dynamic gmin stepping completed
Note: Starting dynamic gmin stepping
Note: Dynamic gmin stepping completed
Note: Starting dynamic gmin stepping
Note: Dynamic gmin stepping completed
Note: Starting dynamic gmin stepping
Note: Dynamic gmin stepping completed
Note: Starting dynamic gmin stepping
Note: Dynamic gmin stepping completed
Note: Starting dynamic gmin stepping
Note: Dynamic gmin stepping completed
Note: Starting dynamic gmin stepping
Note: Dynamic gmin stepping completed
Note: Starting dynamic gmin stepping
Note: Dynamic gmin stepping completed
Note: Starting dynamic gmin stepping
Note: Dynamic gmin stepping completed
Note: Starting dynamic gmin stepping
Note: Dynamic gmin stepping completed
Note: Starting dynamic gmin stepping
Note: Dynamic gmin stepping completed
Note: Starting dynamic gmin stepping
Note: Dynamic gmin stepping completed
Note: Starting dynamic gmin stepping
Note: Dynamic gmin stepping completed
Note: Starting dynamic gmin stepping
Note: Dynamic gmin stepping completed
Note: Starting dynamic gmin stepping
Note: Dynamic gmin stepping completed
Note: Starting dynamic gmin stepping
Note: Dynamic gmin stepping completed
Note: Starting dynamic gmin stepping
Note: Dynamic gmin stepping completed
Note: Starting dynamic gmin stepping
Note: Dynamic gmin stepping completed
Note: Starting dynamic gmin stepping
Note: Dynamic gmin stepping completed
Note: Starting dynamic gmin stepping
Note: Dynamic gmin stepping completed
Note: Starting dynamic gmin stepping
Note: Dynamic gmin stepping completed
Note: Starting dynamic gmin stepping
Note: Dynamic gmin stepping completed
Note: Starting dynamic gmin stepping
Note: Dynamic gmin stepping completed
Note: Starting dynamic gmin stepping
Note: Dynamic gmin stepping completed
Note: Starting dynamic gmin stepping
Note: Dynamic gmin stepping completed
Note: Starting dynamic gmin stepping
Note: Dynamic gmin stepping completed
Note: Starting dynamic gmin stepping
Note: Dynamic gmin stepping completed
Note: Starting dynamic gmin stepping
Note: Dynamic gmin stepping completed
Note: Starting dynamic gmin stepping
Note: Dynamic gmin stepping completed
Note: Starting dynamic gmin stepping
Note: Dynamic gmin stepping completed
Note: Starting dynamic gmin stepping
Note: Dynamic gmin stepping completed
Note: Starting dynamic gmin stepping
Note: Dynamic gmin stepping completed
Note: Starting dynamic gmin stepping
Note: Dynamic gmin stepping completed
Note: Starting dynamic gmin stepping
Note: Dynamic gmin stepping completed
Note: Starting dynamic gmin stepping
Note: Dynamic gmin stepping completed
Note: Starting dynamic gmin stepping
Note: Dynamic gmin stepping completed
Note: Starting dynamic gmin stepping
Note: Dynamic gmin stepping completed
Note: Starting dynamic gmin stepping
Note: Dynamic gmin stepping completed
Note: Starting dynamic gmin stepping
Note: Dynamic gmin stepping completed
Note: Starting dynamic gmin stepping
Note: Dynamic gmin stepping completed
Note: Starting dynamic gmin stepping
Note: Dynamic gmin stepping completed
Note: Starting dynamic gmin stepping
Note: Dynamic gmin stepping completed
Note: Starting dynamic gmin stepping
Note: Dynamic gmin stepping completed
Note: Starting dynamic gmin stepping
Note: Dynamic gmin stepping completed
Note: Starting dynamic gmin stepping
Note: Dynamic gmin stepping completed
Note: Starting dynamic gmin stepping
Note: Dynamic gmin stepping completed
Note: Starting dynamic gmin stepping
Note: Dynamic gmin stepping completed
Note: Starting dynamic gmin stepping
Note: Dynamic gmin stepping completed
Note: Starting dynamic gmin stepping
Note: Dynamic gmin stepping completed
Note: Starting dynamic gmin stepping
Note: Dynamic gmin stepping completed
Note: Starting dynamic gmin stepping
Note: Dynamic gmin stepping completed
Note: Starting dynamic gmin stepping
Note: Dynamic gmin stepping completed
Note: Starting dynamic gmin stepping
Note: Dynamic gmin stepping completed
Note: Starting dynamic gmin stepping
Note: Dynamic gmin stepping completed
Note: Starting dynamic gmin stepping
Note: Dynamic gmin stepping completed
Note: Starting dynamic gmin stepping
Note: Dynamic gmin stepping completed
Note: Starting dynamic gmin stepping
Note: Dynamic gmin stepping completed
Note: Starting dynamic gmin stepping
Note: Dynamic gmin stepping completed
Note: Starting dynamic gmin stepping
Note: Dynamic gmin stepping completed
Note: Starting dynamic gmin stepping
Note: Dynamic gmin stepping completed
Note: Starting dynamic gmin stepping
Note: Dynamic gmin stepping completed
Note: Starting dynamic gmin stepping
Note: Dynamic gmin stepping completed
Note: Starting dynamic gmin stepping
Note: Dynamic gmin stepping completed
Note: Starting dynamic gmin stepping
Note: Dynamic gmin stepping completed
Note: Starting dynamic gmin stepping
Note: Dynamic gmin stepping completed
Note: Starting dynamic gmin stepping
Note: Dynamic gmin stepping completed
Note: Starting dynamic gmin stepping
Note: Dynamic gmin stepping completed
Note: Starting dynamic gmin stepping
Note: Dynamic gmin stepping completed
Note: Starting dynamic gmin stepping
Note: Dynamic gmin stepping completed
Note: Starting dynamic gmin stepping
Note: Dynamic gmin stepping completed
Note: Starting dynamic gmin stepping
Note: Dynamic gmin stepping completed
Note: Starting dynamic gmin stepping
Note: Dynamic gmin stepping completed
Note: Starting dynamic gmin stepping
Note: Dynamic gmin stepping completed
Note: Starting dynamic gmin stepping
Note: Dynamic gmin stepping completed
Note: Starting dynamic gmin stepping
Note: Dynamic gmin stepping completed
Note: Starting dynamic gmin stepping
Note: Dynamic gmin stepping completed
Note: Starting dynamic gmin stepping
Note: Dynamic gmin stepping completed
Note: Starting dynamic gmin stepping
Note: Dynamic gmin stepping completed
Note: Starting dynamic gmin stepping
Note: Dynamic gmin stepping completed
Note: Starting dynamic gmin stepping
Note: Dynamic gmin stepping completed
Note: Starting dynamic gmin stepping
Note: Dynamic gmin stepping completed
Note: Starting dynamic gmin stepping
Note: Dynamic gmin stepping completed
Note: Starting dynamic gmin stepping
Note: Dynamic gmin stepping completed
Note: Starting dynamic gmin stepping
Note: Dynamic gmin stepping completed
Note: Starting dynamic gmin stepping
Note: Dynamic gmin stepping completed
Note: Starting dynamic gmin stepping
Note: Dynamic gmin stepping completed
Note: Starting dynamic gmin stepping
Note: Dynamic gmin stepping completed
Note: Starting dynamic gmin stepping
Note: Dynamic gmin stepping completed
Note: Starting dynamic gmin stepping
Note: Dynamic gmin stepping completed
Note: Starting dynamic gmin stepping
Note: Dynamic gmin stepping completed
Note: Starting dynamic gmin stepping
Note: Dynamic gmin stepping completed
Note: Starting dynamic gmin stepping
Note: Dynamic gmin stepping completed
Note: Starting dynamic gmin stepping
Note: Dynamic gmin stepping completed
Note: Starting dynamic gmin stepping
Note: Dynamic gmin stepping completed
Note: Starting dynamic gmin stepping
Note: Dynamic gmin stepping completed
Note: Starting dynamic gmin stepping
Note: Dynamic gmin stepping completed
Note: Starting dynamic gmin stepping
Note: Dynamic gmin stepping completed
Note: Starting dynamic gmin stepping
Note: Dynamic gmin stepping completed
Note: Starting dynamic gmin stepping
Note: Dynamic gmin stepping completed
Note: Starting dynamic gmin stepping
Note: Dynamic gmin stepping completed
Note: Starting dynamic gmin stepping
Note: Dynamic gmin stepping completed
Note: Starting dynamic gmin stepping
Note: Dynamic gmin stepping completed
Note: Starting dynamic gmin stepping
Note: Dynamic gmin stepping completed
Note: Starting dynamic gmin stepping
Note: Dynamic gmin stepping completed
Note: Starting dynamic gmin stepping
Note: Dynamic gmin stepping completed
Note: Starting dynamic gmin stepping
Note: Dynamic gmin stepping completed
Note: Starting dynamic gmin stepping
Note: Dynamic gmin stepping completed
Note: Starting dynamic gmin stepping
Note: Dynamic gmin stepping completed
Note: Starting dynamic gmin stepping
Note: Dynamic gmin stepping completed
Note: Starting dynamic gmin stepping
Note: Dynamic gmin stepping completed
Note: Starting dynamic gmin stepping
Note: Dynamic gmin stepping completed
Note: Starting dynamic gmin stepping
Note: Dynamic gmin stepping completed
Note: Starting dynamic gmin stepping
Note: Dynamic gmin stepping completed
Note: Starting dynamic gmin stepping
Note: Dynamic gmin stepping completed
Note: Starting dynamic gmin stepping
Note: Dynamic gmin stepping completed
Note: Starting dynamic gmin stepping
Note: Dynamic gmin stepping completed
Note: Starting dynamic gmin stepping
Note: Dynamic gmin stepping completed
Note: Starting dynamic gmin stepping
Note: Dynamic gmin stepping completed
Note: Starting dynamic gmin stepping
Note: Dynamic gmin stepping completed
Note: Starting dynamic gmin stepping
Note: Dynamic gmin stepping completed
Note: Starting dynamic gmin stepping
Note: Dynamic gmin stepping completed
Note: Starting dynamic gmin stepping
Note: Dynamic gmin stepping completed
Note: Starting dynamic gmin stepping
Note: Dynamic gmin stepping completed
Note: Starting dynamic gmin stepping
Note: Dynamic gmin stepping completed
Note: Starting dynamic gmin stepping
Note: Dynamic gmin stepping completed
Note: Starting dynamic gmin stepping
Note: Dynamic gmin stepping completed
Note: Starting dynamic gmin stepping
Note: Dynamic gmin stepping completed
Note: Starting dynamic gmin stepping
Note: Dynamic gmin stepping completed
Note: Starting dynamic gmin stepping
Note: Dynamic gmin stepping completed
Note: Starting dynamic gmin stepping
Note: Dynamic gmin stepping completed
Note: Starting dynamic gmin stepping
Note: Dynamic gmin stepping completed
Note: Starting dynamic gmin stepping
Note: Dynamic gmin stepping completed
Note: Starting dynamic gmin stepping
Note: Dynamic gmin stepping completed
Note: Starting dynamic gmin stepping
Note: Dynamic gmin stepping completed
Note: Starting dynamic gmin stepping
Note: Dynamic gmin stepping completed
Note: Starting dynamic gmin stepping
Note: Dynamic gmin stepping completed
Note: Starting dynamic gmin stepping
Note: Dynamic gmin stepping completed
Note: Starting dynamic gmin stepping
Note: Dynamic gmin stepping completed
Note: Starting dynamic gmin stepping
Note: Dynamic gmin stepping completed
Note: Starting dynamic gmin stepping
Note: Dynamic gmin stepping completed
Note: Starting dynamic gmin stepping
Note: Dynamic gmin stepping completed
Note: Starting dynamic gmin stepping
Note: Dynamic gmin stepping completed
Note: Starting dynamic gmin stepping
Note: Dynamic gmin stepping completed
Note: Starting dynamic gmin stepping
Note: Dynamic gmin stepping completed
Note: Starting dynamic gmin stepping
Note: Dynamic gmin stepping completed
Note: Starting dynamic gmin stepping
Note: Dynamic gmin stepping completed
Note: Starting dynamic gmin stepping
Note: Dynamic gmin stepping completed
Note: Starting dynamic gmin stepping
Note: Dynamic gmin stepping completed
Note: Starting dynamic gmin stepping
Note: Dynamic gmin stepping completed
Note: Starting dynamic gmin stepping
Note: Dynamic gmin stepping completed
Note: Starting dynamic gmin stepping
Note: Dynamic gmin stepping completed
Note: Starting dynamic gmin stepping
Note: Dynamic gmin stepping completed
Note: Starting dynamic gmin stepping
Note: Dynamic gmin stepping completed
Note: Starting dynamic gmin stepping
Note: Dynamic gmin stepping completed
Note: Starting dynamic gmin stepping
Note: Dynamic gmin stepping completed
Note: Starting dynamic gmin stepping
Note: Dynamic gmin stepping completed
Note: Starting dynamic gmin stepping
Note: Dynamic gmin stepping completed
Note: Starting dynamic gmin stepping
Note: Dynamic gmin stepping completed
Note: Starting dynamic gmin stepping
Note: Dynamic gmin stepping completed
Note: Starting dynamic gmin stepping
Note: Dynamic gmin stepping completed
Note: Starting dynamic gmin stepping
Note: Dynamic gmin stepping completed
Note: Starting dynamic gmin stepping
Note: Dynamic gmin stepping completed
Note: Starting dynamic gmin stepping
Note: Dynamic gmin stepping completed
Note: Starting dynamic gmin stepping
Note: Dynamic gmin stepping completed
Note: Starting dynamic gmin stepping
Note: Dynamic gmin stepping completed
Note: Starting dynamic gmin stepping
Note: Dynamic gmin stepping completed
Note: Starting dynamic gmin stepping
Note: Dynamic gmin stepping completed
Note: Starting dynamic gmin stepping
Note: Dynamic gmin stepping completed
Note: Starting dynamic gmin stepping
Note: Dynamic gmin stepping completed
Note: Starting dynamic gmin stepping
Note: Dynamic gmin stepping completed
Note: Starting dynamic gmin stepping
Note: Dynamic gmin stepping completed
Note: Starting dynamic gmin stepping
Note: Dynamic gmin stepping completed
Note: Starting dynamic gmin stepping
Note: Dynamic gmin stepping completed
Note: Starting dynamic gmin stepping
Note: Dynamic gmin stepping completed
Note: Starting dynamic gmin stepping
Note: Dynamic gmin stepping completed
Note: Starting dynamic gmin stepping
Note: Dynamic gmin stepping completed
Note: Starting dynamic gmin stepping
Note: Dynamic gmin stepping completed
Note: Starting dynamic gmin stepping
Note: Dynamic gmin stepping completed
Note: Starting dynamic gmin stepping
Note: Dynamic gmin stepping completed
Note: Starting dynamic gmin stepping
Note: Dynamic gmin stepping completed
Note: Starting dynamic gmin stepping
Note: Dynamic gmin stepping completed
Note: Starting dynamic gmin stepping
Note: Dynamic gmin stepping completed
Note: Starting dynamic gmin stepping
Note: Dynamic gmin stepping completed
Note: Starting dynamic gmin stepping
Note: Dynamic gmin stepping completed
Note: Starting dynamic gmin stepping
Note: Dynamic gmin stepping completed
Note: Starting dynamic gmin stepping
Note: Dynamic gmin stepping completed
Note: Starting dynamic gmin stepping
Note: Dynamic gmin stepping completed
Note: Starting dynamic gmin stepping
Note: Dynamic gmin stepping completed
Note: Starting dynamic gmin stepping
Note: Dynamic gmin stepping completed
Note: Starting dynamic gmin stepping
Note: Dynamic gmin stepping completed
Note: Starting dynamic gmin stepping
Note: Dynamic gmin stepping completed
Note: Starting dynamic gmin stepping
Note: Dynamic gmin stepping completed
Note: Starting dynamic gmin stepping
Note: Dynamic gmin stepping completed
Note: Starting dynamic gmin stepping
Note: Dynamic gmin stepping completed
Note: Starting dynamic gmin stepping
Note: Dynamic gmin stepping completed
Note: Starting dynamic gmin stepping
Note: Dynamic gmin stepping completed
Note: Starting dynamic gmin stepping
Note: Dynamic gmin stepping completed
Note: Starting dynamic gmin stepping
Note: Dynamic gmin stepping completed
Note: Starting dynamic gmin stepping
Note: Dynamic gmin stepping completed
Note: Starting dynamic gmin stepping
Note: Dynamic gmin stepping completed
Note: Starting dynamic gmin stepping
Note: Dynamic gmin stepping completed
Note: Starting dynamic gmin stepping
Note: Dynamic gmin stepping completed
Note: Starting dynamic gmin stepping
Note: Dynamic gmin stepping completed
Note: Starting dynamic gmin stepping
Note: Dynamic gmin stepping completed
Note: Starting dynamic gmin stepping
Note: Dynamic gmin stepping completed
Note: Starting dynamic gmin stepping
Note: Dynamic gmin stepping completed
Note: Starting dynamic gmin stepping
Note: Dynamic gmin stepping completed
Note: Starting dynamic gmin stepping
Note: Dynamic gmin stepping completed
Note: Starting dynamic gmin stepping
Note: Dynamic gmin stepping completed
Note: Starting dynamic gmin stepping
Note: Dynamic gmin stepping completed
Note: Starting dynamic gmin stepping
Note: Dynamic gmin stepping completed
Note: Starting dynamic gmin stepping
Note: Dynamic gmin stepping completed
Note: Starting dynamic gmin stepping
Note: Dynamic gmin stepping completed
Note: Starting dynamic gmin stepping
Note: Dynamic gmin stepping completed
Note: Starting dynamic gmin stepping
Note: Dynamic gmin stepping completed
Note: Starting dynamic gmin stepping
Note: Dynamic gmin stepping completed
Note: Starting dynamic gmin stepping
Note: Dynamic gmin stepping completed
Note: Starting dynamic gmin stepping
Note: Dynamic gmin stepping completed
Note: Starting dynamic gmin stepping
Note: Dynamic gmin stepping completed
Note: Starting dynamic gmin stepping
Note: Dynamic gmin stepping completed
Note: Starting dynamic gmin stepping
Note: Dynamic gmin stepping completed
Note: Starting dynamic gmin stepping
Note: Dynamic gmin stepping completed
Note: Starting dynamic gmin stepping
Note: Dynamic gmin stepping completed
Note: Starting dynamic gmin stepping
Note: Dynamic gmin stepping completed
Note: Starting dynamic gmin stepping
Note: Dynamic gmin stepping completed
Note: Starting dynamic gmin stepping
Note: Dynamic gmin stepping completed
Note: Starting dynamic gmin stepping
Note: Dynamic gmin stepping completed
Note: Starting dynamic gmin stepping
Note: Dynamic gmin stepping completed
Note: Starting dynamic gmin stepping
Note: Dynamic gmin stepping completed
Note: Starting dynamic gmin stepping
Note: Dynamic gmin stepping completed
Note: Starting dynamic gmin stepping
Note: Dynamic gmin stepping completed
Note: Starting dynamic gmin stepping
Note: Dynamic gmin stepping completed
Note: Starting dynamic gmin stepping
Note: Dynamic gmin stepping completed
Note: Starting dynamic gmin stepping
Note: Dynamic gmin stepping completed
Note: Starting dynamic gmin stepping
Note: Dynamic gmin stepping completed
Note: Starting dynamic gmin stepping
Note: Dynamic gmin stepping completed
Note: Starting dynamic gmin stepping
Note: Dynamic gmin stepping completed
Note: Starting dynamic gmin stepping
Note: Dynamic gmin stepping completed
Note: Starting dynamic gmin stepping
Note: Dynamic gmin stepping completed
Note: Starting dynamic gmin stepping
Note: Dynamic gmin stepping completed
Note: Starting dynamic gmin stepping
Note: Dynamic gmin stepping completed
Note: Starting dynamic gmin stepping
Note: Dynamic gmin stepping completed
Note: Starting dynamic gmin stepping
Note: Dynamic gmin stepping completed
Note: Starting dynamic gmin stepping
Note: Dynamic gmin stepping completed
Note: Starting dynamic gmin stepping
Note: Dynamic gmin stepping completed
Note: Starting dynamic gmin stepping
Note: Dynamic gmin stepping completed
Note: Starting dynamic gmin stepping
Note: Dynamic gmin stepping completed
Note: Starting dynamic gmin stepping
Note: Dynamic gmin stepping completed
Note: Starting dynamic gmin stepping
Note: Dynamic gmin stepping completed
Note: Starting dynamic gmin stepping
Note: Dynamic gmin stepping completed
Note: Starting dynamic gmin stepping
Note: Dynamic gmin stepping completed
Note: Starting dynamic gmin stepping
Note: Dynamic gmin stepping completed
Note: Starting dynamic gmin stepping
Note: Dynamic gmin stepping completed
Note: Starting dynamic gmin stepping
Note: Dynamic gmin stepping completed
Note: Starting dynamic gmin stepping
Note: Dynamic gmin stepping completed
Note: Starting dynamic gmin stepping
Note: Dynamic gmin stepping completed
Note: Starting dynamic gmin stepping
Note: Dynamic gmin stepping completed
Note: Starting dynamic gmin stepping
Note: Dynamic gmin stepping completed
Note: Starting dynamic gmin stepping
Note: Dynamic gmin stepping completed
Note: Starting dynamic gmin stepping
Note: Dynamic gmin stepping completed
Note: Starting dynamic gmin stepping
Note: Dynamic gmin stepping completed
Note: Starting dynamic gmin stepping
Note: Dynamic gmin stepping completed
Note: Starting dynamic gmin stepping
Note: Dynamic gmin stepping completed
Note: Starting dynamic gmin stepping
Note: Dynamic gmin stepping completed
Note: Starting dynamic gmin stepping
Note: Dynamic gmin stepping completed
Note: Starting dynamic gmin stepping
Note: Dynamic gmin stepping completed
Note: Starting dynamic gmin stepping
Note: Dynamic gmin stepping completed
Note: Starting dynamic gmin stepping
Note: Dynamic gmin stepping completed
Note: Starting dynamic gmin stepping
Note: Dynamic gmin stepping completed
Note: Starting dynamic gmin stepping
Note: Dynamic gmin stepping completed
Note: Starting dynamic gmin stepping
Note: Dynamic gmin stepping completed
Note: Starting dynamic gmin stepping
Note: Dynamic gmin stepping completed
Note: Starting dynamic gmin stepping
Note: Dynamic gmin stepping completed
Note: Starting dynamic gmin stepping
Note: Dynamic gmin stepping completed
Note: Starting dynamic gmin stepping
Note: Dynamic gmin stepping completed
Note: Starting dynamic gmin stepping
Note: Dynamic gmin stepping completed
Note: Starting dynamic gmin stepping
Note: Dynamic gmin stepping completed
Note: Starting dynamic gmin stepping
Note: Dynamic gmin stepping completed
Note: Starting dynamic gmin stepping
Note: Dynamic gmin stepping completed
Note: Starting dynamic gmin stepping
Note: Dynamic gmin stepping completed
Note: Starting dynamic gmin stepping
Note: Dynamic gmin stepping completed
Note: Starting dynamic gmin stepping
Note: Dynamic gmin stepping completed
Note: Starting dynamic gmin stepping
Note: Dynamic gmin stepping completed
Note: Starting dynamic gmin stepping
Note: Dynamic gmin stepping completed
Note: Starting dynamic gmin stepping
Note: Dynamic gmin stepping completed
Note: Starting dynamic gmin stepping
Note: Dynamic gmin stepping completed
Note: Starting dynamic gmin stepping
Note: Dynamic gmin stepping completed
Note: Starting dynamic gmin stepping
Note: Dynamic gmin stepping completed
Note: Starting dynamic gmin stepping
Note: Dynamic gmin stepping completed
Note: Starting dynamic gmin stepping
Note: Dynamic gmin stepping completed
Note: Starting dynamic gmin stepping
Note: Dynamic gmin stepping completed
Note: Starting dynamic gmin stepping
Note: Dynamic gmin stepping completed
Note: Starting dynamic gmin stepping
Note: Dynamic gmin stepping completed
Note: Starting dynamic gmin stepping
Note: Dynamic gmin stepping completed
Note: Starting dynamic gmin stepping
Note: Dynamic gmin stepping completed
Note: Starting dynamic gmin stepping
Note: Dynamic gmin stepping completed
Note: Starting dynamic gmin stepping
Note: Dynamic gmin stepping completed
Note: Starting dynamic gmin stepping
Note: Dynamic gmin stepping completed
Note: Starting dynamic gmin stepping
Note: Dynamic gmin stepping completed
Note: Starting dynamic gmin stepping
Note: Dynamic gmin stepping completed
Note: Starting dynamic gmin stepping
Note: Dynamic gmin stepping completed
Note: Starting dynamic gmin stepping
Note: Dynamic gmin stepping completed
Note: Starting dynamic gmin stepping
Note: Dynamic gmin stepping completed
Note: Starting dynamic gmin stepping
Note: Dynamic gmin stepping completed
Note: Starting dynamic gmin stepping
Note: Dynamic gmin stepping completed
Note: Starting dynamic gmin stepping
Note: Dynamic gmin stepping completed
Note: Starting dynamic gmin stepping
Note: Dynamic gmin stepping completed
Note: Starting dynamic gmin stepping
Note: Dynamic gmin stepping completed
Note: Starting dynamic gmin stepping
Note: Dynamic gmin stepping completed
Note: Starting dynamic gmin stepping
Note: Dynamic gmin stepping completed
Note: Starting dynamic gmin stepping
Note: Dynamic gmin stepping completed
Note: Starting dynamic gmin stepping
Note: Dynamic gmin stepping completed
Note: Starting dynamic gmin stepping
Note: Dynamic gmin stepping completed
Note: Starting dynamic gmin stepping
Note: Dynamic gmin stepping completed
Note: Starting dynamic gmin stepping
Note: Dynamic gmin stepping completed
Note: Starting dynamic gmin stepping
Note: Dynamic gmin stepping completed
Note: Starting dynamic gmin stepping
Note: Dynamic gmin stepping completed
Note: Starting dynamic gmin stepping
Note: Dynamic gmin stepping completed
Note: Starting dynamic gmin stepping
Note: Dynamic gmin stepping completed
Note: Starting dynamic gmin stepping
Note: Dynamic gmin stepping completed
Note: Starting dynamic gmin stepping
Note: Dynamic gmin stepping completed
Note: Starting dynamic gmin stepping
Note: Dynamic gmin stepping completed
Note: Starting dynamic gmin stepping
Note: Dynamic gmin stepping completed
Note: Starting dynamic gmin stepping
Note: Dynamic gmin stepping completed
Note: Starting dynamic gmin stepping
Note: Dynamic gmin stepping completed
Note: Starting dynamic gmin stepping
Note: Dynamic gmin stepping completed
Note: Starting dynamic gmin stepping
Note: Dynamic gmin stepping completed
Note: Starting dynamic gmin stepping
Note: Dynamic gmin stepping completed
Note: Starting dynamic gmin stepping
Note: Dynamic gmin stepping completed
Note: Starting dynamic gmin stepping
Note: Dynamic gmin stepping completed
Note: Starting dynamic gmin stepping
Note: Dynamic gmin stepping completed
Note: Starting dynamic gmin stepping
Note: Dynamic gmin stepping completed
Note: Starting dynamic gmin stepping
Note: Dynamic gmin stepping completed
Note: Starting dynamic gmin stepping
Note: Dynamic gmin stepping completed
Note: Starting dynamic gmin stepping
Note: Dynamic gmin stepping completed
Note: Starting dynamic gmin stepping
Note: Dynamic gmin stepping completed
Note: Starting dynamic gmin stepping
Note: Dynamic gmin stepping completed
Note: Starting dynamic gmin stepping
Note: Dynamic gmin stepping completed
Note: Starting dynamic gmin stepping
Note: Dynamic gmin stepping completed
Note: Starting dynamic gmin stepping
Note: Dynamic gmin stepping completed
Note: Starting dynamic gmin stepping
Note: Dynamic gmin stepping completed
Note: Starting dynamic gmin stepping
Note: Dynamic gmin stepping completed
Note: Starting dynamic gmin stepping
Note: Dynamic gmin stepping completed
Note: Starting dynamic gmin stepping
Note: Dynamic gmin stepping completed
Note: Starting dynamic gmin stepping
Note: Dynamic gmin stepping completed
Note: Starting dynamic gmin stepping
Note: Dynamic gmin stepping completed
Note: Starting dynamic gmin stepping
Note: Dynamic gmin stepping completed
Note: Starting dynamic gmin stepping
Note: Dynamic gmin stepping completed
Note: Starting dynamic gmin stepping
Note: Dynamic gmin stepping completed
Note: Starting dynamic gmin stepping
Note: Dynamic gmin stepping completed
Note: Starting dynamic gmin stepping
Note: Dynamic gmin stepping completed
Note: Starting dynamic gmin stepping
Note: Dynamic gmin stepping completed
Note: Starting dynamic gmin stepping
Note: Dynamic gmin stepping completed
Note: Starting dynamic gmin stepping
Note: Dynamic gmin stepping completed
Note: Starting dynamic gmin stepping
Note: Dynamic gmin stepping completed
Note: Starting dynamic gmin stepping
Note: Dynamic gmin stepping completed
Note: Starting dynamic gmin stepping
Note: Dynamic gmin stepping completed
Note: Starting dynamic gmin stepping
Note: Dynamic gmin stepping completed
Note: Starting dynamic gmin stepping
Note: Dynamic gmin stepping completed
Note: Starting dynamic gmin stepping
Note: Dynamic gmin stepping completed
Note: Starting dynamic gmin stepping
Note: Dynamic gmin stepping completed
Note: Starting dynamic gmin stepping
Note: Dynamic gmin stepping completed
Note: Starting dynamic gmin stepping
Note: Dynamic gmin stepping completed
Note: Starting dynamic gmin stepping
Note: Dynamic gmin stepping completed
Note: Starting dynamic gmin stepping
Note: Dynamic gmin stepping completed
Note: Starting dynamic gmin stepping
Note: Dynamic gmin stepping completed
Note: Starting dynamic gmin stepping
Note: Dynamic gmin stepping completed
Note: Starting dynamic gmin stepping
Note: Dynamic gmin stepping completed
Note: Starting dynamic gmin stepping
Note: Dynamic gmin stepping completed
Note: Starting dynamic gmin stepping
Note: Dynamic gmin stepping completed
Note: Starting dynamic gmin stepping
Note: Dynamic gmin stepping completed
Note: Starting dynamic gmin stepping
Note: Dynamic gmin stepping completed
Note: Starting dynamic gmin stepping
Note: Dynamic gmin stepping completed
Note: Starting dynamic gmin stepping
Note: Dynamic gmin stepping completed
Note: Starting dynamic gmin stepping
Note: Dynamic gmin stepping completed
Note: Starting dynamic gmin stepping
Note: Dynamic gmin stepping completed
Note: Starting dynamic gmin stepping
Note: Dynamic gmin stepping completed
Note: Starting dynamic gmin stepping
Note: Dynamic gmin stepping completed
Note: Starting dynamic gmin stepping
Note: Dynamic gmin stepping completed
Note: Starting dynamic gmin stepping
Note: Dynamic gmin stepping completed
Note: Starting dynamic gmin stepping
Note: Dynamic gmin stepping completed
Note: Starting dynamic gmin stepping
Note: Dynamic gmin stepping completed
Note: Starting dynamic gmin stepping
Note: Dynamic gmin stepping completed
Note: Starting dynamic gmin stepping
Note: Dynamic gmin stepping completed
Note: Starting dynamic gmin stepping
Note: Dynamic gmin stepping completed
Note: Starting dynamic gmin stepping
Note: Dynamic gmin stepping completed
Note: Starting dynamic gmin stepping
Note: Dynamic gmin stepping completed
Note: Starting dynamic gmin stepping
Note: Dynamic gmin stepping completed
Note: Starting dynamic gmin stepping
Note: Dynamic gmin stepping completed
Note: Starting dynamic gmin stepping
Note: Dynamic gmin stepping completed
Note: Starting dynamic gmin stepping
Note: Dynamic gmin stepping completed
Note: Starting dynamic gmin stepping
Note: Dynamic gmin stepping completed
Note: Starting dynamic gmin stepping
Note: Dynamic gmin stepping completed
Note: Starting dynamic gmin stepping
Note: Dynamic gmin stepping completed
Note: Starting dynamic gmin stepping
Note: Dynamic gmin stepping completed
Note: Starting dynamic gmin stepping
Note: Dynamic gmin stepping completed
Note: Starting dynamic gmin stepping
Note: Dynamic gmin stepping completed
Note: Starting dynamic gmin stepping
Note: Dynamic gmin stepping completed
Note: Starting dynamic gmin stepping
Note: Dynamic gmin stepping completed
Note: Starting dynamic gmin stepping
Note: Dynamic gmin stepping completed
Note: Starting dynamic gmin stepping
Note: Dynamic gmin stepping completed
Note: Starting dynamic gmin stepping
Note: Dynamic gmin stepping completed
Note: Starting dynamic gmin stepping
Note: Dynamic gmin stepping completed
Note: Starting dynamic gmin stepping
Note: Dynamic gmin stepping completed
Note: Starting dynamic gmin stepping
Note: Dynamic gmin stepping completed
Note: Starting dynamic gmin stepping
Note: Dynamic gmin stepping completed
Note: Starting dynamic gmin stepping
Note: Dynamic gmin stepping completed
Note: Starting dynamic gmin stepping
Note: Dynamic gmin stepping completed
Note: Starting dynamic gmin stepping
Note: Dynamic gmin stepping completed
Note: Starting dynamic gmin stepping
Note: Dynamic gmin stepping completed
Note: Starting dynamic gmin stepping
Note: Dynamic gmin stepping completed
Note: Starting dynamic gmin stepping
Note: Dynamic gmin stepping completed
Note: Starting dynamic gmin stepping
Note: Dynamic gmin stepping completed
Note: Starting dynamic gmin stepping
Note: Dynamic gmin stepping completed
Note: Starting dynamic gmin stepping
Note: Dynamic gmin stepping completed
Note: Starting dynamic gmin stepping
Note: Dynamic gmin stepping completed
Note: Starting dynamic gmin stepping
Note: Dynamic gmin stepping completed
Note: Starting dynamic gmin stepping
Note: Dynamic gmin stepping completed
Note: Starting dynamic gmin stepping
Note: Dynamic gmin stepping completed
Note: Starting dynamic gmin stepping
Note: Dynamic gmin stepping completed
Note: Starting dynamic gmin stepping
Note: Dynamic gmin stepping completed
Note: Starting dynamic gmin stepping
Note: Dynamic gmin stepping completed
Note: Starting dynamic gmin stepping
Note: Dynamic gmin stepping completed
Note: Starting dynamic gmin stepping
Note: Dynamic gmin stepping completed
Note: Starting dynamic gmin stepping
Note: Dynamic gmin stepping completed
Note: Starting dynamic gmin stepping
Note: Dynamic gmin stepping completed
Note: Starting dynamic gmin stepping
Note: Dynamic gmin stepping completed
Note: Starting dynamic gmin stepping
Note: Dynamic gmin stepping completed
Note: Starting dynamic gmin stepping
Note: Dynamic gmin stepping completed
Note: Starting dynamic gmin stepping
Note: Dynamic gmin stepping completed
Note: Starting dynamic gmin stepping
Note: Dynamic gmin stepping completed
Note: Starting dynamic gmin stepping
Note: Dynamic gmin stepping completed
Note: Starting dynamic gmin stepping
Note: Dynamic gmin stepping completed
Note: Starting dynamic gmin stepping
Note: Dynamic gmin stepping completed
Note: Starting dynamic gmin stepping
Note: Dynamic gmin stepping completed
Note: Starting dynamic gmin stepping
Note: Dynamic gmin stepping completed
Note: Starting dynamic gmin stepping
Note: Dynamic gmin stepping completed
Note: Starting dynamic gmin stepping
Note: Dynamic gmin stepping completed
Note: Starting dynamic gmin stepping
Note: Dynamic gmin stepping completed
Note: Starting dynamic gmin stepping
Note: Dynamic gmin stepping completed
Note: Starting dynamic gmin stepping
Note: Dynamic gmin stepping completed
Note: Starting dynamic gmin stepping
Note: Dynamic gmin stepping completed
Note: Starting dynamic gmin stepping
Note: Dynamic gmin stepping completed
Note: Starting dynamic gmin stepping
Note: Dynamic gmin stepping completed
Note: Starting dynamic gmin stepping
Note: Dynamic gmin stepping completed
Note: Starting dynamic gmin stepping
Note: Dynamic gmin stepping completed
Note: Starting dynamic gmin stepping
Note: Dynamic gmin stepping completed
Note: Starting dynamic gmin stepping
Note: Dynamic gmin stepping completed
Note: Starting dynamic gmin stepping
Note: Dynamic gmin stepping completed
Note: Starting dynamic gmin stepping
Note: Dynamic gmin stepping completed
Note: Starting dynamic gmin stepping
Note: Dynamic gmin stepping completed
