
Note: No compatibility mode selected!


Circuit: * comparator-offset-mc @ fs_27c_3.30v -- generated by sim/harness, do not edit

Reset re-loads circuit * comparator-offset-mc @ fs_27c_3.30v -- generated by sim/harness, do not edit

Circuit: * comparator-offset-mc @ fs_27c_3.30v -- generated by sim/harness, do not edit

Doing analysis at TEMP = 27.000000 and TNOM = 27.000000

Using SPARSE 1.3 as Direct Linear Solver

No. of Data Rows : 6
voa = 1.4726841007e-03
ddc = -2.979368551e-07
dde = 2.9123196022e-07
Reset re-loads circuit * comparator-offset-mc @ fs_27c_3.30v -- generated by sim/harness, do not edit

Circuit: * comparator-offset-mc @ fs_27c_3.30v -- generated by sim/harness, do not edit

Doing analysis at TEMP = 27.000000 and TNOM = 27.000000

Using SPARSE 1.3 as Direct Linear Solver

No. of Data Rows : 6
voa = 1.4302176347e-03
ddc = -2.205299617e-07
dde = 2.1631131217e-07
Reset re-loads circuit * comparator-offset-mc @ fs_27c_3.30v -- generated by sim/harness, do not edit

Circuit: * comparator-offset-mc @ fs_27c_3.30v -- generated by sim/harness, do not edit

Doing analysis at TEMP = 27.000000 and TNOM = 27.000000

Using SPARSE 1.3 as Direct Linear Solver

No. of Data Rows : 6
voa = -1.008173654e-03
ddc = 1.4892277306e-07
dde = -1.461549972e-07
Reset re-loads circuit * comparator-offset-mc @ fs_27c_3.30v -- generated by sim/harness, do not edit

Circuit: * comparator-offset-mc @ fs_27c_3.30v -- generated by sim/harness, do not edit

Doing analysis at TEMP = 27.000000 and TNOM = 27.000000

Using SPARSE 1.3 as Direct Linear Solver

No. of Data Rows : 6
voa = 2.7961966315e-04
ddc = -5.220902691e-08
dde = 5.1102779952e-08
Reset re-loads circuit * comparator-offset-mc @ fs_27c_3.30v -- generated by sim/harness, do not edit

Circuit: * comparator-offset-mc @ fs_27c_3.30v -- generated by sim/harness, do not edit

Doing analysis at TEMP = 27.000000 and TNOM = 27.000000

Using SPARSE 1.3 as Direct Linear Solver

No. of Data Rows : 6
voa = -4.300061249e-04
ddc = 7.1026990312e-08
dde = -6.959211613e-08
Reset re-loads circuit * comparator-offset-mc @ fs_27c_3.30v -- generated by sim/harness, do not edit

Circuit: * comparator-offset-mc @ fs_27c_3.30v -- generated by sim/harness, do not edit

Doing analysis at TEMP = 27.000000 and TNOM = 27.000000

Using SPARSE 1.3 as Direct Linear Solver

No. of Data Rows : 6
voa = 1.8463728637e-03
ddc = -2.743086124e-07
dde = 2.6921603737e-07
Reset re-loads circuit * comparator-offset-mc @ fs_27c_3.30v -- generated by sim/harness, do not edit

Circuit: * comparator-offset-mc @ fs_27c_3.30v -- generated by sim/harness, do not edit

Doing analysis at TEMP = 27.000000 and TNOM = 27.000000

Using SPARSE 1.3 as Direct Linear Solver

No. of Data Rows : 6
voa = 1.8647999184e-03
ddc = -2.891380940e-07
dde = 2.8357189225e-07
Reset re-loads circuit * comparator-offset-mc @ fs_27c_3.30v -- generated by sim/harness, do not edit

Circuit: * comparator-offset-mc @ fs_27c_3.30v -- generated by sim/harness, do not edit

Doing analysis at TEMP = 27.000000 and TNOM = 27.000000

Using SPARSE 1.3 as Direct Linear Solver

No. of Data Rows : 6
voa = -1.461155251e-04
ddc = 4.1366349668e-08
dde = -4.030451164e-08
Reset re-loads circuit * comparator-offset-mc @ fs_27c_3.30v -- generated by sim/harness, do not edit

Circuit: * comparator-offset-mc @ fs_27c_3.30v -- generated by sim/harness, do not edit

Doing analysis at TEMP = 27.000000 and TNOM = 27.000000

Using SPARSE 1.3 as Direct Linear Solver

No. of Data Rows : 6
voa = 1.2741389000e-03
ddc = -1.454333052e-07
dde = 1.4351402175e-07
Reset re-loads circuit * comparator-offset-mc @ fs_27c_3.30v -- generated by sim/harness, do not edit

Circuit: * comparator-offset-mc @ fs_27c_3.30v -- generated by sim/harness, do not edit

Doing analysis at TEMP = 27.000000 and TNOM = 27.000000

Using SPARSE 1.3 as Direct Linear Solver
 Reference value :  0.00000e+00
No. of Data Rows : 6
voa = -6.981409855e-04
ddc = 6.4507159537e-08
dde = -6.388067122e-08
Reset re-loads circuit * comparator-offset-mc @ fs_27c_3.30v -- generated by sim/harness, do not edit

Circuit: * comparator-offset-mc @ fs_27c_3.30v -- generated by sim/harness, do not edit

Doing analysis at TEMP = 27.000000 and TNOM = 27.000000

Using SPARSE 1.3 as Direct Linear Solver

No. of Data Rows : 6
voa = -3.545747890e-03
ddc = 5.9562136261e-07
dde = -5.834992558e-07
Reset re-loads circuit * comparator-offset-mc @ fs_27c_3.30v -- generated by sim/harness, do not edit

Circuit: * comparator-offset-mc @ fs_27c_3.30v -- generated by sim/harness, do not edit

Doing analysis at TEMP = 27.000000 and TNOM = 27.000000

Using SPARSE 1.3 as Direct Linear Solver

No. of Data Rows : 6
voa = -7.010530196e-04
ddc = 1.4381455557e-07
dde = -1.405395649e-07
Reset re-loads circuit * comparator-offset-mc @ fs_27c_3.30v -- generated by sim/harness, do not edit

Circuit: * comparator-offset-mc @ fs_27c_3.30v -- generated by sim/harness, do not edit

Doing analysis at TEMP = 27.000000 and TNOM = 27.000000

Using SPARSE 1.3 as Direct Linear Solver

No. of Data Rows : 6
voa = -5.766534161e-04
ddc = 1.1385942111e-07
dde = -1.113588013e-07
Reset re-loads circuit * comparator-offset-mc @ fs_27c_3.30v -- generated by sim/harness, do not edit

Circuit: * comparator-offset-mc @ fs_27c_3.30v -- generated by sim/harness, do not edit

Doing analysis at TEMP = 27.000000 and TNOM = 27.000000

Using SPARSE 1.3 as Direct Linear Solver

No. of Data Rows : 6
voa = -3.380240366e-04
ddc = 6.1150545559e-08
dde = -5.989289705e-08
Reset re-loads circuit * comparator-offset-mc @ fs_27c_3.30v -- generated by sim/harness, do not edit

Circuit: * comparator-offset-mc @ fs_27c_3.30v -- generated by sim/harness, do not edit

Doing analysis at TEMP = 27.000000 and TNOM = 27.000000

Using SPARSE 1.3 as Direct Linear Solver

No. of Data Rows : 6
voa = 3.4228406886e-03
ddc = -6.595252439e-07
dde = 6.4505330621e-07
Reset re-loads circuit * comparator-offset-mc @ fs_27c_3.30v -- generated by sim/harness, do not edit

Circuit: * comparator-offset-mc @ fs_27c_3.30v -- generated by sim/harness, do not edit

Doing analysis at TEMP = 27.000000 and TNOM = 27.000000

Using SPARSE 1.3 as Direct Linear Solver

No. of Data Rows : 6
voa = -5.841562883e-04
ddc = 1.1764359424e-07
dde = -1.149436823e-07
Reset re-loads circuit * comparator-offset-mc @ fs_27c_3.30v -- generated by sim/harness, do not edit

Circuit: * comparator-offset-mc @ fs_27c_3.30v -- generated by sim/harness, do not edit

Doing analysis at TEMP = 27.000000 and TNOM = 27.000000

Using SPARSE 1.3 as Direct Linear Solver

No. of Data Rows : 6
voa = -1.311415916e-03
ddc = 2.5686791576e-07
dde = -2.512343568e-07
Reset re-loads circuit * comparator-offset-mc @ fs_27c_3.30v -- generated by sim/harness, do not edit

Circuit: * comparator-offset-mc @ fs_27c_3.30v -- generated by sim/harness, do not edit

Doing analysis at TEMP = 27.000000 and TNOM = 27.000000

Using SPARSE 1.3 as Direct Linear Solver

No. of Data Rows : 6
voa = 5.2479145114e-04
ddc = -1.016616576e-07
dde = 9.9452974511e-08
Reset re-loads circuit * comparator-offset-mc @ fs_27c_3.30v -- generated by sim/harness, do not edit

Circuit: * comparator-offset-mc @ fs_27c_3.30v -- generated by sim/harness, do not edit

Doing analysis at TEMP = 27.000000 and TNOM = 27.000000

Using SPARSE 1.3 as Direct Linear Solver

No. of Data Rows : 6
voa = -1.802742007e-03
ddc = 3.3925628319e-07
dde = -3.319796600e-07
Reset re-loads circuit * comparator-offset-mc @ fs_27c_3.30v -- generated by sim/harness, do not edit

Circuit: * comparator-offset-mc @ fs_27c_3.30v -- generated by sim/harness, do not edit

Doing analysis at TEMP = 27.000000 and TNOM = 27.000000

Using SPARSE 1.3 as Direct Linear Solver

No. of Data Rows : 6
voa = -1.467543707e-03
ddc = 2.3637493479e-07
dde = -2.317037318e-07
Reset re-loads circuit * comparator-offset-mc @ fs_27c_3.30v -- generated by sim/harness, do not edit

Circuit: * comparator-offset-mc @ fs_27c_3.30v -- generated by sim/harness, do not edit

Doing analysis at TEMP = 27.000000 and TNOM = 27.000000

Using SPARSE 1.3 as Direct Linear Solver
 Reference value :  0.00000e+00
No. of Data Rows : 6
voa = -2.194752029e-03
ddc = 3.1898268325e-07
dde = -3.130863688e-07
Reset re-loads circuit * comparator-offset-mc @ fs_27c_3.30v -- generated by sim/harness, do not edit

Circuit: * comparator-offset-mc @ fs_27c_3.30v -- generated by sim/harness, do not edit

Doing analysis at TEMP = 27.000000 and TNOM = 27.000000

Using SPARSE 1.3 as Direct Linear Solver

No. of Data Rows : 6
voa = -1.548606724e-03
ddc = 2.6024336279e-07
dde = -2.549761424e-07
Reset re-loads circuit * comparator-offset-mc @ fs_27c_3.30v -- generated by sim/harness, do not edit

Circuit: * comparator-offset-mc @ fs_27c_3.30v -- generated by sim/harness, do not edit

Doing analysis at TEMP = 27.000000 and TNOM = 27.000000

Using SPARSE 1.3 as Direct Linear Solver

No. of Data Rows : 6
voa = 1.5117201014e-03
ddc = -1.881667924e-07
dde = 1.8509910969e-07
Reset re-loads circuit * comparator-offset-mc @ fs_27c_3.30v -- generated by sim/harness, do not edit

Circuit: * comparator-offset-mc @ fs_27c_3.30v -- generated by sim/harness, do not edit

Doing analysis at TEMP = 27.000000 and TNOM = 27.000000

Using SPARSE 1.3 as Direct Linear Solver

No. of Data Rows : 6
voa = 1.0167496621e-03
ddc = -1.876979884e-07
dde = 1.8374437253e-07
Reset re-loads circuit * comparator-offset-mc @ fs_27c_3.30v -- generated by sim/harness, do not edit

Circuit: * comparator-offset-mc @ fs_27c_3.30v -- generated by sim/harness, do not edit

Doing analysis at TEMP = 27.000000 and TNOM = 27.000000

Using SPARSE 1.3 as Direct Linear Solver

No. of Data Rows : 6
voa = -1.437226753e-03
ddc = 2.5697731725e-07
dde = -2.515223059e-07
Reset re-loads circuit * comparator-offset-mc @ fs_27c_3.30v -- generated by sim/harness, do not edit

Circuit: * comparator-offset-mc @ fs_27c_3.30v -- generated by sim/harness, do not edit

Doing analysis at TEMP = 27.000000 and TNOM = 27.000000

Using SPARSE 1.3 as Direct Linear Solver

No. of Data Rows : 6
voa = 8.4738382848e-04
ddc = -1.229293922e-07
dde = 1.0166203157e-07
Reset re-loads circuit * comparator-offset-mc @ fs_27c_3.30v -- generated by sim/harness, do not edit

Circuit: * comparator-offset-mc @ fs_27c_3.30v -- generated by sim/harness, do not edit

Doing analysis at TEMP = 27.000000 and TNOM = 27.000000

Using SPARSE 1.3 as Direct Linear Solver

No. of Data Rows : 6
voa = 9.3559696250e-04
ddc = -8.438272798e-08
dde = 8.3653390544e-08
Reset re-loads circuit * comparator-offset-mc @ fs_27c_3.30v -- generated by sim/harness, do not edit

Circuit: * comparator-offset-mc @ fs_27c_3.30v -- generated by sim/harness, do not edit

Doing analysis at TEMP = 27.000000 and TNOM = 27.000000

Using SPARSE 1.3 as Direct Linear Solver

No. of Data Rows : 6
voa = 2.3889506005e-03
ddc = -3.365260494e-07
dde = 3.3047188553e-07
Reset re-loads circuit * comparator-offset-mc @ fs_27c_3.30v -- generated by sim/harness, do not edit

Circuit: * comparator-offset-mc @ fs_27c_3.30v -- generated by sim/harness, do not edit

Doing analysis at TEMP = 27.000000 and TNOM = 27.000000

Using SPARSE 1.3 as Direct Linear Solver

No. of Data Rows : 6
voa = 1.7686552357e-03
ddc = -2.797819037e-07
dde = 2.7431031733e-07
Reset re-loads circuit * comparator-offset-mc @ fs_27c_3.30v -- generated by sim/harness, do not edit

Circuit: * comparator-offset-mc @ fs_27c_3.30v -- generated by sim/harness, do not edit

Doing analysis at TEMP = 27.000000 and TNOM = 27.000000

Using SPARSE 1.3 as Direct Linear Solver

No. of Data Rows : 6
voa = 2.7315235566e-04
ddc = -7.289283439e-08
dde = 7.1120780085e-08
Reset re-loads circuit * comparator-offset-mc @ fs_27c_3.30v -- generated by sim/harness, do not edit

Circuit: * comparator-offset-mc @ fs_27c_3.30v -- generated by sim/harness, do not edit

Doing analysis at TEMP = 27.000000 and TNOM = 27.000000

Using SPARSE 1.3 as Direct Linear Solver

No. of Data Rows : 6
voa = 1.7943835860e-03
ddc = -2.940440563e-07
dde = 2.8815893323e-07
Reset re-loads circuit * comparator-offset-mc @ fs_27c_3.30v -- generated by sim/harness, do not edit

Circuit: * comparator-offset-mc @ fs_27c_3.30v -- generated by sim/harness, do not edit

Doing analysis at TEMP = 27.000000 and TNOM = 27.000000

Using SPARSE 1.3 as Direct Linear Solver
 Reference value :  0.00000e+00
No. of Data Rows : 6
voa = -1.116984430e-03
ddc = 2.0501234725e-07
dde = -2.005386707e-07
Reset re-loads circuit * comparator-offset-mc @ fs_27c_3.30v -- generated by sim/harness, do not edit

Circuit: * comparator-offset-mc @ fs_27c_3.30v -- generated by sim/harness, do not edit

Doing analysis at TEMP = 27.000000 and TNOM = 27.000000

Using SPARSE 1.3 as Direct Linear Solver

No. of Data Rows : 6
voa = 8.8488581527e-04
ddc = -2.259948792e-07
dde = 2.2027998355e-07
Reset re-loads circuit * comparator-offset-mc @ fs_27c_3.30v -- generated by sim/harness, do not edit

Circuit: * comparator-offset-mc @ fs_27c_3.30v -- generated by sim/harness, do not edit

Doing analysis at TEMP = 27.000000 and TNOM = 27.000000

Using SPARSE 1.3 as Direct Linear Solver

No. of Data Rows : 6
voa = 1.5362341914e-03
ddc = -2.841030245e-07
dde = 2.3436371119e-07
Reset re-loads circuit * comparator-offset-mc @ fs_27c_3.30v -- generated by sim/harness, do not edit

Circuit: * comparator-offset-mc @ fs_27c_3.30v -- generated by sim/harness, do not edit

Doing analysis at TEMP = 27.000000 and TNOM = 27.000000

Using SPARSE 1.3 as Direct Linear Solver

No. of Data Rows : 6
voa = -1.905027951e-03
ddc = 3.0756351965e-07
dde = -2.847713498e-07
Reset re-loads circuit * comparator-offset-mc @ fs_27c_3.30v -- generated by sim/harness, do not edit

Circuit: * comparator-offset-mc @ fs_27c_3.30v -- generated by sim/harness, do not edit

Doing analysis at TEMP = 27.000000 and TNOM = 27.000000

Using SPARSE 1.3 as Direct Linear Solver

No. of Data Rows : 6
voa = -9.380842542e-05
ddc = 1.5495310065e-08
dde = -1.518516467e-08
Reset re-loads circuit * comparator-offset-mc @ fs_27c_3.30v -- generated by sim/harness, do not edit

Circuit: * comparator-offset-mc @ fs_27c_3.30v -- generated by sim/harness, do not edit

Doing analysis at TEMP = 27.000000 and TNOM = 27.000000

Using SPARSE 1.3 as Direct Linear Solver

No. of Data Rows : 6
voa = 1.6800488528e-03
ddc = -3.113197683e-07
dde = 3.0458706612e-07
Reset re-loads circuit * comparator-offset-mc @ fs_27c_3.30v -- generated by sim/harness, do not edit

Circuit: * comparator-offset-mc @ fs_27c_3.30v -- generated by sim/harness, do not edit

Doing analysis at TEMP = 27.000000 and TNOM = 27.000000

Using SPARSE 1.3 as Direct Linear Solver

No. of Data Rows : 6
voa = 7.3975783369e-04
ddc = -1.415102337e-07
dde = 1.3845993911e-07
Reset re-loads circuit * comparator-offset-mc @ fs_27c_3.30v -- generated by sim/harness, do not edit

Circuit: * comparator-offset-mc @ fs_27c_3.30v -- generated by sim/harness, do not edit

Doing analysis at TEMP = 27.000000 and TNOM = 27.000000

Using SPARSE 1.3 as Direct Linear Solver

No. of Data Rows : 6
voa = 1.8936990655e-03
ddc = -2.294798621e-07
dde = 2.2610404819e-07
Reset re-loads circuit * comparator-offset-mc @ fs_27c_3.30v -- generated by sim/harness, do not edit

Circuit: * comparator-offset-mc @ fs_27c_3.30v -- generated by sim/harness, do not edit

Doing analysis at TEMP = 27.000000 and TNOM = 27.000000

Using SPARSE 1.3 as Direct Linear Solver

No. of Data Rows : 6
voa = 1.1823359096e-04
ddc = 9.8522264180e-10
dde = -6.964673068e-10
Reset re-loads circuit * comparator-offset-mc @ fs_27c_3.30v -- generated by sim/harness, do not edit

Circuit: * comparator-offset-mc @ fs_27c_3.30v -- generated by sim/harness, do not edit

Doing analysis at TEMP = 27.000000 and TNOM = 27.000000

Using SPARSE 1.3 as Direct Linear Solver

No. of Data Rows : 6
voa = 2.4795108877e-03
ddc = -4.156674184e-07
dde = 4.0724994556e-07
Reset re-loads circuit * comparator-offset-mc @ fs_27c_3.30v -- generated by sim/harness, do not edit

Circuit: * comparator-offset-mc @ fs_27c_3.30v -- generated by sim/harness, do not edit

Doing analysis at TEMP = 27.000000 and TNOM = 27.000000

Using SPARSE 1.3 as Direct Linear Solver

No. of Data Rows : 6
voa = 1.7304563800e-03
ddc = -3.077444589e-07
dde = 3.0131225176e-07
Reset re-loads circuit * comparator-offset-mc @ fs_27c_3.30v -- generated by sim/harness, do not edit

Circuit: * comparator-offset-mc @ fs_27c_3.30v -- generated by sim/harness, do not edit

Doing analysis at TEMP = 27.000000 and TNOM = 27.000000

Using SPARSE 1.3 as Direct Linear Solver

No. of Data Rows : 6
voa = 1.5073182964e-03
ddc = -2.728605691e-07
dde = 2.2397041895e-07
Reset re-loads circuit * comparator-offset-mc @ fs_27c_3.30v -- generated by sim/harness, do not edit

Circuit: * comparator-offset-mc @ fs_27c_3.30v -- generated by sim/harness, do not edit

Doing analysis at TEMP = 27.000000 and TNOM = 27.000000

Using SPARSE 1.3 as Direct Linear Solver
 Reference value :  0.00000e+00
No. of Data Rows : 6
voa = -1.231312235e-03
ddc = 1.4748587276e-07
dde = -1.453194854e-07
Reset re-loads circuit * comparator-offset-mc @ fs_27c_3.30v -- generated by sim/harness, do not edit

Circuit: * comparator-offset-mc @ fs_27c_3.30v -- generated by sim/harness, do not edit

Doing analysis at TEMP = 27.000000 and TNOM = 27.000000

Using SPARSE 1.3 as Direct Linear Solver

No. of Data Rows : 6
voa = 3.1176788656e-03
ddc = -4.700767123e-07
dde = 4.6124423285e-07
Reset re-loads circuit * comparator-offset-mc @ fs_27c_3.30v -- generated by sim/harness, do not edit

Circuit: * comparator-offset-mc @ fs_27c_3.30v -- generated by sim/harness, do not edit

Doing analysis at TEMP = 27.000000 and TNOM = 27.000000

Using SPARSE 1.3 as Direct Linear Solver

No. of Data Rows : 6
voa = -1.604708643e-04
ddc = 8.9232096133e-08
dde = -8.665725598e-08
Reset re-loads circuit * comparator-offset-mc @ fs_27c_3.30v -- generated by sim/harness, do not edit

Circuit: * comparator-offset-mc @ fs_27c_3.30v -- generated by sim/harness, do not edit

Doing analysis at TEMP = 27.000000 and TNOM = 27.000000

Using SPARSE 1.3 as Direct Linear Solver

No. of Data Rows : 6
voa = -2.552915499e-03
ddc = 3.7858339818e-07
dde = -3.715347311e-07
Reset re-loads circuit * comparator-offset-mc @ fs_27c_3.30v -- generated by sim/harness, do not edit

Circuit: * comparator-offset-mc @ fs_27c_3.30v -- generated by sim/harness, do not edit

Doing analysis at TEMP = 27.000000 and TNOM = 27.000000

Using SPARSE 1.3 as Direct Linear Solver

No. of Data Rows : 6
voa = 1.2597535180e-03
ddc = -1.773434495e-07
dde = 1.7420892970e-07
Reset re-loads circuit * comparator-offset-mc @ fs_27c_3.30v -- generated by sim/harness, do not edit

Circuit: * comparator-offset-mc @ fs_27c_3.30v -- generated by sim/harness, do not edit

Doing analysis at TEMP = 27.000000 and TNOM = 27.000000

Using SPARSE 1.3 as Direct Linear Solver

No. of Data Rows : 6
voa = 2.0944031059e-03
ddc = -4.272175337e-07
dde = 3.6413302055e-07
Reset re-loads circuit * comparator-offset-mc @ fs_27c_3.30v -- generated by sim/harness, do not edit

Circuit: * comparator-offset-mc @ fs_27c_3.30v -- generated by sim/harness, do not edit

Doing analysis at TEMP = 27.000000 and TNOM = 27.000000

Using SPARSE 1.3 as Direct Linear Solver

No. of Data Rows : 6
voa = 1.8001362684e-03
ddc = -2.982362131e-07
dde = 2.9226019427e-07
Reset re-loads circuit * comparator-offset-mc @ fs_27c_3.30v -- generated by sim/harness, do not edit

Circuit: * comparator-offset-mc @ fs_27c_3.30v -- generated by sim/harness, do not edit

Doing analysis at TEMP = 27.000000 and TNOM = 27.000000

Using SPARSE 1.3 as Direct Linear Solver

No. of Data Rows : 6
voa = -2.850060381e-03
ddc = 4.7496497950e-07
dde = -4.653209759e-07
Reset re-loads circuit * comparator-offset-mc @ fs_27c_3.30v -- generated by sim/harness, do not edit

Circuit: * comparator-offset-mc @ fs_27c_3.30v -- generated by sim/harness, do not edit

Doing analysis at TEMP = 27.000000 and TNOM = 27.000000

Using SPARSE 1.3 as Direct Linear Solver

No. of Data Rows : 6
voa = -3.630518673e-05
ddc = -5.050626016e-09
dde = 4.8718256713e-09
Reset re-loads circuit * comparator-offset-mc @ fs_27c_3.30v -- generated by sim/harness, do not edit

Circuit: * comparator-offset-mc @ fs_27c_3.30v -- generated by sim/harness, do not edit

Doing analysis at TEMP = 27.000000 and TNOM = 27.000000

Using SPARSE 1.3 as Direct Linear Solver

No. of Data Rows : 6
voa = -1.184860550e-03
ddc = 2.7328715353e-07
dde = -2.665138513e-07
Reset re-loads circuit * comparator-offset-mc @ fs_27c_3.30v -- generated by sim/harness, do not edit

Circuit: * comparator-offset-mc @ fs_27c_3.30v -- generated by sim/harness, do not edit

Doing analysis at TEMP = 27.000000 and TNOM = 27.000000

Using SPARSE 1.3 as Direct Linear Solver

No. of Data Rows : 6
voa = 2.2192371929e-03
ddc = -3.065917034e-07
dde = 3.0120801009e-07
Reset re-loads circuit * comparator-offset-mc @ fs_27c_3.30v -- generated by sim/harness, do not edit

Circuit: * comparator-offset-mc @ fs_27c_3.30v -- generated by sim/harness, do not edit

Doing analysis at TEMP = 27.000000 and TNOM = 27.000000

Using SPARSE 1.3 as Direct Linear Solver
 Reference value :  0.00000e+00
No. of Data Rows : 6
voa = 2.1558489232e-03
ddc = -3.047643335e-07
dde = 2.9930695628e-07
Reset re-loads circuit * comparator-offset-mc @ fs_27c_3.30v -- generated by sim/harness, do not edit

Circuit: * comparator-offset-mc @ fs_27c_3.30v -- generated by sim/harness, do not edit

Doing analysis at TEMP = 27.000000 and TNOM = 27.000000

Using SPARSE 1.3 as Direct Linear Solver

No. of Data Rows : 6
voa = 2.4700953489e-03
ddc = -3.352989046e-07
dde = 3.2944822318e-07
Reset re-loads circuit * comparator-offset-mc @ fs_27c_3.30v -- generated by sim/harness, do not edit

Circuit: * comparator-offset-mc @ fs_27c_3.30v -- generated by sim/harness, do not edit

Doing analysis at TEMP = 27.000000 and TNOM = 27.000000

Using SPARSE 1.3 as Direct Linear Solver

No. of Data Rows : 6
voa = -1.433955074e-03
ddc = 1.9286766728e-07
dde = -1.894947328e-07
Reset re-loads circuit * comparator-offset-mc @ fs_27c_3.30v -- generated by sim/harness, do not edit

Circuit: * comparator-offset-mc @ fs_27c_3.30v -- generated by sim/harness, do not edit

Doing analysis at TEMP = 27.000000 and TNOM = 27.000000

Using SPARSE 1.3 as Direct Linear Solver

No. of Data Rows : 6
voa = -5.322113981e-04
ddc = 3.9867291890e-08
dde = -3.978227693e-08
Reset re-loads circuit * comparator-offset-mc @ fs_27c_3.30v -- generated by sim/harness, do not edit

Circuit: * comparator-offset-mc @ fs_27c_3.30v -- generated by sim/harness, do not edit

Doing analysis at TEMP = 27.000000 and TNOM = 27.000000

Using SPARSE 1.3 as Direct Linear Solver

No. of Data Rows : 6
voa = 1.1993858512e-03
ddc = -1.980267821e-07
dde = 1.9406178418e-07
Reset re-loads circuit * comparator-offset-mc @ fs_27c_3.30v -- generated by sim/harness, do not edit

Circuit: * comparator-offset-mc @ fs_27c_3.30v -- generated by sim/harness, do not edit

Doing analysis at TEMP = 27.000000 and TNOM = 27.000000

Using SPARSE 1.3 as Direct Linear Solver

No. of Data Rows : 6
voa = -2.132327074e-03
ddc = 3.7851800054e-07
dde = -3.705115358e-07
Reset re-loads circuit * comparator-offset-mc @ fs_27c_3.30v -- generated by sim/harness, do not edit

Circuit: * comparator-offset-mc @ fs_27c_3.30v -- generated by sim/harness, do not edit

Doing analysis at TEMP = 27.000000 and TNOM = 27.000000

Using SPARSE 1.3 as Direct Linear Solver

No. of Data Rows : 6
voa = -1.337164333e-03
ddc = 2.1228275326e-07
dde = -2.081324308e-07
Reset re-loads circuit * comparator-offset-mc @ fs_27c_3.30v -- generated by sim/harness, do not edit

Circuit: * comparator-offset-mc @ fs_27c_3.30v -- generated by sim/harness, do not edit

Doing analysis at TEMP = 27.000000 and TNOM = 27.000000

Using SPARSE 1.3 as Direct Linear Solver

No. of Data Rows : 6
voa = 1.0451937363e-03
ddc = -1.069054754e-07
dde = 1.0569155783e-07
Reset re-loads circuit * comparator-offset-mc @ fs_27c_3.30v -- generated by sim/harness, do not edit

Circuit: * comparator-offset-mc @ fs_27c_3.30v -- generated by sim/harness, do not edit

Doing analysis at TEMP = 27.000000 and TNOM = 27.000000

Using SPARSE 1.3 as Direct Linear Solver

No. of Data Rows : 6
voa = 2.7245480468e-03
ddc = -4.610957750e-07
dde = 4.5172188112e-07
Reset re-loads circuit * comparator-offset-mc @ fs_27c_3.30v -- generated by sim/harness, do not edit

Circuit: * comparator-offset-mc @ fs_27c_3.30v -- generated by sim/harness, do not edit

Doing analysis at TEMP = 27.000000 and TNOM = 27.000000

Using SPARSE 1.3 as Direct Linear Solver

No. of Data Rows : 6
voa = -2.789055663e-03
ddc = 5.0881244344e-07
dde = -4.978710096e-07
Reset re-loads circuit * comparator-offset-mc @ fs_27c_3.30v -- generated by sim/harness, do not edit

Circuit: * comparator-offset-mc @ fs_27c_3.30v -- generated by sim/harness, do not edit

Doing analysis at TEMP = 27.000000 and TNOM = 27.000000

Using SPARSE 1.3 as Direct Linear Solver

No. of Data Rows : 6
voa = 4.0812767482e-04
ddc = -1.018785217e-07
dde = 9.9451835769e-08
Reset re-loads circuit * comparator-offset-mc @ fs_27c_3.30v -- generated by sim/harness, do not edit

Circuit: * comparator-offset-mc @ fs_27c_3.30v -- generated by sim/harness, do not edit

Doing analysis at TEMP = 27.000000 and TNOM = 27.000000

Using SPARSE 1.3 as Direct Linear Solver
 Reference value :  0.00000e+00
No. of Data Rows : 6
voa = -1.188310832e-03
ddc = 1.7866455223e-07
dde = -1.753275622e-07
Reset re-loads circuit * comparator-offset-mc @ fs_27c_3.30v -- generated by sim/harness, do not edit

Circuit: * comparator-offset-mc @ fs_27c_3.30v -- generated by sim/harness, do not edit

Doing analysis at TEMP = 27.000000 and TNOM = 27.000000

Using SPARSE 1.3 as Direct Linear Solver

No. of Data Rows : 6
voa = -2.491595701e-03
ddc = 4.4606432496e-07
dde = -4.366493652e-07
Reset re-loads circuit * comparator-offset-mc @ fs_27c_3.30v -- generated by sim/harness, do not edit

Circuit: * comparator-offset-mc @ fs_27c_3.30v -- generated by sim/harness, do not edit

Doing analysis at TEMP = 27.000000 and TNOM = 27.000000

Using SPARSE 1.3 as Direct Linear Solver

No. of Data Rows : 6
voa = 1.6582517946e-03
ddc = -2.910695629e-07
dde = 2.8503805035e-07
Reset re-loads circuit * comparator-offset-mc @ fs_27c_3.30v -- generated by sim/harness, do not edit

Circuit: * comparator-offset-mc @ fs_27c_3.30v -- generated by sim/harness, do not edit

Doing analysis at TEMP = 27.000000 and TNOM = 27.000000

Using SPARSE 1.3 as Direct Linear Solver

No. of Data Rows : 6
voa = 1.1187980119e-03
ddc = -2.307418753e-07
dde = 2.2552353802e-07
Reset re-loads circuit * comparator-offset-mc @ fs_27c_3.30v -- generated by sim/harness, do not edit

Circuit: * comparator-offset-mc @ fs_27c_3.30v -- generated by sim/harness, do not edit

Doing analysis at TEMP = 27.000000 and TNOM = 27.000000

Using SPARSE 1.3 as Direct Linear Solver

No. of Data Rows : 6
voa = 1.4325769807e-03
ddc = -2.582508615e-07
dde = 2.5275235792e-07
Reset re-loads circuit * comparator-offset-mc @ fs_27c_3.30v -- generated by sim/harness, do not edit

Circuit: * comparator-offset-mc @ fs_27c_3.30v -- generated by sim/harness, do not edit

Doing analysis at TEMP = 27.000000 and TNOM = 27.000000

Using SPARSE 1.3 as Direct Linear Solver

No. of Data Rows : 6
voa = 4.1095246471e-03
ddc = -6.672626304e-07
dde = 6.5389716387e-07
Reset re-loads circuit * comparator-offset-mc @ fs_27c_3.30v -- generated by sim/harness, do not edit

Circuit: * comparator-offset-mc @ fs_27c_3.30v -- generated by sim/harness, do not edit

Doing analysis at TEMP = 27.000000 and TNOM = 27.000000

Using SPARSE 1.3 as Direct Linear Solver

No. of Data Rows : 6
voa = -2.009939698e-03
ddc = 2.9571648627e-07
dde = -2.902232237e-07
Reset re-loads circuit * comparator-offset-mc @ fs_27c_3.30v -- generated by sim/harness, do not edit

Circuit: * comparator-offset-mc @ fs_27c_3.30v -- generated by sim/harness, do not edit

Doing analysis at TEMP = 27.000000 and TNOM = 27.000000

Using SPARSE 1.3 as Direct Linear Solver

No. of Data Rows : 6
voa = 2.6069067439e-04
ddc = -4.720468215e-08
dde = 4.6196580535e-08
Reset re-loads circuit * comparator-offset-mc @ fs_27c_3.30v -- generated by sim/harness, do not edit

Circuit: * comparator-offset-mc @ fs_27c_3.30v -- generated by sim/harness, do not edit

Doing analysis at TEMP = 27.000000 and TNOM = 27.000000

Using SPARSE 1.3 as Direct Linear Solver

No. of Data Rows : 6
voa = -2.428674069e-03
ddc = 3.8112346580e-07
dde = -3.574492904e-07
Reset re-loads circuit * comparator-offset-mc @ fs_27c_3.30v -- generated by sim/harness, do not edit

Circuit: * comparator-offset-mc @ fs_27c_3.30v -- generated by sim/harness, do not edit

Doing analysis at TEMP = 27.000000 and TNOM = 27.000000

Using SPARSE 1.3 as Direct Linear Solver

No. of Data Rows : 6
voa = -3.510105984e-05
ddc = -2.119513856e-08
dde = 2.1980706813e-08
Reset re-loads circuit * comparator-offset-mc @ fs_27c_3.30v -- generated by sim/harness, do not edit

Circuit: * comparator-offset-mc @ fs_27c_3.30v -- generated by sim/harness, do not edit

Doing analysis at TEMP = 27.000000 and TNOM = 27.000000

Using SPARSE 1.3 as Direct Linear Solver

No. of Data Rows : 6
voa = -1.708489477e-03
ddc = 2.5489558410e-07
dde = -2.501041682e-07
Reset re-loads circuit * comparator-offset-mc @ fs_27c_3.30v -- generated by sim/harness, do not edit

Circuit: * comparator-offset-mc @ fs_27c_3.30v -- generated by sim/harness, do not edit

Doing analysis at TEMP = 27.000000 and TNOM = 27.000000

Using SPARSE 1.3 as Direct Linear Solver
 Reference value :  0.00000e+00
No. of Data Rows : 6
voa = -3.952881507e-04
ddc = 6.7250323418e-08
dde = -6.587800605e-08
Reset re-loads circuit * comparator-offset-mc @ fs_27c_3.30v -- generated by sim/harness, do not edit

Circuit: * comparator-offset-mc @ fs_27c_3.30v -- generated by sim/harness, do not edit

Doing analysis at TEMP = 27.000000 and TNOM = 27.000000

Using SPARSE 1.3 as Direct Linear Solver

No. of Data Rows : 6
voa = 1.9858349392e-03
ddc = -4.011940684e-07
dde = 3.3723075884e-07
Reset re-loads circuit * comparator-offset-mc @ fs_27c_3.30v -- generated by sim/harness, do not edit

Circuit: * comparator-offset-mc @ fs_27c_3.30v -- generated by sim/harness, do not edit

Doing analysis at TEMP = 27.000000 and TNOM = 27.000000

Using SPARSE 1.3 as Direct Linear Solver

No. of Data Rows : 6
voa = -4.789578472e-04
ddc = 1.1150484454e-07
dde = -1.087993055e-07
Reset re-loads circuit * comparator-offset-mc @ fs_27c_3.30v -- generated by sim/harness, do not edit

Circuit: * comparator-offset-mc @ fs_27c_3.30v -- generated by sim/harness, do not edit

Doing analysis at TEMP = 27.000000 and TNOM = 27.000000

Using SPARSE 1.3 as Direct Linear Solver

No. of Data Rows : 6
voa = -1.473645288e-03
ddc = 2.3334229247e-07
dde = -2.287738253e-07
Reset re-loads circuit * comparator-offset-mc @ fs_27c_3.30v -- generated by sim/harness, do not edit

Circuit: * comparator-offset-mc @ fs_27c_3.30v -- generated by sim/harness, do not edit

Doing analysis at TEMP = 27.000000 and TNOM = 27.000000

Using SPARSE 1.3 as Direct Linear Solver

No. of Data Rows : 6
voa = -4.333353923e-04
ddc = 2.5789999047e-08
dde = -2.591917560e-08
Reset re-loads circuit * comparator-offset-mc @ fs_27c_3.30v -- generated by sim/harness, do not edit

Circuit: * comparator-offset-mc @ fs_27c_3.30v -- generated by sim/harness, do not edit

Doing analysis at TEMP = 27.000000 and TNOM = 27.000000

Using SPARSE 1.3 as Direct Linear Solver

No. of Data Rows : 6
voa = -1.212607408e-03
ddc = 1.7906986000e-07
dde = -1.757513790e-07
Reset re-loads circuit * comparator-offset-mc @ fs_27c_3.30v -- generated by sim/harness, do not edit

Circuit: * comparator-offset-mc @ fs_27c_3.30v -- generated by sim/harness, do not edit

Doing analysis at TEMP = 27.000000 and TNOM = 27.000000

Using SPARSE 1.3 as Direct Linear Solver

No. of Data Rows : 6
voa = 2.5134945599e-03
ddc = -4.533883905e-07
dde = 4.4381125279e-07
Reset re-loads circuit * comparator-offset-mc @ fs_27c_3.30v -- generated by sim/harness, do not edit

Circuit: * comparator-offset-mc @ fs_27c_3.30v -- generated by sim/harness, do not edit

Doing analysis at TEMP = 27.000000 and TNOM = 27.000000

Using SPARSE 1.3 as Direct Linear Solver

No. of Data Rows : 6
voa = 2.0201036179e-03
ddc = -3.077852917e-07
dde = 3.0190088497e-07
Reset re-loads circuit * comparator-offset-mc @ fs_27c_3.30v -- generated by sim/harness, do not edit

Circuit: * comparator-offset-mc @ fs_27c_3.30v -- generated by sim/harness, do not edit

Doing analysis at TEMP = 27.000000 and TNOM = 27.000000

Using SPARSE 1.3 as Direct Linear Solver

No. of Data Rows : 6
voa = -3.252184834e-04
ddc = 2.9220589438e-08
dde = -2.906505808e-08
Reset re-loads circuit * comparator-offset-mc @ fs_27c_3.30v -- generated by sim/harness, do not edit

Circuit: * comparator-offset-mc @ fs_27c_3.30v -- generated by sim/harness, do not edit

Doing analysis at TEMP = 27.000000 and TNOM = 27.000000

Using SPARSE 1.3 as Direct Linear Solver

No. of Data Rows : 6
voa = -1.833929197e-03
ddc = 3.3790987994e-07
dde = -3.306667808e-07
Reset re-loads circuit * comparator-offset-mc @ fs_27c_3.30v -- generated by sim/harness, do not edit

Circuit: * comparator-offset-mc @ fs_27c_3.30v -- generated by sim/harness, do not edit

Doing analysis at TEMP = 27.000000 and TNOM = 27.000000

Using SPARSE 1.3 as Direct Linear Solver

No. of Data Rows : 6
voa = 9.4350451806e-04
ddc = -1.529449921e-07
dde = 1.4988877686e-07
Reset re-loads circuit * comparator-offset-mc @ fs_27c_3.30v -- generated by sim/harness, do not edit

Circuit: * comparator-offset-mc @ fs_27c_3.30v -- generated by sim/harness, do not edit

Doing analysis at TEMP = 27.000000 and TNOM = 27.000000

Using SPARSE 1.3 as Direct Linear Solver
 Reference value :  0.00000e+00
No. of Data Rows : 6
voa = -1.174551274e-03
ddc = 2.1568865317e-07
dde = -2.111339287e-07
Reset re-loads circuit * comparator-offset-mc @ fs_27c_3.30v -- generated by sim/harness, do not edit

Circuit: * comparator-offset-mc @ fs_27c_3.30v -- generated by sim/harness, do not edit

Doing analysis at TEMP = 27.000000 and TNOM = 27.000000

Using SPARSE 1.3 as Direct Linear Solver

No. of Data Rows : 6
voa = 1.0922678450e-03
ddc = -2.468183592e-07
dde = 2.1179343134e-07
Reset re-loads circuit * comparator-offset-mc @ fs_27c_3.30v -- generated by sim/harness, do not edit

Circuit: * comparator-offset-mc @ fs_27c_3.30v -- generated by sim/harness, do not edit

Doing analysis at TEMP = 27.000000 and TNOM = 27.000000

Using SPARSE 1.3 as Direct Linear Solver

No. of Data Rows : 6
voa = -1.201949415e-03
ddc = 2.1146175229e-07
dde = -2.070679238e-07
Reset re-loads circuit * comparator-offset-mc @ fs_27c_3.30v -- generated by sim/harness, do not edit

Circuit: * comparator-offset-mc @ fs_27c_3.30v -- generated by sim/harness, do not edit

Doing analysis at TEMP = 27.000000 and TNOM = 27.000000

Using SPARSE 1.3 as Direct Linear Solver

No. of Data Rows : 6
voa = 9.2222951800e-05
ddc = -4.500290940e-08
dde = 4.3723664236e-08
Reset re-loads circuit * comparator-offset-mc @ fs_27c_3.30v -- generated by sim/harness, do not edit

Circuit: * comparator-offset-mc @ fs_27c_3.30v -- generated by sim/harness, do not edit

Doing analysis at TEMP = 27.000000 and TNOM = 27.000000

Using SPARSE 1.3 as Direct Linear Solver

No. of Data Rows : 6
voa = -1.160398309e-03
ddc = 2.0693409243e-07
dde = -2.024920767e-07
Reset re-loads circuit * comparator-offset-mc @ fs_27c_3.30v -- generated by sim/harness, do not edit

Circuit: * comparator-offset-mc @ fs_27c_3.30v -- generated by sim/harness, do not edit

Doing analysis at TEMP = 27.000000 and TNOM = 27.000000

Using SPARSE 1.3 as Direct Linear Solver

No. of Data Rows : 6
voa = -1.847825506e-03
ddc = 3.0473221883e-07
dde = -2.986398745e-07
Reset re-loads circuit * comparator-offset-mc @ fs_27c_3.30v -- generated by sim/harness, do not edit

Circuit: * comparator-offset-mc @ fs_27c_3.30v -- generated by sim/harness, do not edit

Doing analysis at TEMP = 27.000000 and TNOM = 27.000000

Using SPARSE 1.3 as Direct Linear Solver

No. of Data Rows : 6
voa = 4.1790954613e-04
ddc = 1.6750555040e-09
dde = -5.436989803e-10
Reset re-loads circuit * comparator-offset-mc @ fs_27c_3.30v -- generated by sim/harness, do not edit

Circuit: * comparator-offset-mc @ fs_27c_3.30v -- generated by sim/harness, do not edit

Doing analysis at TEMP = 27.000000 and TNOM = 27.000000

Using SPARSE 1.3 as Direct Linear Solver

No. of Data Rows : 6
voa = 3.5846808367e-03
ddc = -5.564011975e-07
dde = 5.4565367959e-07
Reset re-loads circuit * comparator-offset-mc @ fs_27c_3.30v -- generated by sim/harness, do not edit

Circuit: * comparator-offset-mc @ fs_27c_3.30v -- generated by sim/harness, do not edit

Doing analysis at TEMP = 27.000000 and TNOM = 27.000000

Using SPARSE 1.3 as Direct Linear Solver

No. of Data Rows : 6
voa = 1.9655858870e-04
ddc = -4.323284891e-08
dde = 4.2210661567e-08
Reset re-loads circuit * comparator-offset-mc @ fs_27c_3.30v -- generated by sim/harness, do not edit

Circuit: * comparator-offset-mc @ fs_27c_3.30v -- generated by sim/harness, do not edit

Doing analysis at TEMP = 27.000000 and TNOM = 27.000000

Using SPARSE 1.3 as Direct Linear Solver

No. of Data Rows : 6
voa = -1.143581899e-03
ddc = 1.8983404409e-07
dde = -1.860255517e-07
Reset re-loads circuit * comparator-offset-mc @ fs_27c_3.30v -- generated by sim/harness, do not edit

Circuit: * comparator-offset-mc @ fs_27c_3.30v -- generated by sim/harness, do not edit

Doing analysis at TEMP = 27.000000 and TNOM = 27.000000

Using SPARSE 1.3 as Direct Linear Solver

No. of Data Rows : 6
voa = -1.662464166e-03
ddc = 2.3026932048e-07
dde = -2.262597383e-07
Reset re-loads circuit * comparator-offset-mc @ fs_27c_3.30v -- generated by sim/harness, do not edit

Circuit: * comparator-offset-mc @ fs_27c_3.30v -- generated by sim/harness, do not edit

Doing analysis at TEMP = 27.000000 and TNOM = 27.000000

Using SPARSE 1.3 as Direct Linear Solver
 Reference value :  0.00000e+00
No. of Data Rows : 6
voa = 4.4954310138e-04
ddc = -5.418867930e-08
dde = 5.3360953740e-08
Reset re-loads circuit * comparator-offset-mc @ fs_27c_3.30v -- generated by sim/harness, do not edit

Circuit: * comparator-offset-mc @ fs_27c_3.30v -- generated by sim/harness, do not edit

Doing analysis at TEMP = 27.000000 and TNOM = 27.000000

Using SPARSE 1.3 as Direct Linear Solver

No. of Data Rows : 6
voa = -4.311259211e-03
ddc = 7.1515640754e-07
dde = -7.006112508e-07
Reset re-loads circuit * comparator-offset-mc @ fs_27c_3.30v -- generated by sim/harness, do not edit

Circuit: * comparator-offset-mc @ fs_27c_3.30v -- generated by sim/harness, do not edit

Doing analysis at TEMP = 27.000000 and TNOM = 27.000000

Using SPARSE 1.3 as Direct Linear Solver

No. of Data Rows : 6
voa = -4.454336751e-03
ddc = 6.9393533329e-07
dde = -6.804600031e-07
Reset re-loads circuit * comparator-offset-mc @ fs_27c_3.30v -- generated by sim/harness, do not edit

Circuit: * comparator-offset-mc @ fs_27c_3.30v -- generated by sim/harness, do not edit

Doing analysis at TEMP = 27.000000 and TNOM = 27.000000

Using SPARSE 1.3 as Direct Linear Solver

No. of Data Rows : 6
voa = -1.287793199e-03
ddc = 1.8106186407e-07
dde = -1.778058324e-07
Reset re-loads circuit * comparator-offset-mc @ fs_27c_3.30v -- generated by sim/harness, do not edit

Circuit: * comparator-offset-mc @ fs_27c_3.30v -- generated by sim/harness, do not edit

Doing analysis at TEMP = 27.000000 and TNOM = 27.000000

Using SPARSE 1.3 as Direct Linear Solver

No. of Data Rows : 6
voa = 1.3482282965e-04
ddc = -1.234434843e-08
dde = 9.2177942435e-09
Reset re-loads circuit * comparator-offset-mc @ fs_27c_3.30v -- generated by sim/harness, do not edit

Circuit: * comparator-offset-mc @ fs_27c_3.30v -- generated by sim/harness, do not edit

Doing analysis at TEMP = 27.000000 and TNOM = 27.000000

Using SPARSE 1.3 as Direct Linear Solver

No. of Data Rows : 6
voa = -1.135885983e-03
ddc = 1.6842730517e-07
dde = -1.479173155e-07
Reset re-loads circuit * comparator-offset-mc @ fs_27c_3.30v -- generated by sim/harness, do not edit

Circuit: * comparator-offset-mc @ fs_27c_3.30v -- generated by sim/harness, do not edit

Doing analysis at TEMP = 27.000000 and TNOM = 27.000000

Using SPARSE 1.3 as Direct Linear Solver

No. of Data Rows : 6
voa = 1.5288920903e-03
ddc = -2.765226456e-07
dde = 2.7075622204e-07
Reset re-loads circuit * comparator-offset-mc @ fs_27c_3.30v -- generated by sim/harness, do not edit

Circuit: * comparator-offset-mc @ fs_27c_3.30v -- generated by sim/harness, do not edit

Doing analysis at TEMP = 27.000000 and TNOM = 27.000000

Using SPARSE 1.3 as Direct Linear Solver

No. of Data Rows : 6
voa = -4.739507151e-04
ddc = 1.3868948794e-07
dde = -1.352494889e-07
Reset re-loads circuit * comparator-offset-mc @ fs_27c_3.30v -- generated by sim/harness, do not edit

Circuit: * comparator-offset-mc @ fs_27c_3.30v -- generated by sim/harness, do not edit

Doing analysis at TEMP = 27.000000 and TNOM = 27.000000

Using SPARSE 1.3 as Direct Linear Solver

No. of Data Rows : 6
voa = -6.362604960e-05
ddc = 1.6732679237e-08
dde = -1.630583188e-08
Reset re-loads circuit * comparator-offset-mc @ fs_27c_3.30v -- generated by sim/harness, do not edit

Circuit: * comparator-offset-mc @ fs_27c_3.30v -- generated by sim/harness, do not edit

Doing analysis at TEMP = 27.000000 and TNOM = 27.000000

Using SPARSE 1.3 as Direct Linear Solver

No. of Data Rows : 6
voa = -3.054892811e-03
ddc = 4.7613439876e-07
dde = -4.669161412e-07
Reset re-loads circuit * comparator-offset-mc @ fs_27c_3.30v -- generated by sim/harness, do not edit

Circuit: * comparator-offset-mc @ fs_27c_3.30v -- generated by sim/harness, do not edit

Doing analysis at TEMP = 27.000000 and TNOM = 27.000000

Using SPARSE 1.3 as Direct Linear Solver

No. of Data Rows : 6
voa = -4.131282529e-04
ddc = 7.8137843833e-08
dde = -7.642382446e-08
Reset re-loads circuit * comparator-offset-mc @ fs_27c_3.30v -- generated by sim/harness, do not edit

Circuit: * comparator-offset-mc @ fs_27c_3.30v -- generated by sim/harness, do not edit

Doing analysis at TEMP = 27.000000 and TNOM = 27.000000

Using SPARSE 1.3 as Direct Linear Solver
 Reference value :  0.00000e+00
No. of Data Rows : 6
voa = 2.6000371177e-03
ddc = -4.988574919e-07
dde = 4.8777501365e-07
Reset re-loads circuit * comparator-offset-mc @ fs_27c_3.30v -- generated by sim/harness, do not edit

Circuit: * comparator-offset-mc @ fs_27c_3.30v -- generated by sim/harness, do not edit

Doing analysis at TEMP = 27.000000 and TNOM = 27.000000

Using SPARSE 1.3 as Direct Linear Solver

No. of Data Rows : 6
voa = -1.621052425e-03
ddc = 2.9636643177e-07
dde = -2.898924348e-07
Reset re-loads circuit * comparator-offset-mc @ fs_27c_3.30v -- generated by sim/harness, do not edit

Circuit: * comparator-offset-mc @ fs_27c_3.30v -- generated by sim/harness, do not edit

Doing analysis at TEMP = 27.000000 and TNOM = 27.000000

Using SPARSE 1.3 as Direct Linear Solver

No. of Data Rows : 6
voa = 4.2141743991e-04
ddc = -4.489511239e-08
dde = 4.4301447380e-08
Reset re-loads circuit * comparator-offset-mc @ fs_27c_3.30v -- generated by sim/harness, do not edit

Circuit: * comparator-offset-mc @ fs_27c_3.30v -- generated by sim/harness, do not edit

Doing analysis at TEMP = 27.000000 and TNOM = 27.000000

Using SPARSE 1.3 as Direct Linear Solver

No. of Data Rows : 6
voa = -1.661523106e-03
ddc = 2.9723504914e-07
dde = -2.762614212e-07
Reset re-loads circuit * comparator-offset-mc @ fs_27c_3.30v -- generated by sim/harness, do not edit

Circuit: * comparator-offset-mc @ fs_27c_3.30v -- generated by sim/harness, do not edit

Doing analysis at TEMP = 27.000000 and TNOM = 27.000000

Using SPARSE 1.3 as Direct Linear Solver

No. of Data Rows : 6
voa = 1.1440631049e-03
ddc = -1.659200254e-07
dde = 1.6289621432e-07
Reset re-loads circuit * comparator-offset-mc @ fs_27c_3.30v -- generated by sim/harness, do not edit

Circuit: * comparator-offset-mc @ fs_27c_3.30v -- generated by sim/harness, do not edit

Doing analysis at TEMP = 27.000000 and TNOM = 27.000000

Using SPARSE 1.3 as Direct Linear Solver

No. of Data Rows : 6
voa = -1.949353986e-03
ddc = 2.9822874701e-07
dde = -2.925319544e-07
Reset re-loads circuit * comparator-offset-mc @ fs_27c_3.30v -- generated by sim/harness, do not edit

Circuit: * comparator-offset-mc @ fs_27c_3.30v -- generated by sim/harness, do not edit

Doing analysis at TEMP = 27.000000 and TNOM = 27.000000

Using SPARSE 1.3 as Direct Linear Solver

No. of Data Rows : 6
voa = -9.220311618e-05
ddc = 2.7563655461e-08
dde = -2.679876682e-08
Reset re-loads circuit * comparator-offset-mc @ fs_27c_3.30v -- generated by sim/harness, do not edit

Circuit: * comparator-offset-mc @ fs_27c_3.30v -- generated by sim/harness, do not edit

Doing analysis at TEMP = 27.000000 and TNOM = 27.000000

Using SPARSE 1.3 as Direct Linear Solver

No. of Data Rows : 6
voa = 2.7206089781e-03
ddc = -3.893388425e-07
dde = 3.8230981077e-07
Reset re-loads circuit * comparator-offset-mc @ fs_27c_3.30v -- generated by sim/harness, do not edit

Circuit: * comparator-offset-mc @ fs_27c_3.30v -- generated by sim/harness, do not edit

Doing analysis at TEMP = 27.000000 and TNOM = 27.000000

Using SPARSE 1.3 as Direct Linear Solver

No. of Data Rows : 6
voa = -1.519712911e-03
ddc = 2.3693585607e-07
dde = -2.323603202e-07
Reset re-loads circuit * comparator-offset-mc @ fs_27c_3.30v -- generated by sim/harness, do not edit

Circuit: * comparator-offset-mc @ fs_27c_3.30v -- generated by sim/harness, do not edit

Doing analysis at TEMP = 27.000000 and TNOM = 27.000000

Using SPARSE 1.3 as Direct Linear Solver

No. of Data Rows : 6
voa = 1.9075110913e-03
ddc = -3.006768065e-07
dde = 2.9481186285e-07
Reset re-loads circuit * comparator-offset-mc @ fs_27c_3.30v -- generated by sim/harness, do not edit

Circuit: * comparator-offset-mc @ fs_27c_3.30v -- generated by sim/harness, do not edit

Doing analysis at TEMP = 27.000000 and TNOM = 27.000000

Using SPARSE 1.3 as Direct Linear Solver

No. of Data Rows : 6
voa = -5.363606903e-04
ddc = 9.5022254011e-08
dde = -9.305251228e-08
Reset re-loads circuit * comparator-offset-mc @ fs_27c_3.30v -- generated by sim/harness, do not edit

Circuit: * comparator-offset-mc @ fs_27c_3.30v -- generated by sim/harness, do not edit

Doing analysis at TEMP = 27.000000 and TNOM = 27.000000

Using SPARSE 1.3 as Direct Linear Solver
 Reference value :  0.00000e+00
No. of Data Rows : 6
voa = -1.163835714e-04
ddc = 3.9810800993e-08
dde = -3.877836887e-08
Reset re-loads circuit * comparator-offset-mc @ fs_27c_3.30v -- generated by sim/harness, do not edit

Circuit: * comparator-offset-mc @ fs_27c_3.30v -- generated by sim/harness, do not edit

Doing analysis at TEMP = 27.000000 and TNOM = 27.000000

Using SPARSE 1.3 as Direct Linear Solver

No. of Data Rows : 6
voa = 8.1394505978e-04
ddc = -1.535252659e-07
dde = 1.5013944998e-07
Reset re-loads circuit * comparator-offset-mc @ fs_27c_3.30v -- generated by sim/harness, do not edit

Circuit: * comparator-offset-mc @ fs_27c_3.30v -- generated by sim/harness, do not edit

Doing analysis at TEMP = 27.000000 and TNOM = 27.000000

Using SPARSE 1.3 as Direct Linear Solver

No. of Data Rows : 6
voa = 1.7659494631e-03
ddc = -2.510604982e-07
dde = 2.4659507371e-07
Reset re-loads circuit * comparator-offset-mc @ fs_27c_3.30v -- generated by sim/harness, do not edit

Circuit: * comparator-offset-mc @ fs_27c_3.30v -- generated by sim/harness, do not edit

Doing analysis at TEMP = 27.000000 and TNOM = 27.000000

Using SPARSE 1.3 as Direct Linear Solver

No. of Data Rows : 6
voa = -9.110721413e-04
ddc = 2.2207924849e-07
dde = -2.165783076e-07
Reset re-loads circuit * comparator-offset-mc @ fs_27c_3.30v -- generated by sim/harness, do not edit

Circuit: * comparator-offset-mc @ fs_27c_3.30v -- generated by sim/harness, do not edit

Doing analysis at TEMP = 27.000000 and TNOM = 27.000000

Using SPARSE 1.3 as Direct Linear Solver

No. of Data Rows : 6
voa = 4.3118231235e-05
ddc = -3.124359119e-11
dde = 1.2529566985e-10
Reset re-loads circuit * comparator-offset-mc @ fs_27c_3.30v -- generated by sim/harness, do not edit

Circuit: * comparator-offset-mc @ fs_27c_3.30v -- generated by sim/harness, do not edit

Doing analysis at TEMP = 27.000000 and TNOM = 27.000000

Using SPARSE 1.3 as Direct Linear Solver

No. of Data Rows : 6
voa = -2.368232430e-04
ddc = 3.5877433216e-08
dde = -3.520099642e-08
Reset re-loads circuit * comparator-offset-mc @ fs_27c_3.30v -- generated by sim/harness, do not edit

Circuit: * comparator-offset-mc @ fs_27c_3.30v -- generated by sim/harness, do not edit

Doing analysis at TEMP = 27.000000 and TNOM = 27.000000

Using SPARSE 1.3 as Direct Linear Solver

No. of Data Rows : 6
voa = -2.356260898e-03
ddc = 3.8410830489e-07
dde = -3.764515532e-07
Reset re-loads circuit * comparator-offset-mc @ fs_27c_3.30v -- generated by sim/harness, do not edit

Circuit: * comparator-offset-mc @ fs_27c_3.30v -- generated by sim/harness, do not edit

Doing analysis at TEMP = 27.000000 and TNOM = 27.000000

Using SPARSE 1.3 as Direct Linear Solver

No. of Data Rows : 6
voa = 3.7874483246e-04
ddc = -9.969890804e-08
dde = 9.7325550027e-08
Reset re-loads circuit * comparator-offset-mc @ fs_27c_3.30v -- generated by sim/harness, do not edit

Circuit: * comparator-offset-mc @ fs_27c_3.30v -- generated by sim/harness, do not edit

Doing analysis at TEMP = 27.000000 and TNOM = 27.000000

Using SPARSE 1.3 as Direct Linear Solver

No. of Data Rows : 6
voa = 4.7214940471e-04
ddc = -1.073246038e-07
dde = 1.0473307451e-07
Reset re-loads circuit * comparator-offset-mc @ fs_27c_3.30v -- generated by sim/harness, do not edit

Circuit: * comparator-offset-mc @ fs_27c_3.30v -- generated by sim/harness, do not edit

Doing analysis at TEMP = 27.000000 and TNOM = 27.000000

Using SPARSE 1.3 as Direct Linear Solver

No. of Data Rows : 6
voa = -1.901200558e-03
ddc = 3.1480416447e-07
dde = -3.085067968e-07
Reset re-loads circuit * comparator-offset-mc @ fs_27c_3.30v -- generated by sim/harness, do not edit

Circuit: * comparator-offset-mc @ fs_27c_3.30v -- generated by sim/harness, do not edit

Doing analysis at TEMP = 27.000000 and TNOM = 27.000000

Using SPARSE 1.3 as Direct Linear Solver
 Reference value :  0.00000e+00
No. of Data Rows : 6
voa = -2.602033449e-04
ddc = 6.5112599836e-08
dde = -6.352539735e-08
Reset re-loads circuit * comparator-offset-mc @ fs_27c_3.30v -- generated by sim/harness, do not edit

Circuit: * comparator-offset-mc @ fs_27c_3.30v -- generated by sim/harness, do not edit

Doing analysis at TEMP = 27.000000 and TNOM = 27.000000

Using SPARSE 1.3 as Direct Linear Solver

No. of Data Rows : 6
voa = 1.6925153842e-03
ddc = -2.628894022e-07
dde = 2.5781741897e-07
Reset re-loads circuit * comparator-offset-mc @ fs_27c_3.30v -- generated by sim/harness, do not edit

Circuit: * comparator-offset-mc @ fs_27c_3.30v -- generated by sim/harness, do not edit

Doing analysis at TEMP = 27.000000 and TNOM = 27.000000

Using SPARSE 1.3 as Direct Linear Solver

No. of Data Rows : 6
voa = 4.2328095691e-05
ddc = 5.2895707048e-08
dde = -5.103005692e-08
Reset re-loads circuit * comparator-offset-mc @ fs_27c_3.30v -- generated by sim/harness, do not edit

Circuit: * comparator-offset-mc @ fs_27c_3.30v -- generated by sim/harness, do not edit

Doing analysis at TEMP = 27.000000 and TNOM = 27.000000

Using SPARSE 1.3 as Direct Linear Solver

No. of Data Rows : 6
voa = 1.6955017374e-03
ddc = -2.244533415e-07
dde = 2.2072611066e-07
Reset re-loads circuit * comparator-offset-mc @ fs_27c_3.30v -- generated by sim/harness, do not edit

Circuit: * comparator-offset-mc @ fs_27c_3.30v -- generated by sim/harness, do not edit

Doing analysis at TEMP = 27.000000 and TNOM = 27.000000

Using SPARSE 1.3 as Direct Linear Solver

No. of Data Rows : 6
voa = -1.045407649e-04
ddc = 7.9505101296e-08
dde = -7.701976601e-08
Reset re-loads circuit * comparator-offset-mc @ fs_27c_3.30v -- generated by sim/harness, do not edit

Circuit: * comparator-offset-mc @ fs_27c_3.30v -- generated by sim/harness, do not edit

Doing analysis at TEMP = 27.000000 and TNOM = 27.000000

Using SPARSE 1.3 as Direct Linear Solver

No. of Data Rows : 6
voa = 3.2671072603e-03
ddc = -5.214313922e-07
dde = 5.1116856427e-07
Reset re-loads circuit * comparator-offset-mc @ fs_27c_3.30v -- generated by sim/harness, do not edit

Circuit: * comparator-offset-mc @ fs_27c_3.30v -- generated by sim/harness, do not edit

Doing analysis at TEMP = 27.000000 and TNOM = 27.000000

Using SPARSE 1.3 as Direct Linear Solver

No. of Data Rows : 6
voa = 2.1498618732e-03
ddc = -3.205090294e-07
dde = 3.1452116502e-07
Reset re-loads circuit * comparator-offset-mc @ fs_27c_3.30v -- generated by sim/harness, do not edit

Circuit: * comparator-offset-mc @ fs_27c_3.30v -- generated by sim/harness, do not edit

Doing analysis at TEMP = 27.000000 and TNOM = 27.000000

Using SPARSE 1.3 as Direct Linear Solver

No. of Data Rows : 6
voa = 4.9365039177e-04
ddc = -6.183528959e-08
dde = 6.0891169476e-08
Reset re-loads circuit * comparator-offset-mc @ fs_27c_3.30v -- generated by sim/harness, do not edit

Circuit: * comparator-offset-mc @ fs_27c_3.30v -- generated by sim/harness, do not edit

Doing analysis at TEMP = 27.000000 and TNOM = 27.000000

Using SPARSE 1.3 as Direct Linear Solver

No. of Data Rows : 6
voa = 4.7093759936e-04
ddc = -1.175405586e-07
dde = 1.1471494719e-07
Reset re-loads circuit * comparator-offset-mc @ fs_27c_3.30v -- generated by sim/harness, do not edit

Circuit: * comparator-offset-mc @ fs_27c_3.30v -- generated by sim/harness, do not edit

Doing analysis at TEMP = 27.000000 and TNOM = 27.000000

Using SPARSE 1.3 as Direct Linear Solver

No. of Data Rows : 6
voa = -9.456431573e-04
ddc = 1.9398329414e-07
dde = -1.894728072e-07
Reset re-loads circuit * comparator-offset-mc @ fs_27c_3.30v -- generated by sim/harness, do not edit

Circuit: * comparator-offset-mc @ fs_27c_3.30v -- generated by sim/harness, do not edit

Doing analysis at TEMP = 27.000000 and TNOM = 27.000000

Using SPARSE 1.3 as Direct Linear Solver
 Reference value :  0.00000e+00
No. of Data Rows : 6
voa = 1.0292979013e-04
ddc = -7.414622143e-08
dde = 7.1846544942e-08
Reset re-loads circuit * comparator-offset-mc @ fs_27c_3.30v -- generated by sim/harness, do not edit

Circuit: * comparator-offset-mc @ fs_27c_3.30v -- generated by sim/harness, do not edit

Doing analysis at TEMP = 27.000000 and TNOM = 27.000000

Using SPARSE 1.3 as Direct Linear Solver

No. of Data Rows : 6
voa = -1.044204435e-03
ddc = 1.7935307378e-07
dde = -1.756411995e-07
Reset re-loads circuit * comparator-offset-mc @ fs_27c_3.30v -- generated by sim/harness, do not edit

Circuit: * comparator-offset-mc @ fs_27c_3.30v -- generated by sim/harness, do not edit

Doing analysis at TEMP = 27.000000 and TNOM = 27.000000

Using SPARSE 1.3 as Direct Linear Solver

No. of Data Rows : 6
voa = -1.224123162e-03
ddc = 1.6814730973e-07
dde = -1.651935393e-07
Reset re-loads circuit * comparator-offset-mc @ fs_27c_3.30v -- generated by sim/harness, do not edit

Circuit: * comparator-offset-mc @ fs_27c_3.30v -- generated by sim/harness, do not edit

Doing analysis at TEMP = 27.000000 and TNOM = 27.000000

Using SPARSE 1.3 as Direct Linear Solver

No. of Data Rows : 6
voa = -1.476305625e-03
ddc = 1.7448979774e-07
dde = -1.720427403e-07
Reset re-loads circuit * comparator-offset-mc @ fs_27c_3.30v -- generated by sim/harness, do not edit

Circuit: * comparator-offset-mc @ fs_27c_3.30v -- generated by sim/harness, do not edit

Doing analysis at TEMP = 27.000000 and TNOM = 27.000000

Using SPARSE 1.3 as Direct Linear Solver

No. of Data Rows : 6
voa = 1.4217642273e-03
ddc = -2.327614478e-07
dde = 2.2810062721e-07
Reset re-loads circuit * comparator-offset-mc @ fs_27c_3.30v -- generated by sim/harness, do not edit

Circuit: * comparator-offset-mc @ fs_27c_3.30v -- generated by sim/harness, do not edit

Doing analysis at TEMP = 27.000000 and TNOM = 27.000000

Using SPARSE 1.3 as Direct Linear Solver

No. of Data Rows : 6
voa = 1.2740763006e-03
ddc = -1.792720220e-07
dde = 1.7608605650e-07
Reset re-loads circuit * comparator-offset-mc @ fs_27c_3.30v -- generated by sim/harness, do not edit

Circuit: * comparator-offset-mc @ fs_27c_3.30v -- generated by sim/harness, do not edit

Doing analysis at TEMP = 27.000000 and TNOM = 27.000000

Using SPARSE 1.3 as Direct Linear Solver

No. of Data Rows : 6
voa = 4.1557288141e-05
ddc = -1.982254970e-08
dde = 1.9233193632e-08
Reset re-loads circuit * comparator-offset-mc @ fs_27c_3.30v -- generated by sim/harness, do not edit

Circuit: * comparator-offset-mc @ fs_27c_3.30v -- generated by sim/harness, do not edit

Doing analysis at TEMP = 27.000000 and TNOM = 27.000000

Using SPARSE 1.3 as Direct Linear Solver

No. of Data Rows : 6
voa = -1.920662367e-03
ddc = 3.2794463515e-07
dde = -3.212110988e-07
Reset re-loads circuit * comparator-offset-mc @ fs_27c_3.30v -- generated by sim/harness, do not edit

Circuit: * comparator-offset-mc @ fs_27c_3.30v -- generated by sim/harness, do not edit

Doing analysis at TEMP = 27.000000 and TNOM = 27.000000

Using SPARSE 1.3 as Direct Linear Solver

No. of Data Rows : 6
voa = 9.4394172716e-04
ddc = -1.943836826e-07
dde = 1.9001455054e-07
Reset re-loads circuit * comparator-offset-mc @ fs_27c_3.30v -- generated by sim/harness, do not edit

Circuit: * comparator-offset-mc @ fs_27c_3.30v -- generated by sim/harness, do not edit

Doing analysis at TEMP = 27.000000 and TNOM = 27.000000

Using SPARSE 1.3 as Direct Linear Solver

No. of Data Rows : 6
voa = 1.7894713552e-03
ddc = -3.856874371e-07
dde = 3.7633647921e-07
Reset re-loads circuit * comparator-offset-mc @ fs_27c_3.30v -- generated by sim/harness, do not edit

Circuit: * comparator-offset-mc @ fs_27c_3.30v -- generated by sim/harness, do not edit

Doing analysis at TEMP = 27.000000 and TNOM = 27.000000

Using SPARSE 1.3 as Direct Linear Solver
 Reference value :  0.00000e+00
No. of Data Rows : 6
voa = 3.0267906090e-03
ddc = -4.315619733e-07
dde = 4.2385501440e-07
Reset re-loads circuit * comparator-offset-mc @ fs_27c_3.30v -- generated by sim/harness, do not edit

Circuit: * comparator-offset-mc @ fs_27c_3.30v -- generated by sim/harness, do not edit

Doing analysis at TEMP = 27.000000 and TNOM = 27.000000

Using SPARSE 1.3 as Direct Linear Solver

No. of Data Rows : 6
voa = -3.321223913e-03
ddc = 5.2981971946e-07
dde = -5.193829825e-07
Reset re-loads circuit * comparator-offset-mc @ fs_27c_3.30v -- generated by sim/harness, do not edit

Circuit: * comparator-offset-mc @ fs_27c_3.30v -- generated by sim/harness, do not edit

Doing analysis at TEMP = 27.000000 and TNOM = 27.000000

Using SPARSE 1.3 as Direct Linear Solver

No. of Data Rows : 6
voa = -1.424611568e-03
ddc = 2.2204934657e-07
dde = -2.177616980e-07
Reset re-loads circuit * comparator-offset-mc @ fs_27c_3.30v -- generated by sim/harness, do not edit

Circuit: * comparator-offset-mc @ fs_27c_3.30v -- generated by sim/harness, do not edit

Doing analysis at TEMP = 27.000000 and TNOM = 27.000000

Using SPARSE 1.3 as Direct Linear Solver

No. of Data Rows : 6
voa = 7.4032447031e-04
ddc = -1.276082784e-07
dde = 1.2499115926e-07
Reset re-loads circuit * comparator-offset-mc @ fs_27c_3.30v -- generated by sim/harness, do not edit

Circuit: * comparator-offset-mc @ fs_27c_3.30v -- generated by sim/harness, do not edit

Doing analysis at TEMP = 27.000000 and TNOM = 27.000000

Using SPARSE 1.3 as Direct Linear Solver

No. of Data Rows : 6
voa = -1.409391541e-03
ddc = 2.4940327799e-07
dde = -2.440879097e-07
Reset re-loads circuit * comparator-offset-mc @ fs_27c_3.30v -- generated by sim/harness, do not edit

Circuit: * comparator-offset-mc @ fs_27c_3.30v -- generated by sim/harness, do not edit

Doing analysis at TEMP = 27.000000 and TNOM = 27.000000

Using SPARSE 1.3 as Direct Linear Solver

No. of Data Rows : 6
voa = 1.0349968243e-03
ddc = -1.512186215e-07
dde = 1.4839263501e-07
Reset re-loads circuit * comparator-offset-mc @ fs_27c_3.30v -- generated by sim/harness, do not edit

Circuit: * comparator-offset-mc @ fs_27c_3.30v -- generated by sim/harness, do not edit

Doing analysis at TEMP = 27.000000 and TNOM = 27.000000

Using SPARSE 1.3 as Direct Linear Solver

No. of Data Rows : 6
voa = -1.099274475e-03
ddc = 2.1866643314e-07
dde = -2.137987828e-07
Reset re-loads circuit * comparator-offset-mc @ fs_27c_3.30v -- generated by sim/harness, do not edit

Circuit: * comparator-offset-mc @ fs_27c_3.30v -- generated by sim/harness, do not edit

Doing analysis at TEMP = 27.000000 and TNOM = 27.000000

Using SPARSE 1.3 as Direct Linear Solver

No. of Data Rows : 6
voa = 1.3694115191e-04
ddc = -2.347185635e-08
dde = 2.2992198558e-08
Reset re-loads circuit * comparator-offset-mc @ fs_27c_3.30v -- generated by sim/harness, do not edit

Circuit: * comparator-offset-mc @ fs_27c_3.30v -- generated by sim/harness, do not edit

Doing analysis at TEMP = 27.000000 and TNOM = 27.000000

Using SPARSE 1.3 as Direct Linear Solver

No. of Data Rows : 6
voa = -2.081156205e-03
ddc = 3.4008417916e-07
dde = -3.333088993e-07
Reset re-loads circuit * comparator-offset-mc @ fs_27c_3.30v -- generated by sim/harness, do not edit

Circuit: * comparator-offset-mc @ fs_27c_3.30v -- generated by sim/harness, do not edit

Doing analysis at TEMP = 27.000000 and TNOM = 27.000000

Using SPARSE 1.3 as Direct Linear Solver
 Reference value :  0.00000e+00
No. of Data Rows : 6
voa = -4.025184591e-04
ddc = 7.2505140683e-08
dde = -7.097297973e-08
Reset re-loads circuit * comparator-offset-mc @ fs_27c_3.30v -- generated by sim/harness, do not edit

Circuit: * comparator-offset-mc @ fs_27c_3.30v -- generated by sim/harness, do not edit

Doing analysis at TEMP = 27.000000 and TNOM = 27.000000

Using SPARSE 1.3 as Direct Linear Solver

No. of Data Rows : 6
voa = -2.877955938e-03
ddc = 4.2537171100e-07
dde = -4.174132986e-07
Reset re-loads circuit * comparator-offset-mc @ fs_27c_3.30v -- generated by sim/harness, do not edit

Circuit: * comparator-offset-mc @ fs_27c_3.30v -- generated by sim/harness, do not edit

Doing analysis at TEMP = 27.000000 and TNOM = 27.000000

Using SPARSE 1.3 as Direct Linear Solver

No. of Data Rows : 6
voa = 6.3671224028e-05
ddc = -1.573896101e-08
dde = 1.5347721624e-08
Reset re-loads circuit * comparator-offset-mc @ fs_27c_3.30v -- generated by sim/harness, do not edit

Circuit: * comparator-offset-mc @ fs_27c_3.30v -- generated by sim/harness, do not edit

Doing analysis at TEMP = 27.000000 and TNOM = 27.000000

Using SPARSE 1.3 as Direct Linear Solver

No. of Data Rows : 6
voa = -3.344195866e-04
ddc = -5.699505207e-09
dde = 4.7163710951e-09
Reset re-loads circuit * comparator-offset-mc @ fs_27c_3.30v -- generated by sim/harness, do not edit

Circuit: * comparator-offset-mc @ fs_27c_3.30v -- generated by sim/harness, do not edit

Doing analysis at TEMP = 27.000000 and TNOM = 27.000000

Using SPARSE 1.3 as Direct Linear Solver

No. of Data Rows : 6
voa = -4.671227157e-04
ddc = 4.6283944605e-08
dde = -4.586302327e-08
Reset re-loads circuit * comparator-offset-mc @ fs_27c_3.30v -- generated by sim/harness, do not edit

Circuit: * comparator-offset-mc @ fs_27c_3.30v -- generated by sim/harness, do not edit

Doing analysis at TEMP = 27.000000 and TNOM = 27.000000

Using SPARSE 1.3 as Direct Linear Solver

No. of Data Rows : 6
voa = 1.1685724727e-03
ddc = -2.013826939e-07
dde = 1.9721547952e-07
Reset re-loads circuit * comparator-offset-mc @ fs_27c_3.30v -- generated by sim/harness, do not edit

Circuit: * comparator-offset-mc @ fs_27c_3.30v -- generated by sim/harness, do not edit

Doing analysis at TEMP = 27.000000 and TNOM = 27.000000

Using SPARSE 1.3 as Direct Linear Solver

No. of Data Rows : 6
voa = 2.9041218720e-03
ddc = -5.015635885e-07
dde = 4.9141651964e-07
Reset re-loads circuit * comparator-offset-mc @ fs_27c_3.30v -- generated by sim/harness, do not edit

Circuit: * comparator-offset-mc @ fs_27c_3.30v -- generated by sim/harness, do not edit

Doing analysis at TEMP = 27.000000 and TNOM = 27.000000

Using SPARSE 1.3 as Direct Linear Solver

No. of Data Rows : 6
voa = 1.1165791017e-03
ddc = -1.674679611e-07
dde = 1.6431903848e-07
Reset re-loads circuit * comparator-offset-mc @ fs_27c_3.30v -- generated by sim/harness, do not edit

Circuit: * comparator-offset-mc @ fs_27c_3.30v -- generated by sim/harness, do not edit

Doing analysis at TEMP = 27.000000 and TNOM = 27.000000

Using SPARSE 1.3 as Direct Linear Solver

No. of Data Rows : 6
voa = 8.7257649285e-05
ddc = -1.908955044e-08
dde = 1.8650461864e-08
Reset re-loads circuit * comparator-offset-mc @ fs_27c_3.30v -- generated by sim/harness, do not edit

Circuit: * comparator-offset-mc @ fs_27c_3.30v -- generated by sim/harness, do not edit

Doing analysis at TEMP = 27.000000 and TNOM = 27.000000

Using SPARSE 1.3 as Direct Linear Solver

No. of Data Rows : 6
voa = -3.027810839e-04
ddc = 6.0047292969e-08
dde = -5.869468543e-08
Reset re-loads circuit * comparator-offset-mc @ fs_27c_3.30v -- generated by sim/harness, do not edit

Circuit: * comparator-offset-mc @ fs_27c_3.30v -- generated by sim/harness, do not edit

Doing analysis at TEMP = 27.000000 and TNOM = 27.000000

Using SPARSE 1.3 as Direct Linear Solver
 Reference value :  0.00000e+00
No. of Data Rows : 6
voa = -3.022175723e-03
ddc = 5.0729970737e-07
dde = -4.970272772e-07
Reset re-loads circuit * comparator-offset-mc @ fs_27c_3.30v -- generated by sim/harness, do not edit

Circuit: * comparator-offset-mc @ fs_27c_3.30v -- generated by sim/harness, do not edit

Doing analysis at TEMP = 27.000000 and TNOM = 27.000000

Using SPARSE 1.3 as Direct Linear Solver

No. of Data Rows : 6
voa = 1.9065059593e-05
ddc = 1.0553824963e-08
dde = -1.015826660e-08
Reset re-loads circuit * comparator-offset-mc @ fs_27c_3.30v -- generated by sim/harness, do not edit

Circuit: * comparator-offset-mc @ fs_27c_3.30v -- generated by sim/harness, do not edit

Doing analysis at TEMP = 27.000000 and TNOM = 27.000000

Using SPARSE 1.3 as Direct Linear Solver

No. of Data Rows : 6
voa = -4.734643631e-04
ddc = 1.2002536434e-07
dde = -1.111812275e-07
Reset re-loads circuit * comparator-offset-mc @ fs_27c_3.30v -- generated by sim/harness, do not edit

Circuit: * comparator-offset-mc @ fs_27c_3.30v -- generated by sim/harness, do not edit

Doing analysis at TEMP = 27.000000 and TNOM = 27.000000

Using SPARSE 1.3 as Direct Linear Solver

No. of Data Rows : 6
voa = -1.659048883e-03
ddc = 2.7103265737e-07
dde = -2.656286689e-07
Reset re-loads circuit * comparator-offset-mc @ fs_27c_3.30v -- generated by sim/harness, do not edit

Circuit: * comparator-offset-mc @ fs_27c_3.30v -- generated by sim/harness, do not edit

Doing analysis at TEMP = 27.000000 and TNOM = 27.000000

Using SPARSE 1.3 as Direct Linear Solver

No. of Data Rows : 6
voa = 2.1449087102e-03
ddc = -4.024798973e-07
dde = 3.9384655349e-07
Reset re-loads circuit * comparator-offset-mc @ fs_27c_3.30v -- generated by sim/harness, do not edit

Circuit: * comparator-offset-mc @ fs_27c_3.30v -- generated by sim/harness, do not edit

Doing analysis at TEMP = 27.000000 and TNOM = 27.000000

Using SPARSE 1.3 as Direct Linear Solver

No. of Data Rows : 6
voa = -1.209151303e-04
ddc = -1.475243642e-09
dde = 1.1178594635e-09
Reset re-loads circuit * comparator-offset-mc @ fs_27c_3.30v -- generated by sim/harness, do not edit

Circuit: * comparator-offset-mc @ fs_27c_3.30v -- generated by sim/harness, do not edit

Doing analysis at TEMP = 27.000000 and TNOM = 27.000000

Using SPARSE 1.3 as Direct Linear Solver

No. of Data Rows : 6
voa = 5.4074794340e-04
ddc = -1.459636904e-08
dde = 1.5306839101e-08
Reset re-loads circuit * comparator-offset-mc @ fs_27c_3.30v -- generated by sim/harness, do not edit

Circuit: * comparator-offset-mc @ fs_27c_3.30v -- generated by sim/harness, do not edit

Doing analysis at TEMP = 27.000000 and TNOM = 27.000000

Using SPARSE 1.3 as Direct Linear Solver

No. of Data Rows : 6
voa = -9.610079176e-04
ddc = 1.8070330063e-07
dde = -1.768302695e-07
Reset re-loads circuit * comparator-offset-mc @ fs_27c_3.30v -- generated by sim/harness, do not edit

Circuit: * comparator-offset-mc @ fs_27c_3.30v -- generated by sim/harness, do not edit

Doing analysis at TEMP = 27.000000 and TNOM = 27.000000

Using SPARSE 1.3 as Direct Linear Solver

No. of Data Rows : 6
voa = -4.349262611e-04
ddc = 4.8796144472e-09
dde = -5.610230935e-09
Reset re-loads circuit * comparator-offset-mc @ fs_27c_3.30v -- generated by sim/harness, do not edit

Circuit: * comparator-offset-mc @ fs_27c_3.30v -- generated by sim/harness, do not edit

Doing analysis at TEMP = 27.000000 and TNOM = 27.000000

Using SPARSE 1.3 as Direct Linear Solver
 Reference value :  0.00000e+00
No. of Data Rows : 6
voa = 1.4492484274e-03
ddc = -2.502561820e-07
dde = 2.4513541647e-07
Reset re-loads circuit * comparator-offset-mc @ fs_27c_3.30v -- generated by sim/harness, do not edit

Circuit: * comparator-offset-mc @ fs_27c_3.30v -- generated by sim/harness, do not edit

Doing analysis at TEMP = 27.000000 and TNOM = 27.000000

Using SPARSE 1.3 as Direct Linear Solver

No. of Data Rows : 6
voa = -2.272652001e-04
ddc = 3.3480048308e-08
dde = -3.285435022e-08
Reset re-loads circuit * comparator-offset-mc @ fs_27c_3.30v -- generated by sim/harness, do not edit

Circuit: * comparator-offset-mc @ fs_27c_3.30v -- generated by sim/harness, do not edit

Doing analysis at TEMP = 27.000000 and TNOM = 27.000000

Using SPARSE 1.3 as Direct Linear Solver

No. of Data Rows : 6
voa = -2.488549441e-06
ddc = -4.573728028e-08
dde = 4.4362846544e-08
Reset re-loads circuit * comparator-offset-mc @ fs_27c_3.30v -- generated by sim/harness, do not edit

Circuit: * comparator-offset-mc @ fs_27c_3.30v -- generated by sim/harness, do not edit

Doing analysis at TEMP = 27.000000 and TNOM = 27.000000

Using SPARSE 1.3 as Direct Linear Solver

No. of Data Rows : 6
voa = 5.4679815557e-04
ddc = -1.064447371e-07
dde = 1.0402401156e-07
Reset re-loads circuit * comparator-offset-mc @ fs_27c_3.30v -- generated by sim/harness, do not edit

Circuit: * comparator-offset-mc @ fs_27c_3.30v -- generated by sim/harness, do not edit

Doing analysis at TEMP = 27.000000 and TNOM = 27.000000

Using SPARSE 1.3 as Direct Linear Solver

No. of Data Rows : 6
voa = -2.135710836e-03
ddc = 3.7391781364e-07
dde = -3.661415321e-07
Reset re-loads circuit * comparator-offset-mc @ fs_27c_3.30v -- generated by sim/harness, do not edit

Circuit: * comparator-offset-mc @ fs_27c_3.30v -- generated by sim/harness, do not edit

Doing analysis at TEMP = 27.000000 and TNOM = 27.000000

Using SPARSE 1.3 as Direct Linear Solver

No. of Data Rows : 6
voa = -1.572505554e-03
ddc = 2.4732880983e-07
dde = -2.425202683e-07
Reset re-loads circuit * comparator-offset-mc @ fs_27c_3.30v -- generated by sim/harness, do not edit

Circuit: * comparator-offset-mc @ fs_27c_3.30v -- generated by sim/harness, do not edit

Doing analysis at TEMP = 27.000000 and TNOM = 27.000000

Using SPARSE 1.3 as Direct Linear Solver

No. of Data Rows : 6
voa = -5.409431687e-04
ddc = 1.3592944718e-07
dde = -1.326211884e-07
Reset re-loads circuit * comparator-offset-mc @ fs_27c_3.30v -- generated by sim/harness, do not edit

Circuit: * comparator-offset-mc @ fs_27c_3.30v -- generated by sim/harness, do not edit

Doing analysis at TEMP = 27.000000 and TNOM = 27.000000

Using SPARSE 1.3 as Direct Linear Solver

No. of Data Rows : 6
voa = -3.969927509e-03
ddc = 6.6257788708e-07
dde = -6.490186634e-07
Reset re-loads circuit * comparator-offset-mc @ fs_27c_3.30v -- generated by sim/harness, do not edit

Circuit: * comparator-offset-mc @ fs_27c_3.30v -- generated by sim/harness, do not edit

Doing analysis at TEMP = 27.000000 and TNOM = 27.000000

Using SPARSE 1.3 as Direct Linear Solver

No. of Data Rows : 6
voa = -1.121216897e-03
ddc = 1.5533121883e-07
dde = -1.526329647e-07
Reset re-loads circuit * comparator-offset-mc @ fs_27c_3.30v -- generated by sim/harness, do not edit

Circuit: * comparator-offset-mc @ fs_27c_3.30v -- generated by sim/harness, do not edit

Doing analysis at TEMP = 27.000000 and TNOM = 27.000000

Using SPARSE 1.3 as Direct Linear Solver
 Reference value :  0.00000e+00
No. of Data Rows : 6
voa = 1.3570265251e-04
ddc = -6.808930748e-08
dde = 6.6141806750e-08
Reset re-loads circuit * comparator-offset-mc @ fs_27c_3.30v -- generated by sim/harness, do not edit

Circuit: * comparator-offset-mc @ fs_27c_3.30v -- generated by sim/harness, do not edit

Doing analysis at TEMP = 27.000000 and TNOM = 27.000000

Using SPARSE 1.3 as Direct Linear Solver

No. of Data Rows : 6
voa = 8.0604785832e-04
ddc = -1.572325609e-07
dde = 1.5382886807e-07
Reset re-loads circuit * comparator-offset-mc @ fs_27c_3.30v -- generated by sim/harness, do not edit

Circuit: * comparator-offset-mc @ fs_27c_3.30v -- generated by sim/harness, do not edit

Doing analysis at TEMP = 27.000000 and TNOM = 27.000000

Using SPARSE 1.3 as Direct Linear Solver

No. of Data Rows : 6
voa = -2.521784401e-04
ddc = 8.2707750124e-08
dde = -8.061189506e-08
Reset re-loads circuit * comparator-offset-mc @ fs_27c_3.30v -- generated by sim/harness, do not edit

Circuit: * comparator-offset-mc @ fs_27c_3.30v -- generated by sim/harness, do not edit

Doing analysis at TEMP = 27.000000 and TNOM = 27.000000

Using SPARSE 1.3 as Direct Linear Solver

No. of Data Rows : 6
voa = -1.484505307e-03
ddc = 2.5241738302e-07
dde = -2.296991462e-07
Reset re-loads circuit * comparator-offset-mc @ fs_27c_3.30v -- generated by sim/harness, do not edit

Circuit: * comparator-offset-mc @ fs_27c_3.30v -- generated by sim/harness, do not edit

Doing analysis at TEMP = 27.000000 and TNOM = 27.000000

Using SPARSE 1.3 as Direct Linear Solver

No. of Data Rows : 6
voa = 6.9525406180e-04
ddc = -1.526254481e-07
dde = 1.4916661000e-07
Reset re-loads circuit * comparator-offset-mc @ fs_27c_3.30v -- generated by sim/harness, do not edit

Circuit: * comparator-offset-mc @ fs_27c_3.30v -- generated by sim/harness, do not edit

Doing analysis at TEMP = 27.000000 and TNOM = 27.000000

Using SPARSE 1.3 as Direct Linear Solver

No. of Data Rows : 6
voa = -2.233725994e-03
ddc = 2.3975758229e-07
dde = -2.366363798e-07
Reset re-loads circuit * comparator-offset-mc @ fs_27c_3.30v -- generated by sim/harness, do not edit

Circuit: * comparator-offset-mc @ fs_27c_3.30v -- generated by sim/harness, do not edit

Doing analysis at TEMP = 27.000000 and TNOM = 27.000000

Using SPARSE 1.3 as Direct Linear Solver

No. of Data Rows : 6
voa = -2.763418983e-03
ddc = 3.7621762038e-07
dde = -3.697451586e-07
Reset re-loads circuit * comparator-offset-mc @ fs_27c_3.30v -- generated by sim/harness, do not edit

Circuit: * comparator-offset-mc @ fs_27c_3.30v -- generated by sim/harness, do not edit

Doing analysis at TEMP = 27.000000 and TNOM = 27.000000

Using SPARSE 1.3 as Direct Linear Solver

No. of Data Rows : 6
voa = 2.7314729246e-03
ddc = -5.072978480e-07
dde = 4.0652618100e-07
Reset re-loads circuit * comparator-offset-mc @ fs_27c_3.30v -- generated by sim/harness, do not edit

Circuit: * comparator-offset-mc @ fs_27c_3.30v -- generated by sim/harness, do not edit

Doing analysis at TEMP = 27.000000 and TNOM = 27.000000

Using SPARSE 1.3 as Direct Linear Solver

No. of Data Rows : 6
voa = 3.9255326360e-05
ddc = -2.926507374e-09
dde = 2.9034006938e-09
Reset re-loads circuit * comparator-offset-mc @ fs_27c_3.30v -- generated by sim/harness, do not edit

Circuit: * comparator-offset-mc @ fs_27c_3.30v -- generated by sim/harness, do not edit

Doing analysis at TEMP = 27.000000 and TNOM = 27.000000

Using SPARSE 1.3 as Direct Linear Solver

No. of Data Rows : 6
voa = -1.068671278e-03
ddc = 2.1309655124e-07
dde = -2.083800270e-07
Reset re-loads circuit * comparator-offset-mc @ fs_27c_3.30v -- generated by sim/harness, do not edit

Circuit: * comparator-offset-mc @ fs_27c_3.30v -- generated by sim/harness, do not edit

Doing analysis at TEMP = 27.000000 and TNOM = 27.000000

Using SPARSE 1.3 as Direct Linear Solver
 Reference value :  0.00000e+00
No. of Data Rows : 6
voa = -7.046328277e-04
ddc = 7.4848839371e-08
dde = -7.390539691e-08
Reset re-loads circuit * comparator-offset-mc @ fs_27c_3.30v -- generated by sim/harness, do not edit

Circuit: * comparator-offset-mc @ fs_27c_3.30v -- generated by sim/harness, do not edit

Doing analysis at TEMP = 27.000000 and TNOM = 27.000000

Using SPARSE 1.3 as Direct Linear Solver

No. of Data Rows : 6
voa = -1.836829286e-03
ddc = 3.1031881500e-07
dde = -3.040670033e-07
Reset re-loads circuit * comparator-offset-mc @ fs_27c_3.30v -- generated by sim/harness, do not edit

Circuit: * comparator-offset-mc @ fs_27c_3.30v -- generated by sim/harness, do not edit

Doing analysis at TEMP = 27.000000 and TNOM = 27.000000

Using SPARSE 1.3 as Direct Linear Solver

No. of Data Rows : 6
voa = -7.751451203e-04
ddc = 1.0548589946e-07
dde = -1.037252742e-07
m_n_samples = 2.0000000000e+02
m_sig_vos_mv = 1.6335313177e+00
m_vos_3sig_mv = 4.9005939530e+00
m_mean_vos_uv = -5.604554362e+01
m_mean_vos_sem = -4.852087440e-01
m_sig_dvos_dn_uv = 2.6896516989e-01
m_sig_dvos_up_uv = 2.6092397585e-01
m_mean_dvos_dn_uv = 8.0934791851e-03
m_mean_dvos_up_uv = -9.170070484e-03
m_av_mean = 9.5241572242e+00
m_av_sigma_pct = 2.6108447159e+00
m_sig_rpair_uv = 0.0000000000e+00
m_vbias_anchor_mv = 6.8180113956e+02
Note: Simulation executed from .control section 

Note: Starting dynamic gmin stepping
Note: Dynamic gmin stepping completed
Note: Starting dynamic gmin stepping
Note: Dynamic gmin stepping completed
Note: Starting dynamic gmin stepping
Note: Dynamic gmin stepping completed
Note: Starting dynamic gmin stepping
Note: Dynamic gmin stepping completed
Note: Starting dynamic gmin stepping
Note: Dynamic gmin stepping completed
Note: Starting dynamic gmin stepping
Note: Dynamic gmin stepping completed
Note: Starting dynamic gmin stepping
Note: Dynamic gmin stepping completed
Note: Starting dynamic gmin stepping
Note: Dynamic gmin stepping completed
Note: Starting dynamic gmin stepping
Note: Dynamic gmin stepping completed
Note: Starting dynamic gmin stepping
Note: Dynamic gmin stepping completed
Note: Starting dynamic gmin stepping
Note: Dynamic gmin stepping completed
Note: Starting dynamic gmin stepping
Note: Dynamic gmin stepping completed
Note: Starting dynamic gmin stepping
Note: Dynamic gmin stepping completed
Note: Starting dynamic gmin stepping
Note: Dynamic gmin stepping completed
Note: Starting dynamic gmin stepping
Note: Dynamic gmin stepping completed
Note: Starting dynamic gmin stepping
Note: Dynamic gmin stepping completed
Note: Starting dynamic gmin stepping
Note: Dynamic gmin stepping completed
Note: Starting dynamic gmin stepping
Note: Dynamic gmin stepping completed
Note: Starting dynamic gmin stepping
Note: Dynamic gmin stepping completed
Note: Starting dynamic gmin stepping
Note: Dynamic gmin stepping completed
Note: Starting dynamic gmin stepping
Note: Dynamic gmin stepping completed
Note: Starting dynamic gmin stepping
Note: Dynamic gmin stepping completed
Note: Starting dynamic gmin stepping
Note: Dynamic gmin stepping completed
Note: Starting dynamic gmin stepping
Note: Dynamic gmin stepping completed
Note: Starting dynamic gmin stepping
Note: Dynamic gmin stepping completed
Note: Starting dynamic gmin stepping
Note: Dynamic gmin stepping completed
Note: Starting dynamic gmin stepping
Note: Dynamic gmin stepping completed
Note: Starting dynamic gmin stepping
Note: Dynamic gmin stepping completed
Note: Starting dynamic gmin stepping
Note: Dynamic gmin stepping completed
Note: Starting dynamic gmin stepping
Note: Dynamic gmin stepping completed
Note: Starting dynamic gmin stepping
Note: Dynamic gmin stepping completed
Note: Starting dynamic gmin stepping
Note: Dynamic gmin stepping completed
Note: Starting dynamic gmin stepping
Note: Dynamic gmin stepping completed
Note: Starting dynamic gmin stepping
Note: Dynamic gmin stepping completed
Note: Starting dynamic gmin stepping
Note: Dynamic gmin stepping completed
Note: Starting dynamic gmin stepping
Note: Dynamic gmin stepping completed
Note: Starting dynamic gmin stepping
Note: Dynamic gmin stepping completed
Note: Starting dynamic gmin stepping
Note: Dynamic gmin stepping completed
Note: Starting dynamic gmin stepping
Note: Dynamic gmin stepping completed
Note: Starting dynamic gmin stepping
Note: Dynamic gmin stepping completed
Note: Starting dynamic gmin stepping
Note: Dynamic gmin stepping completed
Note: Starting dynamic gmin stepping
Note: Dynamic gmin stepping completed
Note: Starting dynamic gmin stepping
Note: Dynamic gmin stepping completed
Note: Starting dynamic gmin stepping
Note: Dynamic gmin stepping completed
Note: Starting dynamic gmin stepping
Note: Dynamic gmin stepping completed
Note: Starting dynamic gmin stepping
Note: Dynamic gmin stepping completed
Note: Starting dynamic gmin stepping
Note: Dynamic gmin stepping completed
Note: Starting dynamic gmin stepping
Note: Dynamic gmin stepping completed
Note: Starting dynamic gmin stepping
Note: Dynamic gmin stepping completed
Note: Starting dynamic gmin stepping
Note: Dynamic gmin stepping completed
Note: Starting dynamic gmin stepping
Note: Dynamic gmin stepping completed
Note: Starting dynamic gmin stepping
Note: Dynamic gmin stepping completed
Note: Starting dynamic gmin stepping
Note: Dynamic gmin stepping completed
Note: Starting dynamic gmin stepping
Note: Dynamic gmin stepping completed
Note: Starting dynamic gmin stepping
Note: Dynamic gmin stepping completed
Note: Starting dynamic gmin stepping
Note: Dynamic gmin stepping completed
Note: Starting dynamic gmin stepping
Note: Dynamic gmin stepping completed
Note: Starting dynamic gmin stepping
Note: Dynamic gmin stepping completed
Note: Starting dynamic gmin stepping
Note: Dynamic gmin stepping completed
Note: Starting dynamic gmin stepping
Note: Dynamic gmin stepping completed
Note: Starting dynamic gmin stepping
Note: Dynamic gmin stepping completed
Note: Starting dynamic gmin stepping
Note: Dynamic gmin stepping completed
Note: Starting dynamic gmin stepping
Note: Dynamic gmin stepping completed
Note: Starting dynamic gmin stepping
Note: Dynamic gmin stepping completed
Note: Starting dynamic gmin stepping
Note: Dynamic gmin stepping completed
Note: Starting dynamic gmin stepping
Note: Dynamic gmin stepping completed
Note: Starting dynamic gmin stepping
Note: Dynamic gmin stepping completed
Note: Starting dynamic gmin stepping
Note: Dynamic gmin stepping completed
Note: Starting dynamic gmin stepping
Note: Dynamic gmin stepping completed
Note: Starting dynamic gmin stepping
Note: Dynamic gmin stepping completed
Note: Starting dynamic gmin stepping
Note: Dynamic gmin stepping completed
Note: Starting dynamic gmin stepping
Note: Dynamic gmin stepping completed
Note: Starting dynamic gmin stepping
Note: Dynamic gmin stepping completed
Note: Starting dynamic gmin stepping
Note: Dynamic gmin stepping completed
Note: Starting dynamic gmin stepping
Note: Dynamic gmin stepping completed
Note: Starting dynamic gmin stepping
Note: Dynamic gmin stepping completed
Note: Starting dynamic gmin stepping
Note: Dynamic gmin stepping completed
Note: Starting dynamic gmin stepping
Note: Dynamic gmin stepping completed
Note: Starting dynamic gmin stepping
Note: Dynamic gmin stepping completed
Note: Starting dynamic gmin stepping
Note: Dynamic gmin stepping completed
Note: Starting dynamic gmin stepping
Note: Dynamic gmin stepping completed
Note: Starting dynamic gmin stepping
Note: Dynamic gmin stepping completed
Note: Starting dynamic gmin stepping
Note: Dynamic gmin stepping completed
Note: Starting dynamic gmin stepping
Note: Dynamic gmin stepping completed
Note: Starting dynamic gmin stepping
Note: Dynamic gmin stepping completed
Note: Starting dynamic gmin stepping
Note: Dynamic gmin stepping completed
Note: Starting dynamic gmin stepping
Note: Dynamic gmin stepping completed
Note: Starting dynamic gmin stepping
Note: Dynamic gmin stepping completed
Note: Starting dynamic gmin stepping
Note: Dynamic gmin stepping completed
Note: Starting dynamic gmin stepping
Note: Dynamic gmin stepping completed
Note: Starting dynamic gmin stepping
Note: Dynamic gmin stepping completed
Note: Starting dynamic gmin stepping
Note: Dynamic gmin stepping completed
Note: Starting dynamic gmin stepping
Note: Dynamic gmin stepping completed
Note: Starting dynamic gmin stepping
Note: Dynamic gmin stepping completed
Note: Starting dynamic gmin stepping
Note: Dynamic gmin stepping completed
Note: Starting dynamic gmin stepping
Note: Dynamic gmin stepping completed
Note: Starting dynamic gmin stepping
Note: Dynamic gmin stepping completed
Note: Starting dynamic gmin stepping
Note: Dynamic gmin stepping completed
Note: Starting dynamic gmin stepping
Note: Dynamic gmin stepping completed
Note: Starting dynamic gmin stepping
Note: Dynamic gmin stepping completed
Note: Starting dynamic gmin stepping
Note: Dynamic gmin stepping completed
Note: Starting dynamic gmin stepping
Note: Dynamic gmin stepping completed
Note: Starting dynamic gmin stepping
Note: Dynamic gmin stepping completed
Note: Starting dynamic gmin stepping
Note: Dynamic gmin stepping completed
Note: Starting dynamic gmin stepping
Note: Dynamic gmin stepping completed
Note: Starting dynamic gmin stepping
Note: Dynamic gmin stepping completed
Note: Starting dynamic gmin stepping
Note: Dynamic gmin stepping completed
Note: Starting dynamic gmin stepping
Note: Dynamic gmin stepping completed
Note: Starting dynamic gmin stepping
Note: Dynamic gmin stepping completed
Note: Starting dynamic gmin stepping
Note: Dynamic gmin stepping completed
Note: Starting dynamic gmin stepping
Note: Dynamic gmin stepping completed
Note: Starting dynamic gmin stepping
Note: Dynamic gmin stepping completed
Note: Starting dynamic gmin stepping
Note: Dynamic gmin stepping completed
Note: Starting dynamic gmin stepping
Note: Dynamic gmin stepping completed
Note: Starting dynamic gmin stepping
Note: Dynamic gmin stepping completed
Note: Starting dynamic gmin stepping
Note: Dynamic gmin stepping completed
Note: Starting dynamic gmin stepping
Note: Dynamic gmin stepping completed
Note: Starting dynamic gmin stepping
Note: Dynamic gmin stepping completed
Note: Starting dynamic gmin stepping
Note: Dynamic gmin stepping completed
Note: Starting dynamic gmin stepping
Note: Dynamic gmin stepping completed
Note: Starting dynamic gmin stepping
Note: Dynamic gmin stepping completed
Note: Starting dynamic gmin stepping
Note: Dynamic gmin stepping completed
Note: Starting dynamic gmin stepping
Note: Dynamic gmin stepping completed
Note: Starting dynamic gmin stepping
Note: Dynamic gmin stepping completed
Note: Starting dynamic gmin stepping
Note: Dynamic gmin stepping completed
Note: Starting dynamic gmin stepping
Note: Dynamic gmin stepping completed
Note: Starting dynamic gmin stepping
Note: Dynamic gmin stepping completed
Note: Starting dynamic gmin stepping
Note: Dynamic gmin stepping completed
Note: Starting dynamic gmin stepping
Note: Dynamic gmin stepping completed
Note: Starting dynamic gmin stepping
Note: Dynamic gmin stepping completed
Note: Starting dynamic gmin stepping
Note: Dynamic gmin stepping completed
Note: Starting dynamic gmin stepping
Note: Dynamic gmin stepping completed
Note: Starting dynamic gmin stepping
Note: Dynamic gmin stepping completed
Note: Starting dynamic gmin stepping
Note: Dynamic gmin stepping completed
Note: Starting dynamic gmin stepping
Note: Dynamic gmin stepping completed
Note: Starting dynamic gmin stepping
Note: Dynamic gmin stepping completed
Note: Starting dynamic gmin stepping
Note: Dynamic gmin stepping completed
Note: Starting dynamic gmin stepping
Note: Dynamic gmin stepping completed
Note: Starting dynamic gmin stepping
Note: Dynamic gmin stepping completed
Note: Starting dynamic gmin stepping
Note: Dynamic gmin stepping completed
Note: Starting dynamic gmin stepping
Note: Dynamic gmin stepping completed
Note: Starting dynamic gmin stepping
Note: Dynamic gmin stepping completed
Note: Starting dynamic gmin stepping
Note: Dynamic gmin stepping completed
Note: Starting dynamic gmin stepping
Note: Dynamic gmin stepping completed
Note: Starting dynamic gmin stepping
Note: Dynamic gmin stepping completed
Note: Starting dynamic gmin stepping
Note: Dynamic gmin stepping completed
Note: Starting dynamic gmin stepping
Note: Dynamic gmin stepping completed
Note: Starting dynamic gmin stepping
Note: Dynamic gmin stepping completed
Note: Starting dynamic gmin stepping
Note: Dynamic gmin stepping completed
Note: Starting dynamic gmin stepping
Note: Dynamic gmin stepping completed
Note: Starting dynamic gmin stepping
Note: Dynamic gmin stepping completed
Note: Starting dynamic gmin stepping
Note: Dynamic gmin stepping completed
Note: Starting dynamic gmin stepping
Note: Dynamic gmin stepping completed
Note: Starting dynamic gmin stepping
Note: Dynamic gmin stepping completed
Note: Starting dynamic gmin stepping
Note: Dynamic gmin stepping completed
Note: Starting dynamic gmin stepping
Note: Dynamic gmin stepping completed
Note: Starting dynamic gmin stepping
Note: Dynamic gmin stepping completed
Note: Starting dynamic gmin stepping
Note: Dynamic gmin stepping completed
Note: Starting dynamic gmin stepping
Note: Dynamic gmin stepping completed
Note: Starting dynamic gmin stepping
Note: Dynamic gmin stepping completed
Note: Starting dynamic gmin stepping
Note: Dynamic gmin stepping completed
Note: Starting dynamic gmin stepping
Note: Dynamic gmin stepping completed
Note: Starting dynamic gmin stepping
Note: Dynamic gmin stepping completed
Note: Starting dynamic gmin stepping
Note: Dynamic gmin stepping completed
Note: Starting dynamic gmin stepping
Note: Dynamic gmin stepping completed
Note: Starting dynamic gmin stepping
Note: Dynamic gmin stepping completed
Note: Starting dynamic gmin stepping
Note: Dynamic gmin stepping completed
Note: Starting dynamic gmin stepping
Note: Dynamic gmin stepping completed
Note: Starting dynamic gmin stepping
Note: Dynamic gmin stepping completed
Note: Starting dynamic gmin stepping
Note: Dynamic gmin stepping completed
Note: Starting dynamic gmin stepping
Note: Dynamic gmin stepping completed
Note: Starting dynamic gmin stepping
Note: Dynamic gmin stepping completed
Note: Starting dynamic gmin stepping
Note: Dynamic gmin stepping completed
Note: Starting dynamic gmin stepping
Note: Dynamic gmin stepping completed
Note: Starting dynamic gmin stepping
Note: Dynamic gmin stepping completed
Note: Starting dynamic gmin stepping
Note: Dynamic gmin stepping completed
Note: Starting dynamic gmin stepping
Note: Dynamic gmin stepping completed
Note: Starting dynamic gmin stepping
Note: Dynamic gmin stepping completed
Note: Starting dynamic gmin stepping
Note: Dynamic gmin stepping completed
Note: Starting dynamic gmin stepping
Note: Dynamic gmin stepping completed
Note: Starting dynamic gmin stepping
Note: Dynamic gmin stepping completed
Note: Starting dynamic gmin stepping
Note: Dynamic gmin stepping completed
Note: Starting dynamic gmin stepping
Note: Dynamic gmin stepping completed
Note: Starting dynamic gmin stepping
Note: Dynamic gmin stepping completed
Note: Starting dynamic gmin stepping
Note: Dynamic gmin stepping completed
Note: Starting dynamic gmin stepping
Note: Dynamic gmin stepping completed
Note: Starting dynamic gmin stepping
Note: Dynamic gmin stepping completed
Note: Starting dynamic gmin stepping
Note: Dynamic gmin stepping completed
Note: Starting dynamic gmin stepping
Note: Dynamic gmin stepping completed
Note: Starting dynamic gmin stepping
Note: Dynamic gmin stepping completed
Note: Starting dynamic gmin stepping
Note: Dynamic gmin stepping completed
Note: Starting dynamic gmin stepping
Note: Dynamic gmin stepping completed
Note: Starting dynamic gmin stepping
Note: Dynamic gmin stepping completed
Note: Starting dynamic gmin stepping
Note: Dynamic gmin stepping completed
Note: Starting dynamic gmin stepping
Note: Dynamic gmin stepping completed
Note: Starting dynamic gmin stepping
Note: Dynamic gmin stepping completed
Note: Starting dynamic gmin stepping
Note: Dynamic gmin stepping completed
Note: Starting dynamic gmin stepping
Note: Dynamic gmin stepping completed
Note: Starting dynamic gmin stepping
Note: Dynamic gmin stepping completed
Note: Starting dynamic gmin stepping
Note: Dynamic gmin stepping completed
Note: Starting dynamic gmin stepping
Note: Dynamic gmin stepping completed
Note: Starting dynamic gmin stepping
Note: Dynamic gmin stepping completed
Note: Starting dynamic gmin stepping
Note: Dynamic gmin stepping completed
Note: Starting dynamic gmin stepping
Note: Dynamic gmin stepping completed
Note: Starting dynamic gmin stepping
Note: Dynamic gmin stepping completed
Note: Starting dynamic gmin stepping
Note: Dynamic gmin stepping completed
Note: Starting dynamic gmin stepping
Note: Dynamic gmin stepping completed
Note: Starting dynamic gmin stepping
Note: Dynamic gmin stepping completed
Note: Starting dynamic gmin stepping
Note: Dynamic gmin stepping completed
Note: Starting dynamic gmin stepping
Note: Dynamic gmin stepping completed
Note: Starting dynamic gmin stepping
Note: Dynamic gmin stepping completed
Note: Starting dynamic gmin stepping
Note: Dynamic gmin stepping completed
Note: Starting dynamic gmin stepping
Note: Dynamic gmin stepping completed
Note: Starting dynamic gmin stepping
Note: Dynamic gmin stepping completed
Note: Starting dynamic gmin stepping
Note: Dynamic gmin stepping completed
Note: Starting dynamic gmin stepping
Note: Dynamic gmin stepping completed
Note: Starting dynamic gmin stepping
Note: Dynamic gmin stepping completed
Note: Starting dynamic gmin stepping
Note: Dynamic gmin stepping completed
Note: Starting dynamic gmin stepping
Note: Dynamic gmin stepping completed
Note: Starting dynamic gmin stepping
Note: Dynamic gmin stepping completed
Note: Starting dynamic gmin stepping
Note: Dynamic gmin stepping completed
Note: Starting dynamic gmin stepping
Note: Dynamic gmin stepping completed
Note: Starting dynamic gmin stepping
Note: Dynamic gmin stepping completed
Note: Starting dynamic gmin stepping
Note: Dynamic gmin stepping completed
Note: Starting dynamic gmin stepping
Note: Dynamic gmin stepping completed
Note: Starting dynamic gmin stepping
Note: Dynamic gmin stepping completed
Note: Starting dynamic gmin stepping
Note: Dynamic gmin stepping completed
Note: Starting dynamic gmin stepping
Note: Dynamic gmin stepping completed
Note: Starting dynamic gmin stepping
Note: Dynamic gmin stepping completed
Note: Starting dynamic gmin stepping
Note: Dynamic gmin stepping completed
Note: Starting dynamic gmin stepping
Note: Dynamic gmin stepping completed
Note: Starting dynamic gmin stepping
Note: Dynamic gmin stepping completed
Note: Starting dynamic gmin stepping
Note: Dynamic gmin stepping completed
Note: Starting dynamic gmin stepping
Note: Dynamic gmin stepping completed
Note: Starting dynamic gmin stepping
Note: Dynamic gmin stepping completed
Note: Starting dynamic gmin stepping
Note: Dynamic gmin stepping completed
Note: Starting dynamic gmin stepping
Note: Dynamic gmin stepping completed
Note: Starting dynamic gmin stepping
Note: Dynamic gmin stepping completed
Note: Starting dynamic gmin stepping
Note: Dynamic gmin stepping completed
Note: Starting dynamic gmin stepping
Note: Dynamic gmin stepping completed
Note: Starting dynamic gmin stepping
Note: Dynamic gmin stepping completed
Note: Starting dynamic gmin stepping
Note: Dynamic gmin stepping completed
Note: Starting dynamic gmin stepping
Note: Dynamic gmin stepping completed
Note: Starting dynamic gmin stepping
Note: Dynamic gmin stepping completed
Note: Starting dynamic gmin stepping
Note: Dynamic gmin stepping completed
Note: Starting dynamic gmin stepping
Note: Dynamic gmin stepping completed
Note: Starting dynamic gmin stepping
Note: Dynamic gmin stepping completed
Note: Starting dynamic gmin stepping
Note: Dynamic gmin stepping completed
Note: Starting dynamic gmin stepping
Note: Dynamic gmin stepping completed
Note: Starting dynamic gmin stepping
Note: Dynamic gmin stepping completed
Note: Starting dynamic gmin stepping
Note: Dynamic gmin stepping completed
Note: Starting dynamic gmin stepping
Note: Dynamic gmin stepping completed
Note: Starting dynamic gmin stepping
Note: Dynamic gmin stepping completed
Note: Starting dynamic gmin stepping
Note: Dynamic gmin stepping completed
Note: Starting dynamic gmin stepping
Note: Dynamic gmin stepping completed
Note: Starting dynamic gmin stepping
Note: Dynamic gmin stepping completed
Note: Starting dynamic gmin stepping
Note: Dynamic gmin stepping completed
Note: Starting dynamic gmin stepping
Note: Dynamic gmin stepping completed
Note: Starting dynamic gmin stepping
Note: Dynamic gmin stepping completed
Note: Starting dynamic gmin stepping
Note: Dynamic gmin stepping completed
Note: Starting dynamic gmin stepping
Note: Dynamic gmin stepping completed
Note: Starting dynamic gmin stepping
Note: Dynamic gmin stepping completed
Note: Starting dynamic gmin stepping
Note: Dynamic gmin stepping completed
Note: Starting dynamic gmin stepping
Note: Dynamic gmin stepping completed
Note: Starting dynamic gmin stepping
Note: Dynamic gmin stepping completed
Note: Starting dynamic gmin stepping
Note: Dynamic gmin stepping completed
Note: Starting dynamic gmin stepping
Note: Dynamic gmin stepping completed
Note: Starting dynamic gmin stepping
Note: Dynamic gmin stepping completed
Note: Starting dynamic gmin stepping
Note: Dynamic gmin stepping completed
Note: Starting dynamic gmin stepping
Note: Dynamic gmin stepping completed
Note: Starting dynamic gmin stepping
Note: Dynamic gmin stepping completed
Note: Starting dynamic gmin stepping
Note: Dynamic gmin stepping completed
Note: Starting dynamic gmin stepping
Note: Dynamic gmin stepping completed
Note: Starting dynamic gmin stepping
Note: Dynamic gmin stepping completed
Note: Starting dynamic gmin stepping
Note: Dynamic gmin stepping completed
Note: Starting dynamic gmin stepping
Note: Dynamic gmin stepping completed
Note: Starting dynamic gmin stepping
Note: Dynamic gmin stepping completed
Note: Starting dynamic gmin stepping
Note: Dynamic gmin stepping completed
Note: Starting dynamic gmin stepping
Note: Dynamic gmin stepping completed
Note: Starting dynamic gmin stepping
Note: Dynamic gmin stepping completed
Note: Starting dynamic gmin stepping
Note: Dynamic gmin stepping completed
Note: Starting dynamic gmin stepping
Note: Dynamic gmin stepping completed
Note: Starting dynamic gmin stepping
Note: Dynamic gmin stepping completed
Note: Starting dynamic gmin stepping
Note: Dynamic gmin stepping completed
Note: Starting dynamic gmin stepping
Note: Dynamic gmin stepping completed
Note: Starting dynamic gmin stepping
Note: Dynamic gmin stepping completed
Note: Starting dynamic gmin stepping
Note: Dynamic gmin stepping completed
Note: Starting dynamic gmin stepping
Note: Dynamic gmin stepping completed
Note: Starting dynamic gmin stepping
Note: Dynamic gmin stepping completed
Note: Starting dynamic gmin stepping
Note: Dynamic gmin stepping completed
Note: Starting dynamic gmin stepping
Note: Dynamic gmin stepping completed
Note: Starting dynamic gmin stepping
Note: Dynamic gmin stepping completed
Note: Starting dynamic gmin stepping
Note: Dynamic gmin stepping completed
Note: Starting dynamic gmin stepping
Note: Dynamic gmin stepping completed
Note: Starting dynamic gmin stepping
Note: Dynamic gmin stepping completed
Note: Starting dynamic gmin stepping
Note: Dynamic gmin stepping completed
Note: Starting dynamic gmin stepping
Note: Dynamic gmin stepping completed
Note: Starting dynamic gmin stepping
Note: Dynamic gmin stepping completed
Note: Starting dynamic gmin stepping
Note: Dynamic gmin stepping completed
Note: Starting dynamic gmin stepping
Note: Dynamic gmin stepping completed
Note: Starting dynamic gmin stepping
Note: Dynamic gmin stepping completed
Note: Starting dynamic gmin stepping
Note: Dynamic gmin stepping completed
Note: Starting dynamic gmin stepping
Note: Dynamic gmin stepping completed
Note: Starting dynamic gmin stepping
Note: Dynamic gmin stepping completed
Note: Starting dynamic gmin stepping
Note: Dynamic gmin stepping completed
Note: Starting dynamic gmin stepping
Note: Dynamic gmin stepping completed
Note: Starting dynamic gmin stepping
Note: Dynamic gmin stepping completed
Note: Starting dynamic gmin stepping
Note: Dynamic gmin stepping completed
Note: Starting dynamic gmin stepping
Note: Dynamic gmin stepping completed
Note: Starting dynamic gmin stepping
Note: Dynamic gmin stepping completed
Note: Starting dynamic gmin stepping
Note: Dynamic gmin stepping completed
Note: Starting dynamic gmin stepping
Note: Dynamic gmin stepping completed
Note: Starting dynamic gmin stepping
Note: Dynamic gmin stepping completed
Note: Starting dynamic gmin stepping
Note: Dynamic gmin stepping completed
Note: Starting dynamic gmin stepping
Note: Dynamic gmin stepping completed
Note: Starting dynamic gmin stepping
Note: Dynamic gmin stepping completed
Note: Starting dynamic gmin stepping
Note: Dynamic gmin stepping completed
Note: Starting dynamic gmin stepping
Note: Dynamic gmin stepping completed
Note: Starting dynamic gmin stepping
Note: Dynamic gmin stepping completed
Note: Starting dynamic gmin stepping
Note: Dynamic gmin stepping completed
Note: Starting dynamic gmin stepping
Note: Dynamic gmin stepping completed
Note: Starting dynamic gmin stepping
Note: Dynamic gmin stepping completed
Note: Starting dynamic gmin stepping
Note: Dynamic gmin stepping completed
Note: Starting dynamic gmin stepping
Note: Dynamic gmin stepping completed
Note: Starting dynamic gmin stepping
Note: Dynamic gmin stepping completed
Note: Starting dynamic gmin stepping
Note: Dynamic gmin stepping completed
Note: Starting dynamic gmin stepping
Note: Dynamic gmin stepping completed
Note: Starting dynamic gmin stepping
Note: Dynamic gmin stepping completed
Note: Starting dynamic gmin stepping
Note: Dynamic gmin stepping completed
Note: Starting dynamic gmin stepping
Note: Dynamic gmin stepping completed
Note: Starting dynamic gmin stepping
Note: Dynamic gmin stepping completed
Note: Starting dynamic gmin stepping
Note: Dynamic gmin stepping completed
Note: Starting dynamic gmin stepping
Note: Dynamic gmin stepping completed
Note: Starting dynamic gmin stepping
Note: Dynamic gmin stepping completed
Note: Starting dynamic gmin stepping
Note: Dynamic gmin stepping completed
Note: Starting dynamic gmin stepping
Note: Dynamic gmin stepping completed
Note: Starting dynamic gmin stepping
Note: Dynamic gmin stepping completed
Note: Starting dynamic gmin stepping
Note: Dynamic gmin stepping completed
Note: Starting dynamic gmin stepping
Note: Dynamic gmin stepping completed
Note: Starting dynamic gmin stepping
Note: Dynamic gmin stepping completed
Note: Starting dynamic gmin stepping
Note: Dynamic gmin stepping completed
Note: Starting dynamic gmin stepping
Note: Dynamic gmin stepping completed
Note: Starting dynamic gmin stepping
Note: Dynamic gmin stepping completed
Note: Starting dynamic gmin stepping
Note: Dynamic gmin stepping completed
Note: Starting dynamic gmin stepping
Note: Dynamic gmin stepping completed
Note: Starting dynamic gmin stepping
Note: Dynamic gmin stepping completed
Note: Starting dynamic gmin stepping
Note: Dynamic gmin stepping completed
Note: Starting dynamic gmin stepping
Note: Dynamic gmin stepping completed
Note: Starting dynamic gmin stepping
Note: Dynamic gmin stepping completed
Note: Starting dynamic gmin stepping
Note: Dynamic gmin stepping completed
Note: Starting dynamic gmin stepping
Note: Dynamic gmin stepping completed
Note: Starting dynamic gmin stepping
Note: Dynamic gmin stepping completed
Note: Starting dynamic gmin stepping
Note: Dynamic gmin stepping completed
Note: Starting dynamic gmin stepping
Note: Dynamic gmin stepping completed
Note: Starting dynamic gmin stepping
Note: Dynamic gmin stepping completed
Note: Starting dynamic gmin stepping
Note: Dynamic gmin stepping completed
Note: Starting dynamic gmin stepping
Note: Dynamic gmin stepping completed
Note: Starting dynamic gmin stepping
Note: Dynamic gmin stepping completed
Note: Starting dynamic gmin stepping
Note: Dynamic gmin stepping completed
Note: Starting dynamic gmin stepping
Note: Dynamic gmin stepping completed
Note: Starting dynamic gmin stepping
Note: Dynamic gmin stepping completed
Note: Starting dynamic gmin stepping
Note: Dynamic gmin stepping completed
Note: Starting dynamic gmin stepping
Note: Dynamic gmin stepping completed
Note: Starting dynamic gmin stepping
Note: Dynamic gmin stepping completed
Note: Starting dynamic gmin stepping
Note: Dynamic gmin stepping completed
Note: Starting dynamic gmin stepping
Note: Dynamic gmin stepping completed
Note: Starting dynamic gmin stepping
Note: Dynamic gmin stepping completed
Note: Starting dynamic gmin stepping
Note: Dynamic gmin stepping completed
Note: Starting dynamic gmin stepping
Note: Dynamic gmin stepping completed
Note: Starting dynamic gmin stepping
Note: Dynamic gmin stepping completed
Note: Starting dynamic gmin stepping
Note: Dynamic gmin stepping completed
Note: Starting dynamic gmin stepping
Note: Dynamic gmin stepping completed
Note: Starting dynamic gmin stepping
Note: Dynamic gmin stepping completed
Note: Starting dynamic gmin stepping
Note: Dynamic gmin stepping completed
Note: Starting dynamic gmin stepping
Note: Dynamic gmin stepping completed
Note: Starting dynamic gmin stepping
Note: Dynamic gmin stepping completed
Note: Starting dynamic gmin stepping
Note: Dynamic gmin stepping completed
Note: Starting dynamic gmin stepping
Note: Dynamic gmin stepping completed
Note: Starting dynamic gmin stepping
Note: Dynamic gmin stepping completed
Note: Starting dynamic gmin stepping
Note: Dynamic gmin stepping completed
Note: Starting dynamic gmin stepping
Note: Dynamic gmin stepping completed
Note: Starting dynamic gmin stepping
Note: Dynamic gmin stepping completed
Note: Starting dynamic gmin stepping
Note: Dynamic gmin stepping completed
Note: Starting dynamic gmin stepping
Note: Dynamic gmin stepping completed
Note: Starting dynamic gmin stepping
Note: Dynamic gmin stepping completed
Note: Starting dynamic gmin stepping
Note: Dynamic gmin stepping completed
Note: Starting dynamic gmin stepping
Note: Dynamic gmin stepping completed
Note: Starting dynamic gmin stepping
Note: Dynamic gmin stepping completed
Note: Starting dynamic gmin stepping
Note: Dynamic gmin stepping completed
Note: Starting dynamic gmin stepping
Note: Dynamic gmin stepping completed
Note: Starting dynamic gmin stepping
Note: Dynamic gmin stepping completed
Note: Starting dynamic gmin stepping
Note: Dynamic gmin stepping completed
Note: Starting dynamic gmin stepping
Note: Dynamic gmin stepping completed
Note: Starting dynamic gmin stepping
Note: Dynamic gmin stepping completed
Note: Starting dynamic gmin stepping
Note: Dynamic gmin stepping completed
Note: Starting dynamic gmin stepping
Note: Dynamic gmin stepping completed
Note: Starting dynamic gmin stepping
Note: Dynamic gmin stepping completed
Note: Starting dynamic gmin stepping
Note: Dynamic gmin stepping completed
Note: Starting dynamic gmin stepping
Note: Dynamic gmin stepping completed
Note: Starting dynamic gmin stepping
Note: Dynamic gmin stepping completed
Note: Starting dynamic gmin stepping
Note: Dynamic gmin stepping completed
Note: Starting dynamic gmin stepping
Note: Dynamic gmin stepping completed
Note: Starting dynamic gmin stepping
Note: Dynamic gmin stepping completed
Note: Starting dynamic gmin stepping
Note: Dynamic gmin stepping completed
Note: Starting dynamic gmin stepping
Note: Dynamic gmin stepping completed
Note: Starting dynamic gmin stepping
Note: Dynamic gmin stepping completed
Note: Starting dynamic gmin stepping
Note: Dynamic gmin stepping completed
Note: Starting dynamic gmin stepping
Note: Dynamic gmin stepping completed
Note: Starting dynamic gmin stepping
Note: Dynamic gmin stepping completed
Note: Starting dynamic gmin stepping
Note: Dynamic gmin stepping completed
Note: Starting dynamic gmin stepping
Note: Dynamic gmin stepping completed
Note: Starting dynamic gmin stepping
Note: Dynamic gmin stepping completed
Note: Starting dynamic gmin stepping
Note: Dynamic gmin stepping completed
Note: Starting dynamic gmin stepping
Note: Dynamic gmin stepping completed
Note: Starting dynamic gmin stepping
Note: Dynamic gmin stepping completed
Note: Starting dynamic gmin stepping
Note: Dynamic gmin stepping completed
Note: Starting dynamic gmin stepping
Note: Dynamic gmin stepping completed
Note: Starting dynamic gmin stepping
Note: Dynamic gmin stepping completed
Note: Starting dynamic gmin stepping
Note: Dynamic gmin stepping completed
Note: Starting dynamic gmin stepping
Note: Dynamic gmin stepping completed
Note: Starting dynamic gmin stepping
Note: Dynamic gmin stepping completed
Note: Starting dynamic gmin stepping
Note: Dynamic gmin stepping completed
Note: Starting dynamic gmin stepping
Note: Dynamic gmin stepping completed
Note: Starting dynamic gmin stepping
Note: Dynamic gmin stepping completed
Note: Starting dynamic gmin stepping
Note: Dynamic gmin stepping completed
Note: Starting dynamic gmin stepping
Note: Dynamic gmin stepping completed
Note: Starting dynamic gmin stepping
Note: Dynamic gmin stepping completed
Note: Starting dynamic gmin stepping
Note: Dynamic gmin stepping completed
Note: Starting dynamic gmin stepping
Note: Dynamic gmin stepping completed
Note: Starting dynamic gmin stepping
Note: Dynamic gmin stepping completed
Note: Starting dynamic gmin stepping
Note: Dynamic gmin stepping completed
Note: Starting dynamic gmin stepping
Note: Dynamic gmin stepping completed
Note: Starting dynamic gmin stepping
Note: Dynamic gmin stepping completed
Note: Starting dynamic gmin stepping
Note: Dynamic gmin stepping completed
Note: Starting dynamic gmin stepping
Note: Dynamic gmin stepping completed
Note: Starting dynamic gmin stepping
Note: Dynamic gmin stepping completed
Note: Starting dynamic gmin stepping
Note: Dynamic gmin stepping completed
Note: Starting dynamic gmin stepping
Note: Dynamic gmin stepping completed
Note: Starting dynamic gmin stepping
Note: Dynamic gmin stepping completed
Note: Starting dynamic gmin stepping
Note: Dynamic gmin stepping completed
Note: Starting dynamic gmin stepping
Note: Dynamic gmin stepping completed
Note: Starting dynamic gmin stepping
Note: Dynamic gmin stepping completed
Note: Starting dynamic gmin stepping
Note: Dynamic gmin stepping completed
Note: Starting dynamic gmin stepping
Note: Dynamic gmin stepping completed
Note: Starting dynamic gmin stepping
Note: Dynamic gmin stepping completed
Note: Starting dynamic gmin stepping
Note: Dynamic gmin stepping completed
Note: Starting dynamic gmin stepping
Note: Dynamic gmin stepping completed
Note: Starting dynamic gmin stepping
Note: Dynamic gmin stepping completed
Note: Starting dynamic gmin stepping
Note: Dynamic gmin stepping completed
Note: Starting dynamic gmin stepping
Note: Dynamic gmin stepping completed
Note: Starting dynamic gmin stepping
Note: Dynamic gmin stepping completed
Note: Starting dynamic gmin stepping
Note: Dynamic gmin stepping completed
Note: Starting dynamic gmin stepping
Note: Dynamic gmin stepping completed
Note: Starting dynamic gmin stepping
Note: Dynamic gmin stepping completed
Note: Starting dynamic gmin stepping
Note: Dynamic gmin stepping completed
Note: Starting dynamic gmin stepping
Note: Dynamic gmin stepping completed
Note: Starting dynamic gmin stepping
Note: Dynamic gmin stepping completed
Note: Starting dynamic gmin stepping
Note: Dynamic gmin stepping completed
Note: Starting dynamic gmin stepping
Note: Dynamic gmin stepping completed
Note: Starting dynamic gmin stepping
Note: Dynamic gmin stepping completed
Note: Starting dynamic gmin stepping
Note: Dynamic gmin stepping completed
Note: Starting dynamic gmin stepping
Note: Dynamic gmin stepping completed
Note: Starting dynamic gmin stepping
Note: Dynamic gmin stepping completed
Note: Starting dynamic gmin stepping
Note: Dynamic gmin stepping completed
Note: Starting dynamic gmin stepping
Note: Dynamic gmin stepping completed
Note: Starting dynamic gmin stepping
Note: Dynamic gmin stepping completed
Note: Starting dynamic gmin stepping
Note: Dynamic gmin stepping completed
Note: Starting dynamic gmin stepping
Note: Dynamic gmin stepping completed
Note: Starting dynamic gmin stepping
Note: Dynamic gmin stepping completed
Note: Starting dynamic gmin stepping
Note: Dynamic gmin stepping completed
Note: Starting dynamic gmin stepping
Note: Dynamic gmin stepping completed
Note: Starting dynamic gmin stepping
Note: Dynamic gmin stepping completed
Note: Starting dynamic gmin stepping
Note: Dynamic gmin stepping completed
Note: Starting dynamic gmin stepping
Note: Dynamic gmin stepping completed
Note: Starting dynamic gmin stepping
Note: Dynamic gmin stepping completed
Note: Starting dynamic gmin stepping
Note: Dynamic gmin stepping completed
Note: Starting dynamic gmin stepping
Note: Dynamic gmin stepping completed
Note: Starting dynamic gmin stepping
Note: Dynamic gmin stepping completed
Note: Starting dynamic gmin stepping
Note: Dynamic gmin stepping completed
Note: Starting dynamic gmin stepping
Note: Dynamic gmin stepping completed
Note: Starting dynamic gmin stepping
Note: Dynamic gmin stepping completed
Note: Starting dynamic gmin stepping
Note: Dynamic gmin stepping completed
Note: Starting dynamic gmin stepping
Note: Dynamic gmin stepping completed
Note: Starting dynamic gmin stepping
Note: Dynamic gmin stepping completed
Note: Starting dynamic gmin stepping
Note: Dynamic gmin stepping completed
Note: Starting dynamic gmin stepping
Note: Dynamic gmin stepping completed
Note: Starting dynamic gmin stepping
Note: Dynamic gmin stepping completed
Note: Starting dynamic gmin stepping
Note: Dynamic gmin stepping completed
Note: Starting dynamic gmin stepping
Note: Dynamic gmin stepping completed
Note: Starting dynamic gmin stepping
Note: Dynamic gmin stepping completed
Note: Starting dynamic gmin stepping
Note: Dynamic gmin stepping completed
Note: Starting dynamic gmin stepping
Note: Dynamic gmin stepping completed
Note: Starting dynamic gmin stepping
Note: Dynamic gmin stepping completed
Note: Starting dynamic gmin stepping
Note: Dynamic gmin stepping completed
Note: Starting dynamic gmin stepping
Note: Dynamic gmin stepping completed
Note: Starting dynamic gmin stepping
Note: Dynamic gmin stepping completed
Note: Starting dynamic gmin stepping
Note: Dynamic gmin stepping completed
Note: Starting dynamic gmin stepping
Note: Dynamic gmin stepping completed
Note: Starting dynamic gmin stepping
Note: Dynamic gmin stepping completed
Note: Starting dynamic gmin stepping
Note: Dynamic gmin stepping completed
Note: Starting dynamic gmin stepping
Note: Dynamic gmin stepping completed
Note: Starting dynamic gmin stepping
Note: Dynamic gmin stepping completed
Note: Starting dynamic gmin stepping
Note: Dynamic gmin stepping completed
Note: Starting dynamic gmin stepping
Note: Dynamic gmin stepping completed
Note: Starting dynamic gmin stepping
Note: Dynamic gmin stepping completed
Note: Starting dynamic gmin stepping
Note: Dynamic gmin stepping completed
Note: Starting dynamic gmin stepping
Note: Dynamic gmin stepping completed
Note: Starting dynamic gmin stepping
Note: Dynamic gmin stepping completed
Note: Starting dynamic gmin stepping
Note: Dynamic gmin stepping completed
Note: Starting dynamic gmin stepping
Note: Dynamic gmin stepping completed
Note: Starting dynamic gmin stepping
Note: Dynamic gmin stepping completed
Note: Starting dynamic gmin stepping
Note: Dynamic gmin stepping completed
Note: Starting dynamic gmin stepping
Note: Dynamic gmin stepping completed
Note: Starting dynamic gmin stepping
Note: Dynamic gmin stepping completed
Note: Starting dynamic gmin stepping
Note: Dynamic gmin stepping completed
Note: Starting dynamic gmin stepping
Note: Dynamic gmin stepping completed
Note: Starting dynamic gmin stepping
Note: Dynamic gmin stepping completed
Note: Starting dynamic gmin stepping
Note: Dynamic gmin stepping completed
Note: Starting dynamic gmin stepping
Note: Dynamic gmin stepping completed
Note: Starting dynamic gmin stepping
Note: Dynamic gmin stepping completed
Note: Starting dynamic gmin stepping
Note: Dynamic gmin stepping completed
Note: Starting dynamic gmin stepping
Note: Dynamic gmin stepping completed
Note: Starting dynamic gmin stepping
Note: Dynamic gmin stepping completed
Note: Starting dynamic gmin stepping
Note: Dynamic gmin stepping completed
Note: Starting dynamic gmin stepping
Note: Dynamic gmin stepping completed
Note: Starting dynamic gmin stepping
Note: Dynamic gmin stepping completed
Note: Starting dynamic gmin stepping
Note: Dynamic gmin stepping completed
Note: Starting dynamic gmin stepping
Note: Dynamic gmin stepping completed
Note: Starting dynamic gmin stepping
Note: Dynamic gmin stepping completed
Note: Starting dynamic gmin stepping
Note: Dynamic gmin stepping completed
Note: Starting dynamic gmin stepping
Note: Dynamic gmin stepping completed
Note: Starting dynamic gmin stepping
Note: Dynamic gmin stepping completed
Note: Starting dynamic gmin stepping
Note: Dynamic gmin stepping completed
Note: Starting dynamic gmin stepping
Note: Dynamic gmin stepping completed
Note: Starting dynamic gmin stepping
Note: Dynamic gmin stepping completed
Note: Starting dynamic gmin stepping
Note: Dynamic gmin stepping completed
Note: Starting dynamic gmin stepping
Note: Dynamic gmin stepping completed
Note: Starting dynamic gmin stepping
Note: Dynamic gmin stepping completed
Note: Starting dynamic gmin stepping
Note: Dynamic gmin stepping completed
Note: Starting dynamic gmin stepping
Note: Dynamic gmin stepping completed
Note: Starting dynamic gmin stepping
Note: Dynamic gmin stepping completed
Note: Starting dynamic gmin stepping
Note: Dynamic gmin stepping completed
Note: Starting dynamic gmin stepping
Note: Dynamic gmin stepping completed
Note: Starting dynamic gmin stepping
Note: Dynamic gmin stepping completed
Note: Starting dynamic gmin stepping
Note: Dynamic gmin stepping completed
Note: Starting dynamic gmin stepping
Note: Dynamic gmin stepping completed
Note: Starting dynamic gmin stepping
Note: Dynamic gmin stepping completed
Note: Starting dynamic gmin stepping
Note: Dynamic gmin stepping completed
Note: Starting dynamic gmin stepping
Note: Dynamic gmin stepping completed
Note: Starting dynamic gmin stepping
Note: Dynamic gmin stepping completed
Note: Starting dynamic gmin stepping
Note: Dynamic gmin stepping completed
Note: Starting dynamic gmin stepping
Note: Dynamic gmin stepping completed
Note: Starting dynamic gmin stepping
Note: Dynamic gmin stepping completed
Note: Starting dynamic gmin stepping
Note: Dynamic gmin stepping completed
Note: Starting dynamic gmin stepping
Note: Dynamic gmin stepping completed
Note: Starting dynamic gmin stepping
Note: Dynamic gmin stepping completed
Note: Starting dynamic gmin stepping
Note: Dynamic gmin stepping completed
Note: Starting dynamic gmin stepping
Note: Dynamic gmin stepping completed
Note: Starting dynamic gmin stepping
Note: Dynamic gmin stepping completed
Note: Starting dynamic gmin stepping
Note: Dynamic gmin stepping completed
Note: Starting dynamic gmin stepping
Note: Dynamic gmin stepping completed
Note: Starting dynamic gmin stepping
Note: Dynamic gmin stepping completed
Note: Starting dynamic gmin stepping
Note: Dynamic gmin stepping completed
Note: Starting dynamic gmin stepping
Note: Dynamic gmin stepping completed
Note: Starting dynamic gmin stepping
Note: Dynamic gmin stepping completed
Note: Starting dynamic gmin stepping
Note: Dynamic gmin stepping completed
Note: Starting dynamic gmin stepping
Note: Dynamic gmin stepping completed
Note: Starting dynamic gmin stepping
Note: Dynamic gmin stepping completed
Note: Starting dynamic gmin stepping
Note: Dynamic gmin stepping completed
Note: Starting dynamic gmin stepping
Note: Dynamic gmin stepping completed
Note: Starting dynamic gmin stepping
Note: Dynamic gmin stepping completed
Note: Starting dynamic gmin stepping
Note: Dynamic gmin stepping completed
Note: Starting dynamic gmin stepping
Note: Dynamic gmin stepping completed
Note: Starting dynamic gmin stepping
Note: Dynamic gmin stepping completed
Note: Starting dynamic gmin stepping
Note: Dynamic gmin stepping completed
