
Note: No compatibility mode selected!


Circuit: * comparator-offset-mc @ sf_27c_2.97v -- generated by sim/harness, do not edit

Reset re-loads circuit * comparator-offset-mc @ sf_27c_2.97v -- generated by sim/harness, do not edit

Circuit: * comparator-offset-mc @ sf_27c_2.97v -- generated by sim/harness, do not edit

Doing analysis at TEMP = 27.000000 and TNOM = 27.000000

Using SPARSE 1.3 as Direct Linear Solver

No. of Data Rows : 6
voa = 1.4720114199e-03
ddc = -2.741646276e-07
dde = 2.7157402120e-07
Reset re-loads circuit * comparator-offset-mc @ sf_27c_2.97v -- generated by sim/harness, do not edit

Circuit: * comparator-offset-mc @ sf_27c_2.97v -- generated by sim/harness, do not edit

Doing analysis at TEMP = 27.000000 and TNOM = 27.000000

Using SPARSE 1.3 as Direct Linear Solver

No. of Data Rows : 6
voa = 1.4327739224e-03
ddc = -2.167199031e-07
dde = 2.1105139687e-07
Reset re-loads circuit * comparator-offset-mc @ sf_27c_2.97v -- generated by sim/harness, do not edit

Circuit: * comparator-offset-mc @ sf_27c_2.97v -- generated by sim/harness, do not edit

Doing analysis at TEMP = 27.000000 and TNOM = 27.000000

Using SPARSE 1.3 as Direct Linear Solver

No. of Data Rows : 6
voa = -1.010336429e-03
ddc = 1.4868337862e-07
dde = -1.442122394e-07
Reset re-loads circuit * comparator-offset-mc @ sf_27c_2.97v -- generated by sim/harness, do not edit

Circuit: * comparator-offset-mc @ sf_27c_2.97v -- generated by sim/harness, do not edit

Doing analysis at TEMP = 27.000000 and TNOM = 27.000000

Using SPARSE 1.3 as Direct Linear Solver

No. of Data Rows : 6
voa = 2.7969832819e-04
ddc = -4.873522360e-08
dde = 4.8117049763e-08
Reset re-loads circuit * comparator-offset-mc @ sf_27c_2.97v -- generated by sim/harness, do not edit

Circuit: * comparator-offset-mc @ sf_27c_2.97v -- generated by sim/harness, do not edit

Doing analysis at TEMP = 27.000000 and TNOM = 27.000000

Using SPARSE 1.3 as Direct Linear Solver

No. of Data Rows : 6
voa = -4.305364281e-04
ddc = 6.8518455240e-08
dde = -6.703933206e-08
Reset re-loads circuit * comparator-offset-mc @ sf_27c_2.97v -- generated by sim/harness, do not edit

Circuit: * comparator-offset-mc @ sf_27c_2.97v -- generated by sim/harness, do not edit

Doing analysis at TEMP = 27.000000 and TNOM = 27.000000

Using SPARSE 1.3 as Direct Linear Solver

No. of Data Rows : 6
voa = 1.8500508827e-03
ddc = -2.713070057e-07
dde = 2.6374205569e-07
Reset re-loads circuit * comparator-offset-mc @ sf_27c_2.97v -- generated by sim/harness, do not edit

Circuit: * comparator-offset-mc @ sf_27c_2.97v -- generated by sim/harness, do not edit

Doing analysis at TEMP = 27.000000 and TNOM = 27.000000

Using SPARSE 1.3 as Direct Linear Solver

No. of Data Rows : 6
voa = 1.8680422203e-03
ddc = -2.836832174e-07
dde = 2.7632059084e-07
Reset re-loads circuit * comparator-offset-mc @ sf_27c_2.97v -- generated by sim/harness, do not edit

Circuit: * comparator-offset-mc @ sf_27c_2.97v -- generated by sim/harness, do not edit

Doing analysis at TEMP = 27.000000 and TNOM = 27.000000

Using SPARSE 1.3 as Direct Linear Solver

No. of Data Rows : 6
voa = -1.455004849e-04
ddc = 3.5727878651e-08
dde = -3.601710417e-08
Reset re-loads circuit * comparator-offset-mc @ sf_27c_2.97v -- generated by sim/harness, do not edit

Circuit: * comparator-offset-mc @ sf_27c_2.97v -- generated by sim/harness, do not edit

Doing analysis at TEMP = 27.000000 and TNOM = 27.000000

Using SPARSE 1.3 as Direct Linear Solver

No. of Data Rows : 6
voa = 1.2785296936e-03
ddc = -1.457902352e-07
dde = 1.5355224924e-07
Reset re-loads circuit * comparator-offset-mc @ sf_27c_2.97v -- generated by sim/harness, do not edit

Circuit: * comparator-offset-mc @ sf_27c_2.97v -- generated by sim/harness, do not edit

Doing analysis at TEMP = 27.000000 and TNOM = 27.000000

Using SPARSE 1.3 as Direct Linear Solver

No. of Data Rows : 6
voa = -7.014132039e-04
ddc = 7.5026918743e-08
dde = -7.015563919e-08
Reset re-loads circuit * comparator-offset-mc @ sf_27c_2.97v -- generated by sim/harness, do not edit

Circuit: * comparator-offset-mc @ sf_27c_2.97v -- generated by sim/harness, do not edit

Doing analysis at TEMP = 27.000000 and TNOM = 27.000000

Using SPARSE 1.3 as Direct Linear Solver

No. of Data Rows : 6
voa = -3.549846437e-03
ddc = 5.7240071766e-07
dde = -5.602192301e-07
Reset re-loads circuit * comparator-offset-mc @ sf_27c_2.97v -- generated by sim/harness, do not edit

Circuit: * comparator-offset-mc @ sf_27c_2.97v -- generated by sim/harness, do not edit

Doing analysis at TEMP = 27.000000 and TNOM = 27.000000

Using SPARSE 1.3 as Direct Linear Solver

No. of Data Rows : 6
voa = -7.006471729e-04
ddc = 1.3216555664e-07
dde = -1.309666657e-07
Reset re-loads circuit * comparator-offset-mc @ sf_27c_2.97v -- generated by sim/harness, do not edit

Circuit: * comparator-offset-mc @ sf_27c_2.97v -- generated by sim/harness, do not edit

Doing analysis at TEMP = 27.000000 and TNOM = 27.000000

Using SPARSE 1.3 as Direct Linear Solver
 Reference value :  0.00000e+00
No. of Data Rows : 6
voa = -5.765154309e-04
ddc = 1.0502558730e-07
dde = -1.039971339e-07
Reset re-loads circuit * comparator-offset-mc @ sf_27c_2.97v -- generated by sim/harness, do not edit

Circuit: * comparator-offset-mc @ sf_27c_2.97v -- generated by sim/harness, do not edit

Doing analysis at TEMP = 27.000000 and TNOM = 27.000000

Using SPARSE 1.3 as Direct Linear Solver

No. of Data Rows : 6
voa = -3.382256365e-04
ddc = 5.7501175583e-08
dde = -5.667248754e-08
Reset re-loads circuit * comparator-offset-mc @ sf_27c_2.97v -- generated by sim/harness, do not edit

Circuit: * comparator-offset-mc @ sf_27c_2.97v -- generated by sim/harness, do not edit

Doing analysis at TEMP = 27.000000 and TNOM = 27.000000

Using SPARSE 1.3 as Direct Linear Solver

No. of Data Rows : 6
voa = 3.4227348615e-03
ddc = -6.109625817e-07
dde = 6.0518482778e-07
Reset re-loads circuit * comparator-offset-mc @ sf_27c_2.97v -- generated by sim/harness, do not edit

Circuit: * comparator-offset-mc @ sf_27c_2.97v -- generated by sim/harness, do not edit

Doing analysis at TEMP = 27.000000 and TNOM = 27.000000

Using SPARSE 1.3 as Direct Linear Solver

No. of Data Rows : 6
voa = -5.839343969e-04
ddc = 1.0565832383e-07
dde = -1.113939604e-07
Reset re-loads circuit * comparator-offset-mc @ sf_27c_2.97v -- generated by sim/harness, do not edit

Circuit: * comparator-offset-mc @ sf_27c_2.97v -- generated by sim/harness, do not edit

Doing analysis at TEMP = 27.000000 and TNOM = 27.000000

Using SPARSE 1.3 as Direct Linear Solver

No. of Data Rows : 6
voa = -1.311196373e-03
ddc = 2.3736845210e-07
dde = -2.349231184e-07
Reset re-loads circuit * comparator-offset-mc @ sf_27c_2.97v -- generated by sim/harness, do not edit

Circuit: * comparator-offset-mc @ sf_27c_2.97v -- generated by sim/harness, do not edit

Doing analysis at TEMP = 27.000000 and TNOM = 27.000000

Using SPARSE 1.3 as Direct Linear Solver

No. of Data Rows : 6
voa = 5.2475729628e-04
ddc = -9.410343899e-08
dde = 9.3110949708e-08
Reset re-loads circuit * comparator-offset-mc @ sf_27c_2.97v -- generated by sim/harness, do not edit

Circuit: * comparator-offset-mc @ sf_27c_2.97v -- generated by sim/harness, do not edit

Doing analysis at TEMP = 27.000000 and TNOM = 27.000000

Using SPARSE 1.3 as Direct Linear Solver

No. of Data Rows : 6
voa = -1.803110349e-03
ddc = 3.1646117857e-07
dde = -3.123939544e-07
Reset re-loads circuit * comparator-offset-mc @ sf_27c_2.97v -- generated by sim/harness, do not edit

Circuit: * comparator-offset-mc @ sf_27c_2.97v -- generated by sim/harness, do not edit

Doing analysis at TEMP = 27.000000 and TNOM = 27.000000

Using SPARSE 1.3 as Direct Linear Solver

No. of Data Rows : 6
voa = -1.469743154e-03
ddc = 2.3011680956e-07
dde = -2.246033437e-07
Reset re-loads circuit * comparator-offset-mc @ sf_27c_2.97v -- generated by sim/harness, do not edit

Circuit: * comparator-offset-mc @ sf_27c_2.97v -- generated by sim/harness, do not edit

Doing analysis at TEMP = 27.000000 and TNOM = 27.000000

Using SPARSE 1.3 as Direct Linear Solver

No. of Data Rows : 6
voa = -2.199784259e-03
ddc = 3.2090956548e-07
dde = -3.105408324e-07
Reset re-loads circuit * comparator-offset-mc @ sf_27c_2.97v -- generated by sim/harness, do not edit

Circuit: * comparator-offset-mc @ sf_27c_2.97v -- generated by sim/harness, do not edit

Doing analysis at TEMP = 27.000000 and TNOM = 27.000000

Using SPARSE 1.3 as Direct Linear Solver

No. of Data Rows : 6
voa = -1.550436323e-03
ddc = 2.5050169955e-07
dde = -2.452337380e-07
Reset re-loads circuit * comparator-offset-mc @ sf_27c_2.97v -- generated by sim/harness, do not edit

Circuit: * comparator-offset-mc @ sf_27c_2.97v -- generated by sim/harness, do not edit

Doing analysis at TEMP = 27.000000 and TNOM = 27.000000

Using SPARSE 1.3 as Direct Linear Solver

No. of Data Rows : 6
voa = 1.5167434253e-03
ddc = -1.996697464e-07
dde = 1.9071348104e-07
Reset re-loads circuit * comparator-offset-mc @ sf_27c_2.97v -- generated by sim/harness, do not edit

Circuit: * comparator-offset-mc @ sf_27c_2.97v -- generated by sim/harness, do not edit

Doing analysis at TEMP = 27.000000 and TNOM = 27.000000

Using SPARSE 1.3 as Direct Linear Solver

No. of Data Rows : 6
voa = 1.0171349005e-03
ddc = -1.682619174e-07
dde = 1.8085669356e-07
Reset re-loads circuit * comparator-offset-mc @ sf_27c_2.97v -- generated by sim/harness, do not edit

Circuit: * comparator-offset-mc @ sf_27c_2.97v -- generated by sim/harness, do not edit

Doing analysis at TEMP = 27.000000 and TNOM = 27.000000

Using SPARSE 1.3 as Direct Linear Solver

No. of Data Rows : 6
voa = -1.438143403e-03
ddc = 2.4362035498e-07
dde = -2.394034452e-07
Reset re-loads circuit * comparator-offset-mc @ sf_27c_2.97v -- generated by sim/harness, do not edit

Circuit: * comparator-offset-mc @ sf_27c_2.97v -- generated by sim/harness, do not edit

Doing analysis at TEMP = 27.000000 and TNOM = 27.000000

Using SPARSE 1.3 as Direct Linear Solver

No. of Data Rows : 6
voa = 8.5045586757e-04
ddc = -1.129072434e-07
dde = 1.0701250683e-07
Reset re-loads circuit * comparator-offset-mc @ sf_27c_2.97v -- generated by sim/harness, do not edit

Circuit: * comparator-offset-mc @ sf_27c_2.97v -- generated by sim/harness, do not edit

Doing analysis at TEMP = 27.000000 and TNOM = 27.000000

Using SPARSE 1.3 as Direct Linear Solver

No. of Data Rows : 6
voa = 9.4002640813e-04
ddc = -9.805581749e-08
dde = 9.1790229910e-08
Reset re-loads circuit * comparator-offset-mc @ sf_27c_2.97v -- generated by sim/harness, do not edit

Circuit: * comparator-offset-mc @ sf_27c_2.97v -- generated by sim/harness, do not edit

Doing analysis at TEMP = 27.000000 and TNOM = 27.000000

Using SPARSE 1.3 as Direct Linear Solver
 Reference value :  0.00000e+00
No. of Data Rows : 6
voa = 2.3948302075e-03
ddc = -3.407239659e-07
dde = 3.2914926317e-07
Reset re-loads circuit * comparator-offset-mc @ sf_27c_2.97v -- generated by sim/harness, do not edit

Circuit: * comparator-offset-mc @ sf_27c_2.97v -- generated by sim/harness, do not edit

Doing analysis at TEMP = 27.000000 and TNOM = 27.000000

Using SPARSE 1.3 as Direct Linear Solver

No. of Data Rows : 6
voa = 1.7713955022e-03
ddc = -2.724876292e-07
dde = 2.6592299112e-07
Reset re-loads circuit * comparator-offset-mc @ sf_27c_2.97v -- generated by sim/harness, do not edit

Circuit: * comparator-offset-mc @ sf_27c_2.97v -- generated by sim/harness, do not edit

Doing analysis at TEMP = 27.000000 and TNOM = 27.000000

Using SPARSE 1.3 as Direct Linear Solver

No. of Data Rows : 6
voa = 2.7215722340e-04
ddc = -6.253487973e-08
dde = 6.3206608049e-08
Reset re-loads circuit * comparator-offset-mc @ sf_27c_2.97v -- generated by sim/harness, do not edit

Circuit: * comparator-offset-mc @ sf_27c_2.97v -- generated by sim/harness, do not edit

Doing analysis at TEMP = 27.000000 and TNOM = 27.000000

Using SPARSE 1.3 as Direct Linear Solver

No. of Data Rows : 6
voa = 1.7967912546e-03
ddc = -2.845902672e-07
dde = 2.7817237883e-07
Reset re-loads circuit * comparator-offset-mc @ sf_27c_2.97v -- generated by sim/harness, do not edit

Circuit: * comparator-offset-mc @ sf_27c_2.97v -- generated by sim/harness, do not edit

Doing analysis at TEMP = 27.000000 and TNOM = 27.000000

Using SPARSE 1.3 as Direct Linear Solver

No. of Data Rows : 6
voa = -1.117449129e-03
ddc = 1.9376361333e-07
dde = -1.905246027e-07
Reset re-loads circuit * comparator-offset-mc @ sf_27c_2.97v -- generated by sim/harness, do not edit

Circuit: * comparator-offset-mc @ sf_27c_2.97v -- generated by sim/harness, do not edit

Doing analysis at TEMP = 27.000000 and TNOM = 27.000000

Using SPARSE 1.3 as Direct Linear Solver

No. of Data Rows : 6
voa = 8.8237047362e-04
ddc = -2.004809935e-07
dde = 2.0046430846e-07
Reset re-loads circuit * comparator-offset-mc @ sf_27c_2.97v -- generated by sim/harness, do not edit

Circuit: * comparator-offset-mc @ sf_27c_2.97v -- generated by sim/harness, do not edit

Doing analysis at TEMP = 27.000000 and TNOM = 27.000000

Using SPARSE 1.3 as Direct Linear Solver

No. of Data Rows : 6
voa = 1.5390791341e-03
ddc = -2.362666424e-07
dde = 2.2969056093e-07
Reset re-loads circuit * comparator-offset-mc @ sf_27c_2.97v -- generated by sim/harness, do not edit

Circuit: * comparator-offset-mc @ sf_27c_2.97v -- generated by sim/harness, do not edit

Doing analysis at TEMP = 27.000000 and TNOM = 27.000000

Using SPARSE 1.3 as Direct Linear Solver

No. of Data Rows : 6
voa = -1.908905253e-03
ddc = 2.9346183329e-07
dde = -2.808991697e-07
Reset re-loads circuit * comparator-offset-mc @ sf_27c_2.97v -- generated by sim/harness, do not edit

Circuit: * comparator-offset-mc @ sf_27c_2.97v -- generated by sim/harness, do not edit

Doing analysis at TEMP = 27.000000 and TNOM = 27.000000

Using SPARSE 1.3 as Direct Linear Solver

No. of Data Rows : 6
voa = -9.393290397e-05
ddc = 1.4994887996e-08
dde = -1.466136116e-08
Reset re-loads circuit * comparator-offset-mc @ sf_27c_2.97v -- generated by sim/harness, do not edit

Circuit: * comparator-offset-mc @ sf_27c_2.97v -- generated by sim/harness, do not edit

Doing analysis at TEMP = 27.000000 and TNOM = 27.000000

Using SPARSE 1.3 as Direct Linear Solver

No. of Data Rows : 6
voa = 1.6806125866e-03
ddc = -2.925409750e-07
dde = 2.8814086663e-07
Reset re-loads circuit * comparator-offset-mc @ sf_27c_2.97v -- generated by sim/harness, do not edit

Circuit: * comparator-offset-mc @ sf_27c_2.97v -- generated by sim/harness, do not edit

Doing analysis at TEMP = 27.000000 and TNOM = 27.000000

Using SPARSE 1.3 as Direct Linear Solver

No. of Data Rows : 6
voa = 7.3979914385e-04
ddc = -1.299112151e-07
dde = 1.3145775899e-07
Reset re-loads circuit * comparator-offset-mc @ sf_27c_2.97v -- generated by sim/harness, do not edit

Circuit: * comparator-offset-mc @ sf_27c_2.97v -- generated by sim/harness, do not edit

Doing analysis at TEMP = 27.000000 and TNOM = 27.000000

Using SPARSE 1.3 as Direct Linear Solver

No. of Data Rows : 6
voa = 1.8997229087e-03
ddc = -2.384596408e-07
dde = 2.2903843265e-07
Reset re-loads circuit * comparator-offset-mc @ sf_27c_2.97v -- generated by sim/harness, do not edit

Circuit: * comparator-offset-mc @ sf_27c_2.97v -- generated by sim/harness, do not edit

Doing analysis at TEMP = 27.000000 and TNOM = 27.000000

Using SPARSE 1.3 as Direct Linear Solver

No. of Data Rows : 6
voa = 1.1935065044e-04
ddc = -4.188587196e-09
dde = 2.8094197652e-09
Reset re-loads circuit * comparator-offset-mc @ sf_27c_2.97v -- generated by sim/harness, do not edit

Circuit: * comparator-offset-mc @ sf_27c_2.97v -- generated by sim/harness, do not edit

Doing analysis at TEMP = 27.000000 and TNOM = 27.000000

Using SPARSE 1.3 as Direct Linear Solver

No. of Data Rows : 6
voa = 2.4824606098e-03
ddc = -3.877457001e-07
dde = 4.0406784120e-07
Reset re-loads circuit * comparator-offset-mc @ sf_27c_2.97v -- generated by sim/harness, do not edit

Circuit: * comparator-offset-mc @ sf_27c_2.97v -- generated by sim/harness, do not edit

Doing analysis at TEMP = 27.000000 and TNOM = 27.000000

Using SPARSE 1.3 as Direct Linear Solver

No. of Data Rows : 6
voa = 1.7316779390e-03
ddc = -2.916584277e-07
dde = 2.8667237190e-07
Reset re-loads circuit * comparator-offset-mc @ sf_27c_2.97v -- generated by sim/harness, do not edit

Circuit: * comparator-offset-mc @ sf_27c_2.97v -- generated by sim/harness, do not edit

Doing analysis at TEMP = 27.000000 and TNOM = 27.000000

Using SPARSE 1.3 as Direct Linear Solver
 Reference value :  0.00000e+00
No. of Data Rows : 6
voa = 1.5104124361e-03
ddc = -2.277457579e-07
dde = 2.2088704665e-07
Reset re-loads circuit * comparator-offset-mc @ sf_27c_2.97v -- generated by sim/harness, do not edit

Circuit: * comparator-offset-mc @ sf_27c_2.97v -- generated by sim/harness, do not edit

Doing analysis at TEMP = 27.000000 and TNOM = 27.000000

Using SPARSE 1.3 as Direct Linear Solver

No. of Data Rows : 6
voa = -1.235391964e-03
ddc = 1.5148174241e-07
dde = -1.517151371e-07
Reset re-loads circuit * comparator-offset-mc @ sf_27c_2.97v -- generated by sim/harness, do not edit

Circuit: * comparator-offset-mc @ sf_27c_2.97v -- generated by sim/harness, do not edit

Doing analysis at TEMP = 27.000000 and TNOM = 27.000000

Using SPARSE 1.3 as Direct Linear Solver

No. of Data Rows : 6
voa = 3.1231824254e-03
ddc = -4.593435857e-07
dde = 4.4777805081e-07
Reset re-loads circuit * comparator-offset-mc @ sf_27c_2.97v -- generated by sim/harness, do not edit

Circuit: * comparator-offset-mc @ sf_27c_2.97v -- generated by sim/harness, do not edit

Doing analysis at TEMP = 27.000000 and TNOM = 27.000000

Using SPARSE 1.3 as Direct Linear Solver

No. of Data Rows : 6
voa = -1.576949015e-04
ddc = 6.9728739635e-08
dde = -7.240446986e-08
Reset re-loads circuit * comparator-offset-mc @ sf_27c_2.97v -- generated by sim/harness, do not edit

Circuit: * comparator-offset-mc @ sf_27c_2.97v -- generated by sim/harness, do not edit

Doing analysis at TEMP = 27.000000 and TNOM = 27.000000

Using SPARSE 1.3 as Direct Linear Solver

No. of Data Rows : 6
voa = -2.558235439e-03
ddc = 3.7637775020e-07
dde = -3.653587290e-07
Reset re-loads circuit * comparator-offset-mc @ sf_27c_2.97v -- generated by sim/harness, do not edit

Circuit: * comparator-offset-mc @ sf_27c_2.97v -- generated by sim/harness, do not edit

Doing analysis at TEMP = 27.000000 and TNOM = 27.000000

Using SPARSE 1.3 as Direct Linear Solver

No. of Data Rows : 6
voa = 1.2627576615e-03
ddc = -1.782378227e-07
dde = 1.7262325758e-07
Reset re-loads circuit * comparator-offset-mc @ sf_27c_2.97v -- generated by sim/harness, do not edit

Circuit: * comparator-offset-mc @ sf_27c_2.97v -- generated by sim/harness, do not edit

Doing analysis at TEMP = 27.000000 and TNOM = 27.000000

Using SPARSE 1.3 as Direct Linear Solver

No. of Data Rows : 6
voa = 2.0960274502e-03
ddc = -3.519017323e-07
dde = 3.4608335360e-07
Reset re-loads circuit * comparator-offset-mc @ sf_27c_2.97v -- generated by sim/harness, do not edit

Circuit: * comparator-offset-mc @ sf_27c_2.97v -- generated by sim/harness, do not edit

Doing analysis at TEMP = 27.000000 and TNOM = 27.000000

Using SPARSE 1.3 as Direct Linear Solver

No. of Data Rows : 6
voa = 1.8025166644e-03
ddc = -2.884930482e-07
dde = 2.8205449926e-07
Reset re-loads circuit * comparator-offset-mc @ sf_27c_2.97v -- generated by sim/harness, do not edit

Circuit: * comparator-offset-mc @ sf_27c_2.97v -- generated by sim/harness, do not edit

Doing analysis at TEMP = 27.000000 and TNOM = 27.000000

Using SPARSE 1.3 as Direct Linear Solver

No. of Data Rows : 6
voa = -2.853438726e-03
ddc = 4.5717624390e-07
dde = -4.473465441e-07
Reset re-loads circuit * comparator-offset-mc @ sf_27c_2.97v -- generated by sim/harness, do not edit

Circuit: * comparator-offset-mc @ sf_27c_2.97v -- generated by sim/harness, do not edit

Doing analysis at TEMP = 27.000000 and TNOM = 27.000000

Using SPARSE 1.3 as Direct Linear Solver

No. of Data Rows : 6
voa = -3.694243249e-05
ddc = -8.269027334e-10
dde = 1.8920558677e-09
Reset re-loads circuit * comparator-offset-mc @ sf_27c_2.97v -- generated by sim/harness, do not edit

Circuit: * comparator-offset-mc @ sf_27c_2.97v -- generated by sim/harness, do not edit

Doing analysis at TEMP = 27.000000 and TNOM = 27.000000

Using SPARSE 1.3 as Direct Linear Solver

No. of Data Rows : 6
voa = -1.182899954e-03
ddc = 2.4852819215e-07
dde = -2.467792815e-07
Reset re-loads circuit * comparator-offset-mc @ sf_27c_2.97v -- generated by sim/harness, do not edit

Circuit: * comparator-offset-mc @ sf_27c_2.97v -- generated by sim/harness, do not edit

Doing analysis at TEMP = 27.000000 and TNOM = 27.000000

Using SPARSE 1.3 as Direct Linear Solver

No. of Data Rows : 6
voa = 2.2248781996e-03
ddc = -3.109350546e-07
dde = 3.0030104649e-07
Reset re-loads circuit * comparator-offset-mc @ sf_27c_2.97v -- generated by sim/harness, do not edit

Circuit: * comparator-offset-mc @ sf_27c_2.97v -- generated by sim/harness, do not edit

Doing analysis at TEMP = 27.000000 and TNOM = 27.000000

Using SPARSE 1.3 as Direct Linear Solver

No. of Data Rows : 6
voa = 2.1609781158e-03
ddc = -3.385399941e-07
dde = 2.9687060921e-07
Reset re-loads circuit * comparator-offset-mc @ sf_27c_2.97v -- generated by sim/harness, do not edit

Circuit: * comparator-offset-mc @ sf_27c_2.97v -- generated by sim/harness, do not edit

Doing analysis at TEMP = 27.000000 and TNOM = 27.000000

Using SPARSE 1.3 as Direct Linear Solver

No. of Data Rows : 6
voa = 2.4768108233e-03
ddc = -3.445158130e-07
dde = 3.3094958949e-07
Reset re-loads circuit * comparator-offset-mc @ sf_27c_2.97v -- generated by sim/harness, do not edit

Circuit: * comparator-offset-mc @ sf_27c_2.97v -- generated by sim/harness, do not edit

Doing analysis at TEMP = 27.000000 and TNOM = 27.000000

Using SPARSE 1.3 as Direct Linear Solver

No. of Data Rows : 6
voa = -1.438037004e-03
ddc = 1.9948802575e-07
dde = -1.917361152e-07
Reset re-loads circuit * comparator-offset-mc @ sf_27c_2.97v -- generated by sim/harness, do not edit

Circuit: * comparator-offset-mc @ sf_27c_2.97v -- generated by sim/harness, do not edit

Doing analysis at TEMP = 27.000000 and TNOM = 27.000000

Using SPARSE 1.3 as Direct Linear Solver
 Reference value :  0.00000e+00
No. of Data Rows : 6
voa = -5.350352417e-04
ddc = 4.8733106044e-08
dde = -4.516601229e-08
Reset re-loads circuit * comparator-offset-mc @ sf_27c_2.97v -- generated by sim/harness, do not edit

Circuit: * comparator-offset-mc @ sf_27c_2.97v -- generated by sim/harness, do not edit

Doing analysis at TEMP = 27.000000 and TNOM = 27.000000

Using SPARSE 1.3 as Direct Linear Solver

No. of Data Rows : 6
voa = 1.2009831078e-03
ddc = -1.916555295e-07
dde = 1.8736741561e-07
Reset re-loads circuit * comparator-offset-mc @ sf_27c_2.97v -- generated by sim/harness, do not edit

Circuit: * comparator-offset-mc @ sf_27c_2.97v -- generated by sim/harness, do not edit

Doing analysis at TEMP = 27.000000 and TNOM = 27.000000

Using SPARSE 1.3 as Direct Linear Solver

No. of Data Rows : 6
voa = -2.133804069e-03
ddc = 3.5930439654e-07
dde = -3.529174975e-07
Reset re-loads circuit * comparator-offset-mc @ sf_27c_2.97v -- generated by sim/harness, do not edit

Circuit: * comparator-offset-mc @ sf_27c_2.97v -- generated by sim/harness, do not edit

Doing analysis at TEMP = 27.000000 and TNOM = 27.000000

Using SPARSE 1.3 as Direct Linear Solver

No. of Data Rows : 6
voa = -1.339260984e-03
ddc = 2.0698297047e-07
dde = -2.019715379e-07
Reset re-loads circuit * comparator-offset-mc @ sf_27c_2.97v -- generated by sim/harness, do not edit

Circuit: * comparator-offset-mc @ sf_27c_2.97v -- generated by sim/harness, do not edit

Doing analysis at TEMP = 27.000000 and TNOM = 27.000000

Using SPARSE 1.3 as Direct Linear Solver

No. of Data Rows : 6
voa = 1.0495209484e-03
ddc = -1.180986187e-07
dde = 1.1186605559e-07
Reset re-loads circuit * comparator-offset-mc @ sf_27c_2.97v -- generated by sim/harness, do not edit

Circuit: * comparator-offset-mc @ sf_27c_2.97v -- generated by sim/harness, do not edit

Doing analysis at TEMP = 27.000000 and TNOM = 27.000000

Using SPARSE 1.3 as Direct Linear Solver

No. of Data Rows : 6
voa = 2.7276246529e-03
ddc = -4.427912913e-07
dde = 4.3361026807e-07
Reset re-loads circuit * comparator-offset-mc @ sf_27c_2.97v -- generated by sim/harness, do not edit

Circuit: * comparator-offset-mc @ sf_27c_2.97v -- generated by sim/harness, do not edit

Doing analysis at TEMP = 27.000000 and TNOM = 27.000000

Using SPARSE 1.3 as Direct Linear Solver

No. of Data Rows : 6
voa = -2.790341033e-03
ddc = 4.7961027619e-07
dde = -4.718586730e-07
Reset re-loads circuit * comparator-offset-mc @ sf_27c_2.97v -- generated by sim/harness, do not edit

Circuit: * comparator-offset-mc @ sf_27c_2.97v -- generated by sim/harness, do not edit

Doing analysis at TEMP = 27.000000 and TNOM = 27.000000

Using SPARSE 1.3 as Direct Linear Solver

No. of Data Rows : 6
voa = 4.0698706141e-04
ddc = -8.785807102e-08
dde = 9.0177924211e-08
Reset re-loads circuit * comparator-offset-mc @ sf_27c_2.97v -- generated by sim/harness, do not edit

Circuit: * comparator-offset-mc @ sf_27c_2.97v -- generated by sim/harness, do not edit

Doing analysis at TEMP = 27.000000 and TNOM = 27.000000

Using SPARSE 1.3 as Direct Linear Solver

No. of Data Rows : 6
voa = -1.190576960e-03
ddc = 1.7601836570e-07
dde = -1.713389200e-07
Reset re-loads circuit * comparator-offset-mc @ sf_27c_2.97v -- generated by sim/harness, do not edit

Circuit: * comparator-offset-mc @ sf_27c_2.97v -- generated by sim/harness, do not edit

Doing analysis at TEMP = 27.000000 and TNOM = 27.000000

Using SPARSE 1.3 as Direct Linear Solver

No. of Data Rows : 6
voa = -2.493166607e-03
ddc = 4.2385387470e-07
dde = -4.147863964e-07
Reset re-loads circuit * comparator-offset-mc @ sf_27c_2.97v -- generated by sim/harness, do not edit

Circuit: * comparator-offset-mc @ sf_27c_2.97v -- generated by sim/harness, do not edit

Doing analysis at TEMP = 27.000000 and TNOM = 27.000000

Using SPARSE 1.3 as Direct Linear Solver

No. of Data Rows : 6
voa = 1.6596114358e-03
ddc = -2.767498646e-07
dde = 2.7180494405e-07
Reset re-loads circuit * comparator-offset-mc @ sf_27c_2.97v -- generated by sim/harness, do not edit

Circuit: * comparator-offset-mc @ sf_27c_2.97v -- generated by sim/harness, do not edit

Doing analysis at TEMP = 27.000000 and TNOM = 27.000000

Using SPARSE 1.3 as Direct Linear Solver

No. of Data Rows : 6
voa = 1.1180837653e-03
ddc = -2.113974789e-07
dde = 2.0963957819e-07
Reset re-loads circuit * comparator-offset-mc @ sf_27c_2.97v -- generated by sim/harness, do not edit

Circuit: * comparator-offset-mc @ sf_27c_2.97v -- generated by sim/harness, do not edit

Doing analysis at TEMP = 27.000000 and TNOM = 27.000000

Using SPARSE 1.3 as Direct Linear Solver

No. of Data Rows : 6
voa = 1.4333991871e-03
ddc = -2.443173383e-07
dde = 2.4022440046e-07
Reset re-loads circuit * comparator-offset-mc @ sf_27c_2.97v -- generated by sim/harness, do not edit

Circuit: * comparator-offset-mc @ sf_27c_2.97v -- generated by sim/harness, do not edit

Doing analysis at TEMP = 27.000000 and TNOM = 27.000000

Using SPARSE 1.3 as Direct Linear Solver

No. of Data Rows : 6
voa = 4.1151806142e-03
ddc = -6.385188120e-07
dde = 6.3801141442e-07
Reset re-loads circuit * comparator-offset-mc @ sf_27c_2.97v -- generated by sim/harness, do not edit

Circuit: * comparator-offset-mc @ sf_27c_2.97v -- generated by sim/harness, do not edit

Doing analysis at TEMP = 27.000000 and TNOM = 27.000000

Using SPARSE 1.3 as Direct Linear Solver

No. of Data Rows : 6
voa = -2.014305604e-03
ddc = 2.9557911172e-07
dde = -2.865340424e-07
Reset re-loads circuit * comparator-offset-mc @ sf_27c_2.97v -- generated by sim/harness, do not edit

Circuit: * comparator-offset-mc @ sf_27c_2.97v -- generated by sim/harness, do not edit

Doing analysis at TEMP = 27.000000 and TNOM = 27.000000

Using SPARSE 1.3 as Direct Linear Solver
 Reference value :  0.00000e+00
No. of Data Rows : 6
voa = 2.6082773187e-04
ddc = -4.141129366e-08
dde = 4.7115785289e-08
Reset re-loads circuit * comparator-offset-mc @ sf_27c_2.97v -- generated by sim/harness, do not edit

Circuit: * comparator-offset-mc @ sf_27c_2.97v -- generated by sim/harness, do not edit

Doing analysis at TEMP = 27.000000 and TNOM = 27.000000

Using SPARSE 1.3 as Direct Linear Solver

No. of Data Rows : 6
voa = -2.433850182e-03
ddc = 3.6475505120e-07
dde = -3.533480634e-07
Reset re-loads circuit * comparator-offset-mc @ sf_27c_2.97v -- generated by sim/harness, do not edit

Circuit: * comparator-offset-mc @ sf_27c_2.97v -- generated by sim/harness, do not edit

Doing analysis at TEMP = 27.000000 and TNOM = 27.000000

Using SPARSE 1.3 as Direct Linear Solver

No. of Data Rows : 6
voa = -3.660581939e-05
ddc = -1.256137971e-08
dde = 1.4758580296e-08
Reset re-loads circuit * comparator-offset-mc @ sf_27c_2.97v -- generated by sim/harness, do not edit

Circuit: * comparator-offset-mc @ sf_27c_2.97v -- generated by sim/harness, do not edit

Doing analysis at TEMP = 27.000000 and TNOM = 27.000000

Using SPARSE 1.3 as Direct Linear Solver

No. of Data Rows : 6
voa = -1.712071805e-03
ddc = 2.5419865500e-07
dde = -2.465661440e-07
Reset re-loads circuit * comparator-offset-mc @ sf_27c_2.97v -- generated by sim/harness, do not edit

Circuit: * comparator-offset-mc @ sf_27c_2.97v -- generated by sim/harness, do not edit

Doing analysis at TEMP = 27.000000 and TNOM = 27.000000

Using SPARSE 1.3 as Direct Linear Solver

No. of Data Rows : 6
voa = -3.957117727e-04
ddc = 6.4508945888e-08
dde = -6.321637840e-08
Reset re-loads circuit * comparator-offset-mc @ sf_27c_2.97v -- generated by sim/harness, do not edit

Circuit: * comparator-offset-mc @ sf_27c_2.97v -- generated by sim/harness, do not edit

Doing analysis at TEMP = 27.000000 and TNOM = 27.000000

Using SPARSE 1.3 as Direct Linear Solver

No. of Data Rows : 6
voa = 1.9877613547e-03
ddc = -3.468446830e-07
dde = 3.2232853210e-07
Reset re-loads circuit * comparator-offset-mc @ sf_27c_2.97v -- generated by sim/harness, do not edit

Circuit: * comparator-offset-mc @ sf_27c_2.97v -- generated by sim/harness, do not edit

Doing analysis at TEMP = 27.000000 and TNOM = 27.000000

Using SPARSE 1.3 as Direct Linear Solver

No. of Data Rows : 6
voa = -4.780793933e-04
ddc = 9.9352432382e-08
dde = -1.008511351e-07
Reset re-loads circuit * comparator-offset-mc @ sf_27c_2.97v -- generated by sim/harness, do not edit

Circuit: * comparator-offset-mc @ sf_27c_2.97v -- generated by sim/harness, do not edit

Doing analysis at TEMP = 27.000000 and TNOM = 27.000000

Using SPARSE 1.3 as Direct Linear Solver

No. of Data Rows : 6
voa = -1.475868758e-03
ddc = 2.2681912495e-07
dde = -2.214797144e-07
Reset re-loads circuit * comparator-offset-mc @ sf_27c_2.97v -- generated by sim/harness, do not edit

Circuit: * comparator-offset-mc @ sf_27c_2.97v -- generated by sim/harness, do not edit

Doing analysis at TEMP = 27.000000 and TNOM = 27.000000

Using SPARSE 1.3 as Direct Linear Solver

No. of Data Rows : 6
voa = -4.359763533e-04
ddc = 3.5379804275e-08
dde = -3.200564318e-08
Reset re-loads circuit * comparator-offset-mc @ sf_27c_2.97v -- generated by sim/harness, do not edit

Circuit: * comparator-offset-mc @ sf_27c_2.97v -- generated by sim/harness, do not edit

Doing analysis at TEMP = 27.000000 and TNOM = 27.000000

Using SPARSE 1.3 as Direct Linear Solver

No. of Data Rows : 6
voa = -1.215148164e-03
ddc = 1.7779383449e-07
dde = -1.733806909e-07
Reset re-loads circuit * comparator-offset-mc @ sf_27c_2.97v -- generated by sim/harness, do not edit

Circuit: * comparator-offset-mc @ sf_27c_2.97v -- generated by sim/harness, do not edit

Doing analysis at TEMP = 27.000000 and TNOM = 27.000000

Using SPARSE 1.3 as Direct Linear Solver

No. of Data Rows : 6
voa = 2.5149397055e-03
ddc = -4.279456521e-07
dde = 4.2099125270e-07
Reset re-loads circuit * comparator-offset-mc @ sf_27c_2.97v -- generated by sim/harness, do not edit

Circuit: * comparator-offset-mc @ sf_27c_2.97v -- generated by sim/harness, do not edit

Doing analysis at TEMP = 27.000000 and TNOM = 27.000000

Using SPARSE 1.3 as Direct Linear Solver

No. of Data Rows : 6
voa = 2.0241448039e-03
ddc = -3.060082247e-07
dde = 2.9704838707e-07
Reset re-loads circuit * comparator-offset-mc @ sf_27c_2.97v -- generated by sim/harness, do not edit

Circuit: * comparator-offset-mc @ sf_27c_2.97v -- generated by sim/harness, do not edit

Doing analysis at TEMP = 27.000000 and TNOM = 27.000000

Using SPARSE 1.3 as Direct Linear Solver

No. of Data Rows : 6
voa = -3.266036004e-04
ddc = 3.1729527934e-08
dde = -3.023367853e-08
Reset re-loads circuit * comparator-offset-mc @ sf_27c_2.97v -- generated by sim/harness, do not edit

Circuit: * comparator-offset-mc @ sf_27c_2.97v -- generated by sim/harness, do not edit

Doing analysis at TEMP = 27.000000 and TNOM = 27.000000

Using SPARSE 1.3 as Direct Linear Solver

No. of Data Rows : 6
voa = -1.834655692e-03
ddc = 3.1774890568e-07
dde = -3.129201259e-07
Reset re-loads circuit * comparator-offset-mc @ sf_27c_2.97v -- generated by sim/harness, do not edit

Circuit: * comparator-offset-mc @ sf_27c_2.97v -- generated by sim/harness, do not edit

Doing analysis at TEMP = 27.000000 and TNOM = 27.000000

Using SPARSE 1.3 as Direct Linear Solver

No. of Data Rows : 6
voa = 9.4476824735e-04
ddc = -1.479706832e-07
dde = 1.4466675232e-07
Reset re-loads circuit * comparator-offset-mc @ sf_27c_2.97v -- generated by sim/harness, do not edit

Circuit: * comparator-offset-mc @ sf_27c_2.97v -- generated by sim/harness, do not edit

Doing analysis at TEMP = 27.000000 and TNOM = 27.000000

Using SPARSE 1.3 as Direct Linear Solver
 Reference value :  0.00000e+00
No. of Data Rows : 6
voa = -1.175060063e-03
ddc = 2.0250594183e-07
dde = -1.995816636e-07
Reset re-loads circuit * comparator-offset-mc @ sf_27c_2.97v -- generated by sim/harness, do not edit

Circuit: * comparator-offset-mc @ sf_27c_2.97v -- generated by sim/harness, do not edit

Doing analysis at TEMP = 27.000000 and TNOM = 27.000000

Using SPARSE 1.3 as Direct Linear Solver

No. of Data Rows : 6
voa = 1.0919474937e-03
ddc = -1.986576876e-07
dde = 1.9705460594e-07
Reset re-loads circuit * comparator-offset-mc @ sf_27c_2.97v -- generated by sim/harness, do not edit

Circuit: * comparator-offset-mc @ sf_27c_2.97v -- generated by sim/harness, do not edit

Doing analysis at TEMP = 27.000000 and TNOM = 27.000000

Using SPARSE 1.3 as Direct Linear Solver

No. of Data Rows : 6
voa = -1.202908244e-03
ddc = 2.0100429697e-07
dde = -1.974354054e-07
Reset re-loads circuit * comparator-offset-mc @ sf_27c_2.97v -- generated by sim/harness, do not edit

Circuit: * comparator-offset-mc @ sf_27c_2.97v -- generated by sim/harness, do not edit

Doing analysis at TEMP = 27.000000 and TNOM = 27.000000

Using SPARSE 1.3 as Direct Linear Solver

No. of Data Rows : 6
voa = 9.0929624449e-05
ddc = -3.579673476e-08
dde = 3.6944614926e-08
Reset re-loads circuit * comparator-offset-mc @ sf_27c_2.97v -- generated by sim/harness, do not edit

Circuit: * comparator-offset-mc @ sf_27c_2.97v -- generated by sim/harness, do not edit

Doing analysis at TEMP = 27.000000 and TNOM = 27.000000

Using SPARSE 1.3 as Direct Linear Solver

No. of Data Rows : 6
voa = -1.161125066e-03
ddc = 1.8932964318e-07
dde = -2.002613344e-07
Reset re-loads circuit * comparator-offset-mc @ sf_27c_2.97v -- generated by sim/harness, do not edit

Circuit: * comparator-offset-mc @ sf_27c_2.97v -- generated by sim/harness, do not edit

Doing analysis at TEMP = 27.000000 and TNOM = 27.000000

Using SPARSE 1.3 as Direct Linear Solver

No. of Data Rows : 6
voa = -1.850350441e-03
ddc = 2.8684850054e-07
dde = -2.971354837e-07
Reset re-loads circuit * comparator-offset-mc @ sf_27c_2.97v -- generated by sim/harness, do not edit

Circuit: * comparator-offset-mc @ sf_27c_2.97v -- generated by sim/harness, do not edit

Doing analysis at TEMP = 27.000000 and TNOM = 27.000000

Using SPARSE 1.3 as Direct Linear Solver

No. of Data Rows : 6
voa = 4.2155564119e-04
ddc = -1.261892926e-08
dde = 8.8979804215e-09
Reset re-loads circuit * comparator-offset-mc @ sf_27c_2.97v -- generated by sim/harness, do not edit

Circuit: * comparator-offset-mc @ sf_27c_2.97v -- generated by sim/harness, do not edit

Doing analysis at TEMP = 27.000000 and TNOM = 27.000000

Using SPARSE 1.3 as Direct Linear Solver

No. of Data Rows : 6
voa = 3.5905765160e-03
ddc = -4.710879621e-07
dde = 6.0181288844e-07
Reset re-loads circuit * comparator-offset-mc @ sf_27c_2.97v -- generated by sim/harness, do not edit

Circuit: * comparator-offset-mc @ sf_27c_2.97v -- generated by sim/harness, do not edit

Doing analysis at TEMP = 27.000000 and TNOM = 27.000000

Using SPARSE 1.3 as Direct Linear Solver

No. of Data Rows : 6
voa = 1.9631277818e-04
ddc = -3.927353857e-08
dde = 3.9027583620e-08
Reset re-loads circuit * comparator-offset-mc @ sf_27c_2.97v -- generated by sim/harness, do not edit

Circuit: * comparator-offset-mc @ sf_27c_2.97v -- generated by sim/harness, do not edit

Doing analysis at TEMP = 27.000000 and TNOM = 27.000000

Using SPARSE 1.3 as Direct Linear Solver

No. of Data Rows : 6
voa = -1.145073095e-03
ddc = 1.8355452330e-07
dde = -1.794910986e-07
Reset re-loads circuit * comparator-offset-mc @ sf_27c_2.97v -- generated by sim/harness, do not edit

Circuit: * comparator-offset-mc @ sf_27c_2.97v -- generated by sim/harness, do not edit

Doing analysis at TEMP = 27.000000 and TNOM = 27.000000

Using SPARSE 1.3 as Direct Linear Solver

No. of Data Rows : 6
voa = -1.666545216e-03
ddc = 2.3206672728e-07
dde = -2.245364797e-07
Reset re-loads circuit * comparator-offset-mc @ sf_27c_2.97v -- generated by sim/harness, do not edit

Circuit: * comparator-offset-mc @ sf_27c_2.97v -- generated by sim/harness, do not edit

Doing analysis at TEMP = 27.000000 and TNOM = 27.000000

Using SPARSE 1.3 as Direct Linear Solver

No. of Data Rows : 6
voa = 4.5106946373e-04
ddc = -5.162017297e-08
dde = 6.0817098492e-08
Reset re-loads circuit * comparator-offset-mc @ sf_27c_2.97v -- generated by sim/harness, do not edit

Circuit: * comparator-offset-mc @ sf_27c_2.97v -- generated by sim/harness, do not edit

Doing analysis at TEMP = 27.000000 and TNOM = 27.000000

Using SPARSE 1.3 as Direct Linear Solver

No. of Data Rows : 6
voa = -4.316407212e-03
ddc = 6.8795603131e-07
dde = -6.728552467e-07
Reset re-loads circuit * comparator-offset-mc @ sf_27c_2.97v -- generated by sim/harness, do not edit

Circuit: * comparator-offset-mc @ sf_27c_2.97v -- generated by sim/harness, do not edit

Doing analysis at TEMP = 27.000000 and TNOM = 27.000000

Using SPARSE 1.3 as Direct Linear Solver

No. of Data Rows : 6
voa = -4.461977198e-03
ddc = 6.7961838213e-07
dde = -6.616048269e-07
Reset re-loads circuit * comparator-offset-mc @ sf_27c_2.97v -- generated by sim/harness, do not edit

Circuit: * comparator-offset-mc @ sf_27c_2.97v -- generated by sim/harness, do not edit

Doing analysis at TEMP = 27.000000 and TNOM = 27.000000

Using SPARSE 1.3 as Direct Linear Solver

No. of Data Rows : 6
voa = -1.291024982e-03
ddc = 1.8394918317e-07
dde = -1.776027919e-07
Reset re-loads circuit * comparator-offset-mc @ sf_27c_2.97v -- generated by sim/harness, do not edit

Circuit: * comparator-offset-mc @ sf_27c_2.97v -- generated by sim/harness, do not edit

Doing analysis at TEMP = 27.000000 and TNOM = 27.000000

Using SPARSE 1.3 as Direct Linear Solver
 Reference value :  0.00000e+00
No. of Data Rows : 6
voa = 1.3566867418e-04
ddc = -1.327330151e-08
dde = 1.1844358200e-08
Reset re-loads circuit * comparator-offset-mc @ sf_27c_2.97v -- generated by sim/harness, do not edit

Circuit: * comparator-offset-mc @ sf_27c_2.97v -- generated by sim/harness, do not edit

Doing analysis at TEMP = 27.000000 and TNOM = 27.000000

Using SPARSE 1.3 as Direct Linear Solver

No. of Data Rows : 6
voa = -1.139283914e-03
ddc = 1.5732111822e-07
dde = -1.507921211e-07
Reset re-loads circuit * comparator-offset-mc @ sf_27c_2.97v -- generated by sim/harness, do not edit

Circuit: * comparator-offset-mc @ sf_27c_2.97v -- generated by sim/harness, do not edit

Doing analysis at TEMP = 27.000000 and TNOM = 27.000000

Using SPARSE 1.3 as Direct Linear Solver

No. of Data Rows : 6
voa = 1.5297536892e-03
ddc = -2.467606499e-07
dde = 2.7007673121e-07
Reset re-loads circuit * comparator-offset-mc @ sf_27c_2.97v -- generated by sim/harness, do not edit

Circuit: * comparator-offset-mc @ sf_27c_2.97v -- generated by sim/harness, do not edit

Doing analysis at TEMP = 27.000000 and TNOM = 27.000000

Using SPARSE 1.3 as Direct Linear Solver

No. of Data Rows : 6
voa = -4.716148590e-04
ddc = 1.1656368573e-07
dde = -1.185212633e-07
Reset re-loads circuit * comparator-offset-mc @ sf_27c_2.97v -- generated by sim/harness, do not edit

Circuit: * comparator-offset-mc @ sf_27c_2.97v -- generated by sim/harness, do not edit

Doing analysis at TEMP = 27.000000 and TNOM = 27.000000

Using SPARSE 1.3 as Direct Linear Solver

No. of Data Rows : 6
voa = -6.342213794e-05
ddc = 1.4750982379e-08
dde = -1.477775153e-08
Reset re-loads circuit * comparator-offset-mc @ sf_27c_2.97v -- generated by sim/harness, do not edit

Circuit: * comparator-offset-mc @ sf_27c_2.97v -- generated by sim/harness, do not edit

Doing analysis at TEMP = 27.000000 and TNOM = 27.000000

Using SPARSE 1.3 as Direct Linear Solver

No. of Data Rows : 6
voa = -3.059938019e-03
ddc = 4.6959904396e-07
dde = -4.532920541e-07
Reset re-loads circuit * comparator-offset-mc @ sf_27c_2.97v -- generated by sim/harness, do not edit

Circuit: * comparator-offset-mc @ sf_27c_2.97v -- generated by sim/harness, do not edit

Doing analysis at TEMP = 27.000000 and TNOM = 27.000000

Using SPARSE 1.3 as Direct Linear Solver

No. of Data Rows : 6
voa = -4.131965426e-04
ddc = 7.3187281229e-08
dde = -7.215287941e-08
Reset re-loads circuit * comparator-offset-mc @ sf_27c_2.97v -- generated by sim/harness, do not edit

Circuit: * comparator-offset-mc @ sf_27c_2.97v -- generated by sim/harness, do not edit

Doing analysis at TEMP = 27.000000 and TNOM = 27.000000

Using SPARSE 1.3 as Direct Linear Solver

No. of Data Rows : 6
voa = 2.6001237283e-03
ddc = -4.657861647e-07
dde = 4.5938580294e-07
Reset re-loads circuit * comparator-offset-mc @ sf_27c_2.97v -- generated by sim/harness, do not edit

Circuit: * comparator-offset-mc @ sf_27c_2.97v -- generated by sim/harness, do not edit

Doing analysis at TEMP = 27.000000 and TNOM = 27.000000

Using SPARSE 1.3 as Direct Linear Solver

No. of Data Rows : 6
voa = -1.621761277e-03
ddc = 2.8025096275e-07
dde = -2.755106054e-07
Reset re-loads circuit * comparator-offset-mc @ sf_27c_2.97v -- generated by sim/harness, do not edit

Circuit: * comparator-offset-mc @ sf_27c_2.97v -- generated by sim/harness, do not edit

Doing analysis at TEMP = 27.000000 and TNOM = 27.000000

Using SPARSE 1.3 as Direct Linear Solver

No. of Data Rows : 6
voa = 4.2314721588e-04
ddc = -4.997261491e-08
dde = 4.7202667232e-08
Reset re-loads circuit * comparator-offset-mc @ sf_27c_2.97v -- generated by sim/harness, do not edit

Circuit: * comparator-offset-mc @ sf_27c_2.97v -- generated by sim/harness, do not edit

Doing analysis at TEMP = 27.000000 and TNOM = 27.000000

Using SPARSE 1.3 as Direct Linear Solver

No. of Data Rows : 6
voa = -1.663452556e-03
ddc = 2.7105386808e-07
dde = -2.654646287e-07
Reset re-loads circuit * comparator-offset-mc @ sf_27c_2.97v -- generated by sim/harness, do not edit

Circuit: * comparator-offset-mc @ sf_27c_2.97v -- generated by sim/harness, do not edit

Doing analysis at TEMP = 27.000000 and TNOM = 27.000000

Using SPARSE 1.3 as Direct Linear Solver

No. of Data Rows : 6
voa = 1.1465534919e-03
ddc = -1.655045451e-07
dde = 1.6054361977e-07
Reset re-loads circuit * comparator-offset-mc @ sf_27c_2.97v -- generated by sim/harness, do not edit

Circuit: * comparator-offset-mc @ sf_27c_2.97v -- generated by sim/harness, do not edit

Doing analysis at TEMP = 27.000000 and TNOM = 27.000000

Using SPARSE 1.3 as Direct Linear Solver

No. of Data Rows : 6
voa = -1.953074697e-03
ddc = 2.9495846579e-07
dde = -2.867145380e-07
Reset re-loads circuit * comparator-offset-mc @ sf_27c_2.97v -- generated by sim/harness, do not edit

Circuit: * comparator-offset-mc @ sf_27c_2.97v -- generated by sim/harness, do not edit

Doing analysis at TEMP = 27.000000 and TNOM = 27.000000

Using SPARSE 1.3 as Direct Linear Solver

No. of Data Rows : 6
voa = -9.178311865e-05
ddc = 2.4377329904e-08
dde = -2.437314319e-08
Reset re-loads circuit * comparator-offset-mc @ sf_27c_2.97v -- generated by sim/harness, do not edit

Circuit: * comparator-offset-mc @ sf_27c_2.97v -- generated by sim/harness, do not edit

Doing analysis at TEMP = 27.000000 and TNOM = 27.000000

Using SPARSE 1.3 as Direct Linear Solver
 Reference value :  0.00000e+00
No. of Data Rows : 6
voa = 2.7267838238e-03
ddc = -3.895860217e-07
dde = 3.7748939054e-07
Reset re-loads circuit * comparator-offset-mc @ sf_27c_2.97v -- generated by sim/harness, do not edit

Circuit: * comparator-offset-mc @ sf_27c_2.97v -- generated by sim/harness, do not edit

Doing analysis at TEMP = 27.000000 and TNOM = 27.000000

Using SPARSE 1.3 as Direct Linear Solver

No. of Data Rows : 6
voa = -1.522329187e-03
ddc = 2.3241583158e-07
dde = -2.264245079e-07
Reset re-loads circuit * comparator-offset-mc @ sf_27c_2.97v -- generated by sim/harness, do not edit

Circuit: * comparator-offset-mc @ sf_27c_2.97v -- generated by sim/harness, do not edit

Doing analysis at TEMP = 27.000000 and TNOM = 27.000000

Using SPARSE 1.3 as Direct Linear Solver

No. of Data Rows : 6
voa = 1.9105376380e-03
ddc = -2.932623547e-07
dde = 2.8607297494e-07
Reset re-loads circuit * comparator-offset-mc @ sf_27c_2.97v -- generated by sim/harness, do not edit

Circuit: * comparator-offset-mc @ sf_27c_2.97v -- generated by sim/harness, do not edit

Doing analysis at TEMP = 27.000000 and TNOM = 27.000000

Using SPARSE 1.3 as Direct Linear Solver

No. of Data Rows : 6
voa = -5.367685969e-04
ddc = 9.0176803301e-08
dde = -8.862494838e-08
Reset re-loads circuit * comparator-offset-mc @ sf_27c_2.97v -- generated by sim/harness, do not edit

Circuit: * comparator-offset-mc @ sf_27c_2.97v -- generated by sim/harness, do not edit

Doing analysis at TEMP = 27.000000 and TNOM = 27.000000

Using SPARSE 1.3 as Direct Linear Solver

No. of Data Rows : 6
voa = -1.155373225e-04
ddc = 3.2743001395e-08
dde = -3.348175375e-08
Reset re-loads circuit * comparator-offset-mc @ sf_27c_2.97v -- generated by sim/harness, do not edit

Circuit: * comparator-offset-mc @ sf_27c_2.97v -- generated by sim/harness, do not edit

Doing analysis at TEMP = 27.000000 and TNOM = 27.000000

Using SPARSE 1.3 as Direct Linear Solver

No. of Data Rows : 6
voa = 8.1409521661e-04
ddc = -1.438527230e-07
dde = 1.4212504533e-07
Reset re-loads circuit * comparator-offset-mc @ sf_27c_2.97v -- generated by sim/harness, do not edit

Circuit: * comparator-offset-mc @ sf_27c_2.97v -- generated by sim/harness, do not edit

Doing analysis at TEMP = 27.000000 and TNOM = 27.000000

Using SPARSE 1.3 as Direct Linear Solver

No. of Data Rows : 6
voa = 1.7699357674e-03
ddc = -2.506015768e-07
dde = 2.4307509164e-07
Reset re-loads circuit * comparator-offset-mc @ sf_27c_2.97v -- generated by sim/harness, do not edit

Circuit: * comparator-offset-mc @ sf_27c_2.97v -- generated by sim/harness, do not edit

Doing analysis at TEMP = 27.000000 and TNOM = 27.000000

Using SPARSE 1.3 as Direct Linear Solver

No. of Data Rows : 6
voa = -9.089514145e-04
ddc = 1.9828610089e-07
dde = -1.979333905e-07
Reset re-loads circuit * comparator-offset-mc @ sf_27c_2.97v -- generated by sim/harness, do not edit

Circuit: * comparator-offset-mc @ sf_27c_2.97v -- generated by sim/harness, do not edit

Doing analysis at TEMP = 27.000000 and TNOM = 27.000000

Using SPARSE 1.3 as Direct Linear Solver

No. of Data Rows : 6
voa = 4.3505052036e-05
ddc = -1.788636877e-09
dde = 1.3049544665e-09
Reset re-loads circuit * comparator-offset-mc @ sf_27c_2.97v -- generated by sim/harness, do not edit

Circuit: * comparator-offset-mc @ sf_27c_2.97v -- generated by sim/harness, do not edit

Doing analysis at TEMP = 27.000000 and TNOM = 27.000000

Using SPARSE 1.3 as Direct Linear Solver

No. of Data Rows : 6
voa = -2.372667189e-04
ddc = 3.4603985325e-08
dde = -3.516187354e-08
Reset re-loads circuit * comparator-offset-mc @ sf_27c_2.97v -- generated by sim/harness, do not edit

Circuit: * comparator-offset-mc @ sf_27c_2.97v -- generated by sim/harness, do not edit

Doing analysis at TEMP = 27.000000 and TNOM = 27.000000

Using SPARSE 1.3 as Direct Linear Solver

No. of Data Rows : 6
voa = -2.359538380e-03
ddc = 3.7230005431e-07
dde = -3.637342047e-07
Reset re-loads circuit * comparator-offset-mc @ sf_27c_2.97v -- generated by sim/harness, do not edit

Circuit: * comparator-offset-mc @ sf_27c_2.97v -- generated by sim/harness, do not edit

Doing analysis at TEMP = 27.000000 and TNOM = 27.000000

Using SPARSE 1.3 as Direct Linear Solver

No. of Data Rows : 6
voa = 3.7740385340e-04
ddc = -8.460396009e-08
dde = 8.6759933798e-08
Reset re-loads circuit * comparator-offset-mc @ sf_27c_2.97v -- generated by sim/harness, do not edit

Circuit: * comparator-offset-mc @ sf_27c_2.97v -- generated by sim/harness, do not edit

Doing analysis at TEMP = 27.000000 and TNOM = 27.000000

Using SPARSE 1.3 as Direct Linear Solver

No. of Data Rows : 6
voa = 4.7140718107e-04
ddc = -9.703223885e-08
dde = 9.6560433219e-08
Reset re-loads circuit * comparator-offset-mc @ sf_27c_2.97v -- generated by sim/harness, do not edit

Circuit: * comparator-offset-mc @ sf_27c_2.97v -- generated by sim/harness, do not edit

Doing analysis at TEMP = 27.000000 and TNOM = 27.000000

Using SPARSE 1.3 as Direct Linear Solver
 Reference value :  0.00000e+00
No. of Data Rows : 6
voa = -1.903767667e-03
ddc = 3.0484923775e-07
dde = -2.979622840e-07
Reset re-loads circuit * comparator-offset-mc @ sf_27c_2.97v -- generated by sim/harness, do not edit

Circuit: * comparator-offset-mc @ sf_27c_2.97v -- generated by sim/harness, do not edit

Doing analysis at TEMP = 27.000000 and TNOM = 27.000000

Using SPARSE 1.3 as Direct Linear Solver

No. of Data Rows : 6
voa = -2.594915374e-04
ddc = 5.7212333340e-08
dde = -5.739846961e-08
Reset re-loads circuit * comparator-offset-mc @ sf_27c_2.97v -- generated by sim/harness, do not edit

Circuit: * comparator-offset-mc @ sf_27c_2.97v -- generated by sim/harness, do not edit

Doing analysis at TEMP = 27.000000 and TNOM = 27.000000

Using SPARSE 1.3 as Direct Linear Solver

No. of Data Rows : 6
voa = 1.6954911478e-03
ddc = -2.583516663e-07
dde = 2.5153947753e-07
Reset re-loads circuit * comparator-offset-mc @ sf_27c_2.97v -- generated by sim/harness, do not edit

Circuit: * comparator-offset-mc @ sf_27c_2.97v -- generated by sim/harness, do not edit

Doing analysis at TEMP = 27.000000 and TNOM = 27.000000

Using SPARSE 1.3 as Direct Linear Solver

No. of Data Rows : 6
voa = 4.5175531491e-05
ddc = 3.6359929894e-08
dde = -3.928378130e-08
Reset re-loads circuit * comparator-offset-mc @ sf_27c_2.97v -- generated by sim/harness, do not edit

Circuit: * comparator-offset-mc @ sf_27c_2.97v -- generated by sim/harness, do not edit

Doing analysis at TEMP = 27.000000 and TNOM = 27.000000

Using SPARSE 1.3 as Direct Linear Solver

No. of Data Rows : 6
voa = 1.7001485508e-03
ddc = -2.290049329e-07
dde = 2.2092835895e-07
Reset re-loads circuit * comparator-offset-mc @ sf_27c_2.97v -- generated by sim/harness, do not edit

Circuit: * comparator-offset-mc @ sf_27c_2.97v -- generated by sim/harness, do not edit

Doing analysis at TEMP = 27.000000 and TNOM = 27.000000

Using SPARSE 1.3 as Direct Linear Solver

No. of Data Rows : 6
voa = -1.018246613e-04
ddc = 6.2497657276e-08
dde = -6.469244017e-08
Reset re-loads circuit * comparator-offset-mc @ sf_27c_2.97v -- generated by sim/harness, do not edit

Circuit: * comparator-offset-mc @ sf_27c_2.97v -- generated by sim/harness, do not edit

Doing analysis at TEMP = 27.000000 and TNOM = 27.000000

Using SPARSE 1.3 as Direct Linear Solver

No. of Data Rows : 6
voa = 3.2723419282e-03
ddc = -5.094411185e-07
dde = 4.9653404954e-07
Reset re-loads circuit * comparator-offset-mc @ sf_27c_2.97v -- generated by sim/harness, do not edit

Circuit: * comparator-offset-mc @ sf_27c_2.97v -- generated by sim/harness, do not edit

Doing analysis at TEMP = 27.000000 and TNOM = 27.000000

Using SPARSE 1.3 as Direct Linear Solver

No. of Data Rows : 6
voa = 2.1542686218e-03
ddc = -3.182868514e-07
dde = 3.0908912799e-07
Reset re-loads circuit * comparator-offset-mc @ sf_27c_2.97v -- generated by sim/harness, do not edit

Circuit: * comparator-offset-mc @ sf_27c_2.97v -- generated by sim/harness, do not edit

Doing analysis at TEMP = 27.000000 and TNOM = 27.000000

Using SPARSE 1.3 as Direct Linear Solver

No. of Data Rows : 6
voa = 4.9512423628e-04
ddc = -5.860768353e-08
dde = 6.6259069271e-08
Reset re-loads circuit * comparator-offset-mc @ sf_27c_2.97v -- generated by sim/harness, do not edit

Circuit: * comparator-offset-mc @ sf_27c_2.97v -- generated by sim/harness, do not edit

Doing analysis at TEMP = 27.000000 and TNOM = 27.000000

Using SPARSE 1.3 as Direct Linear Solver

No. of Data Rows : 6
voa = 4.6963857890e-04
ddc = -1.027259563e-07
dde = 1.0325200680e-07
Reset re-loads circuit * comparator-offset-mc @ sf_27c_2.97v -- generated by sim/harness, do not edit

Circuit: * comparator-offset-mc @ sf_27c_2.97v -- generated by sim/harness, do not edit

Doing analysis at TEMP = 27.000000 and TNOM = 27.000000

Using SPARSE 1.3 as Direct Linear Solver

No. of Data Rows : 6
voa = -9.451347992e-04
ddc = 1.7959850316e-07
dde = -1.775239435e-07
Reset re-loads circuit * comparator-offset-mc @ sf_27c_2.97v -- generated by sim/harness, do not edit

Circuit: * comparator-offset-mc @ sf_27c_2.97v -- generated by sim/harness, do not edit

Doing analysis at TEMP = 27.000000 and TNOM = 27.000000

Using SPARSE 1.3 as Direct Linear Solver

No. of Data Rows : 6
voa = 1.0043621843e-04
ddc = -5.832703249e-08
dde = 6.0374929480e-08
Reset re-loads circuit * comparator-offset-mc @ sf_27c_2.97v -- generated by sim/harness, do not edit

Circuit: * comparator-offset-mc @ sf_27c_2.97v -- generated by sim/harness, do not edit

Doing analysis at TEMP = 27.000000 and TNOM = 27.000000

Using SPARSE 1.3 as Direct Linear Solver

No. of Data Rows : 6
voa = -1.045205230e-03
ddc = 1.7159546113e-07
dde = -1.682417216e-07
Reset re-loads circuit * comparator-offset-mc @ sf_27c_2.97v -- generated by sim/harness, do not edit

Circuit: * comparator-offset-mc @ sf_27c_2.97v -- generated by sim/harness, do not edit

Doing analysis at TEMP = 27.000000 and TNOM = 27.000000

Using SPARSE 1.3 as Direct Linear Solver

No. of Data Rows : 6
voa = -1.227353541e-03
ddc = 1.7168343913e-07
dde = -1.655708936e-07
Reset re-loads circuit * comparator-offset-mc @ sf_27c_2.97v -- generated by sim/harness, do not edit

Circuit: * comparator-offset-mc @ sf_27c_2.97v -- generated by sim/harness, do not edit

Doing analysis at TEMP = 27.000000 and TNOM = 27.000000

Using SPARSE 1.3 as Direct Linear Solver
 Reference value :  0.00000e+00
No. of Data Rows : 6
voa = -1.481146881e-03
ddc = 1.8182633863e-07
dde = -1.745801734e-07
Reset re-loads circuit * comparator-offset-mc @ sf_27c_2.97v -- generated by sim/harness, do not edit

Circuit: * comparator-offset-mc @ sf_27c_2.97v -- generated by sim/harness, do not edit

Doing analysis at TEMP = 27.000000 and TNOM = 27.000000

Using SPARSE 1.3 as Direct Linear Solver

No. of Data Rows : 6
voa = 1.4236505399e-03
ddc = -2.251627946e-07
dde = 2.2013493506e-07
Reset re-loads circuit * comparator-offset-mc @ sf_27c_2.97v -- generated by sim/harness, do not edit

Circuit: * comparator-offset-mc @ sf_27c_2.97v -- generated by sim/harness, do not edit

Doing analysis at TEMP = 27.000000 and TNOM = 27.000000

Using SPARSE 1.3 as Direct Linear Solver

No. of Data Rows : 6
voa = 1.2771637717e-03
ddc = -1.808003301e-07
dde = 1.7492555068e-07
Reset re-loads circuit * comparator-offset-mc @ sf_27c_2.97v -- generated by sim/harness, do not edit

Circuit: * comparator-offset-mc @ sf_27c_2.97v -- generated by sim/harness, do not edit

Doing analysis at TEMP = 27.000000 and TNOM = 27.000000

Using SPARSE 1.3 as Direct Linear Solver

No. of Data Rows : 6
voa = 4.1022173580e-05
ddc = -1.629689969e-08
dde = 1.6637072651e-08
Reset re-loads circuit * comparator-offset-mc @ sf_27c_2.97v -- generated by sim/harness, do not edit

Circuit: * comparator-offset-mc @ sf_27c_2.97v -- generated by sim/harness, do not edit

Doing analysis at TEMP = 27.000000 and TNOM = 27.000000

Using SPARSE 1.3 as Direct Linear Solver

No. of Data Rows : 6
voa = -1.922628565e-03
ddc = 3.1410475628e-07
dde = -3.078507852e-07
Reset re-loads circuit * comparator-offset-mc @ sf_27c_2.97v -- generated by sim/harness, do not edit

Circuit: * comparator-offset-mc @ sf_27c_2.97v -- generated by sim/harness, do not edit

Doing analysis at TEMP = 27.000000 and TNOM = 27.000000

Using SPARSE 1.3 as Direct Linear Solver

No. of Data Rows : 6
voa = 9.4333493726e-04
ddc = -1.776214352e-07
dde = 1.7632991554e-07
Reset re-loads circuit * comparator-offset-mc @ sf_27c_2.97v -- generated by sim/harness, do not edit

Circuit: * comparator-offset-mc @ sf_27c_2.97v -- generated by sim/harness, do not edit

Doing analysis at TEMP = 27.000000 and TNOM = 27.000000

Using SPARSE 1.3 as Direct Linear Solver

No. of Data Rows : 6
voa = 1.7877288822e-03
ddc = -3.556076155e-07
dde = 3.5177861298e-07
Reset re-loads circuit * comparator-offset-mc @ sf_27c_2.97v -- generated by sim/harness, do not edit

Circuit: * comparator-offset-mc @ sf_27c_2.97v -- generated by sim/harness, do not edit

Doing analysis at TEMP = 27.000000 and TNOM = 27.000000

Using SPARSE 1.3 as Direct Linear Solver

No. of Data Rows : 6
voa = 3.0335325390e-03
ddc = -4.298169381e-07
dde = 4.1698942654e-07
Reset re-loads circuit * comparator-offset-mc @ sf_27c_2.97v -- generated by sim/harness, do not edit

Circuit: * comparator-offset-mc @ sf_27c_2.97v -- generated by sim/harness, do not edit

Doing analysis at TEMP = 27.000000 and TNOM = 27.000000

Using SPARSE 1.3 as Direct Linear Solver

No. of Data Rows : 6
voa = -3.326477512e-03
ddc = 5.1711922420e-07
dde = -5.041107981e-07
Reset re-loads circuit * comparator-offset-mc @ sf_27c_2.97v -- generated by sim/harness, do not edit

Circuit: * comparator-offset-mc @ sf_27c_2.97v -- generated by sim/harness, do not edit

Doing analysis at TEMP = 27.000000 and TNOM = 27.000000

Using SPARSE 1.3 as Direct Linear Solver

No. of Data Rows : 6
voa = -1.426996183e-03
ddc = 2.1723161955e-07
dde = -2.117757951e-07
Reset re-loads circuit * comparator-offset-mc @ sf_27c_2.97v -- generated by sim/harness, do not edit

Circuit: * comparator-offset-mc @ sf_27c_2.97v -- generated by sim/harness, do not edit

Doing analysis at TEMP = 27.000000 and TNOM = 27.000000

Using SPARSE 1.3 as Direct Linear Solver

No. of Data Rows : 6
voa = 7.4104844646e-04
ddc = -1.220072741e-07
dde = 1.1966658709e-07
Reset re-loads circuit * comparator-offset-mc @ sf_27c_2.97v -- generated by sim/harness, do not edit

Circuit: * comparator-offset-mc @ sf_27c_2.97v -- generated by sim/harness, do not edit

Doing analysis at TEMP = 27.000000 and TNOM = 27.000000

Using SPARSE 1.3 as Direct Linear Solver

No. of Data Rows : 6
voa = -1.410376562e-03
ddc = 2.3723124617e-07
dde = -2.328916680e-07
Reset re-loads circuit * comparator-offset-mc @ sf_27c_2.97v -- generated by sim/harness, do not edit

Circuit: * comparator-offset-mc @ sf_27c_2.97v -- generated by sim/harness, do not edit

Doing analysis at TEMP = 27.000000 and TNOM = 27.000000

Using SPARSE 1.3 as Direct Linear Solver

No. of Data Rows : 6
voa = 1.0374249475e-03
ddc = -1.529120393e-07
dde = 1.4781523503e-07
Reset re-loads circuit * comparator-offset-mc @ sf_27c_2.97v -- generated by sim/harness, do not edit

Circuit: * comparator-offset-mc @ sf_27c_2.97v -- generated by sim/harness, do not edit

Doing analysis at TEMP = 27.000000 and TNOM = 27.000000

Using SPARSE 1.3 as Direct Linear Solver
 Reference value :  0.00000e+00
No. of Data Rows : 6
voa = -1.098944663e-03
ddc = 2.0186862302e-07
dde = -1.998047210e-07
Reset re-loads circuit * comparator-offset-mc @ sf_27c_2.97v -- generated by sim/harness, do not edit

Circuit: * comparator-offset-mc @ sf_27c_2.97v -- generated by sim/harness, do not edit

Doing analysis at TEMP = 27.000000 and TNOM = 27.000000

Using SPARSE 1.3 as Direct Linear Solver

No. of Data Rows : 6
voa = 1.3708184570e-04
ddc = -2.247952836e-08
dde = 2.2039446525e-08
Reset re-loads circuit * comparator-offset-mc @ sf_27c_2.97v -- generated by sim/harness, do not edit

Circuit: * comparator-offset-mc @ sf_27c_2.97v -- generated by sim/harness, do not edit

Doing analysis at TEMP = 27.000000 and TNOM = 27.000000

Using SPARSE 1.3 as Direct Linear Solver

No. of Data Rows : 6
voa = -2.084074996e-03
ddc = 3.2986514652e-07
dde = -3.222495055e-07
Reset re-loads circuit * comparator-offset-mc @ sf_27c_2.97v -- generated by sim/harness, do not edit

Circuit: * comparator-offset-mc @ sf_27c_2.97v -- generated by sim/harness, do not edit

Doing analysis at TEMP = 27.000000 and TNOM = 27.000000

Using SPARSE 1.3 as Direct Linear Solver

No. of Data Rows : 6
voa = -4.027546558e-04
ddc = 6.7464121186e-08
dde = -6.848921789e-08
Reset re-loads circuit * comparator-offset-mc @ sf_27c_2.97v -- generated by sim/harness, do not edit

Circuit: * comparator-offset-mc @ sf_27c_2.97v -- generated by sim/harness, do not edit

Doing analysis at TEMP = 27.000000 and TNOM = 27.000000

Using SPARSE 1.3 as Direct Linear Solver

No. of Data Rows : 6
voa = -2.884193640e-03
ddc = 4.2524443148e-07
dde = -4.121069276e-07
Reset re-loads circuit * comparator-offset-mc @ sf_27c_2.97v -- generated by sim/harness, do not edit

Circuit: * comparator-offset-mc @ sf_27c_2.97v -- generated by sim/harness, do not edit

Doing analysis at TEMP = 27.000000 and TNOM = 27.000000

Using SPARSE 1.3 as Direct Linear Solver

No. of Data Rows : 6
voa = 6.3512152283e-05
ddc = -1.400390601e-08
dde = 1.3993543082e-08
Reset re-loads circuit * comparator-offset-mc @ sf_27c_2.97v -- generated by sim/harness, do not edit

Circuit: * comparator-offset-mc @ sf_27c_2.97v -- generated by sim/harness, do not edit

Doing analysis at TEMP = 27.000000 and TNOM = 27.000000

Using SPARSE 1.3 as Direct Linear Solver

No. of Data Rows : 6
voa = -3.376327639e-04
ddc = 8.4124527140e-09
dde = -4.788181123e-09
Reset re-loads circuit * comparator-offset-mc @ sf_27c_2.97v -- generated by sim/harness, do not edit

Circuit: * comparator-offset-mc @ sf_27c_2.97v -- generated by sim/harness, do not edit

Doing analysis at TEMP = 27.000000 and TNOM = 27.000000

Using SPARSE 1.3 as Direct Linear Solver

No. of Data Rows : 6
voa = -4.689948000e-04
ddc = 4.9909974866e-08
dde = -4.759100275e-08
Reset re-loads circuit * comparator-offset-mc @ sf_27c_2.97v -- generated by sim/harness, do not edit

Circuit: * comparator-offset-mc @ sf_27c_2.97v -- generated by sim/harness, do not edit

Doing analysis at TEMP = 27.000000 and TNOM = 27.000000

Using SPARSE 1.3 as Direct Linear Solver

No. of Data Rows : 6
voa = 1.1696703748e-03
ddc = -1.924729229e-07
dde = 1.8876476814e-07
Reset re-loads circuit * comparator-offset-mc @ sf_27c_2.97v -- generated by sim/harness, do not edit

Circuit: * comparator-offset-mc @ sf_27c_2.97v -- generated by sim/harness, do not edit

Doing analysis at TEMP = 27.000000 and TNOM = 27.000000

Using SPARSE 1.3 as Direct Linear Solver

No. of Data Rows : 6
voa = 2.9071663265e-03
ddc = -4.794431413e-07
dde = 4.7016450065e-07
Reset re-loads circuit * comparator-offset-mc @ sf_27c_2.97v -- generated by sim/harness, do not edit

Circuit: * comparator-offset-mc @ sf_27c_2.97v -- generated by sim/harness, do not edit

Doing analysis at TEMP = 27.000000 and TNOM = 27.000000

Using SPARSE 1.3 as Direct Linear Solver

No. of Data Rows : 6
voa = 1.1188524684e-03
ddc = -1.664629320e-07
dde = 1.6163118544e-07
Reset re-loads circuit * comparator-offset-mc @ sf_27c_2.97v -- generated by sim/harness, do not edit

Circuit: * comparator-offset-mc @ sf_27c_2.97v -- generated by sim/harness, do not edit

Doing analysis at TEMP = 27.000000 and TNOM = 27.000000

Using SPARSE 1.3 as Direct Linear Solver

No. of Data Rows : 6
voa = 8.7147263318e-05
ddc = -1.719359838e-08
dde = 1.7136004025e-08
Reset re-loads circuit * comparator-offset-mc @ sf_27c_2.97v -- generated by sim/harness, do not edit

Circuit: * comparator-offset-mc @ sf_27c_2.97v -- generated by sim/harness, do not edit

Doing analysis at TEMP = 27.000000 and TNOM = 27.000000

Using SPARSE 1.3 as Direct Linear Solver
 Reference value :  0.00000e+00
No. of Data Rows : 6
voa = -3.027050529e-04
ddc = 5.5715931128e-08
dde = -5.505990392e-08
Reset re-loads circuit * comparator-offset-mc @ sf_27c_2.97v -- generated by sim/harness, do not edit

Circuit: * comparator-offset-mc @ sf_27c_2.97v -- generated by sim/harness, do not edit

Doing analysis at TEMP = 27.000000 and TNOM = 27.000000

Using SPARSE 1.3 as Direct Linear Solver

No. of Data Rows : 6
voa = -3.025778605e-03
ddc = 4.8811488964e-07
dde = -4.777662423e-07
Reset re-loads circuit * comparator-offset-mc @ sf_27c_2.97v -- generated by sim/harness, do not edit

Circuit: * comparator-offset-mc @ sf_27c_2.97v -- generated by sim/harness, do not edit

Doing analysis at TEMP = 27.000000 and TNOM = 27.000000

Using SPARSE 1.3 as Direct Linear Solver

No. of Data Rows : 6
voa = 1.9730139336e-05
ddc = 6.8294745266e-09
dde = -7.522161443e-09
Reset re-loads circuit * comparator-offset-mc @ sf_27c_2.97v -- generated by sim/harness, do not edit

Circuit: * comparator-offset-mc @ sf_27c_2.97v -- generated by sim/harness, do not edit

Doing analysis at TEMP = 27.000000 and TNOM = 27.000000

Using SPARSE 1.3 as Direct Linear Solver

No. of Data Rows : 6
voa = -4.723003333e-04
ddc = 9.8512572266e-08
dde = -9.936500511e-08
Reset re-loads circuit * comparator-offset-mc @ sf_27c_2.97v -- generated by sim/harness, do not edit

Circuit: * comparator-offset-mc @ sf_27c_2.97v -- generated by sim/harness, do not edit

Doing analysis at TEMP = 27.000000 and TNOM = 27.000000

Using SPARSE 1.3 as Direct Linear Solver

No. of Data Rows : 6
voa = -1.661362647e-03
ddc = 2.6287433160e-07
dde = -2.568170642e-07
Reset re-loads circuit * comparator-offset-mc @ sf_27c_2.97v -- generated by sim/harness, do not edit

Circuit: * comparator-offset-mc @ sf_27c_2.97v -- generated by sim/harness, do not edit

Doing analysis at TEMP = 27.000000 and TNOM = 27.000000

Using SPARSE 1.3 as Direct Linear Solver

No. of Data Rows : 6
voa = 2.1454038573e-03
ddc = -3.758456660e-07
dde = 3.7085519474e-07
Reset re-loads circuit * comparator-offset-mc @ sf_27c_2.97v -- generated by sim/harness, do not edit

Circuit: * comparator-offset-mc @ sf_27c_2.97v -- generated by sim/harness, do not edit

Doing analysis at TEMP = 27.000000 and TNOM = 27.000000

Using SPARSE 1.3 as Direct Linear Solver

No. of Data Rows : 6
voa = -1.220210489e-04
ddc = 2.9861620203e-09
dde = -1.855616592e-09
Reset re-loads circuit * comparator-offset-mc @ sf_27c_2.97v -- generated by sim/harness, do not edit

Circuit: * comparator-offset-mc @ sf_27c_2.97v -- generated by sim/harness, do not edit

Doing analysis at TEMP = 27.000000 and TNOM = 27.000000

Using SPARSE 1.3 as Direct Linear Solver

No. of Data Rows : 6
voa = 5.4492398655e-04
ddc = -3.237972580e-08
dde = 2.7085236090e-08
Reset re-loads circuit * comparator-offset-mc @ sf_27c_2.97v -- generated by sim/harness, do not edit

Circuit: * comparator-offset-mc @ sf_27c_2.97v -- generated by sim/harness, do not edit

Doing analysis at TEMP = 27.000000 and TNOM = 27.000000

Using SPARSE 1.3 as Direct Linear Solver

No. of Data Rows : 6
voa = -9.612139901e-04
ddc = 1.6864444632e-07
dde = -1.664811312e-07
Reset re-loads circuit * comparator-offset-mc @ sf_27c_2.97v -- generated by sim/harness, do not edit

Circuit: * comparator-offset-mc @ sf_27c_2.97v -- generated by sim/harness, do not edit

Doing analysis at TEMP = 27.000000 and TNOM = 27.000000

Using SPARSE 1.3 as Direct Linear Solver

No. of Data Rows : 6
voa = -4.387007659e-04
ddc = 2.2476808418e-08
dde = -1.751441216e-08
Reset re-loads circuit * comparator-offset-mc @ sf_27c_2.97v -- generated by sim/harness, do not edit

Circuit: * comparator-offset-mc @ sf_27c_2.97v -- generated by sim/harness, do not edit

Doing analysis at TEMP = 27.000000 and TNOM = 27.000000

Using SPARSE 1.3 as Direct Linear Solver

No. of Data Rows : 6
voa = 1.4506653513e-03
ddc = -2.391074762e-07
dde = 2.3455311269e-07
Reset re-loads circuit * comparator-offset-mc @ sf_27c_2.97v -- generated by sim/harness, do not edit

Circuit: * comparator-offset-mc @ sf_27c_2.97v -- generated by sim/harness, do not edit

Doing analysis at TEMP = 27.000000 and TNOM = 27.000000

Using SPARSE 1.3 as Direct Linear Solver

No. of Data Rows : 6
voa = -2.277717511e-04
ddc = 3.3634770353e-08
dde = -3.256735696e-08
Reset re-loads circuit * comparator-offset-mc @ sf_27c_2.97v -- generated by sim/harness, do not edit

Circuit: * comparator-offset-mc @ sf_27c_2.97v -- generated by sim/harness, do not edit

Doing analysis at TEMP = 27.000000 and TNOM = 27.000000

Using SPARSE 1.3 as Direct Linear Solver

No. of Data Rows : 6
voa = -4.806211261e-06
ddc = -2.992064877e-08
dde = 3.2983001830e-08
Reset re-loads circuit * comparator-offset-mc @ sf_27c_2.97v -- generated by sim/harness, do not edit

Circuit: * comparator-offset-mc @ sf_27c_2.97v -- generated by sim/harness, do not edit

Doing analysis at TEMP = 27.000000 and TNOM = 27.000000

Using SPARSE 1.3 as Direct Linear Solver

No. of Data Rows : 6
voa = 5.4675860386e-04
ddc = -9.963887539e-08
dde = 9.8208598660e-08
Reset re-loads circuit * comparator-offset-mc @ sf_27c_2.97v -- generated by sim/harness, do not edit

Circuit: * comparator-offset-mc @ sf_27c_2.97v -- generated by sim/harness, do not edit

Doing analysis at TEMP = 27.000000 and TNOM = 27.000000

Using SPARSE 1.3 as Direct Linear Solver

No. of Data Rows : 6
voa = -2.137482955e-03
ddc = 3.5588284118e-07
dde = -3.493653138e-07
Reset re-loads circuit * comparator-offset-mc @ sf_27c_2.97v -- generated by sim/harness, do not edit

Circuit: * comparator-offset-mc @ sf_27c_2.97v -- generated by sim/harness, do not edit

Doing analysis at TEMP = 27.000000 and TNOM = 27.000000

Using SPARSE 1.3 as Direct Linear Solver
 Reference value :  0.00000e+00
No. of Data Rows : 6
voa = -1.575072018e-03
ddc = 2.4171088024e-07
dde = -2.356946794e-07
Reset re-loads circuit * comparator-offset-mc @ sf_27c_2.97v -- generated by sim/harness, do not edit

Circuit: * comparator-offset-mc @ sf_27c_2.97v -- generated by sim/harness, do not edit

Doing analysis at TEMP = 27.000000 and TNOM = 27.000000

Using SPARSE 1.3 as Direct Linear Solver

No. of Data Rows : 6
voa = -5.394221292e-04
ddc = 1.1900425443e-07
dde = -1.195522909e-07
Reset re-loads circuit * comparator-offset-mc @ sf_27c_2.97v -- generated by sim/harness, do not edit

Circuit: * comparator-offset-mc @ sf_27c_2.97v -- generated by sim/harness, do not edit

Doing analysis at TEMP = 27.000000 and TNOM = 27.000000

Using SPARSE 1.3 as Direct Linear Solver

No. of Data Rows : 6
voa = -3.974425539e-03
ddc = 6.3653821655e-07
dde = -6.227636685e-07
Reset re-loads circuit * comparator-offset-mc @ sf_27c_2.97v -- generated by sim/harness, do not edit

Circuit: * comparator-offset-mc @ sf_27c_2.97v -- generated by sim/harness, do not edit

Doing analysis at TEMP = 27.000000 and TNOM = 27.000000

Using SPARSE 1.3 as Direct Linear Solver

No. of Data Rows : 6
voa = -1.123977780e-03
ddc = 1.5652157501e-07
dde = -1.514949503e-07
Reset re-loads circuit * comparator-offset-mc @ sf_27c_2.97v -- generated by sim/harness, do not edit

Circuit: * comparator-offset-mc @ sf_27c_2.97v -- generated by sim/harness, do not edit

Doing analysis at TEMP = 27.000000 and TNOM = 27.000000

Using SPARSE 1.3 as Direct Linear Solver

No. of Data Rows : 6
voa = 1.3371668427e-04
ddc = -5.404993477e-08
dde = 5.5910022860e-08
Reset re-loads circuit * comparator-offset-mc @ sf_27c_2.97v -- generated by sim/harness, do not edit

Circuit: * comparator-offset-mc @ sf_27c_2.97v -- generated by sim/harness, do not edit

Doing analysis at TEMP = 27.000000 and TNOM = 27.000000

Using SPARSE 1.3 as Direct Linear Solver

No. of Data Rows : 6
voa = 8.0594507325e-04
ddc = -1.451508811e-07
dde = 1.4371917150e-07
Reset re-loads circuit * comparator-offset-mc @ sf_27c_2.97v -- generated by sim/harness, do not edit

Circuit: * comparator-offset-mc @ sf_27c_2.97v -- generated by sim/harness, do not edit

Doing analysis at TEMP = 27.000000 and TNOM = 27.000000

Using SPARSE 1.3 as Direct Linear Solver

No. of Data Rows : 6
voa = -2.504949541e-04
ddc = 6.8011737873e-08
dde = -6.957881717e-08
Reset re-loads circuit * comparator-offset-mc @ sf_27c_2.97v -- generated by sim/harness, do not edit

Circuit: * comparator-offset-mc @ sf_27c_2.97v -- generated by sim/harness, do not edit

Doing analysis at TEMP = 27.000000 and TNOM = 27.000000

Using SPARSE 1.3 as Direct Linear Solver

No. of Data Rows : 6
voa = -1.487071871e-03
ddc = 2.3037435750e-07
dde = -2.242712036e-07
Reset re-loads circuit * comparator-offset-mc @ sf_27c_2.97v -- generated by sim/harness, do not edit

Circuit: * comparator-offset-mc @ sf_27c_2.97v -- generated by sim/harness, do not edit

Doing analysis at TEMP = 27.000000 and TNOM = 27.000000

Using SPARSE 1.3 as Direct Linear Solver

No. of Data Rows : 6
voa = 6.9431689049e-04
ddc = -1.294605456e-07
dde = 1.4354543701e-07
Reset re-loads circuit * comparator-offset-mc @ sf_27c_2.97v -- generated by sim/harness, do not edit

Circuit: * comparator-offset-mc @ sf_27c_2.97v -- generated by sim/harness, do not edit

Doing analysis at TEMP = 27.000000 and TNOM = 27.000000

Using SPARSE 1.3 as Direct Linear Solver

No. of Data Rows : 6
voa = -2.242635146e-03
ddc = 2.6357641136e-07
dde = -2.496700026e-07
Reset re-loads circuit * comparator-offset-mc @ sf_27c_2.97v -- generated by sim/harness, do not edit

Circuit: * comparator-offset-mc @ sf_27c_2.97v -- generated by sim/harness, do not edit

Doing analysis at TEMP = 27.000000 and TNOM = 27.000000

Using SPARSE 1.3 as Direct Linear Solver

No. of Data Rows : 6
voa = -2.770588676e-03
ddc = 3.8522035190e-07
dde = -3.685224644e-07
Reset re-loads circuit * comparator-offset-mc @ sf_27c_2.97v -- generated by sim/harness, do not edit

Circuit: * comparator-offset-mc @ sf_27c_2.97v -- generated by sim/harness, do not edit

Doing analysis at TEMP = 27.000000 and TNOM = 27.000000

Using SPARSE 1.3 as Direct Linear Solver

No. of Data Rows : 6
voa = 2.7371039128e-03
ddc = -4.138371922e-07
dde = 4.0109239373e-07
Reset re-loads circuit * comparator-offset-mc @ sf_27c_2.97v -- generated by sim/harness, do not edit

Circuit: * comparator-offset-mc @ sf_27c_2.97v -- generated by sim/harness, do not edit

Doing analysis at TEMP = 27.000000 and TNOM = 27.000000

Using SPARSE 1.3 as Direct Linear Solver

No. of Data Rows : 6
voa = 3.9487708016e-05
ddc = -3.735233432e-09
dde = 3.7967917999e-09
Reset re-loads circuit * comparator-offset-mc @ sf_27c_2.97v -- generated by sim/harness, do not edit

Circuit: * comparator-offset-mc @ sf_27c_2.97v -- generated by sim/harness, do not edit

Doing analysis at TEMP = 27.000000 and TNOM = 27.000000

Using SPARSE 1.3 as Direct Linear Solver

No. of Data Rows : 6
voa = -1.068325561e-03
ddc = 1.9635622876e-07
dde = -1.944547106e-07
Reset re-loads circuit * comparator-offset-mc @ sf_27c_2.97v -- generated by sim/harness, do not edit

Circuit: * comparator-offset-mc @ sf_27c_2.97v -- generated by sim/harness, do not edit

Doing analysis at TEMP = 27.000000 and TNOM = 27.000000

Using SPARSE 1.3 as Direct Linear Solver
 Reference value :  0.00000e+00
No. of Data Rows : 6
voa = -7.074692850e-04
ddc = 8.2137760242e-08
dde = -7.828450844e-08
Reset re-loads circuit * comparator-offset-mc @ sf_27c_2.97v -- generated by sim/harness, do not edit

Circuit: * comparator-offset-mc @ sf_27c_2.97v -- generated by sim/harness, do not edit

Doing analysis at TEMP = 27.000000 and TNOM = 27.000000

Using SPARSE 1.3 as Direct Linear Solver

No. of Data Rows : 6
voa = -1.839037571e-03
ddc = 2.9881122018e-07
dde = -2.925009614e-07
Reset re-loads circuit * comparator-offset-mc @ sf_27c_2.97v -- generated by sim/harness, do not edit

Circuit: * comparator-offset-mc @ sf_27c_2.97v -- generated by sim/harness, do not edit

Doing analysis at TEMP = 27.000000 and TNOM = 27.000000

Using SPARSE 1.3 as Direct Linear Solver

No. of Data Rows : 6
voa = -7.770164614e-04
ddc = 1.0537443736e-07
dde = -1.022480242e-07
m_n_samples = 2.0000000000e+02
m_sig_vos_mv = 1.6359089552e+00
m_vos_3sig_mv = 4.9077268657e+00
m_mean_vos_uv = -5.611752351e+01
m_mean_vos_sem = -4.851257925e-01
m_sig_dvos_dn_uv = 2.5678389716e-01
m_sig_dvos_up_uv = 2.5297091117e-01
m_mean_dvos_dn_uv = 9.5400513035e-03
m_mean_dvos_up_uv = -8.299504443e-03
m_av_mean = 9.1896192140e+00
m_av_sigma_pct = 2.5202066715e+00
m_sig_rpair_uv = 6.3596013111e-12
m_vbias_anchor_mv = 8.4513784498e+02
Note: Simulation executed from .control section 

Note: Starting dynamic gmin stepping
Note: Dynamic gmin stepping completed
Note: Starting dynamic gmin stepping
Note: Dynamic gmin stepping completed
Note: Starting dynamic gmin stepping
Note: Dynamic gmin stepping completed
Note: Starting dynamic gmin stepping
Note: Dynamic gmin stepping completed
Note: Starting dynamic gmin stepping
Note: Dynamic gmin stepping completed
Note: Starting dynamic gmin stepping
Note: Dynamic gmin stepping completed
Note: Starting dynamic gmin stepping
Note: Dynamic gmin stepping completed
Note: Starting dynamic gmin stepping
Note: Dynamic gmin stepping completed
Note: Starting dynamic gmin stepping
Note: Dynamic gmin stepping completed
Note: Starting dynamic gmin stepping
Note: Dynamic gmin stepping completed
Note: Starting dynamic gmin stepping
Note: Dynamic gmin stepping completed
Note: Starting dynamic gmin stepping
Note: Dynamic gmin stepping completed
Note: Starting dynamic gmin stepping
Note: Dynamic gmin stepping completed
Note: Starting dynamic gmin stepping
Note: Dynamic gmin stepping completed
Note: Starting dynamic gmin stepping
Note: Dynamic gmin stepping completed
Note: Starting dynamic gmin stepping
Note: Dynamic gmin stepping completed
Note: Starting dynamic gmin stepping
Note: Dynamic gmin stepping completed
Note: Starting dynamic gmin stepping
Note: Dynamic gmin stepping completed
Note: Starting dynamic gmin stepping
Note: Dynamic gmin stepping completed
Note: Starting dynamic gmin stepping
Note: Dynamic gmin stepping completed
Note: Starting dynamic gmin stepping
Note: Dynamic gmin stepping completed
Note: Starting dynamic gmin stepping
Note: Dynamic gmin stepping completed
Note: Starting dynamic gmin stepping
Note: Dynamic gmin stepping completed
Note: Starting dynamic gmin stepping
Note: Dynamic gmin stepping completed
Note: Starting dynamic gmin stepping
Note: Dynamic gmin stepping completed
Note: Starting dynamic gmin stepping
Note: Dynamic gmin stepping completed
Note: Starting dynamic gmin stepping
Note: Dynamic gmin stepping completed
Note: Starting dynamic gmin stepping
Note: Dynamic gmin stepping completed
Note: Starting dynamic gmin stepping
Note: Dynamic gmin stepping completed
Note: Starting dynamic gmin stepping
Note: Dynamic gmin stepping completed
Note: Starting dynamic gmin stepping
Note: Dynamic gmin stepping completed
Note: Starting dynamic gmin stepping
Note: Dynamic gmin stepping completed
Note: Starting dynamic gmin stepping
Note: Dynamic gmin stepping completed
Note: Starting dynamic gmin stepping
Note: Dynamic gmin stepping completed
Note: Starting dynamic gmin stepping
Note: Dynamic gmin stepping completed
Note: Starting dynamic gmin stepping
Note: Dynamic gmin stepping completed
Note: Starting dynamic gmin stepping
Note: Dynamic gmin stepping completed
Note: Starting dynamic gmin stepping
Note: Dynamic gmin stepping completed
Note: Starting dynamic gmin stepping
Note: Dynamic gmin stepping completed
Note: Starting dynamic gmin stepping
Note: Dynamic gmin stepping completed
Note: Starting dynamic gmin stepping
Note: Dynamic gmin stepping completed
Note: Starting dynamic gmin stepping
Note: Dynamic gmin stepping completed
Note: Starting dynamic gmin stepping
Note: Dynamic gmin stepping completed
Note: Starting dynamic gmin stepping
Note: Dynamic gmin stepping completed
Note: Starting dynamic gmin stepping
Note: Dynamic gmin stepping completed
Note: Starting dynamic gmin stepping
Note: Dynamic gmin stepping completed
Note: Starting dynamic gmin stepping
Note: Dynamic gmin stepping completed
Note: Starting dynamic gmin stepping
Note: Dynamic gmin stepping completed
Note: Starting dynamic gmin stepping
Note: Dynamic gmin stepping completed
Note: Starting dynamic gmin stepping
Note: Dynamic gmin stepping completed
Note: Starting dynamic gmin stepping
Note: Dynamic gmin stepping completed
Note: Starting dynamic gmin stepping
Note: Dynamic gmin stepping completed
Note: Starting dynamic gmin stepping
Note: Dynamic gmin stepping completed
Note: Starting dynamic gmin stepping
Note: Dynamic gmin stepping completed
Note: Starting dynamic gmin stepping
Note: Dynamic gmin stepping completed
Note: Starting dynamic gmin stepping
Note: Dynamic gmin stepping completed
Note: Starting dynamic gmin stepping
Note: Dynamic gmin stepping completed
Note: Starting dynamic gmin stepping
Note: Dynamic gmin stepping completed
Note: Starting dynamic gmin stepping
Note: Dynamic gmin stepping completed
Note: Starting dynamic gmin stepping
Note: Dynamic gmin stepping completed
Note: Starting dynamic gmin stepping
Note: Dynamic gmin stepping completed
Note: Starting dynamic gmin stepping
Note: Dynamic gmin stepping completed
Note: Starting dynamic gmin stepping
Note: Dynamic gmin stepping completed
Note: Starting dynamic gmin stepping
Note: Dynamic gmin stepping completed
Note: Starting dynamic gmin stepping
Note: Dynamic gmin stepping completed
Note: Starting dynamic gmin stepping
Note: Dynamic gmin stepping completed
Note: Starting dynamic gmin stepping
Note: Dynamic gmin stepping completed
Note: Starting dynamic gmin stepping
Note: Dynamic gmin stepping completed
Note: Starting dynamic gmin stepping
Note: Dynamic gmin stepping completed
Note: Starting dynamic gmin stepping
Note: Dynamic gmin stepping completed
Note: Starting dynamic gmin stepping
Note: Dynamic gmin stepping completed
Note: Starting dynamic gmin stepping
Note: Dynamic gmin stepping completed
Note: Starting dynamic gmin stepping
Note: Dynamic gmin stepping completed
Note: Starting dynamic gmin stepping
Note: Dynamic gmin stepping completed
Note: Starting dynamic gmin stepping
Note: Dynamic gmin stepping completed
Note: Starting dynamic gmin stepping
Note: Dynamic gmin stepping completed
Note: Starting dynamic gmin stepping
Note: Dynamic gmin stepping completed
Note: Starting dynamic gmin stepping
Note: Dynamic gmin stepping completed
Note: Starting dynamic gmin stepping
Note: Dynamic gmin stepping completed
Note: Starting dynamic gmin stepping
Note: Dynamic gmin stepping completed
Note: Starting dynamic gmin stepping
Note: Dynamic gmin stepping completed
Note: Starting dynamic gmin stepping
Note: Dynamic gmin stepping completed
Note: Starting dynamic gmin stepping
Note: Dynamic gmin stepping completed
Note: Starting dynamic gmin stepping
Note: Dynamic gmin stepping completed
Note: Starting dynamic gmin stepping
Note: Dynamic gmin stepping completed
Note: Starting dynamic gmin stepping
Note: Dynamic gmin stepping completed
Note: Starting dynamic gmin stepping
Note: Dynamic gmin stepping completed
Note: Starting dynamic gmin stepping
Note: Dynamic gmin stepping completed
Note: Starting dynamic gmin stepping
Note: Dynamic gmin stepping completed
Note: Starting dynamic gmin stepping
Note: Dynamic gmin stepping completed
Note: Starting dynamic gmin stepping
Note: Dynamic gmin stepping completed
Note: Starting dynamic gmin stepping
Note: Dynamic gmin stepping completed
Note: Starting dynamic gmin stepping
Note: Dynamic gmin stepping completed
Note: Starting dynamic gmin stepping
Note: Dynamic gmin stepping completed
Note: Starting dynamic gmin stepping
Note: Dynamic gmin stepping completed
Note: Starting dynamic gmin stepping
Note: Dynamic gmin stepping completed
Note: Starting dynamic gmin stepping
Note: Dynamic gmin stepping completed
Note: Starting dynamic gmin stepping
Note: Dynamic gmin stepping completed
Note: Starting dynamic gmin stepping
Note: Dynamic gmin stepping completed
Note: Starting dynamic gmin stepping
Note: Dynamic gmin stepping completed
Note: Starting dynamic gmin stepping
Note: Dynamic gmin stepping completed
Note: Starting dynamic gmin stepping
Note: Dynamic gmin stepping completed
Note: Starting dynamic gmin stepping
Note: Dynamic gmin stepping completed
Note: Starting dynamic gmin stepping
Note: Dynamic gmin stepping completed
Note: Starting dynamic gmin stepping
Note: Dynamic gmin stepping completed
Note: Starting dynamic gmin stepping
Note: Dynamic gmin stepping completed
Note: Starting dynamic gmin stepping
Note: Dynamic gmin stepping completed
Note: Starting dynamic gmin stepping
Note: Dynamic gmin stepping completed
Note: Starting dynamic gmin stepping
Note: Dynamic gmin stepping completed
Note: Starting dynamic gmin stepping
Note: Dynamic gmin stepping completed
Note: Starting dynamic gmin stepping
Note: Dynamic gmin stepping completed
Note: Starting dynamic gmin stepping
Note: Dynamic gmin stepping completed
Note: Starting dynamic gmin stepping
Note: Dynamic gmin stepping completed
Note: Starting dynamic gmin stepping
Note: Dynamic gmin stepping completed
Note: Starting dynamic gmin stepping
Note: Dynamic gmin stepping completed
Note: Starting dynamic gmin stepping
Note: Dynamic gmin stepping completed
Note: Starting dynamic gmin stepping
Note: Dynamic gmin stepping completed
Note: Starting dynamic gmin stepping
Note: Dynamic gmin stepping completed
Note: Starting dynamic gmin stepping
Note: Dynamic gmin stepping completed
Note: Starting dynamic gmin stepping
Note: Dynamic gmin stepping completed
Note: Starting dynamic gmin stepping
Note: Dynamic gmin stepping completed
Note: Starting dynamic gmin stepping
Note: Dynamic gmin stepping completed
Note: Starting dynamic gmin stepping
Note: Dynamic gmin stepping completed
Note: Starting dynamic gmin stepping
Note: Dynamic gmin stepping completed
Note: Starting dynamic gmin stepping
Note: Dynamic gmin stepping completed
Note: Starting dynamic gmin stepping
Note: Dynamic gmin stepping completed
Note: Starting dynamic gmin stepping
Note: Dynamic gmin stepping completed
Note: Starting dynamic gmin stepping
Note: Dynamic gmin stepping completed
Note: Starting dynamic gmin stepping
Note: Dynamic gmin stepping completed
Note: Starting dynamic gmin stepping
Note: Dynamic gmin stepping completed
Note: Starting dynamic gmin stepping
Note: Dynamic gmin stepping completed
Note: Starting dynamic gmin stepping
Note: Dynamic gmin stepping completed
Note: Starting dynamic gmin stepping
Note: Dynamic gmin stepping completed
Note: Starting dynamic gmin stepping
Note: Dynamic gmin stepping completed
Note: Starting dynamic gmin stepping
Note: Dynamic gmin stepping completed
Note: Starting dynamic gmin stepping
Note: Dynamic gmin stepping completed
Note: Starting dynamic gmin stepping
Note: Dynamic gmin stepping completed
Note: Starting dynamic gmin stepping
Note: Dynamic gmin stepping completed
Note: Starting dynamic gmin stepping
Note: Dynamic gmin stepping completed
Note: Starting dynamic gmin stepping
Note: Dynamic gmin stepping completed
Note: Starting dynamic gmin stepping
Note: Dynamic gmin stepping completed
Note: Starting dynamic gmin stepping
Note: Dynamic gmin stepping completed
Note: Starting dynamic gmin stepping
Note: Dynamic gmin stepping completed
Note: Starting dynamic gmin stepping
Note: Dynamic gmin stepping completed
Note: Starting dynamic gmin stepping
Note: Dynamic gmin stepping completed
Note: Starting dynamic gmin stepping
Note: Dynamic gmin stepping completed
Note: Starting dynamic gmin stepping
Note: Dynamic gmin stepping completed
Note: Starting dynamic gmin stepping
Note: Dynamic gmin stepping completed
Note: Starting dynamic gmin stepping
Note: Dynamic gmin stepping completed
Note: Starting dynamic gmin stepping
Note: Dynamic gmin stepping completed
Note: Starting dynamic gmin stepping
Note: Dynamic gmin stepping completed
Note: Starting dynamic gmin stepping
Note: Dynamic gmin stepping completed
Note: Starting dynamic gmin stepping
Note: Dynamic gmin stepping completed
Note: Starting dynamic gmin stepping
Note: Dynamic gmin stepping completed
Note: Starting dynamic gmin stepping
Note: Dynamic gmin stepping completed
Note: Starting dynamic gmin stepping
Note: Dynamic gmin stepping completed
Note: Starting dynamic gmin stepping
Note: Dynamic gmin stepping completed
Note: Starting dynamic gmin stepping
Note: Dynamic gmin stepping completed
Note: Starting dynamic gmin stepping
Note: Dynamic gmin stepping completed
Note: Starting dynamic gmin stepping
Note: Dynamic gmin stepping completed
Note: Starting dynamic gmin stepping
Note: Dynamic gmin stepping completed
Note: Starting dynamic gmin stepping
Note: Dynamic gmin stepping completed
Note: Starting dynamic gmin stepping
Note: Dynamic gmin stepping completed
Note: Starting dynamic gmin stepping
Note: Dynamic gmin stepping completed
Note: Starting dynamic gmin stepping
Note: Dynamic gmin stepping completed
Note: Starting dynamic gmin stepping
Note: Dynamic gmin stepping completed
Note: Starting dynamic gmin stepping
Note: Dynamic gmin stepping completed
Note: Starting dynamic gmin stepping
Note: Dynamic gmin stepping completed
Note: Starting dynamic gmin stepping
Note: Dynamic gmin stepping completed
Note: Starting dynamic gmin stepping
Note: Dynamic gmin stepping completed
Note: Starting dynamic gmin stepping
Note: Dynamic gmin stepping completed
Note: Starting dynamic gmin stepping
Note: Dynamic gmin stepping completed
Note: Starting dynamic gmin stepping
Note: Dynamic gmin stepping completed
Note: Starting dynamic gmin stepping
Note: Dynamic gmin stepping completed
Note: Starting dynamic gmin stepping
Note: Dynamic gmin stepping completed
Note: Starting dynamic gmin stepping
Note: Dynamic gmin stepping completed
Note: Starting dynamic gmin stepping
Note: Dynamic gmin stepping completed
Note: Starting dynamic gmin stepping
Note: Dynamic gmin stepping completed
Note: Starting dynamic gmin stepping
Note: Dynamic gmin stepping completed
Note: Starting dynamic gmin stepping
Note: Dynamic gmin stepping completed
Note: Starting dynamic gmin stepping
Note: Dynamic gmin stepping completed
Note: Starting dynamic gmin stepping
Note: Dynamic gmin stepping completed
Note: Starting dynamic gmin stepping
Note: Dynamic gmin stepping completed
Note: Starting dynamic gmin stepping
Note: Dynamic gmin stepping completed
Note: Starting dynamic gmin stepping
Note: Dynamic gmin stepping completed
Note: Starting dynamic gmin stepping
Note: Dynamic gmin stepping completed
Note: Starting dynamic gmin stepping
Note: Dynamic gmin stepping completed
Note: Starting dynamic gmin stepping
Note: Dynamic gmin stepping completed
Note: Starting dynamic gmin stepping
Note: Dynamic gmin stepping completed
Note: Starting dynamic gmin stepping
Note: Dynamic gmin stepping completed
Note: Starting dynamic gmin stepping
Note: Dynamic gmin stepping completed
Note: Starting dynamic gmin stepping
Note: Dynamic gmin stepping completed
Note: Starting dynamic gmin stepping
Note: Dynamic gmin stepping completed
Note: Starting dynamic gmin stepping
Note: Dynamic gmin stepping completed
Note: Starting dynamic gmin stepping
Note: Dynamic gmin stepping completed
Note: Starting dynamic gmin stepping
Note: Dynamic gmin stepping completed
Note: Starting dynamic gmin stepping
Note: Dynamic gmin stepping completed
Note: Starting dynamic gmin stepping
Note: Dynamic gmin stepping completed
Note: Starting dynamic gmin stepping
Note: Dynamic gmin stepping completed
Note: Starting dynamic gmin stepping
Note: Dynamic gmin stepping completed
Note: Starting dynamic gmin stepping
Note: Dynamic gmin stepping completed
Note: Starting dynamic gmin stepping
Note: Dynamic gmin stepping completed
Note: Starting dynamic gmin stepping
Note: Dynamic gmin stepping completed
Note: Starting dynamic gmin stepping
Note: Dynamic gmin stepping completed
Note: Starting dynamic gmin stepping
Note: Dynamic gmin stepping completed
Note: Starting dynamic gmin stepping
Note: Dynamic gmin stepping completed
Note: Starting dynamic gmin stepping
Note: Dynamic gmin stepping completed
Note: Starting dynamic gmin stepping
Note: Dynamic gmin stepping completed
Note: Starting dynamic gmin stepping
Note: Dynamic gmin stepping completed
Note: Starting dynamic gmin stepping
Note: Dynamic gmin stepping completed
Note: Starting dynamic gmin stepping
Note: Dynamic gmin stepping completed
Note: Starting dynamic gmin stepping
Note: Dynamic gmin stepping completed
Note: Starting dynamic gmin stepping
Note: Dynamic gmin stepping completed
Note: Starting dynamic gmin stepping
Note: Dynamic gmin stepping completed
Note: Starting dynamic gmin stepping
Note: Dynamic gmin stepping completed
Note: Starting dynamic gmin stepping
Note: Dynamic gmin stepping completed
Note: Starting dynamic gmin stepping
Note: Dynamic gmin stepping completed
Note: Starting dynamic gmin stepping
Note: Dynamic gmin stepping completed
Note: Starting dynamic gmin stepping
Note: Dynamic gmin stepping completed
Note: Starting dynamic gmin stepping
Note: Dynamic gmin stepping completed
Note: Starting dynamic gmin stepping
Note: Dynamic gmin stepping completed
Note: Starting dynamic gmin stepping
Note: Dynamic gmin stepping completed
Note: Starting dynamic gmin stepping
Note: Dynamic gmin stepping completed
Note: Starting dynamic gmin stepping
Note: Dynamic gmin stepping completed
Note: Starting dynamic gmin stepping
Note: Dynamic gmin stepping completed
Note: Starting dynamic gmin stepping
Note: Dynamic gmin stepping completed
Note: Starting dynamic gmin stepping
Note: Dynamic gmin stepping completed
Note: Starting dynamic gmin stepping
Note: Dynamic gmin stepping completed
Note: Starting dynamic gmin stepping
Note: Dynamic gmin stepping completed
Note: Starting dynamic gmin stepping
Note: Dynamic gmin stepping completed
Note: Starting dynamic gmin stepping
Note: Dynamic gmin stepping completed
Note: Starting dynamic gmin stepping
Note: Dynamic gmin stepping completed
Note: Starting dynamic gmin stepping
Note: Dynamic gmin stepping completed
Note: Starting dynamic gmin stepping
Note: Dynamic gmin stepping completed
Note: Starting dynamic gmin stepping
Note: Dynamic gmin stepping completed
Note: Starting dynamic gmin stepping
Note: Dynamic gmin stepping completed
Note: Starting dynamic gmin stepping
Note: Dynamic gmin stepping completed
Note: Starting dynamic gmin stepping
Note: Dynamic gmin stepping completed
Note: Starting dynamic gmin stepping
Note: Dynamic gmin stepping completed
Note: Starting dynamic gmin stepping
Note: Dynamic gmin stepping completed
Note: Starting dynamic gmin stepping
Note: Dynamic gmin stepping completed
Note: Starting dynamic gmin stepping
Note: Dynamic gmin stepping completed
Note: Starting dynamic gmin stepping
Note: Dynamic gmin stepping completed
Note: Starting dynamic gmin stepping
Note: Dynamic gmin stepping completed
Note: Starting dynamic gmin stepping
Note: Dynamic gmin stepping completed
Note: Starting dynamic gmin stepping
Note: Dynamic gmin stepping completed
Note: Starting dynamic gmin stepping
Note: Dynamic gmin stepping completed
Note: Starting dynamic gmin stepping
Note: Dynamic gmin stepping completed
Note: Starting dynamic gmin stepping
Note: Dynamic gmin stepping completed
Note: Starting dynamic gmin stepping
Note: Dynamic gmin stepping completed
Note: Starting dynamic gmin stepping
Note: Dynamic gmin stepping completed
Note: Starting dynamic gmin stepping
Note: Dynamic gmin stepping completed
Note: Starting dynamic gmin stepping
Note: Dynamic gmin stepping completed
Note: Starting dynamic gmin stepping
Note: Dynamic gmin stepping completed
Note: Starting dynamic gmin stepping
Note: Dynamic gmin stepping completed
Note: Starting dynamic gmin stepping
Note: Dynamic gmin stepping completed
Note: Starting dynamic gmin stepping
Note: Dynamic gmin stepping completed
Note: Starting dynamic gmin stepping
Note: Dynamic gmin stepping completed
Note: Starting dynamic gmin stepping
Note: Dynamic gmin stepping completed
Note: Starting dynamic gmin stepping
Note: Dynamic gmin stepping completed
Note: Starting dynamic gmin stepping
Note: Dynamic gmin stepping completed
Note: Starting dynamic gmin stepping
Note: Dynamic gmin stepping completed
Note: Starting dynamic gmin stepping
Note: Dynamic gmin stepping completed
Note: Starting dynamic gmin stepping
Note: Dynamic gmin stepping completed
Note: Starting dynamic gmin stepping
Note: Dynamic gmin stepping completed
Note: Starting dynamic gmin stepping
Note: Dynamic gmin stepping completed
Note: Starting dynamic gmin stepping
Note: Dynamic gmin stepping completed
Note: Starting dynamic gmin stepping
Note: Dynamic gmin stepping completed
Note: Starting dynamic gmin stepping
Note: Dynamic gmin stepping completed
Note: Starting dynamic gmin stepping
Note: Dynamic gmin stepping completed
Note: Starting dynamic gmin stepping
Note: Dynamic gmin stepping completed
Note: Starting dynamic gmin stepping
Note: Dynamic gmin stepping completed
Note: Starting dynamic gmin stepping
Note: Dynamic gmin stepping completed
Note: Starting dynamic gmin stepping
Note: Dynamic gmin stepping completed
Note: Starting dynamic gmin stepping
Note: Dynamic gmin stepping completed
Note: Starting dynamic gmin stepping
Note: Dynamic gmin stepping completed
Note: Starting dynamic gmin stepping
Note: Dynamic gmin stepping completed
Note: Starting dynamic gmin stepping
Note: Dynamic gmin stepping completed
Note: Starting dynamic gmin stepping
Note: Dynamic gmin stepping completed
Note: Starting dynamic gmin stepping
Note: Dynamic gmin stepping completed
Note: Starting dynamic gmin stepping
Note: Dynamic gmin stepping completed
Note: Starting dynamic gmin stepping
Note: Dynamic gmin stepping completed
Note: Starting dynamic gmin stepping
Note: Dynamic gmin stepping completed
Note: Starting dynamic gmin stepping
Note: Dynamic gmin stepping completed
Note: Starting dynamic gmin stepping
Note: Dynamic gmin stepping completed
Note: Starting dynamic gmin stepping
Note: Dynamic gmin stepping completed
Note: Starting dynamic gmin stepping
Note: Dynamic gmin stepping completed
Note: Starting dynamic gmin stepping
Note: Dynamic gmin stepping completed
Note: Starting dynamic gmin stepping
Note: Dynamic gmin stepping completed
Note: Starting dynamic gmin stepping
Note: Dynamic gmin stepping completed
Note: Starting dynamic gmin stepping
Note: Dynamic gmin stepping completed
Note: Starting dynamic gmin stepping
Note: Dynamic gmin stepping completed
Note: Starting dynamic gmin stepping
Note: Dynamic gmin stepping completed
Note: Starting dynamic gmin stepping
Note: Dynamic gmin stepping completed
Note: Starting dynamic gmin stepping
Note: Dynamic gmin stepping completed
Note: Starting dynamic gmin stepping
Note: Dynamic gmin stepping completed
Note: Starting dynamic gmin stepping
Note: Dynamic gmin stepping completed
Note: Starting dynamic gmin stepping
Note: Dynamic gmin stepping completed
Note: Starting dynamic gmin stepping
Note: Dynamic gmin stepping completed
Note: Starting dynamic gmin stepping
Note: Dynamic gmin stepping completed
Note: Starting dynamic gmin stepping
Note: Dynamic gmin stepping completed
Note: Starting dynamic gmin stepping
Note: Dynamic gmin stepping completed
Note: Starting dynamic gmin stepping
Note: Dynamic gmin stepping completed
Note: Starting dynamic gmin stepping
Note: Dynamic gmin stepping completed
Note: Starting dynamic gmin stepping
Note: Dynamic gmin stepping completed
Note: Starting dynamic gmin stepping
Note: Dynamic gmin stepping completed
Note: Starting dynamic gmin stepping
Note: Dynamic gmin stepping completed
Note: Starting dynamic gmin stepping
Note: Dynamic gmin stepping completed
Note: Starting dynamic gmin stepping
Note: Dynamic gmin stepping completed
Note: Starting dynamic gmin stepping
Note: Dynamic gmin stepping completed
Note: Starting dynamic gmin stepping
Note: Dynamic gmin stepping completed
Note: Starting dynamic gmin stepping
Note: Dynamic gmin stepping completed
Note: Starting dynamic gmin stepping
Note: Dynamic gmin stepping completed
Note: Starting dynamic gmin stepping
Note: Dynamic gmin stepping completed
Note: Starting dynamic gmin stepping
Note: Dynamic gmin stepping completed
Note: Starting dynamic gmin stepping
Note: Dynamic gmin stepping completed
Note: Starting dynamic gmin stepping
Note: Dynamic gmin stepping completed
Note: Starting dynamic gmin stepping
Note: Dynamic gmin stepping completed
Note: Starting dynamic gmin stepping
Note: Dynamic gmin stepping completed
Note: Starting dynamic gmin stepping
Note: Dynamic gmin stepping completed
Note: Starting dynamic gmin stepping
Note: Dynamic gmin stepping completed
Note: Starting dynamic gmin stepping
Note: Dynamic gmin stepping completed
Note: Starting dynamic gmin stepping
Note: Dynamic gmin stepping completed
Note: Starting dynamic gmin stepping
Note: Dynamic gmin stepping completed
Note: Starting dynamic gmin stepping
Note: Dynamic gmin stepping completed
Note: Starting dynamic gmin stepping
Note: Dynamic gmin stepping completed
Note: Starting dynamic gmin stepping
Note: Dynamic gmin stepping completed
Note: Starting dynamic gmin stepping
Note: Dynamic gmin stepping completed
Note: Starting dynamic gmin stepping
Note: Dynamic gmin stepping completed
Note: Starting dynamic gmin stepping
Note: Dynamic gmin stepping completed
Note: Starting dynamic gmin stepping
Note: Dynamic gmin stepping completed
Note: Starting dynamic gmin stepping
Note: Dynamic gmin stepping completed
Note: Starting dynamic gmin stepping
Note: Dynamic gmin stepping completed
Note: Starting dynamic gmin stepping
Note: Dynamic gmin stepping completed
Note: Starting dynamic gmin stepping
Note: Dynamic gmin stepping completed
Note: Starting dynamic gmin stepping
Note: Dynamic gmin stepping completed
Note: Starting dynamic gmin stepping
Note: Dynamic gmin stepping completed
Note: Starting dynamic gmin stepping
Note: Dynamic gmin stepping completed
Note: Starting dynamic gmin stepping
Note: Dynamic gmin stepping completed
Note: Starting dynamic gmin stepping
Note: Dynamic gmin stepping completed
Note: Starting dynamic gmin stepping
Note: Dynamic gmin stepping completed
Note: Starting dynamic gmin stepping
Note: Dynamic gmin stepping completed
Note: Starting dynamic gmin stepping
Note: Dynamic gmin stepping completed
Note: Starting dynamic gmin stepping
Note: Dynamic gmin stepping completed
Note: Starting dynamic gmin stepping
Note: Dynamic gmin stepping completed
Note: Starting dynamic gmin stepping
Note: Dynamic gmin stepping completed
Note: Starting dynamic gmin stepping
Note: Dynamic gmin stepping completed
Note: Starting dynamic gmin stepping
Note: Dynamic gmin stepping completed
Note: Starting dynamic gmin stepping
Note: Dynamic gmin stepping completed
Note: Starting dynamic gmin stepping
Note: Dynamic gmin stepping completed
Note: Starting dynamic gmin stepping
Note: Dynamic gmin stepping completed
Note: Starting dynamic gmin stepping
Note: Dynamic gmin stepping completed
Note: Starting dynamic gmin stepping
Note: Dynamic gmin stepping completed
Note: Starting dynamic gmin stepping
Note: Dynamic gmin stepping completed
Note: Starting dynamic gmin stepping
Note: Dynamic gmin stepping completed
Note: Starting dynamic gmin stepping
Note: Dynamic gmin stepping completed
Note: Starting dynamic gmin stepping
Note: Dynamic gmin stepping completed
Note: Starting dynamic gmin stepping
Note: Dynamic gmin stepping completed
Note: Starting dynamic gmin stepping
Note: Dynamic gmin stepping completed
Note: Starting dynamic gmin stepping
Note: Dynamic gmin stepping completed
Note: Starting dynamic gmin stepping
Note: Dynamic gmin stepping completed
Note: Starting dynamic gmin stepping
Note: Dynamic gmin stepping completed
Note: Starting dynamic gmin stepping
Note: Dynamic gmin stepping completed
Note: Starting dynamic gmin stepping
Note: Dynamic gmin stepping completed
Note: Starting dynamic gmin stepping
Note: Dynamic gmin stepping completed
Note: Starting dynamic gmin stepping
Note: Dynamic gmin stepping completed
Note: Starting dynamic gmin stepping
Note: Dynamic gmin stepping completed
Note: Starting dynamic gmin stepping
Note: Dynamic gmin stepping completed
Note: Starting dynamic gmin stepping
Note: Dynamic gmin stepping completed
Note: Starting dynamic gmin stepping
Note: Dynamic gmin stepping completed
Note: Starting dynamic gmin stepping
Note: Dynamic gmin stepping completed
Note: Starting dynamic gmin stepping
Note: Dynamic gmin stepping completed
Note: Starting dynamic gmin stepping
Note: Dynamic gmin stepping completed
Note: Starting dynamic gmin stepping
Note: Dynamic gmin stepping completed
Note: Starting dynamic gmin stepping
Note: Dynamic gmin stepping completed
Note: Starting dynamic gmin stepping
Note: Dynamic gmin stepping completed
Note: Starting dynamic gmin stepping
Note: Dynamic gmin stepping completed
Note: Starting dynamic gmin stepping
Note: Dynamic gmin stepping completed
Note: Starting dynamic gmin stepping
Note: Dynamic gmin stepping completed
Note: Starting dynamic gmin stepping
Note: Dynamic gmin stepping completed
Note: Starting dynamic gmin stepping
Note: Dynamic gmin stepping completed
Note: Starting dynamic gmin stepping
Note: Dynamic gmin stepping completed
Note: Starting dynamic gmin stepping
Note: Dynamic gmin stepping completed
Note: Starting dynamic gmin stepping
Note: Dynamic gmin stepping completed
Note: Starting dynamic gmin stepping
Note: Dynamic gmin stepping completed
Note: Starting dynamic gmin stepping
Note: Dynamic gmin stepping completed
Note: Starting dynamic gmin stepping
Note: Dynamic gmin stepping completed
Note: Starting dynamic gmin stepping
Note: Dynamic gmin stepping completed
Note: Starting dynamic gmin stepping
Note: Dynamic gmin stepping completed
Note: Starting dynamic gmin stepping
Note: Dynamic gmin stepping completed
Note: Starting dynamic gmin stepping
Note: Dynamic gmin stepping completed
Note: Starting dynamic gmin stepping
Note: Dynamic gmin stepping completed
Note: Starting dynamic gmin stepping
Note: Dynamic gmin stepping completed
Note: Starting dynamic gmin stepping
Note: Dynamic gmin stepping completed
Note: Starting dynamic gmin stepping
Note: Dynamic gmin stepping completed
Note: Starting dynamic gmin stepping
Note: Dynamic gmin stepping completed
Note: Starting dynamic gmin stepping
Note: Dynamic gmin stepping completed
Note: Starting dynamic gmin stepping
Note: Dynamic gmin stepping completed
Note: Starting dynamic gmin stepping
Note: Dynamic gmin stepping completed
Note: Starting dynamic gmin stepping
Note: Dynamic gmin stepping completed
Note: Starting dynamic gmin stepping
Note: Dynamic gmin stepping completed
Note: Starting dynamic gmin stepping
Note: Dynamic gmin stepping completed
Note: Starting dynamic gmin stepping
Note: Dynamic gmin stepping completed
Note: Starting dynamic gmin stepping
Note: Dynamic gmin stepping completed
Note: Starting dynamic gmin stepping
Note: Dynamic gmin stepping completed
Note: Starting dynamic gmin stepping
Note: Dynamic gmin stepping completed
Note: Starting dynamic gmin stepping
Note: Dynamic gmin stepping completed
Note: Starting dynamic gmin stepping
Note: Dynamic gmin stepping completed
Note: Starting dynamic gmin stepping
Note: Dynamic gmin stepping completed
Note: Starting dynamic gmin stepping
Note: Dynamic gmin stepping completed
Note: Starting dynamic gmin stepping
Note: Dynamic gmin stepping completed
Note: Starting dynamic gmin stepping
Note: Dynamic gmin stepping completed
Note: Starting dynamic gmin stepping
Note: Dynamic gmin stepping completed
Note: Starting dynamic gmin stepping
Note: Dynamic gmin stepping completed
Note: Starting dynamic gmin stepping
Note: Dynamic gmin stepping completed
Note: Starting dynamic gmin stepping
Note: Dynamic gmin stepping completed
Note: Starting dynamic gmin stepping
Note: Dynamic gmin stepping completed
Note: Starting dynamic gmin stepping
Note: Dynamic gmin stepping completed
Note: Starting dynamic gmin stepping
Note: Dynamic gmin stepping completed
Note: Starting dynamic gmin stepping
Note: Dynamic gmin stepping completed
Note: Starting dynamic gmin stepping
Note: Dynamic gmin stepping completed
Note: Starting dynamic gmin stepping
Note: Dynamic gmin stepping completed
Note: Starting dynamic gmin stepping
Note: Dynamic gmin stepping completed
Note: Starting dynamic gmin stepping
Note: Dynamic gmin stepping completed
Note: Starting dynamic gmin stepping
Note: Dynamic gmin stepping completed
Note: Starting dynamic gmin stepping
Note: Dynamic gmin stepping completed
Note: Starting dynamic gmin stepping
Note: Dynamic gmin stepping completed
Note: Starting dynamic gmin stepping
Note: Dynamic gmin stepping completed
Note: Starting dynamic gmin stepping
Note: Dynamic gmin stepping completed
Note: Starting dynamic gmin stepping
Note: Dynamic gmin stepping completed
Note: Starting dynamic gmin stepping
Note: Dynamic gmin stepping completed
Note: Starting dynamic gmin stepping
Note: Dynamic gmin stepping completed
Note: Starting dynamic gmin stepping
Note: Dynamic gmin stepping completed
Note: Starting dynamic gmin stepping
Note: Dynamic gmin stepping completed
Note: Starting dynamic gmin stepping
Note: Dynamic gmin stepping completed
Note: Starting dynamic gmin stepping
Note: Dynamic gmin stepping completed
Note: Starting dynamic gmin stepping
Note: Dynamic gmin stepping completed
Note: Starting dynamic gmin stepping
Note: Dynamic gmin stepping completed
Note: Starting dynamic gmin stepping
Note: Dynamic gmin stepping completed
Note: Starting dynamic gmin stepping
Note: Dynamic gmin stepping completed
Note: Starting dynamic gmin stepping
Note: Dynamic gmin stepping completed
Note: Starting dynamic gmin stepping
Note: Dynamic gmin stepping completed
Note: Starting dynamic gmin stepping
Note: Dynamic gmin stepping completed
Note: Starting dynamic gmin stepping
Note: Dynamic gmin stepping completed
Note: Starting dynamic gmin stepping
Note: Dynamic gmin stepping completed
Note: Starting dynamic gmin stepping
Note: Dynamic gmin stepping completed
Note: Starting dynamic gmin stepping
Note: Dynamic gmin stepping completed
Note: Starting dynamic gmin stepping
Note: Dynamic gmin stepping completed
Note: Starting dynamic gmin stepping
Note: Dynamic gmin stepping completed
Note: Starting dynamic gmin stepping
Note: Dynamic gmin stepping completed
Note: Starting dynamic gmin stepping
Note: Dynamic gmin stepping completed
Note: Starting dynamic gmin stepping
Note: Dynamic gmin stepping completed
Note: Starting dynamic gmin stepping
Note: Dynamic gmin stepping completed
Note: Starting dynamic gmin stepping
Note: Dynamic gmin stepping completed
Note: Starting dynamic gmin stepping
Note: Dynamic gmin stepping completed
Note: Starting dynamic gmin stepping
Note: Dynamic gmin stepping completed
Note: Starting dynamic gmin stepping
Note: Dynamic gmin stepping completed
Note: Starting dynamic gmin stepping
Note: Dynamic gmin stepping completed
Note: Starting dynamic gmin stepping
Note: Dynamic gmin stepping completed
Note: Starting dynamic gmin stepping
Note: Dynamic gmin stepping completed
Note: Starting dynamic gmin stepping
Note: Dynamic gmin stepping completed
Note: Starting dynamic gmin stepping
Note: Dynamic gmin stepping completed
Note: Starting dynamic gmin stepping
Note: Dynamic gmin stepping completed
Note: Starting dynamic gmin stepping
Note: Dynamic gmin stepping completed
Note: Starting dynamic gmin stepping
Note: Dynamic gmin stepping completed
Note: Starting dynamic gmin stepping
Note: Dynamic gmin stepping completed
Note: Starting dynamic gmin stepping
Note: Dynamic gmin stepping completed
Note: Starting dynamic gmin stepping
Note: Dynamic gmin stepping completed
Note: Starting dynamic gmin stepping
Note: Dynamic gmin stepping completed
Note: Starting dynamic gmin stepping
Note: Dynamic gmin stepping completed
Note: Starting dynamic gmin stepping
Note: Dynamic gmin stepping completed
Note: Starting dynamic gmin stepping
Note: Dynamic gmin stepping completed
Note: Starting dynamic gmin stepping
Note: Dynamic gmin stepping completed
Note: Starting dynamic gmin stepping
Note: Dynamic gmin stepping completed
Note: Starting dynamic gmin stepping
Note: Dynamic gmin stepping completed
Note: Starting dynamic gmin stepping
Note: Dynamic gmin stepping completed
Note: Starting dynamic gmin stepping
Note: Dynamic gmin stepping completed
Note: Starting dynamic gmin stepping
Note: Dynamic gmin stepping completed
Note: Starting dynamic gmin stepping
Note: Dynamic gmin stepping completed
Note: Starting dynamic gmin stepping
Note: Dynamic gmin stepping completed
Note: Starting dynamic gmin stepping
Note: Dynamic gmin stepping completed
Note: Starting dynamic gmin stepping
Note: Dynamic gmin stepping completed
Note: Starting dynamic gmin stepping
Note: Dynamic gmin stepping completed
Note: Starting dynamic gmin stepping
Note: Dynamic gmin stepping completed
Note: Starting dynamic gmin stepping
Note: Dynamic gmin stepping completed
Note: Starting dynamic gmin stepping
Note: Dynamic gmin stepping completed
Note: Starting dynamic gmin stepping
Note: Dynamic gmin stepping completed
Note: Starting dynamic gmin stepping
Note: Dynamic gmin stepping completed
Note: Starting dynamic gmin stepping
Note: Dynamic gmin stepping completed
Note: Starting dynamic gmin stepping
Note: Dynamic gmin stepping completed
Note: Starting dynamic gmin stepping
Note: Dynamic gmin stepping completed
Note: Starting dynamic gmin stepping
Note: Dynamic gmin stepping completed
Note: Starting dynamic gmin stepping
Note: Dynamic gmin stepping completed
Note: Starting dynamic gmin stepping
Note: Dynamic gmin stepping completed
Note: Starting dynamic gmin stepping
Note: Dynamic gmin stepping completed
Note: Starting dynamic gmin stepping
Note: Dynamic gmin stepping completed
Note: Starting dynamic gmin stepping
Note: Dynamic gmin stepping completed
Note: Starting dynamic gmin stepping
Note: Dynamic gmin stepping completed
Note: Starting dynamic gmin stepping
Note: Dynamic gmin stepping completed
Note: Starting dynamic gmin stepping
Note: Dynamic gmin stepping completed
Note: Starting dynamic gmin stepping
Note: Dynamic gmin stepping completed
Note: Starting dynamic gmin stepping
Note: Dynamic gmin stepping completed
Note: Starting dynamic gmin stepping
Note: Dynamic gmin stepping completed
Note: Starting dynamic gmin stepping
Note: Dynamic gmin stepping completed
Note: Starting dynamic gmin stepping
Note: Dynamic gmin stepping completed
Note: Starting dynamic gmin stepping
Note: Dynamic gmin stepping completed
Note: Starting dynamic gmin stepping
Note: Dynamic gmin stepping completed
Note: Starting dynamic gmin stepping
Note: Dynamic gmin stepping completed
Note: Starting dynamic gmin stepping
Note: Dynamic gmin stepping completed
Note: Starting dynamic gmin stepping
Note: Dynamic gmin stepping completed
Note: Starting dynamic gmin stepping
Note: Dynamic gmin stepping completed
Note: Starting dynamic gmin stepping
Note: Dynamic gmin stepping completed
Note: Starting dynamic gmin stepping
Note: Dynamic gmin stepping completed
Note: Starting dynamic gmin stepping
Note: Dynamic gmin stepping completed
Note: Starting dynamic gmin stepping
Note: Dynamic gmin stepping completed
Note: Starting dynamic gmin stepping
Note: Dynamic gmin stepping completed
Note: Starting dynamic gmin stepping
Note: Dynamic gmin stepping completed
Note: Starting dynamic gmin stepping
Note: Dynamic gmin stepping completed
Note: Starting dynamic gmin stepping
Note: Dynamic gmin stepping completed
Note: Starting dynamic gmin stepping
Note: Dynamic gmin stepping completed
Note: Starting dynamic gmin stepping
Note: Dynamic gmin stepping completed
Note: Starting dynamic gmin stepping
Note: Dynamic gmin stepping completed
Note: Starting dynamic gmin stepping
Note: Dynamic gmin stepping completed
Note: Starting dynamic gmin stepping
Note: Dynamic gmin stepping completed
Note: Starting dynamic gmin stepping
Note: Dynamic gmin stepping completed
Note: Starting dynamic gmin stepping
Note: Dynamic gmin stepping completed
Note: Starting dynamic gmin stepping
Note: Dynamic gmin stepping completed
Note: Starting dynamic gmin stepping
Note: Dynamic gmin stepping completed
Note: Starting dynamic gmin stepping
Note: Dynamic gmin stepping completed
Note: Starting dynamic gmin stepping
Note: Dynamic gmin stepping completed
