
Note: No compatibility mode selected!


Circuit: * comparator-offset-mc @ tt_125c_2.97v -- generated by sim/harness, do not edit

Reset re-loads circuit * comparator-offset-mc @ tt_125c_2.97v -- generated by sim/harness, do not edit

Circuit: * comparator-offset-mc @ tt_125c_2.97v -- generated by sim/harness, do not edit

Doing analysis at TEMP = 125.000000 and TNOM = 27.000000

Using SPARSE 1.3 as Direct Linear Solver

No. of Data Rows : 6
voa = 1.4427212583e-03
ddc = -2.701291979e-07
dde = 2.6218293394e-07
Reset re-loads circuit * comparator-offset-mc @ tt_125c_2.97v -- generated by sim/harness, do not edit

Circuit: * comparator-offset-mc @ tt_125c_2.97v -- generated by sim/harness, do not edit

Doing analysis at TEMP = 125.000000 and TNOM = 27.000000

Using SPARSE 1.3 as Direct Linear Solver

No. of Data Rows : 6
voa = 1.4391208169e-03
ddc = -1.115929665e-07
dde = 1.0958775505e-07
Reset re-loads circuit * comparator-offset-mc @ tt_125c_2.97v -- generated by sim/harness, do not edit

Circuit: * comparator-offset-mc @ tt_125c_2.97v -- generated by sim/harness, do not edit

Doing analysis at TEMP = 125.000000 and TNOM = 27.000000

Using SPARSE 1.3 as Direct Linear Solver

No. of Data Rows : 6
voa = -1.018664290e-03
ddc = 6.2875259962e-08
dde = -6.205142547e-08
Reset re-loads circuit * comparator-offset-mc @ tt_125c_2.97v -- generated by sim/harness, do not edit

Circuit: * comparator-offset-mc @ tt_125c_2.97v -- generated by sim/harness, do not edit

Doing analysis at TEMP = 125.000000 and TNOM = 27.000000

Using SPARSE 1.3 as Direct Linear Solver

No. of Data Rows : 6
voa = 2.7636323532e-04
ddc = -4.139920047e-08
dde = 4.0281117566e-08
Reset re-loads circuit * comparator-offset-mc @ tt_125c_2.97v -- generated by sim/harness, do not edit

Circuit: * comparator-offset-mc @ tt_125c_2.97v -- generated by sim/harness, do not edit

Doing analysis at TEMP = 125.000000 and TNOM = 27.000000

Using SPARSE 1.3 as Direct Linear Solver

No. of Data Rows : 6
voa = -4.298825024e-04
ddc = 4.4565401981e-08
dde = -4.354025129e-08
Reset re-loads circuit * comparator-offset-mc @ tt_125c_2.97v -- generated by sim/harness, do not edit

Circuit: * comparator-offset-mc @ tt_125c_2.97v -- generated by sim/harness, do not edit

Doing analysis at TEMP = 125.000000 and TNOM = 27.000000

Using SPARSE 1.3 as Direct Linear Solver

No. of Data Rows : 6
voa = 1.8625450084e-03
ddc = -1.236032664e-07
dde = 1.2179119917e-07
Reset re-loads circuit * comparator-offset-mc @ tt_125c_2.97v -- generated by sim/harness, do not edit

Circuit: * comparator-offset-mc @ tt_125c_2.97v -- generated by sim/harness, do not edit

Doing analysis at TEMP = 125.000000 and TNOM = 27.000000

Using SPARSE 1.3 as Direct Linear Solver

No. of Data Rows : 6
voa = 1.8754324492e-03
ddc = -1.490776207e-07
dde = 1.4631418245e-07
Reset re-loads circuit * comparator-offset-mc @ tt_125c_2.97v -- generated by sim/harness, do not edit

Circuit: * comparator-offset-mc @ tt_125c_2.97v -- generated by sim/harness, do not edit

Doing analysis at TEMP = 125.000000 and TNOM = 27.000000

Using SPARSE 1.3 as Direct Linear Solver

No. of Data Rows : 6
voa = -1.366404892e-04
ddc = 5.2806759591e-08
dde = -5.103263235e-08
Reset re-loads circuit * comparator-offset-mc @ tt_125c_2.97v -- generated by sim/harness, do not edit

Circuit: * comparator-offset-mc @ tt_125c_2.97v -- generated by sim/harness, do not edit

Doing analysis at TEMP = 125.000000 and TNOM = 27.000000

Using SPARSE 1.3 as Direct Linear Solver

No. of Data Rows : 6
voa = 1.3074957503e-03
ddc = 7.4662719685e-09
dde = -5.105547343e-09
Reset re-loads circuit * comparator-offset-mc @ tt_125c_2.97v -- generated by sim/harness, do not edit

Circuit: * comparator-offset-mc @ tt_125c_2.97v -- generated by sim/harness, do not edit

Doing analysis at TEMP = 125.000000 and TNOM = 27.000000

Using SPARSE 1.3 as Direct Linear Solver
 Reference value :  0.00000e+00
No. of Data Rows : 6
voa = -7.264882170e-04
ddc = -4.080096676e-08
dde = 3.8178244065e-08
Reset re-loads circuit * comparator-offset-mc @ tt_125c_2.97v -- generated by sim/harness, do not edit

Circuit: * comparator-offset-mc @ tt_125c_2.97v -- generated by sim/harness, do not edit

Doing analysis at TEMP = 125.000000 and TNOM = 27.000000

Using SPARSE 1.3 as Direct Linear Solver

No. of Data Rows : 6
voa = -3.541552790e-03
ddc = 3.8029632033e-07
dde = -3.713295876e-07
Reset re-loads circuit * comparator-offset-mc @ tt_125c_2.97v -- generated by sim/harness, do not edit

Circuit: * comparator-offset-mc @ tt_125c_2.97v -- generated by sim/harness, do not edit

Doing analysis at TEMP = 125.000000 and TNOM = 27.000000

Using SPARSE 1.3 as Direct Linear Solver

No. of Data Rows : 6
voa = -6.857677013e-04
ddc = 1.3312581444e-07
dde = -1.291605663e-07
Reset re-loads circuit * comparator-offset-mc @ tt_125c_2.97v -- generated by sim/harness, do not edit

Circuit: * comparator-offset-mc @ tt_125c_2.97v -- generated by sim/harness, do not edit

Doing analysis at TEMP = 125.000000 and TNOM = 27.000000

Using SPARSE 1.3 as Direct Linear Solver

No. of Data Rows : 6
voa = -5.663911873e-04
ddc = 9.9365733067e-08
dde = -9.652013117e-08
Reset re-loads circuit * comparator-offset-mc @ tt_125c_2.97v -- generated by sim/harness, do not edit

Circuit: * comparator-offset-mc @ tt_125c_2.97v -- generated by sim/harness, do not edit

Doing analysis at TEMP = 125.000000 and TNOM = 27.000000

Using SPARSE 1.3 as Direct Linear Solver

No. of Data Rows : 6
voa = -3.353217164e-04
ddc = 4.5120816404e-08
dde = -4.396533935e-08
Reset re-loads circuit * comparator-offset-mc @ tt_125c_2.97v -- generated by sim/harness, do not edit

Circuit: * comparator-offset-mc @ tt_125c_2.97v -- generated by sim/harness, do not edit

Doing analysis at TEMP = 125.000000 and TNOM = 27.000000

Using SPARSE 1.3 as Direct Linear Solver

No. of Data Rows : 6
voa = 3.3709779320e-03
ddc = -5.546856611e-07
dde = 5.3898183693e-07
Reset re-loads circuit * comparator-offset-mc @ tt_125c_2.97v -- generated by sim/harness, do not edit

Circuit: * comparator-offset-mc @ tt_125c_2.97v -- generated by sim/harness, do not edit

Doing analysis at TEMP = 125.000000 and TNOM = 27.000000

Using SPARSE 1.3 as Direct Linear Solver

No. of Data Rows : 6
voa = -5.728170786e-04
ddc = 1.0623430609e-07
dde = -1.030754222e-07
Reset re-loads circuit * comparator-offset-mc @ tt_125c_2.97v -- generated by sim/harness, do not edit

Circuit: * comparator-offset-mc @ tt_125c_2.97v -- generated by sim/harness, do not edit

Doing analysis at TEMP = 125.000000 and TNOM = 27.000000

Using SPARSE 1.3 as Direct Linear Solver

No. of Data Rows : 6
voa = -1.289239668e-03
ddc = 2.2161981690e-07
dde = -2.153046351e-07
Reset re-loads circuit * comparator-offset-mc @ tt_125c_2.97v -- generated by sim/harness, do not edit

Circuit: * comparator-offset-mc @ tt_125c_2.97v -- generated by sim/harness, do not edit

Doing analysis at TEMP = 125.000000 and TNOM = 27.000000

Using SPARSE 1.3 as Direct Linear Solver

No. of Data Rows : 6
voa = 5.1654885208e-04
ddc = -8.616367279e-08
dde = 8.3738931917e-08
Reset re-loads circuit * comparator-offset-mc @ tt_125c_2.97v -- generated by sim/harness, do not edit

Circuit: * comparator-offset-mc @ tt_125c_2.97v -- generated by sim/harness, do not edit

Doing analysis at TEMP = 125.000000 and TNOM = 27.000000

Using SPARSE 1.3 as Direct Linear Solver

No. of Data Rows : 6
voa = -1.780168386e-03
ddc = 2.7344554750e-07
dde = -2.659431352e-07
Reset re-loads circuit * comparator-offset-mc @ tt_125c_2.97v -- generated by sim/harness, do not edit

Circuit: * comparator-offset-mc @ tt_125c_2.97v -- generated by sim/harness, do not edit

Doing analysis at TEMP = 125.000000 and TNOM = 27.000000

Using SPARSE 1.3 as Direct Linear Solver

No. of Data Rows : 6
voa = -1.471653631e-03
ddc = 1.3501486091e-07
dde = -1.321721690e-07
Reset re-loads circuit * comparator-offset-mc @ tt_125c_2.97v -- generated by sim/harness, do not edit

Circuit: * comparator-offset-mc @ tt_125c_2.97v -- generated by sim/harness, do not edit

Doing analysis at TEMP = 125.000000 and TNOM = 27.000000

Using SPARSE 1.3 as Direct Linear Solver
 Reference value :  0.00000e+00
No. of Data Rows : 6
voa = -2.221416766e-03
ddc = 1.2334662182e-07
dde = -1.220195080e-07
Reset re-loads circuit * comparator-offset-mc @ tt_125c_2.97v -- generated by sim/harness, do not edit

Circuit: * comparator-offset-mc @ tt_125c_2.97v -- generated by sim/harness, do not edit

Doing analysis at TEMP = 125.000000 and TNOM = 27.000000

Using SPARSE 1.3 as Direct Linear Solver

No. of Data Rows : 6
voa = -1.547062497e-03
ddc = 1.6576557750e-07
dde = -1.618987193e-07
Reset re-loads circuit * comparator-offset-mc @ tt_125c_2.97v -- generated by sim/harness, do not edit

Circuit: * comparator-offset-mc @ tt_125c_2.97v -- generated by sim/harness, do not edit

Doing analysis at TEMP = 125.000000 and TNOM = 27.000000

Using SPARSE 1.3 as Direct Linear Solver

No. of Data Rows : 6
voa = 1.5484229117e-03
ddc = -1.454340025e-08
dde = 1.6261039710e-08
Reset re-loads circuit * comparator-offset-mc @ tt_125c_2.97v -- generated by sim/harness, do not edit

Circuit: * comparator-offset-mc @ tt_125c_2.97v -- generated by sim/harness, do not edit

Doing analysis at TEMP = 125.000000 and TNOM = 27.000000

Using SPARSE 1.3 as Direct Linear Solver

No. of Data Rows : 6
voa = 1.0061657063e-03
ddc = -1.455730469e-07
dde = 1.4169182962e-07
Reset re-loads circuit * comparator-offset-mc @ tt_125c_2.97v -- generated by sim/harness, do not edit

Circuit: * comparator-offset-mc @ tt_125c_2.97v -- generated by sim/harness, do not edit

Doing analysis at TEMP = 125.000000 and TNOM = 27.000000

Using SPARSE 1.3 as Direct Linear Solver

No. of Data Rows : 6
voa = -1.426623908e-03
ddc = 1.9013738621e-07
dde = -1.851394506e-07
Reset re-loads circuit * comparator-offset-mc @ tt_125c_2.97v -- generated by sim/harness, do not edit

Circuit: * comparator-offset-mc @ tt_125c_2.97v -- generated by sim/harness, do not edit

Doing analysis at TEMP = 125.000000 and TNOM = 27.000000

Using SPARSE 1.3 as Direct Linear Solver

No. of Data Rows : 6
voa = 8.7083260370e-04
ddc = -3.761493843e-10
dde = 1.5505599337e-09
Reset re-loads circuit * comparator-offset-mc @ tt_125c_2.97v -- generated by sim/harness, do not edit

Circuit: * comparator-offset-mc @ tt_125c_2.97v -- generated by sim/harness, do not edit

Doing analysis at TEMP = 125.000000 and TNOM = 27.000000

Using SPARSE 1.3 as Direct Linear Solver

No. of Data Rows : 6
voa = 9.7414129462e-04
ddc = 5.7998599185e-08
dde = -5.431977363e-08
Reset re-loads circuit * comparator-offset-mc @ tt_125c_2.97v -- generated by sim/harness, do not edit

Circuit: * comparator-offset-mc @ tt_125c_2.97v -- generated by sim/harness, do not edit

Doing analysis at TEMP = 125.000000 and TNOM = 27.000000

Using SPARSE 1.3 as Direct Linear Solver

No. of Data Rows : 6
voa = 2.4229135030e-03
ddc = -1.126842769e-07
dde = 1.1205945889e-07
Reset re-loads circuit * comparator-offset-mc @ tt_125c_2.97v -- generated by sim/harness, do not edit

Circuit: * comparator-offset-mc @ tt_125c_2.97v -- generated by sim/harness, do not edit

Doing analysis at TEMP = 125.000000 and TNOM = 27.000000

Using SPARSE 1.3 as Direct Linear Solver

No. of Data Rows : 6
voa = 1.7748622641e-03
ddc = -1.559142005e-07
dde = 1.5274148193e-07
Reset re-loads circuit * comparator-offset-mc @ tt_125c_2.97v -- generated by sim/harness, do not edit

Circuit: * comparator-offset-mc @ tt_125c_2.97v -- generated by sim/harness, do not edit

Doing analysis at TEMP = 125.000000 and TNOM = 27.000000

Using SPARSE 1.3 as Direct Linear Solver

No. of Data Rows : 6
voa = 2.5731962662e-04
ddc = -8.936662526e-08
dde = 8.6451217597e-08
Reset re-loads circuit * comparator-offset-mc @ tt_125c_2.97v -- generated by sim/harness, do not edit

Circuit: * comparator-offset-mc @ tt_125c_2.97v -- generated by sim/harness, do not edit

Doing analysis at TEMP = 125.000000 and TNOM = 27.000000

Using SPARSE 1.3 as Direct Linear Solver

No. of Data Rows : 6
voa = 1.7961479097e-03
ddc = -1.774132403e-07
dde = 1.7346599725e-07
Reset re-loads circuit * comparator-offset-mc @ tt_125c_2.97v -- generated by sim/harness, do not edit

Circuit: * comparator-offset-mc @ tt_125c_2.97v -- generated by sim/harness, do not edit

Doing analysis at TEMP = 125.000000 and TNOM = 27.000000

Using SPARSE 1.3 as Direct Linear Solver
 Reference value :  0.00000e+00
No. of Data Rows : 6
voa = -1.105804462e-03
ddc = 1.6025692884e-07
dde = -1.558601671e-07
Reset re-loads circuit * comparator-offset-mc @ tt_125c_2.97v -- generated by sim/harness, do not edit

Circuit: * comparator-offset-mc @ tt_125c_2.97v -- generated by sim/harness, do not edit

Doing analysis at TEMP = 125.000000 and TNOM = 27.000000

Using SPARSE 1.3 as Direct Linear Solver

No. of Data Rows : 6
voa = 8.4179895831e-04
ddc = -2.647314914e-07
dde = 2.5599152994e-07
Reset re-loads circuit * comparator-offset-mc @ tt_125c_2.97v -- generated by sim/harness, do not edit

Circuit: * comparator-offset-mc @ tt_125c_2.97v -- generated by sim/harness, do not edit

Doing analysis at TEMP = 125.000000 and TNOM = 27.000000

Using SPARSE 1.3 as Direct Linear Solver

No. of Data Rows : 6
voa = 1.5467519224e-03
ddc = -1.191695951e-07
dde = 1.1701475490e-07
Reset re-loads circuit * comparator-offset-mc @ tt_125c_2.97v -- generated by sim/harness, do not edit

Circuit: * comparator-offset-mc @ tt_125c_2.97v -- generated by sim/harness, do not edit

Doing analysis at TEMP = 125.000000 and TNOM = 27.000000

Using SPARSE 1.3 as Direct Linear Solver

No. of Data Rows : 6
voa = -1.922205831e-03
ddc = 1.3288281437e-07
dde = -1.307344263e-07
Reset re-loads circuit * comparator-offset-mc @ tt_125c_2.97v -- generated by sim/harness, do not edit

Circuit: * comparator-offset-mc @ tt_125c_2.97v -- generated by sim/harness, do not edit

Doing analysis at TEMP = 125.000000 and TNOM = 27.000000

Using SPARSE 1.3 as Direct Linear Solver

No. of Data Rows : 6
voa = -9.387417160e-05
ddc = 9.4331279371e-09
dde = -9.222187718e-09
Reset re-loads circuit * comparator-offset-mc @ tt_125c_2.97v -- generated by sim/harness, do not edit

Circuit: * comparator-offset-mc @ tt_125c_2.97v -- generated by sim/harness, do not edit

Doing analysis at TEMP = 125.000000 and TNOM = 27.000000

Using SPARSE 1.3 as Direct Linear Solver

No. of Data Rows : 6
voa = 1.6616777536e-03
ddc = -2.457022530e-07
dde = 2.3898109066e-07
Reset re-loads circuit * comparator-offset-mc @ tt_125c_2.97v -- generated by sim/harness, do not edit

Circuit: * comparator-offset-mc @ tt_125c_2.97v -- generated by sim/harness, do not edit

Doing analysis at TEMP = 125.000000 and TNOM = 27.000000

Using SPARSE 1.3 as Direct Linear Solver

No. of Data Rows : 6
voa = 7.2918917166e-04
ddc = -1.172499764e-07
dde = 1.1398973806e-07
Reset re-loads circuit * comparator-offset-mc @ tt_125c_2.97v -- generated by sim/harness, do not edit

Circuit: * comparator-offset-mc @ tt_125c_2.97v -- generated by sim/harness, do not edit

Doing analysis at TEMP = 125.000000 and TNOM = 27.000000

Using SPARSE 1.3 as Direct Linear Solver

No. of Data Rows : 6
voa = 1.9371351055e-03
ddc = -1.603288256e-08
dde = 1.8446469675e-08
Reset re-loads circuit * comparator-offset-mc @ tt_125c_2.97v -- generated by sim/harness, do not edit

Circuit: * comparator-offset-mc @ tt_125c_2.97v -- generated by sim/harness, do not edit

Doing analysis at TEMP = 125.000000 and TNOM = 27.000000

Using SPARSE 1.3 as Direct Linear Solver

No. of Data Rows : 6
voa = 1.2968963971e-04
ddc = 3.3086771382e-08
dde = -3.165170476e-08
Reset re-loads circuit * comparator-offset-mc @ tt_125c_2.97v -- generated by sim/harness, do not edit

Circuit: * comparator-offset-mc @ tt_125c_2.97v -- generated by sim/harness, do not edit

Doing analysis at TEMP = 125.000000 and TNOM = 27.000000

Using SPARSE 1.3 as Direct Linear Solver

No. of Data Rows : 6
voa = 2.4775735832e-03
ddc = -2.628787086e-07
dde = 2.5676175541e-07
Reset re-loads circuit * comparator-offset-mc @ tt_125c_2.97v -- generated by sim/harness, do not edit

Circuit: * comparator-offset-mc @ tt_125c_2.97v -- generated by sim/harness, do not edit

Doing analysis at TEMP = 125.000000 and TNOM = 27.000000

Using SPARSE 1.3 as Direct Linear Solver

No. of Data Rows : 6
voa = 1.7190197016e-03
ddc = -2.229311546e-07
dde = 2.1719389089e-07
Reset re-loads circuit * comparator-offset-mc @ tt_125c_2.97v -- generated by sim/harness, do not edit

Circuit: * comparator-offset-mc @ tt_125c_2.97v -- generated by sim/harness, do not edit

Doing analysis at TEMP = 125.000000 and TNOM = 27.000000

Using SPARSE 1.3 as Direct Linear Solver
 Reference value :  0.00000e+00
No. of Data Rows : 6
voa = 1.5212330475e-03
ddc = -1.032169652e-07
dde = 1.0160575046e-07
Reset re-loads circuit * comparator-offset-mc @ tt_125c_2.97v -- generated by sim/harness, do not edit

Circuit: * comparator-offset-mc @ tt_125c_2.97v -- generated by sim/harness, do not edit

Doing analysis at TEMP = 125.000000 and TNOM = 27.000000

Using SPARSE 1.3 as Direct Linear Solver

No. of Data Rows : 6
voa = -1.261400298e-03
ddc = 4.9598301150e-09
dde = -6.720049751e-09
Reset re-loads circuit * comparator-offset-mc @ tt_125c_2.97v -- generated by sim/harness, do not edit

Circuit: * comparator-offset-mc @ tt_125c_2.97v -- generated by sim/harness, do not edit

Doing analysis at TEMP = 125.000000 and TNOM = 27.000000

Using SPARSE 1.3 as Direct Linear Solver

No. of Data Rows : 6
voa = 3.1371600379e-03
ddc = -2.338885843e-07
dde = 2.2986543777e-07
Reset re-loads circuit * comparator-offset-mc @ tt_125c_2.97v -- generated by sim/harness, do not edit

Circuit: * comparator-offset-mc @ tt_125c_2.97v -- generated by sim/harness, do not edit

Doing analysis at TEMP = 125.000000 and TNOM = 27.000000

Using SPARSE 1.3 as Direct Linear Solver

No. of Data Rows : 6
voa = -1.252319115e-04
ddc = 1.5495903967e-07
dde = -1.493791225e-07
Reset re-loads circuit * comparator-offset-mc @ tt_125c_2.97v -- generated by sim/harness, do not edit

Circuit: * comparator-offset-mc @ tt_125c_2.97v -- generated by sim/harness, do not edit

Doing analysis at TEMP = 125.000000 and TNOM = 27.000000

Using SPARSE 1.3 as Direct Linear Solver

No. of Data Rows : 6
voa = -2.577794183e-03
ddc = 1.6419692006e-07
dde = -1.619180206e-07
Reset re-loads circuit * comparator-offset-mc @ tt_125c_2.97v -- generated by sim/harness, do not edit

Circuit: * comparator-offset-mc @ tt_125c_2.97v -- generated by sim/harness, do not edit

Doing analysis at TEMP = 125.000000 and TNOM = 27.000000

Using SPARSE 1.3 as Direct Linear Solver

No. of Data Rows : 6
voa = 1.2765479247e-03
ddc = -6.206190302e-08
dde = 6.1683456795e-08
Reset re-loads circuit * comparator-offset-mc @ tt_125c_2.97v -- generated by sim/harness, do not edit

Circuit: * comparator-offset-mc @ tt_125c_2.97v -- generated by sim/harness, do not edit

Doing analysis at TEMP = 125.000000 and TNOM = 27.000000

Using SPARSE 1.3 as Direct Linear Solver

No. of Data Rows : 6
voa = 2.0820863516e-03
ddc = -2.630473416e-07
dde = 2.5645955107e-07
Reset re-loads circuit * comparator-offset-mc @ tt_125c_2.97v -- generated by sim/harness, do not edit

Circuit: * comparator-offset-mc @ tt_125c_2.97v -- generated by sim/harness, do not edit

Doing analysis at TEMP = 125.000000 and TNOM = 27.000000

Using SPARSE 1.3 as Direct Linear Solver

No. of Data Rows : 6
voa = 1.8012852498e-03
ddc = -1.816454833e-07
dde = 1.7756858633e-07
Reset re-loads circuit * comparator-offset-mc @ tt_125c_2.97v -- generated by sim/harness, do not edit

Circuit: * comparator-offset-mc @ tt_125c_2.97v -- generated by sim/harness, do not edit

Doing analysis at TEMP = 125.000000 and TNOM = 27.000000

Using SPARSE 1.3 as Direct Linear Solver

No. of Data Rows : 6
voa = -2.847821018e-03
ddc = 3.0079497727e-07
dde = -2.937647294e-07
Reset re-loads circuit * comparator-offset-mc @ tt_125c_2.97v -- generated by sim/harness, do not edit

Circuit: * comparator-offset-mc @ tt_125c_2.97v -- generated by sim/harness, do not edit

Doing analysis at TEMP = 125.000000 and TNOM = 27.000000

Using SPARSE 1.3 as Direct Linear Solver

No. of Data Rows : 6
voa = -4.324589558e-05
ddc = -2.174452955e-08
dde = 2.0917057146e-08
Reset re-loads circuit * comparator-offset-mc @ tt_125c_2.97v -- generated by sim/harness, do not edit

Circuit: * comparator-offset-mc @ tt_125c_2.97v -- generated by sim/harness, do not edit

Doing analysis at TEMP = 125.000000 and TNOM = 27.000000

Using SPARSE 1.3 as Direct Linear Solver

No. of Data Rows : 6
voa = -1.143869255e-03
ddc = 2.9033750523e-07
dde = -2.810021414e-07
Reset re-loads circuit * comparator-offset-mc @ tt_125c_2.97v -- generated by sim/harness, do not edit

Circuit: * comparator-offset-mc @ tt_125c_2.97v -- generated by sim/harness, do not edit

Doing analysis at TEMP = 125.000000 and TNOM = 27.000000

Using SPARSE 1.3 as Direct Linear Solver
 Reference value :  0.00000e+00
No. of Data Rows : 6
voa = 2.2529985855e-03
ddc = -9.385882005e-08
dde = 9.3722107669e-08
Reset re-loads circuit * comparator-offset-mc @ tt_125c_2.97v -- generated by sim/harness, do not edit

Circuit: * comparator-offset-mc @ tt_125c_2.97v -- generated by sim/harness, do not edit

Doing analysis at TEMP = 125.000000 and TNOM = 27.000000

Using SPARSE 1.3 as Direct Linear Solver

No. of Data Rows : 6
voa = 2.1845465532e-03
ddc = -1.069571210e-07
dde = 1.0622754055e-07
Reset re-loads circuit * comparator-offset-mc @ tt_125c_2.97v -- generated by sim/harness, do not edit

Circuit: * comparator-offset-mc @ tt_125c_2.97v -- generated by sim/harness, do not edit

Doing analysis at TEMP = 125.000000 and TNOM = 27.000000

Using SPARSE 1.3 as Direct Linear Solver

No. of Data Rows : 6
voa = 2.5126552084e-03
ddc = -8.813576234e-08
dde = 8.8558569631e-08
Reset re-loads circuit * comparator-offset-mc @ tt_125c_2.97v -- generated by sim/harness, do not edit

Circuit: * comparator-offset-mc @ tt_125c_2.97v -- generated by sim/harness, do not edit

Doing analysis at TEMP = 125.000000 and TNOM = 27.000000

Using SPARSE 1.3 as Direct Linear Solver

No. of Data Rows : 6
voa = -1.460677380e-03
ddc = 4.5318341986e-08
dde = -4.576499245e-08
Reset re-loads circuit * comparator-offset-mc @ tt_125c_2.97v -- generated by sim/harness, do not edit

Circuit: * comparator-offset-mc @ tt_125c_2.97v -- generated by sim/harness, do not edit

Doing analysis at TEMP = 125.000000 and TNOM = 27.000000

Using SPARSE 1.3 as Direct Linear Solver

No. of Data Rows : 6
voa = -5.577920404e-04
ddc = -4.919859106e-08
dde = 4.6451970127e-08
Reset re-loads circuit * comparator-offset-mc @ tt_125c_2.97v -- generated by sim/harness, do not edit

Circuit: * comparator-offset-mc @ tt_125c_2.97v -- generated by sim/harness, do not edit

Doing analysis at TEMP = 125.000000 and TNOM = 27.000000

Using SPARSE 1.3 as Direct Linear Solver

No. of Data Rows : 6
voa = 1.2003155721e-03
ddc = -1.202364037e-07
dde = 1.1754887539e-07
Reset re-loads circuit * comparator-offset-mc @ tt_125c_2.97v -- generated by sim/harness, do not edit

Circuit: * comparator-offset-mc @ tt_125c_2.97v -- generated by sim/harness, do not edit

Doing analysis at TEMP = 125.000000 and TNOM = 27.000000

Using SPARSE 1.3 as Direct Linear Solver

No. of Data Rows : 6
voa = -2.118050205e-03
ddc = 2.7599262624e-07
dde = -2.688010411e-07
Reset re-loads circuit * comparator-offset-mc @ tt_125c_2.97v -- generated by sim/harness, do not edit

Circuit: * comparator-offset-mc @ tt_125c_2.97v -- generated by sim/harness, do not edit

Doing analysis at TEMP = 125.000000 and TNOM = 27.000000

Using SPARSE 1.3 as Direct Linear Solver

No. of Data Rows : 6
voa = -1.342019281e-03
ddc = 1.1804908240e-07
dde = -1.156528939e-07
Reset re-loads circuit * comparator-offset-mc @ tt_125c_2.97v -- generated by sim/harness, do not edit

Circuit: * comparator-offset-mc @ tt_125c_2.97v -- generated by sim/harness, do not edit

Doing analysis at TEMP = 125.000000 and TNOM = 27.000000

Using SPARSE 1.3 as Direct Linear Solver

No. of Data Rows : 6
voa = 1.0808951873e-03
ddc = 3.5992813288e-08
dde = -3.295878037e-08
Reset re-loads circuit * comparator-offset-mc @ tt_125c_2.97v -- generated by sim/harness, do not edit

Circuit: * comparator-offset-mc @ tt_125c_2.97v -- generated by sim/harness, do not edit

Doing analysis at TEMP = 125.000000 and TNOM = 27.000000

Using SPARSE 1.3 as Direct Linear Solver

No. of Data Rows : 6
voa = 2.7202792968e-03
ddc = -2.972750165e-07
dde = 2.9024439298e-07
Reset re-loads circuit * comparator-offset-mc @ tt_125c_2.97v -- generated by sim/harness, do not edit

Circuit: * comparator-offset-mc @ tt_125c_2.97v -- generated by sim/harness, do not edit

Doing analysis at TEMP = 125.000000 and TNOM = 27.000000

Using SPARSE 1.3 as Direct Linear Solver
 Reference value :  0.00000e+00
No. of Data Rows : 6
voa = -2.762851483e-03
ddc = 3.9063236809e-07
dde = -3.800884243e-07
Reset re-loads circuit * comparator-offset-mc @ tt_125c_2.97v -- generated by sim/harness, do not edit

Circuit: * comparator-offset-mc @ tt_125c_2.97v -- generated by sim/harness, do not edit

Doing analysis at TEMP = 125.000000 and TNOM = 27.000000

Using SPARSE 1.3 as Direct Linear Solver

No. of Data Rows : 6
voa = 3.8854864436e-04
ddc = -1.177264194e-07
dde = 1.1395327924e-07
Reset re-loads circuit * comparator-offset-mc @ tt_125c_2.97v -- generated by sim/harness, do not edit

Circuit: * comparator-offset-mc @ tt_125c_2.97v -- generated by sim/harness, do not edit

Doing analysis at TEMP = 125.000000 and TNOM = 27.000000

Using SPARSE 1.3 as Direct Linear Solver

No. of Data Rows : 6
voa = -1.197449711e-03
ddc = 8.4721196154e-08
dde = -8.337298259e-08
Reset re-loads circuit * comparator-offset-mc @ tt_125c_2.97v -- generated by sim/harness, do not edit

Circuit: * comparator-offset-mc @ tt_125c_2.97v -- generated by sim/harness, do not edit

Doing analysis at TEMP = 125.000000 and TNOM = 27.000000

Using SPARSE 1.3 as Direct Linear Solver

No. of Data Rows : 6
voa = -2.473128705e-03
ddc = 3.2887368171e-07
dde = -3.202723449e-07
Reset re-loads circuit * comparator-offset-mc @ tt_125c_2.97v -- generated by sim/harness, do not edit

Circuit: * comparator-offset-mc @ tt_125c_2.97v -- generated by sim/harness, do not edit

Doing analysis at TEMP = 125.000000 and TNOM = 27.000000

Using SPARSE 1.3 as Direct Linear Solver

No. of Data Rows : 6
voa = 1.6495415918e-03
ddc = -2.048125088e-07
dde = 1.9965434098e-07
Reset re-loads circuit * comparator-offset-mc @ tt_125c_2.97v -- generated by sim/harness, do not edit

Circuit: * comparator-offset-mc @ tt_125c_2.97v -- generated by sim/harness, do not edit

Doing analysis at TEMP = 125.000000 and TNOM = 27.000000

Using SPARSE 1.3 as Direct Linear Solver

No. of Data Rows : 6
voa = 1.0935679375e-03
ddc = -2.146058695e-07
dde = 2.0822249002e-07
Reset re-loads circuit * comparator-offset-mc @ tt_125c_2.97v -- generated by sim/harness, do not edit

Circuit: * comparator-offset-mc @ tt_125c_2.97v -- generated by sim/harness, do not edit

Doing analysis at TEMP = 125.000000 and TNOM = 27.000000

Using SPARSE 1.3 as Direct Linear Solver

No. of Data Rows : 6
voa = 1.4209089300e-03
ddc = -1.938617170e-07
dde = 1.8872114376e-07
Reset re-loads circuit * comparator-offset-mc @ tt_125c_2.97v -- generated by sim/harness, do not edit

Circuit: * comparator-offset-mc @ tt_125c_2.97v -- generated by sim/harness, do not edit

Doing analysis at TEMP = 125.000000 and TNOM = 27.000000

Using SPARSE 1.3 as Direct Linear Solver

No. of Data Rows : 6
voa = 4.1160219630e-03
ddc = -3.935643082e-07
dde = 3.8488505783e-07
Reset re-loads circuit * comparator-offset-mc @ tt_125c_2.97v -- generated by sim/harness, do not edit

Circuit: * comparator-offset-mc @ tt_125c_2.97v -- generated by sim/harness, do not edit

Doing analysis at TEMP = 125.000000 and TNOM = 27.000000

Using SPARSE 1.3 as Direct Linear Solver

No. of Data Rows : 6
voa = -2.031555679e-03
ddc = 1.2245158687e-07
dde = -1.209002292e-07
Reset re-loads circuit * comparator-offset-mc @ tt_125c_2.97v -- generated by sim/harness, do not edit

Circuit: * comparator-offset-mc @ tt_125c_2.97v -- generated by sim/harness, do not edit

Doing analysis at TEMP = 125.000000 and TNOM = 27.000000

Using SPARSE 1.3 as Direct Linear Solver

No. of Data Rows : 6
voa = 2.5845248646e-04
ddc = -3.576612983e-08
dde = 3.4812302169e-08
Reset re-loads circuit * comparator-offset-mc @ tt_125c_2.97v -- generated by sim/harness, do not edit

Circuit: * comparator-offset-mc @ tt_125c_2.97v -- generated by sim/harness, do not edit

Doing analysis at TEMP = 125.000000 and TNOM = 27.000000

Using SPARSE 1.3 as Direct Linear Solver
 Reference value :  0.00000e+00
No. of Data Rows : 6
voa = -2.453387947e-03
ddc = 1.5757801405e-07
dde = -1.552800150e-07
Reset re-loads circuit * comparator-offset-mc @ tt_125c_2.97v -- generated by sim/harness, do not edit

Circuit: * comparator-offset-mc @ tt_125c_2.97v -- generated by sim/harness, do not edit

Doing analysis at TEMP = 125.000000 and TNOM = 27.000000

Using SPARSE 1.3 as Direct Linear Solver

No. of Data Rows : 6
voa = -5.228977831e-05
ddc = -6.099504695e-08
dde = 5.8722134249e-08
Reset re-loads circuit * comparator-offset-mc @ tt_125c_2.97v -- generated by sim/harness, do not edit

Circuit: * comparator-offset-mc @ tt_125c_2.97v -- generated by sim/harness, do not edit

Doing analysis at TEMP = 125.000000 and TNOM = 27.000000

Using SPARSE 1.3 as Direct Linear Solver

No. of Data Rows : 6
voa = -1.725289903e-03
ddc = 1.1097777080e-07
dde = -1.093958802e-07
Reset re-loads circuit * comparator-offset-mc @ tt_125c_2.97v -- generated by sim/harness, do not edit

Circuit: * comparator-offset-mc @ tt_125c_2.97v -- generated by sim/harness, do not edit

Doing analysis at TEMP = 125.000000 and TNOM = 27.000000

Using SPARSE 1.3 as Direct Linear Solver

No. of Data Rows : 6
voa = -3.943919166e-04
ddc = 4.4262470588e-08
dde = -4.320287754e-08
Reset re-loads circuit * comparator-offset-mc @ tt_125c_2.97v -- generated by sim/harness, do not edit

Circuit: * comparator-offset-mc @ tt_125c_2.97v -- generated by sim/harness, do not edit

Doing analysis at TEMP = 125.000000 and TNOM = 27.000000

Using SPARSE 1.3 as Direct Linear Solver

No. of Data Rows : 6
voa = 1.9788056753e-03
ddc = -2.321710592e-07
dde = 2.2652548595e-07
Reset re-loads circuit * comparator-offset-mc @ tt_125c_2.97v -- generated by sim/harness, do not edit

Circuit: * comparator-offset-mc @ tt_125c_2.97v -- generated by sim/harness, do not edit

Doing analysis at TEMP = 125.000000 and TNOM = 27.000000

Using SPARSE 1.3 as Direct Linear Solver

No. of Data Rows : 6
voa = -4.613846422e-04
ddc = 1.1982154565e-07
dde = -1.159995961e-07
Reset re-loads circuit * comparator-offset-mc @ tt_125c_2.97v -- generated by sim/harness, do not edit

Circuit: * comparator-offset-mc @ tt_125c_2.97v -- generated by sim/harness, do not edit

Doing analysis at TEMP = 125.000000 and TNOM = 27.000000

Using SPARSE 1.3 as Direct Linear Solver

No. of Data Rows : 6
voa = -1.478133678e-03
ddc = 1.3201341235e-07
dde = -1.292922367e-07
Reset re-loads circuit * comparator-offset-mc @ tt_125c_2.97v -- generated by sim/harness, do not edit

Circuit: * comparator-offset-mc @ tt_125c_2.97v -- generated by sim/harness, do not edit

Doing analysis at TEMP = 125.000000 and TNOM = 27.000000

Using SPARSE 1.3 as Direct Linear Solver

No. of Data Rows : 6
voa = -4.581925721e-04
ddc = -5.542863420e-08
dde = 5.2628500623e-08
Reset re-loads circuit * comparator-offset-mc @ tt_125c_2.97v -- generated by sim/harness, do not edit

Circuit: * comparator-offset-mc @ tt_125c_2.97v -- generated by sim/harness, do not edit

Doing analysis at TEMP = 125.000000 and TNOM = 27.000000

Using SPARSE 1.3 as Direct Linear Solver

No. of Data Rows : 6
voa = -1.224616400e-03
ddc = 7.6977607325e-08
dde = -7.594056002e-08
Reset re-loads circuit * comparator-offset-mc @ tt_125c_2.97v -- generated by sim/harness, do not edit

Circuit: * comparator-offset-mc @ tt_125c_2.97v -- generated by sim/harness, do not edit

Doing analysis at TEMP = 125.000000 and TNOM = 27.000000

Using SPARSE 1.3 as Direct Linear Solver

No. of Data Rows : 6
voa = 2.4931149301e-03
ddc = -3.383761856e-07
dde = 3.2946897119e-07
Reset re-loads circuit * comparator-offset-mc @ tt_125c_2.97v -- generated by sim/harness, do not edit

Circuit: * comparator-offset-mc @ tt_125c_2.97v -- generated by sim/harness, do not edit

Doing analysis at TEMP = 125.000000 and TNOM = 27.000000

Using SPARSE 1.3 as Direct Linear Solver

No. of Data Rows : 6
voa = 2.0374904329e-03
ddc = -1.428288801e-07
dde = 1.4051162176e-07
Reset re-loads circuit * comparator-offset-mc @ tt_125c_2.97v -- generated by sim/harness, do not edit

Circuit: * comparator-offset-mc @ tt_125c_2.97v -- generated by sim/harness, do not edit

Doing analysis at TEMP = 125.000000 and TNOM = 27.000000

Using SPARSE 1.3 as Direct Linear Solver
 Reference value :  0.00000e+00
No. of Data Rows : 6
voa = -3.369296921e-04
ddc = -1.701347424e-08
dde = 1.5788401589e-08
Reset re-loads circuit * comparator-offset-mc @ tt_125c_2.97v -- generated by sim/harness, do not edit

Circuit: * comparator-offset-mc @ tt_125c_2.97v -- generated by sim/harness, do not edit

Doing analysis at TEMP = 125.000000 and TNOM = 27.000000

Using SPARSE 1.3 as Direct Linear Solver

No. of Data Rows : 6
voa = -1.815085147e-03
ddc = 2.6323755401e-07
dde = -2.561079866e-07
Reset re-loads circuit * comparator-offset-mc @ tt_125c_2.97v -- generated by sim/harness, do not edit

Circuit: * comparator-offset-mc @ tt_125c_2.97v -- generated by sim/harness, do not edit

Doing analysis at TEMP = 125.000000 and TNOM = 27.000000

Using SPARSE 1.3 as Direct Linear Solver

No. of Data Rows : 6
voa = 9.4449156405e-04
ddc = -9.229839262e-08
dde = 9.0253462303e-08
Reset re-loads circuit * comparator-offset-mc @ tt_125c_2.97v -- generated by sim/harness, do not edit

Circuit: * comparator-offset-mc @ tt_125c_2.97v -- generated by sim/harness, do not edit

Doing analysis at TEMP = 125.000000 and TNOM = 27.000000

Using SPARSE 1.3 as Direct Linear Solver

No. of Data Rows : 6
voa = -1.162970496e-03
ddc = 1.6593653376e-07
dde = -1.615171097e-07
Reset re-loads circuit * comparator-offset-mc @ tt_125c_2.97v -- generated by sim/harness, do not edit

Circuit: * comparator-offset-mc @ tt_125c_2.97v -- generated by sim/harness, do not edit

Doing analysis at TEMP = 125.000000 and TNOM = 27.000000

Using SPARSE 1.3 as Direct Linear Solver

No. of Data Rows : 6
voa = 1.0721604363e-03
ddc = -1.899285800e-07
dde = 1.8451812361e-07
Reset re-loads circuit * comparator-offset-mc @ tt_125c_2.97v -- generated by sim/harness, do not edit

Circuit: * comparator-offset-mc @ tt_125c_2.97v -- generated by sim/harness, do not edit

Doing analysis at TEMP = 125.000000 and TNOM = 27.000000

Using SPARSE 1.3 as Direct Linear Solver

No. of Data Rows : 6
voa = -1.195305461e-03
ddc = 1.4988315995e-07
dde = -1.460861706e-07
Reset re-loads circuit * comparator-offset-mc @ tt_125c_2.97v -- generated by sim/harness, do not edit

Circuit: * comparator-offset-mc @ tt_125c_2.97v -- generated by sim/harness, do not edit

Doing analysis at TEMP = 125.000000 and TNOM = 27.000000

Using SPARSE 1.3 as Direct Linear Solver

No. of Data Rows : 6
voa = 7.5534997069e-05
ddc = -7.503279553e-08
dde = 7.2345456125e-08
Reset re-loads circuit * comparator-offset-mc @ tt_125c_2.97v -- generated by sim/harness, do not edit

Circuit: * comparator-offset-mc @ tt_125c_2.97v -- generated by sim/harness, do not edit

Doing analysis at TEMP = 125.000000 and TNOM = 27.000000

Using SPARSE 1.3 as Direct Linear Solver

No. of Data Rows : 6
voa = -1.151858535e-03
ddc = 1.5384771662e-07
dde = -1.497668843e-07
Reset re-loads circuit * comparator-offset-mc @ tt_125c_2.97v -- generated by sim/harness, do not edit

Circuit: * comparator-offset-mc @ tt_125c_2.97v -- generated by sim/harness, do not edit

Doing analysis at TEMP = 125.000000 and TNOM = 27.000000

Using SPARSE 1.3 as Direct Linear Solver

No. of Data Rows : 6
voa = -1.850083246e-03
ddc = 1.8251197569e-07
dde = -1.784725712e-07
Reset re-loads circuit * comparator-offset-mc @ tt_125c_2.97v -- generated by sim/harness, do not edit

Circuit: * comparator-offset-mc @ tt_125c_2.97v -- generated by sim/harness, do not edit

Doing analysis at TEMP = 125.000000 and TNOM = 27.000000

Using SPARSE 1.3 as Direct Linear Solver

No. of Data Rows : 6
voa = 4.5501875945e-04
ddc = 1.0917104808e-07
dde = -1.042730670e-07
Reset re-loads circuit * comparator-offset-mc @ tt_125c_2.97v -- generated by sim/harness, do not edit

Circuit: * comparator-offset-mc @ tt_125c_2.97v -- generated by sim/harness, do not edit

Doing analysis at TEMP = 125.000000 and TNOM = 27.000000

Using SPARSE 1.3 as Direct Linear Solver
 Reference value :  0.00000e+00
No. of Data Rows : 6
voa = 3.6024782033e-03
ddc = -2.930191743e-07
dde = 2.8741637756e-07
Reset re-loads circuit * comparator-offset-mc @ tt_125c_2.97v -- generated by sim/harness, do not edit

Circuit: * comparator-offset-mc @ tt_125c_2.97v -- generated by sim/harness, do not edit

Doing analysis at TEMP = 125.000000 and TNOM = 27.000000

Using SPARSE 1.3 as Direct Linear Solver

No. of Data Rows : 6
voa = 1.9070300314e-04
ddc = -4.364795097e-08
dde = 4.2291211303e-08
Reset re-loads circuit * comparator-offset-mc @ tt_125c_2.97v -- generated by sim/harness, do not edit

Circuit: * comparator-offset-mc @ tt_125c_2.97v -- generated by sim/harness, do not edit

Doing analysis at TEMP = 125.000000 and TNOM = 27.000000

Using SPARSE 1.3 as Direct Linear Solver

No. of Data Rows : 6
voa = -1.144077460e-03
ddc = 1.1631973448e-07
dde = -1.136977113e-07
Reset re-loads circuit * comparator-offset-mc @ tt_125c_2.97v -- generated by sim/harness, do not edit

Circuit: * comparator-offset-mc @ tt_125c_2.97v -- generated by sim/harness, do not edit

Doing analysis at TEMP = 125.000000 and TNOM = 27.000000

Using SPARSE 1.3 as Direct Linear Solver

No. of Data Rows : 6
voa = -1.686168177e-03
ddc = 7.4501709346e-08
dde = -7.427529559e-08
Reset re-loads circuit * comparator-offset-mc @ tt_125c_2.97v -- generated by sim/harness, do not edit

Circuit: * comparator-offset-mc @ tt_125c_2.97v -- generated by sim/harness, do not edit

Doing analysis at TEMP = 125.000000 and TNOM = 27.000000

Using SPARSE 1.3 as Direct Linear Solver

No. of Data Rows : 6
voa = 4.6094452923e-04
ddc = -1.463833338e-09
dde = 2.1034350123e-09
Reset re-loads circuit * comparator-offset-mc @ tt_125c_2.97v -- generated by sim/harness, do not edit

Circuit: * comparator-offset-mc @ tt_125c_2.97v -- generated by sim/harness, do not edit

Doing analysis at TEMP = 125.000000 and TNOM = 27.000000

Using SPARSE 1.3 as Direct Linear Solver

No. of Data Rows : 6
voa = -4.308719439e-03
ddc = 4.4948523547e-07
dde = -4.389679891e-07
Reset re-loads circuit * comparator-offset-mc @ tt_125c_2.97v -- generated by sim/harness, do not edit

Circuit: * comparator-offset-mc @ tt_125c_2.97v -- generated by sim/harness, do not edit

Doing analysis at TEMP = 125.000000 and TNOM = 27.000000

Using SPARSE 1.3 as Direct Linear Solver

No. of Data Rows : 6
voa = -4.478917658e-03
ddc = 3.5865089664e-07
dde = -3.518143310e-07
Reset re-loads circuit * comparator-offset-mc @ tt_125c_2.97v -- generated by sim/harness, do not edit

Circuit: * comparator-offset-mc @ tt_125c_2.97v -- generated by sim/harness, do not edit

Doing analysis at TEMP = 125.000000 and TNOM = 27.000000

Using SPARSE 1.3 as Direct Linear Solver

No. of Data Rows : 6
voa = -1.306730465e-03
ddc = 5.9310088516e-08
dde = -5.903050274e-08
Reset re-loads circuit * comparator-offset-mc @ tt_125c_2.97v -- generated by sim/harness, do not edit

Circuit: * comparator-offset-mc @ tt_125c_2.97v -- generated by sim/harness, do not edit

Doing analysis at TEMP = 125.000000 and TNOM = 27.000000

Using SPARSE 1.3 as Direct Linear Solver

No. of Data Rows : 6
voa = 1.4277040622e-04
ddc = 1.6051322194e-08
dde = -1.527367963e-08
Reset re-loads circuit * comparator-offset-mc @ tt_125c_2.97v -- generated by sim/harness, do not edit

Circuit: * comparator-offset-mc @ tt_125c_2.97v -- generated by sim/harness, do not edit

Doing analysis at TEMP = 125.000000 and TNOM = 27.000000

Using SPARSE 1.3 as Direct Linear Solver

No. of Data Rows : 6
voa = -1.158947764e-03
ddc = 2.9746732114e-08
dde = -3.030752467e-08
Reset re-loads circuit * comparator-offset-mc @ tt_125c_2.97v -- generated by sim/harness, do not edit

Circuit: * comparator-offset-mc @ tt_125c_2.97v -- generated by sim/harness, do not edit

Doing analysis at TEMP = 125.000000 and TNOM = 27.000000

Using SPARSE 1.3 as Direct Linear Solver
 Reference value :  0.00000e+00
No. of Data Rows : 6
voa = 1.5163576839e-03
ddc = -2.057793632e-07
dde = 2.0042982885e-07
Reset re-loads circuit * comparator-offset-mc @ tt_125c_2.97v -- generated by sim/harness, do not edit

Circuit: * comparator-offset-mc @ tt_125c_2.97v -- generated by sim/harness, do not edit

Doing analysis at TEMP = 125.000000 and TNOM = 27.000000

Using SPARSE 1.3 as Direct Linear Solver

No. of Data Rows : 6
voa = -4.392844453e-04
ddc = 1.8242985721e-07
dde = -1.763632743e-07
Reset re-loads circuit * comparator-offset-mc @ tt_125c_2.97v -- generated by sim/harness, do not edit

Circuit: * comparator-offset-mc @ tt_125c_2.97v -- generated by sim/harness, do not edit

Doing analysis at TEMP = 125.000000 and TNOM = 27.000000

Using SPARSE 1.3 as Direct Linear Solver

No. of Data Rows : 6
voa = -6.025714568e-05
ddc = 2.0101985980e-08
dde = -1.943376287e-08
Reset re-loads circuit * comparator-offset-mc @ tt_125c_2.97v -- generated by sim/harness, do not edit

Circuit: * comparator-offset-mc @ tt_125c_2.97v -- generated by sim/harness, do not edit

Doing analysis at TEMP = 125.000000 and TNOM = 27.000000

Using SPARSE 1.3 as Direct Linear Solver

No. of Data Rows : 6
voa = -3.069446919e-03
ddc = 2.5306005136e-07
dde = -2.481719174e-07
Reset re-loads circuit * comparator-offset-mc @ tt_125c_2.97v -- generated by sim/harness, do not edit

Circuit: * comparator-offset-mc @ tt_125c_2.97v -- generated by sim/harness, do not edit

Doing analysis at TEMP = 125.000000 and TNOM = 27.000000

Using SPARSE 1.3 as Direct Linear Solver

No. of Data Rows : 6
voa = -4.077626328e-04
ddc = 6.3990436348e-08
dde = -6.219866767e-08
Reset re-loads circuit * comparator-offset-mc @ tt_125c_2.97v -- generated by sim/harness, do not edit

Circuit: * comparator-offset-mc @ tt_125c_2.97v -- generated by sim/harness, do not edit

Doing analysis at TEMP = 125.000000 and TNOM = 27.000000

Using SPARSE 1.3 as Direct Linear Solver

No. of Data Rows : 6
voa = 2.5623722409e-03
ddc = -4.182602906e-07
dde = 4.0633732347e-07
Reset re-loads circuit * comparator-offset-mc @ tt_125c_2.97v -- generated by sim/harness, do not edit

Circuit: * comparator-offset-mc @ tt_125c_2.97v -- generated by sim/harness, do not edit

Doing analysis at TEMP = 125.000000 and TNOM = 27.000000

Using SPARSE 1.3 as Direct Linear Solver

No. of Data Rows : 6
voa = -1.605349863e-03
ddc = 2.3055183786e-07
dde = -2.242373296e-07
Reset re-loads circuit * comparator-offset-mc @ tt_125c_2.97v -- generated by sim/harness, do not edit

Circuit: * comparator-offset-mc @ tt_125c_2.97v -- generated by sim/harness, do not edit

Doing analysis at TEMP = 125.000000 and TNOM = 27.000000

Using SPARSE 1.3 as Direct Linear Solver

No. of Data Rows : 6
voa = 4.3557488077e-04
ddc = 1.1994587169e-08
dde = -1.090168285e-08
Reset re-loads circuit * comparator-offset-mc @ tt_125c_2.97v -- generated by sim/harness, do not edit

Circuit: * comparator-offset-mc @ tt_125c_2.97v -- generated by sim/harness, do not edit

Doing analysis at TEMP = 125.000000 and TNOM = 27.000000

Using SPARSE 1.3 as Direct Linear Solver

No. of Data Rows : 6
voa = -1.659335729e-03
ddc = 1.8052626819e-07
dde = -1.763059396e-07
Reset re-loads circuit * comparator-offset-mc @ tt_125c_2.97v -- generated by sim/harness, do not edit

Circuit: * comparator-offset-mc @ tt_125c_2.97v -- generated by sim/harness, do not edit

Doing analysis at TEMP = 125.000000 and TNOM = 27.000000

Using SPARSE 1.3 as Direct Linear Solver

No. of Data Rows : 6
voa = 1.1565708333e-03
ddc = -6.697453042e-08
dde = 6.6213438365e-08
Reset re-loads circuit * comparator-offset-mc @ tt_125c_2.97v -- generated by sim/harness, do not edit

Circuit: * comparator-offset-mc @ tt_125c_2.97v -- generated by sim/harness, do not edit

Doing analysis at TEMP = 125.000000 and TNOM = 27.000000

Using SPARSE 1.3 as Direct Linear Solver
 Reference value :  0.00000e+00
No. of Data Rows : 6
voa = -1.964185777e-03
ddc = 1.4339422568e-07
dde = -1.409648039e-07
Reset re-loads circuit * comparator-offset-mc @ tt_125c_2.97v -- generated by sim/harness, do not edit

Circuit: * comparator-offset-mc @ tt_125c_2.97v -- generated by sim/harness, do not edit

Doing analysis at TEMP = 125.000000 and TNOM = 27.000000

Using SPARSE 1.3 as Direct Linear Solver

No. of Data Rows : 6
voa = -8.582349165e-05
ddc = 3.6024313142e-08
dde = -3.476949681e-08
Reset re-loads circuit * comparator-offset-mc @ tt_125c_2.97v -- generated by sim/harness, do not edit

Circuit: * comparator-offset-mc @ tt_125c_2.97v -- generated by sim/harness, do not edit

Doing analysis at TEMP = 125.000000 and TNOM = 27.000000

Using SPARSE 1.3 as Direct Linear Solver

No. of Data Rows : 6
voa = 2.7534032271e-03
ddc = -1.470867575e-07
dde = 1.4571441853e-07
Reset re-loads circuit * comparator-offset-mc @ tt_125c_2.97v -- generated by sim/harness, do not edit

Circuit: * comparator-offset-mc @ tt_125c_2.97v -- generated by sim/harness, do not edit

Doing analysis at TEMP = 125.000000 and TNOM = 27.000000

Using SPARSE 1.3 as Direct Linear Solver

No. of Data Rows : 6
voa = -1.527989290e-03
ddc = 1.2367117610e-07
dde = -1.213411408e-07
Reset re-loads circuit * comparator-offset-mc @ tt_125c_2.97v -- generated by sim/harness, do not edit

Circuit: * comparator-offset-mc @ tt_125c_2.97v -- generated by sim/harness, do not edit

Doing analysis at TEMP = 125.000000 and TNOM = 27.000000

Using SPARSE 1.3 as Direct Linear Solver

No. of Data Rows : 6
voa = 1.9150460318e-03
ddc = -1.649368495e-07
dde = 1.6163500793e-07
Reset re-loads circuit * comparator-offset-mc @ tt_125c_2.97v -- generated by sim/harness, do not edit

Circuit: * comparator-offset-mc @ tt_125c_2.97v -- generated by sim/harness, do not edit

Doing analysis at TEMP = 125.000000 and TNOM = 27.000000

Using SPARSE 1.3 as Direct Linear Solver

No. of Data Rows : 6
voa = -5.331139337e-04
ddc = 6.7987227729e-08
dde = -6.625949706e-08
Reset re-loads circuit * comparator-offset-mc @ tt_125c_2.97v -- generated by sim/harness, do not edit

Circuit: * comparator-offset-mc @ tt_125c_2.97v -- generated by sim/harness, do not edit

Doing analysis at TEMP = 125.000000 and TNOM = 27.000000

Using SPARSE 1.3 as Direct Linear Solver

No. of Data Rows : 6
voa = -1.046356609e-04
ddc = 5.7468542931e-08
dde = -5.549839823e-08
Reset re-loads circuit * comparator-offset-mc @ tt_125c_2.97v -- generated by sim/harness, do not edit

Circuit: * comparator-offset-mc @ tt_125c_2.97v -- generated by sim/harness, do not edit

Doing analysis at TEMP = 125.000000 and TNOM = 27.000000

Using SPARSE 1.3 as Direct Linear Solver

No. of Data Rows : 6
voa = 8.0359049206e-04
ddc = -1.254900272e-07
dde = 1.2196673903e-07
Reset re-loads circuit * comparator-offset-mc @ tt_125c_2.97v -- generated by sim/harness, do not edit

Circuit: * comparator-offset-mc @ tt_125c_2.97v -- generated by sim/harness, do not edit

Doing analysis at TEMP = 125.000000 and TNOM = 27.000000

Using SPARSE 1.3 as Direct Linear Solver

No. of Data Rows : 6
voa = 1.7870286459e-03
ddc = -9.470438076e-08
dde = 9.3883047033e-08
Reset re-loads circuit * comparator-offset-mc @ tt_125c_2.97v -- generated by sim/harness, do not edit

Circuit: * comparator-offset-mc @ tt_125c_2.97v -- generated by sim/harness, do not edit

Doing analysis at TEMP = 125.000000 and TNOM = 27.000000

Using SPARSE 1.3 as Direct Linear Solver

No. of Data Rows : 6
voa = -8.722922713e-04
ddc = 2.4959148818e-07
dde = -2.414816326e-07
Reset re-loads circuit * comparator-offset-mc @ tt_125c_2.97v -- generated by sim/harness, do not edit

Circuit: * comparator-offset-mc @ tt_125c_2.97v -- generated by sim/harness, do not edit

Doing analysis at TEMP = 125.000000 and TNOM = 27.000000

Using SPARSE 1.3 as Direct Linear Solver
 Reference value :  0.00000e+00
No. of Data Rows : 6
voa = 4.7054910753e-05
ddc = 1.1185606638e-08
dde = -1.069537743e-08
Reset re-loads circuit * comparator-offset-mc @ tt_125c_2.97v -- generated by sim/harness, do not edit

Circuit: * comparator-offset-mc @ tt_125c_2.97v -- generated by sim/harness, do not edit

Doing analysis at TEMP = 125.000000 and TNOM = 27.000000

Using SPARSE 1.3 as Direct Linear Solver

No. of Data Rows : 6
voa = -2.385586954e-04
ddc = 1.7304598845e-08
dde = -1.701804815e-08
Reset re-loads circuit * comparator-offset-mc @ tt_125c_2.97v -- generated by sim/harness, do not edit

Circuit: * comparator-offset-mc @ tt_125c_2.97v -- generated by sim/harness, do not edit

Doing analysis at TEMP = 125.000000 and TNOM = 27.000000

Using SPARSE 1.3 as Direct Linear Solver

No. of Data Rows : 6
voa = -2.359908319e-03
ddc = 2.2787049668e-07
dde = -2.228774606e-07
Reset re-loads circuit * comparator-offset-mc @ tt_125c_2.97v -- generated by sim/harness, do not edit

Circuit: * comparator-offset-mc @ tt_125c_2.97v -- generated by sim/harness, do not edit

Doing analysis at TEMP = 125.000000 and TNOM = 27.000000

Using SPARSE 1.3 as Direct Linear Solver

No. of Data Rows : 6
voa = 3.5726902882e-04
ddc = -1.211003238e-07
dde = 1.1719140949e-07
Reset re-loads circuit * comparator-offset-mc @ tt_125c_2.97v -- generated by sim/harness, do not edit

Circuit: * comparator-offset-mc @ tt_125c_2.97v -- generated by sim/harness, do not edit

Doing analysis at TEMP = 125.000000 and TNOM = 27.000000

Using SPARSE 1.3 as Direct Linear Solver

No. of Data Rows : 6
voa = 4.5630063996e-04
ddc = -1.125751762e-07
dde = 1.0901402050e-07
Reset re-loads circuit * comparator-offset-mc @ tt_125c_2.97v -- generated by sim/harness, do not edit

Circuit: * comparator-offset-mc @ tt_125c_2.97v -- generated by sim/harness, do not edit

Doing analysis at TEMP = 125.000000 and TNOM = 27.000000

Using SPARSE 1.3 as Direct Linear Solver

No. of Data Rows : 6
voa = -1.902974363e-03
ddc = 1.9012154951e-07
dde = -1.858853398e-07
Reset re-loads circuit * comparator-offset-mc @ tt_125c_2.97v -- generated by sim/harness, do not edit

Circuit: * comparator-offset-mc @ tt_125c_2.97v -- generated by sim/harness, do not edit

Doing analysis at TEMP = 125.000000 and TNOM = 27.000000

Using SPARSE 1.3 as Direct Linear Solver

No. of Data Rows : 6
voa = -2.478873782e-04
ddc = 7.5222886798e-08
dde = -7.278722541e-08
Reset re-loads circuit * comparator-offset-mc @ tt_125c_2.97v -- generated by sim/harness, do not edit

Circuit: * comparator-offset-mc @ tt_125c_2.97v -- generated by sim/harness, do not edit

Doing analysis at TEMP = 125.000000 and TNOM = 27.000000

Using SPARSE 1.3 as Direct Linear Solver

No. of Data Rows : 6
voa = 1.7024924645e-03
ddc = -1.348594215e-07
dde = 1.3236374361e-07
Reset re-loads circuit * comparator-offset-mc @ tt_125c_2.97v -- generated by sim/harness, do not edit

Circuit: * comparator-offset-mc @ tt_125c_2.97v -- generated by sim/harness, do not edit

Doing analysis at TEMP = 125.000000 and TNOM = 27.000000

Using SPARSE 1.3 as Direct Linear Solver

No. of Data Rows : 6
voa = 7.5433777696e-05
ddc = 1.2730373685e-07
dde = -1.224136270e-07
Reset re-loads circuit * comparator-offset-mc @ tt_125c_2.97v -- generated by sim/harness, do not edit

Circuit: * comparator-offset-mc @ tt_125c_2.97v -- generated by sim/harness, do not edit

Doing analysis at TEMP = 125.000000 and TNOM = 27.000000

Using SPARSE 1.3 as Direct Linear Solver
 Reference value :  0.00000e+00
No. of Data Rows : 6
voa = 1.7253786835e-03
ddc = -5.332306356e-08
dde = 5.3961824742e-08
Reset re-loads circuit * comparator-offset-mc @ tt_125c_2.97v -- generated by sim/harness, do not edit

Circuit: * comparator-offset-mc @ tt_125c_2.97v -- generated by sim/harness, do not edit

Doing analysis at TEMP = 125.000000 and TNOM = 27.000000

Using SPARSE 1.3 as Direct Linear Solver

No. of Data Rows : 6
voa = -7.074823625e-05
ddc = 1.4665936510e-07
dde = -1.412225340e-07
Reset re-loads circuit * comparator-offset-mc @ tt_125c_2.97v -- generated by sim/harness, do not edit

Circuit: * comparator-offset-mc @ tt_125c_2.97v -- generated by sim/harness, do not edit

Doing analysis at TEMP = 125.000000 and TNOM = 27.000000

Using SPARSE 1.3 as Direct Linear Solver

No. of Data Rows : 6
voa = 3.2802368268e-03
ddc = -2.859535963e-07
dde = 2.8012995369e-07
Reset re-loads circuit * comparator-offset-mc @ tt_125c_2.97v -- generated by sim/harness, do not edit

Circuit: * comparator-offset-mc @ tt_125c_2.97v -- generated by sim/harness, do not edit

Doing analysis at TEMP = 125.000000 and TNOM = 27.000000

Using SPARSE 1.3 as Direct Linear Solver

No. of Data Rows : 6
voa = 2.1699057518e-03
ddc = -1.421188098e-07
dde = 1.4006039467e-07
Reset re-loads circuit * comparator-offset-mc @ tt_125c_2.97v -- generated by sim/harness, do not edit

Circuit: * comparator-offset-mc @ tt_125c_2.97v -- generated by sim/harness, do not edit

Doing analysis at TEMP = 125.000000 and TNOM = 27.000000

Using SPARSE 1.3 as Direct Linear Solver

No. of Data Rows : 6
voa = 5.0386457091e-04
ddc = -8.682765511e-09
dde = 9.1485697506e-09
Reset re-loads circuit * comparator-offset-mc @ tt_125c_2.97v -- generated by sim/harness, do not edit

Circuit: * comparator-offset-mc @ tt_125c_2.97v -- generated by sim/harness, do not edit

Doing analysis at TEMP = 125.000000 and TNOM = 27.000000

Using SPARSE 1.3 as Direct Linear Solver

No. of Data Rows : 6
voa = 4.4854043820e-04
ddc = -1.357343115e-07
dde = 1.3136977796e-07
Reset re-loads circuit * comparator-offset-mc @ tt_125c_2.97v -- generated by sim/harness, do not edit

Circuit: * comparator-offset-mc @ tt_125c_2.97v -- generated by sim/harness, do not edit

Doing analysis at TEMP = 125.000000 and TNOM = 27.000000

Using SPARSE 1.3 as Direct Linear Solver

No. of Data Rows : 6
voa = -9.254544155e-04
ddc = 1.7962560683e-07
dde = -1.742062140e-07
Reset re-loads circuit * comparator-offset-mc @ tt_125c_2.97v -- generated by sim/harness, do not edit

Circuit: * comparator-offset-mc @ tt_125c_2.97v -- generated by sim/harness, do not edit

Doing analysis at TEMP = 125.000000 and TNOM = 27.000000

Using SPARSE 1.3 as Direct Linear Solver

No. of Data Rows : 6
voa = 7.1823635977e-05
ddc = -1.355002994e-07
dde = 1.3049423961e-07
Reset re-loads circuit * comparator-offset-mc @ tt_125c_2.97v -- generated by sim/harness, do not edit

Circuit: * comparator-offset-mc @ tt_125c_2.97v -- generated by sim/harness, do not edit

Doing analysis at TEMP = 125.000000 and TNOM = 27.000000

Using SPARSE 1.3 as Direct Linear Solver

No. of Data Rows : 6
voa = -1.040466449e-03
ddc = 1.2225813112e-07
dde = -1.192351244e-07
Reset re-loads circuit * comparator-offset-mc @ tt_125c_2.97v -- generated by sim/harness, do not edit

Circuit: * comparator-offset-mc @ tt_125c_2.97v -- generated by sim/harness, do not edit

Doing analysis at TEMP = 125.000000 and TNOM = 27.000000

Using SPARSE 1.3 as Direct Linear Solver

No. of Data Rows : 6
voa = -1.244027817e-03
ddc = 4.8358250962e-08
dde = -4.840410870e-08
Reset re-loads circuit * comparator-offset-mc @ tt_125c_2.97v -- generated by sim/harness, do not edit

Circuit: * comparator-offset-mc @ tt_125c_2.97v -- generated by sim/harness, do not edit

Doing analysis at TEMP = 125.000000 and TNOM = 27.000000

Using SPARSE 1.3 as Direct Linear Solver
 Reference value :  0.00000e+00
No. of Data Rows : 6
voa = -1.511923432e-03
ddc = 4.0536201314e-09
dde = -6.288833912e-09
Reset re-loads circuit * comparator-offset-mc @ tt_125c_2.97v -- generated by sim/harness, do not edit

Circuit: * comparator-offset-mc @ tt_125c_2.97v -- generated by sim/harness, do not edit

Doing analysis at TEMP = 125.000000 and TNOM = 27.000000

Using SPARSE 1.3 as Direct Linear Solver

No. of Data Rows : 6
voa = 1.4229205959e-03
ddc = -1.413302510e-07
dde = 1.3817434880e-07
Reset re-loads circuit * comparator-offset-mc @ tt_125c_2.97v -- generated by sim/harness, do not edit

Circuit: * comparator-offset-mc @ tt_125c_2.97v -- generated by sim/harness, do not edit

Doing analysis at TEMP = 125.000000 and TNOM = 27.000000

Using SPARSE 1.3 as Direct Linear Solver

No. of Data Rows : 6
voa = 1.2916159374e-03
ddc = -6.139296343e-08
dde = 6.1046186005e-08
Reset re-loads circuit * comparator-offset-mc @ tt_125c_2.97v -- generated by sim/harness, do not edit

Circuit: * comparator-offset-mc @ tt_125c_2.97v -- generated by sim/harness, do not edit

Doing analysis at TEMP = 125.000000 and TNOM = 27.000000

Using SPARSE 1.3 as Direct Linear Solver

No. of Data Rows : 6
voa = 3.4582211516e-05
ddc = -3.245842469e-08
dde = 3.1278727893e-08
Reset re-loads circuit * comparator-offset-mc @ tt_125c_2.97v -- generated by sim/harness, do not edit

Circuit: * comparator-offset-mc @ tt_125c_2.97v -- generated by sim/harness, do not edit

Doing analysis at TEMP = 125.000000 and TNOM = 27.000000

Using SPARSE 1.3 as Direct Linear Solver

No. of Data Rows : 6
voa = -1.915281937e-03
ddc = 2.1877732502e-07
dde = -2.134617284e-07
Reset re-loads circuit * comparator-offset-mc @ tt_125c_2.97v -- generated by sim/harness, do not edit

Circuit: * comparator-offset-mc @ tt_125c_2.97v -- generated by sim/harness, do not edit

Doing analysis at TEMP = 125.000000 and TNOM = 27.000000

Using SPARSE 1.3 as Direct Linear Solver

No. of Data Rows : 6
voa = 9.2266039852e-04
ddc = -1.806634940e-07
dde = 1.7531832111e-07
Reset re-loads circuit * comparator-offset-mc @ tt_125c_2.97v -- generated by sim/harness, do not edit

Circuit: * comparator-offset-mc @ tt_125c_2.97v -- generated by sim/harness, do not edit

Doing analysis at TEMP = 125.000000 and TNOM = 27.000000

Using SPARSE 1.3 as Direct Linear Solver

No. of Data Rows : 6
voa = 1.7421213241e-03
ddc = -3.803257164e-07
dde = 3.6841562562e-07
Reset re-loads circuit * comparator-offset-mc @ tt_125c_2.97v -- generated by sim/harness, do not edit

Circuit: * comparator-offset-mc @ tt_125c_2.97v -- generated by sim/harness, do not edit

Doing analysis at TEMP = 125.000000 and TNOM = 27.000000

Using SPARSE 1.3 as Direct Linear Solver

No. of Data Rows : 6
voa = 3.0619790289e-03
ddc = -1.651665720e-07
dde = 1.6362816729e-07
Reset re-loads circuit * comparator-offset-mc @ tt_125c_2.97v -- generated by sim/harness, do not edit

Circuit: * comparator-offset-mc @ tt_125c_2.97v -- generated by sim/harness, do not edit

Doing analysis at TEMP = 125.000000 and TNOM = 27.000000

Using SPARSE 1.3 as Direct Linear Solver

No. of Data Rows : 6
voa = -3.333944660e-03
ddc = 2.9200372967e-07
dde = -2.860259786e-07
Reset re-loads circuit * comparator-offset-mc @ tt_125c_2.97v -- generated by sim/harness, do not edit

Circuit: * comparator-offset-mc @ tt_125c_2.97v -- generated by sim/harness, do not edit

Doing analysis at TEMP = 125.000000 and TNOM = 27.000000

Using SPARSE 1.3 as Direct Linear Solver

No. of Data Rows : 6
voa = -1.431661215e-03
ddc = 1.1764909528e-07
dde = -1.154013781e-07
Reset re-loads circuit * comparator-offset-mc @ tt_125c_2.97v -- generated by sim/harness, do not edit

Circuit: * comparator-offset-mc @ tt_125c_2.97v -- generated by sim/harness, do not edit

Doing analysis at TEMP = 125.000000 and TNOM = 27.000000

Using SPARSE 1.3 as Direct Linear Solver
 Reference value :  0.00000e+00
No. of Data Rows : 6
voa = 7.3778227898e-04
ddc = -8.632628910e-08
dde = 8.4215800415e-08
Reset re-loads circuit * comparator-offset-mc @ tt_125c_2.97v -- generated by sim/harness, do not edit

Circuit: * comparator-offset-mc @ tt_125c_2.97v -- generated by sim/harness, do not edit

Doing analysis at TEMP = 125.000000 and TNOM = 27.000000

Using SPARSE 1.3 as Direct Linear Solver

No. of Data Rows : 6
voa = -1.400093751e-03
ddc = 1.8238999008e-07
dde = -1.776097756e-07
Reset re-loads circuit * comparator-offset-mc @ tt_125c_2.97v -- generated by sim/harness, do not edit

Circuit: * comparator-offset-mc @ tt_125c_2.97v -- generated by sim/harness, do not edit

Doing analysis at TEMP = 125.000000 and TNOM = 27.000000

Using SPARSE 1.3 as Direct Linear Solver

No. of Data Rows : 6
voa = 1.0480665525e-03
ddc = -5.797088554e-08
dde = 5.7344001021e-08
Reset re-loads circuit * comparator-offset-mc @ tt_125c_2.97v -- generated by sim/harness, do not edit

Circuit: * comparator-offset-mc @ tt_125c_2.97v -- generated by sim/harness, do not edit

Doing analysis at TEMP = 125.000000 and TNOM = 27.000000

Using SPARSE 1.3 as Direct Linear Solver

No. of Data Rows : 6
voa = -1.078938327e-03
ddc = 1.9331823642e-07
dde = -1.877119915e-07
Reset re-loads circuit * comparator-offset-mc @ tt_125c_2.97v -- generated by sim/harness, do not edit

Circuit: * comparator-offset-mc @ tt_125c_2.97v -- generated by sim/harness, do not edit

Doing analysis at TEMP = 125.000000 and TNOM = 27.000000

Using SPARSE 1.3 as Direct Linear Solver

No. of Data Rows : 6
voa = 1.3654743664e-04
ddc = -1.567840483e-08
dde = 1.5299004130e-08
Reset re-loads circuit * comparator-offset-mc @ tt_125c_2.97v -- generated by sim/harness, do not edit

Circuit: * comparator-offset-mc @ tt_125c_2.97v -- generated by sim/harness, do not edit

Doing analysis at TEMP = 125.000000 and TNOM = 27.000000

Using SPARSE 1.3 as Direct Linear Solver

No. of Data Rows : 6
voa = -2.084550594e-03
ddc = 2.0135940298e-07
dde = -1.969574329e-07
Reset re-loads circuit * comparator-offset-mc @ tt_125c_2.97v -- generated by sim/harness, do not edit

Circuit: * comparator-offset-mc @ tt_125c_2.97v -- generated by sim/harness, do not edit

Doing analysis at TEMP = 125.000000 and TNOM = 27.000000

Using SPARSE 1.3 as Direct Linear Solver

No. of Data Rows : 6
voa = -3.993070260e-04
ddc = 5.4139992863e-08
dde = -5.271684357e-08
Reset re-loads circuit * comparator-offset-mc @ tt_125c_2.97v -- generated by sim/harness, do not edit

Circuit: * comparator-offset-mc @ tt_125c_2.97v -- generated by sim/harness, do not edit

Doing analysis at TEMP = 125.000000 and TNOM = 27.000000

Using SPARSE 1.3 as Direct Linear Solver

No. of Data Rows : 6
voa = -2.908703405e-03
ddc = 1.7742152462e-07
dde = -1.750889411e-07
Reset re-loads circuit * comparator-offset-mc @ tt_125c_2.97v -- generated by sim/harness, do not edit

Circuit: * comparator-offset-mc @ tt_125c_2.97v -- generated by sim/harness, do not edit

Doing analysis at TEMP = 125.000000 and TNOM = 27.000000

Using SPARSE 1.3 as Direct Linear Solver

No. of Data Rows : 6
voa = 6.0833323393e-05
ddc = -1.792748510e-08
dde = 1.7343133130e-08
Reset re-loads circuit * comparator-offset-mc @ tt_125c_2.97v -- generated by sim/harness, do not edit

Circuit: * comparator-offset-mc @ tt_125c_2.97v -- generated by sim/harness, do not edit

Doing analysis at TEMP = 125.000000 and TNOM = 27.000000

Using SPARSE 1.3 as Direct Linear Solver

No. of Data Rows : 6
voa = -3.675362751e-04
ddc = -9.865163747e-08
dde = 9.4350391637e-08
Reset re-loads circuit * comparator-offset-mc @ tt_125c_2.97v -- generated by sim/harness, do not edit

Circuit: * comparator-offset-mc @ tt_125c_2.97v -- generated by sim/harness, do not edit

Doing analysis at TEMP = 125.000000 and TNOM = 27.000000

Using SPARSE 1.3 as Direct Linear Solver
 Reference value :  0.00000e+00
No. of Data Rows : 6
voa = -4.824818810e-04
ddc = -1.677212867e-08
dde = 1.5338898054e-08
Reset re-loads circuit * comparator-offset-mc @ tt_125c_2.97v -- generated by sim/harness, do not edit

Circuit: * comparator-offset-mc @ tt_125c_2.97v -- generated by sim/harness, do not edit

Doing analysis at TEMP = 125.000000 and TNOM = 27.000000

Using SPARSE 1.3 as Direct Linear Solver

No. of Data Rows : 6
voa = 1.1641416159e-03
ddc = -1.377666908e-07
dde = 1.3435399191e-07
Reset re-loads circuit * comparator-offset-mc @ tt_125c_2.97v -- generated by sim/harness, do not edit

Circuit: * comparator-offset-mc @ tt_125c_2.97v -- generated by sim/harness, do not edit

Doing analysis at TEMP = 125.000000 and TNOM = 27.000000

Using SPARSE 1.3 as Direct Linear Solver

No. of Data Rows : 6
voa = 2.8963453486e-03
ddc = -3.302604257e-07
dde = 3.2237437778e-07
Reset re-loads circuit * comparator-offset-mc @ tt_125c_2.97v -- generated by sim/harness, do not edit

Circuit: * comparator-offset-mc @ tt_125c_2.97v -- generated by sim/harness, do not edit

Doing analysis at TEMP = 125.000000 and TNOM = 27.000000

Using SPARSE 1.3 as Direct Linear Solver

No. of Data Rows : 6
voa = 1.1267638151e-03
ddc = -7.532967355e-08
dde = 7.4200726977e-08
Reset re-loads circuit * comparator-offset-mc @ tt_125c_2.97v -- generated by sim/harness, do not edit

Circuit: * comparator-offset-mc @ tt_125c_2.97v -- generated by sim/harness, do not edit

Doing analysis at TEMP = 125.000000 and TNOM = 27.000000

Using SPARSE 1.3 as Direct Linear Solver

No. of Data Rows : 6
voa = 8.4647903878e-05
ddc = -1.917397826e-08
dde = 1.8587678139e-08
Reset re-loads circuit * comparator-offset-mc @ tt_125c_2.97v -- generated by sim/harness, do not edit

Circuit: * comparator-offset-mc @ tt_125c_2.97v -- generated by sim/harness, do not edit

Doing analysis at TEMP = 125.000000 and TNOM = 27.000000

Using SPARSE 1.3 as Direct Linear Solver

No. of Data Rows : 6
voa = -2.973473156e-04
ddc = 5.2962835356e-08
dde = -5.141639174e-08
Reset re-loads circuit * comparator-offset-mc @ tt_125c_2.97v -- generated by sim/harness, do not edit

Circuit: * comparator-offset-mc @ tt_125c_2.97v -- generated by sim/harness, do not edit

Doing analysis at TEMP = 125.000000 and TNOM = 27.000000

Using SPARSE 1.3 as Direct Linear Solver

No. of Data Rows : 6
voa = -3.019795352e-03
ddc = 3.2039546074e-07
dde = -3.129319813e-07
Reset re-loads circuit * comparator-offset-mc @ tt_125c_2.97v -- generated by sim/harness, do not edit

Circuit: * comparator-offset-mc @ tt_125c_2.97v -- generated by sim/harness, do not edit

Doing analysis at TEMP = 125.000000 and TNOM = 27.000000

Using SPARSE 1.3 as Direct Linear Solver

No. of Data Rows : 6
voa = 2.6657219867e-05
ddc = 2.8146048250e-08
dde = -2.704860761e-08
Reset re-loads circuit * comparator-offset-mc @ tt_125c_2.97v -- generated by sim/harness, do not edit

Circuit: * comparator-offset-mc @ tt_125c_2.97v -- generated by sim/harness, do not edit

Doing analysis at TEMP = 125.000000 and TNOM = 27.000000

Using SPARSE 1.3 as Direct Linear Solver

No. of Data Rows : 6
voa = -4.526536916e-04
ddc = 1.2720187236e-07
dde = -1.232425556e-07
Reset re-loads circuit * comparator-offset-mc @ tt_125c_2.97v -- generated by sim/harness, do not edit

Circuit: * comparator-offset-mc @ tt_125c_2.97v -- generated by sim/harness, do not edit

Doing analysis at TEMP = 125.000000 and TNOM = 27.000000

Using SPARSE 1.3 as Direct Linear Solver

No. of Data Rows : 6
voa = -1.661653036e-03
ddc = 1.6075740782e-07
dde = -1.572379837e-07
Reset re-loads circuit * comparator-offset-mc @ tt_125c_2.97v -- generated by sim/harness, do not edit

Circuit: * comparator-offset-mc @ tt_125c_2.97v -- generated by sim/harness, do not edit

Doing analysis at TEMP = 125.000000 and TNOM = 27.000000

Using SPARSE 1.3 as Direct Linear Solver
 Reference value :  0.00000e+00
No. of Data Rows : 6
voa = 2.1187296840e-03
ddc = -3.226611917e-07
dde = 3.1381941083e-07
Reset re-loads circuit * comparator-offset-mc @ tt_125c_2.97v -- generated by sim/harness, do not edit

Circuit: * comparator-offset-mc @ tt_125c_2.97v -- generated by sim/harness, do not edit

Doing analysis at TEMP = 125.000000 and TNOM = 27.000000

Using SPARSE 1.3 as Direct Linear Solver

No. of Data Rows : 6
voa = -1.322521792e-04
ddc = -3.386764641e-08
dde = 3.2364010285e-08
Reset re-loads circuit * comparator-offset-mc @ tt_125c_2.97v -- generated by sim/harness, do not edit

Circuit: * comparator-offset-mc @ tt_125c_2.97v -- generated by sim/harness, do not edit

Doing analysis at TEMP = 125.000000 and TNOM = 27.000000

Using SPARSE 1.3 as Direct Linear Solver

No. of Data Rows : 6
voa = 5.8213461260e-04
ddc = 1.0885969112e-07
dde = -1.038900439e-07
Reset re-loads circuit * comparator-offset-mc @ tt_125c_2.97v -- generated by sim/harness, do not edit

Circuit: * comparator-offset-mc @ tt_125c_2.97v -- generated by sim/harness, do not edit

Doing analysis at TEMP = 125.000000 and TNOM = 27.000000

Using SPARSE 1.3 as Direct Linear Solver

No. of Data Rows : 6
voa = -9.490732413e-04
ddc = 1.4552638382e-07
dde = -1.415390012e-07
Reset re-loads circuit * comparator-offset-mc @ tt_125c_2.97v -- generated by sim/harness, do not edit

Circuit: * comparator-offset-mc @ tt_125c_2.97v -- generated by sim/harness, do not edit

Doing analysis at TEMP = 125.000000 and TNOM = 27.000000

Using SPARSE 1.3 as Direct Linear Solver

No. of Data Rows : 6
voa = -4.730494065e-04
ddc = -1.040873471e-07
dde = 9.9506659448e-08
Reset re-loads circuit * comparator-offset-mc @ tt_125c_2.97v -- generated by sim/harness, do not edit

Circuit: * comparator-offset-mc @ tt_125c_2.97v -- generated by sim/harness, do not edit

Doing analysis at TEMP = 125.000000 and TNOM = 27.000000

Using SPARSE 1.3 as Direct Linear Solver

No. of Data Rows : 6
voa = 1.4442642400e-03
ddc = -1.689580070e-07
dde = 1.6483702591e-07
Reset re-loads circuit * comparator-offset-mc @ tt_125c_2.97v -- generated by sim/harness, do not edit

Circuit: * comparator-offset-mc @ tt_125c_2.97v -- generated by sim/harness, do not edit

Doing analysis at TEMP = 125.000000 and TNOM = 27.000000

Using SPARSE 1.3 as Direct Linear Solver

No. of Data Rows : 6
voa = -2.298395871e-04
ddc = 1.3637806685e-08
dde = -1.346846423e-08
Reset re-loads circuit * comparator-offset-mc @ tt_125c_2.97v -- generated by sim/harness, do not edit

Circuit: * comparator-offset-mc @ tt_125c_2.97v -- generated by sim/harness, do not edit

Doing analysis at TEMP = 125.000000 and TNOM = 27.000000

Using SPARSE 1.3 as Direct Linear Solver

No. of Data Rows : 6
voa = -2.977983139e-05
ddc = -1.035149755e-07
dde = 9.9703389991e-08
Reset re-loads circuit * comparator-offset-mc @ tt_125c_2.97v -- generated by sim/harness, do not edit

Circuit: * comparator-offset-mc @ tt_125c_2.97v -- generated by sim/harness, do not edit

Doing analysis at TEMP = 125.000000 and TNOM = 27.000000

Using SPARSE 1.3 as Direct Linear Solver

No. of Data Rows : 6
voa = 5.3816321455e-04
ddc = -9.171694085e-08
dde = 8.9043934913e-08
Reset re-loads circuit * comparator-offset-mc @ tt_125c_2.97v -- generated by sim/harness, do not edit

Circuit: * comparator-offset-mc @ tt_125c_2.97v -- generated by sim/harness, do not edit

Doing analysis at TEMP = 125.000000 and TNOM = 27.000000

Using SPARSE 1.3 as Direct Linear Solver

No. of Data Rows : 6
voa = -2.124758761e-03
ddc = 2.6287290056e-07
dde = -2.562279585e-07
Reset re-loads circuit * comparator-offset-mc @ tt_125c_2.97v -- generated by sim/harness, do not edit

Circuit: * comparator-offset-mc @ tt_125c_2.97v -- generated by sim/harness, do not edit

Doing analysis at TEMP = 125.000000 and TNOM = 27.000000

Using SPARSE 1.3 as Direct Linear Solver
 Reference value :  0.00000e+00
No. of Data Rows : 6
voa = -1.579461391e-03
ddc = 1.3367038341e-07
dde = -1.310422542e-07
Reset re-loads circuit * comparator-offset-mc @ tt_125c_2.97v -- generated by sim/harness, do not edit

Circuit: * comparator-offset-mc @ tt_125c_2.97v -- generated by sim/harness, do not edit

Doing analysis at TEMP = 125.000000 and TNOM = 27.000000

Using SPARSE 1.3 as Direct Linear Solver

No. of Data Rows : 6
voa = -5.148941723e-04
ddc = 1.5787640087e-07
dde = -1.527712967e-07
Reset re-loads circuit * comparator-offset-mc @ tt_125c_2.97v -- generated by sim/harness, do not edit

Circuit: * comparator-offset-mc @ tt_125c_2.97v -- generated by sim/harness, do not edit

Doing analysis at TEMP = 125.000000 and TNOM = 27.000000

Using SPARSE 1.3 as Direct Linear Solver

No. of Data Rows : 6
voa = -3.964757732e-03
ddc = 4.2523688304e-07
dde = -4.151148475e-07
Reset re-loads circuit * comparator-offset-mc @ tt_125c_2.97v -- generated by sim/harness, do not edit

Circuit: * comparator-offset-mc @ tt_125c_2.97v -- generated by sim/harness, do not edit

Doing analysis at TEMP = 125.000000 and TNOM = 27.000000

Using SPARSE 1.3 as Direct Linear Solver

No. of Data Rows : 6
voa = -1.137242671e-03
ddc = 5.0315918450e-08
dde = -5.017085033e-08
Reset re-loads circuit * comparator-offset-mc @ tt_125c_2.97v -- generated by sim/harness, do not edit

Circuit: * comparator-offset-mc @ tt_125c_2.97v -- generated by sim/harness, do not edit

Doing analysis at TEMP = 125.000000 and TNOM = 27.000000

Using SPARSE 1.3 as Direct Linear Solver

No. of Data Rows : 6
voa = 1.1015835069e-04
ddc = -1.144773402e-07
dde = 1.1036464173e-07
Reset re-loads circuit * comparator-offset-mc @ tt_125c_2.97v -- generated by sim/harness, do not edit

Circuit: * comparator-offset-mc @ tt_125c_2.97v -- generated by sim/harness, do not edit

Doing analysis at TEMP = 125.000000 and TNOM = 27.000000

Using SPARSE 1.3 as Direct Linear Solver

No. of Data Rows : 6
voa = 7.9275211682e-04
ddc = -1.343937986e-07
dde = 1.3060425794e-07
Reset re-loads circuit * comparator-offset-mc @ tt_125c_2.97v -- generated by sim/harness, do not edit

Circuit: * comparator-offset-mc @ tt_125c_2.97v -- generated by sim/harness, do not edit

Doing analysis at TEMP = 125.000000 and TNOM = 27.000000

Using SPARSE 1.3 as Direct Linear Solver

No. of Data Rows : 6
voa = -2.285096725e-04
ddc = 1.1697499734e-07
dde = -1.130086698e-07
Reset re-loads circuit * comparator-offset-mc @ tt_125c_2.97v -- generated by sim/harness, do not edit

Circuit: * comparator-offset-mc @ tt_125c_2.97v -- generated by sim/harness, do not edit

Doing analysis at TEMP = 125.000000 and TNOM = 27.000000

Using SPARSE 1.3 as Direct Linear Solver

No. of Data Rows : 6
voa = -1.492546871e-03
ddc = 1.2300751404e-07
dde = -1.206362891e-07
Reset re-loads circuit * comparator-offset-mc @ tt_125c_2.97v -- generated by sim/harness, do not edit

Circuit: * comparator-offset-mc @ tt_125c_2.97v -- generated by sim/harness, do not edit

Doing analysis at TEMP = 125.000000 and TNOM = 27.000000

Using SPARSE 1.3 as Direct Linear Solver

No. of Data Rows : 6
voa = 6.7386061881e-04
ddc = -1.539900579e-07
dde = 1.4931211458e-07
Reset re-loads circuit * comparator-offset-mc @ tt_125c_2.97v -- generated by sim/harness, do not edit

Circuit: * comparator-offset-mc @ tt_125c_2.97v -- generated by sim/harness, do not edit

Doing analysis at TEMP = 125.000000 and TNOM = 27.000000

Using SPARSE 1.3 as Direct Linear Solver

No. of Data Rows : 6
voa = -2.305956293e-03
ddc = -5.694298828e-08
dde = 5.1342524182e-08
Reset re-loads circuit * comparator-offset-mc @ tt_125c_2.97v -- generated by sim/harness, do not edit

Circuit: * comparator-offset-mc @ tt_125c_2.97v -- generated by sim/harness, do not edit

Doing analysis at TEMP = 125.000000 and TNOM = 27.000000

Using SPARSE 1.3 as Direct Linear Solver
 Reference value :  0.00000e+00
No. of Data Rows : 6
voa = -2.807320444e-03
ddc = 1.0750614220e-07
dde = -1.077198580e-07
Reset re-loads circuit * comparator-offset-mc @ tt_125c_2.97v -- generated by sim/harness, do not edit

Circuit: * comparator-offset-mc @ tt_125c_2.97v -- generated by sim/harness, do not edit

Doing analysis at TEMP = 125.000000 and TNOM = 27.000000

Using SPARSE 1.3 as Direct Linear Solver

No. of Data Rows : 6
voa = 2.7570242854e-03
ddc = -1.864195884e-07
dde = 1.8347345772e-07
Reset re-loads circuit * comparator-offset-mc @ tt_125c_2.97v -- generated by sim/harness, do not edit

Circuit: * comparator-offset-mc @ tt_125c_2.97v -- generated by sim/harness, do not edit

Doing analysis at TEMP = 125.000000 and TNOM = 27.000000

Using SPARSE 1.3 as Direct Linear Solver

No. of Data Rows : 6
voa = 4.1409242460e-05
ddc = 4.1071911942e-09
dde = -3.899257667e-09
Reset re-loads circuit * comparator-offset-mc @ tt_125c_2.97v -- generated by sim/harness, do not edit

Circuit: * comparator-offset-mc @ tt_125c_2.97v -- generated by sim/harness, do not edit

Doing analysis at TEMP = 125.000000 and TNOM = 27.000000

Using SPARSE 1.3 as Direct Linear Solver

No. of Data Rows : 6
voa = -1.048558411e-03
ddc = 1.8880197177e-07
dde = -1.833360102e-07
Reset re-loads circuit * comparator-offset-mc @ tt_125c_2.97v -- generated by sim/harness, do not edit

Circuit: * comparator-offset-mc @ tt_125c_2.97v -- generated by sim/harness, do not edit

Doing analysis at TEMP = 125.000000 and TNOM = 27.000000

Using SPARSE 1.3 as Direct Linear Solver

No. of Data Rows : 6
voa = -7.277092400e-04
ddc = -1.932257021e-08
dde = 1.7486140537e-08
Reset re-loads circuit * comparator-offset-mc @ tt_125c_2.97v -- generated by sim/harness, do not edit

Circuit: * comparator-offset-mc @ tt_125c_2.97v -- generated by sim/harness, do not edit

Doing analysis at TEMP = 125.000000 and TNOM = 27.000000

Using SPARSE 1.3 as Direct Linear Solver

No. of Data Rows : 6
voa = -1.835376169e-03
ddc = 1.9590907850e-07
dde = -1.913751233e-07
Reset re-loads circuit * comparator-offset-mc @ tt_125c_2.97v -- generated by sim/harness, do not edit

Circuit: * comparator-offset-mc @ tt_125c_2.97v -- generated by sim/harness, do not edit

Doing analysis at TEMP = 125.000000 and TNOM = 27.000000

Using SPARSE 1.3 as Direct Linear Solver

No. of Data Rows : 6
voa = -7.859105329e-04
ddc = 3.3711430517e-08
dde = -3.368311147e-08
m_n_samples = 2.0000000000e+02
m_sig_vos_mv = 1.6374870790e+00
m_vos_3sig_mv = 4.9124612369e+00
m_mean_vos_uv = -5.605251735e+01
m_mean_vos_sem = -4.840968290e-01
m_sig_dvos_dn_uv = 1.7197234250e-01
m_sig_dvos_up_uv = 1.6769393813e-01
m_mean_dvos_dn_uv = 5.9062411024e-03
m_mean_dvos_up_uv = -5.763338961e-03
m_av_mean = 7.2861404358e+00
m_av_sigma_pct = 2.1816936648e+00
m_sig_rpair_uv = 1.0568780533e-11
m_vbias_anchor_mv = 6.8714346188e+02
Note: Simulation executed from .control section 

Note: Starting dynamic gmin stepping
Note: Dynamic gmin stepping completed
Note: Starting dynamic gmin stepping
Note: Dynamic gmin stepping completed
Note: Starting dynamic gmin stepping
Note: Dynamic gmin stepping completed
Note: Starting dynamic gmin stepping
Note: Dynamic gmin stepping completed
Note: Starting dynamic gmin stepping
Note: Dynamic gmin stepping completed
Note: Starting dynamic gmin stepping
Note: Dynamic gmin stepping completed
Note: Starting dynamic gmin stepping
Note: Dynamic gmin stepping completed
Note: Starting dynamic gmin stepping
Note: Dynamic gmin stepping completed
Note: Starting dynamic gmin stepping
Note: Dynamic gmin stepping completed
Note: Starting dynamic gmin stepping
Note: Dynamic gmin stepping completed
Note: Starting dynamic gmin stepping
Note: Dynamic gmin stepping completed
Note: Starting dynamic gmin stepping
Note: Dynamic gmin stepping completed
Note: Starting dynamic gmin stepping
Note: Dynamic gmin stepping completed
Note: Starting dynamic gmin stepping
Note: Dynamic gmin stepping completed
Note: Starting dynamic gmin stepping
Note: Dynamic gmin stepping completed
Note: Starting dynamic gmin stepping
Note: Dynamic gmin stepping completed
Note: Starting dynamic gmin stepping
Note: Dynamic gmin stepping completed
Note: Starting dynamic gmin stepping
Note: Dynamic gmin stepping completed
Note: Starting dynamic gmin stepping
Note: Dynamic gmin stepping completed
Note: Starting dynamic gmin stepping
Note: Dynamic gmin stepping completed
Note: Starting dynamic gmin stepping
Note: Dynamic gmin stepping completed
Note: Starting dynamic gmin stepping
Note: Dynamic gmin stepping completed
Note: Starting dynamic gmin stepping
Note: Dynamic gmin stepping completed
Note: Starting dynamic gmin stepping
Note: Dynamic gmin stepping completed
Note: Starting dynamic gmin stepping
Note: Dynamic gmin stepping completed
Note: Starting dynamic gmin stepping
Note: Dynamic gmin stepping completed
Note: Starting dynamic gmin stepping
Note: Dynamic gmin stepping completed
Note: Starting dynamic gmin stepping
Note: Dynamic gmin stepping completed
Note: Starting dynamic gmin stepping
Note: Dynamic gmin stepping completed
Note: Starting dynamic gmin stepping
Note: Dynamic gmin stepping completed
Note: Starting dynamic gmin stepping
Note: Dynamic gmin stepping completed
Note: Starting dynamic gmin stepping
Note: Dynamic gmin stepping completed
Note: Starting dynamic gmin stepping
Note: Dynamic gmin stepping completed
Note: Starting dynamic gmin stepping
Note: Dynamic gmin stepping completed
Note: Starting dynamic gmin stepping
Note: Dynamic gmin stepping completed
Note: Starting dynamic gmin stepping
Note: Dynamic gmin stepping completed
Note: Starting dynamic gmin stepping
Note: Dynamic gmin stepping completed
Note: Starting dynamic gmin stepping
Note: Dynamic gmin stepping completed
Note: Starting dynamic gmin stepping
Note: Dynamic gmin stepping completed
Note: Starting dynamic gmin stepping
Note: Dynamic gmin stepping completed
Note: Starting dynamic gmin stepping
Note: Dynamic gmin stepping completed
Note: Starting dynamic gmin stepping
Note: Dynamic gmin stepping completed
Note: Starting dynamic gmin stepping
Note: Dynamic gmin stepping completed
Note: Starting dynamic gmin stepping
Note: Dynamic gmin stepping completed
Note: Starting dynamic gmin stepping
Note: Dynamic gmin stepping completed
Note: Starting dynamic gmin stepping
Note: Dynamic gmin stepping completed
Note: Starting dynamic gmin stepping
Note: Dynamic gmin stepping completed
Note: Starting dynamic gmin stepping
Note: Dynamic gmin stepping completed
Note: Starting dynamic gmin stepping
Note: Dynamic gmin stepping completed
Note: Starting dynamic gmin stepping
Note: Dynamic gmin stepping completed
Note: Starting dynamic gmin stepping
Note: Dynamic gmin stepping completed
Note: Starting dynamic gmin stepping
Note: Dynamic gmin stepping completed
Note: Starting dynamic gmin stepping
Note: Dynamic gmin stepping completed
Note: Starting dynamic gmin stepping
Note: Dynamic gmin stepping completed
Note: Starting dynamic gmin stepping
Note: Dynamic gmin stepping completed
Note: Starting dynamic gmin stepping
Note: Dynamic gmin stepping completed
Note: Starting dynamic gmin stepping
Note: Dynamic gmin stepping completed
Note: Starting dynamic gmin stepping
Note: Dynamic gmin stepping completed
Note: Starting dynamic gmin stepping
Note: Dynamic gmin stepping completed
Note: Starting dynamic gmin stepping
Note: Dynamic gmin stepping completed
Note: Starting dynamic gmin stepping
Note: Dynamic gmin stepping completed
Note: Starting dynamic gmin stepping
Note: Dynamic gmin stepping completed
Note: Starting dynamic gmin stepping
Note: Dynamic gmin stepping completed
Note: Starting dynamic gmin stepping
Note: Dynamic gmin stepping completed
Note: Starting dynamic gmin stepping
Note: Dynamic gmin stepping completed
Note: Starting dynamic gmin stepping
Note: Dynamic gmin stepping completed
Note: Starting dynamic gmin stepping
Note: Dynamic gmin stepping completed
Note: Starting dynamic gmin stepping
Note: Dynamic gmin stepping completed
Note: Starting dynamic gmin stepping
Note: Dynamic gmin stepping completed
Note: Starting dynamic gmin stepping
Note: Dynamic gmin stepping completed
Note: Starting dynamic gmin stepping
Note: Dynamic gmin stepping completed
Note: Starting dynamic gmin stepping
Note: Dynamic gmin stepping completed
Note: Starting dynamic gmin stepping
Note: Dynamic gmin stepping completed
Note: Starting dynamic gmin stepping
Note: Dynamic gmin stepping completed
Note: Starting dynamic gmin stepping
Note: Dynamic gmin stepping completed
Note: Starting dynamic gmin stepping
Note: Dynamic gmin stepping completed
Note: Starting dynamic gmin stepping
Note: Dynamic gmin stepping completed
Note: Starting dynamic gmin stepping
Note: Dynamic gmin stepping completed
Note: Starting dynamic gmin stepping
Note: Dynamic gmin stepping completed
Note: Starting dynamic gmin stepping
Note: Dynamic gmin stepping completed
Note: Starting dynamic gmin stepping
Note: Dynamic gmin stepping completed
Note: Starting dynamic gmin stepping
Note: Dynamic gmin stepping completed
Note: Starting dynamic gmin stepping
Note: Dynamic gmin stepping completed
Note: Starting dynamic gmin stepping
Note: Dynamic gmin stepping completed
Note: Starting dynamic gmin stepping
Note: Dynamic gmin stepping completed
Note: Starting dynamic gmin stepping
Note: Dynamic gmin stepping completed
Note: Starting dynamic gmin stepping
Note: Dynamic gmin stepping completed
Note: Starting dynamic gmin stepping
Note: Dynamic gmin stepping completed
Note: Starting dynamic gmin stepping
Note: Dynamic gmin stepping completed
Note: Starting dynamic gmin stepping
Note: Dynamic gmin stepping completed
Note: Starting dynamic gmin stepping
Note: Dynamic gmin stepping completed
Note: Starting dynamic gmin stepping
Note: Dynamic gmin stepping completed
Note: Starting dynamic gmin stepping
Note: Dynamic gmin stepping completed
Note: Starting dynamic gmin stepping
Note: Dynamic gmin stepping completed
Note: Starting dynamic gmin stepping
Note: Dynamic gmin stepping completed
Note: Starting dynamic gmin stepping
Note: Dynamic gmin stepping completed
Note: Starting dynamic gmin stepping
Note: Dynamic gmin stepping completed
Note: Starting dynamic gmin stepping
Note: Dynamic gmin stepping completed
Note: Starting dynamic gmin stepping
Note: Dynamic gmin stepping completed
Note: Starting dynamic gmin stepping
Note: Dynamic gmin stepping completed
Note: Starting dynamic gmin stepping
Note: Dynamic gmin stepping completed
Note: Starting dynamic gmin stepping
Note: Dynamic gmin stepping completed
Note: Starting dynamic gmin stepping
Note: Dynamic gmin stepping completed
Note: Starting dynamic gmin stepping
Note: Dynamic gmin stepping completed
Note: Starting dynamic gmin stepping
Note: Dynamic gmin stepping completed
Note: Starting dynamic gmin stepping
Note: Dynamic gmin stepping completed
Note: Starting dynamic gmin stepping
Note: Dynamic gmin stepping completed
Note: Starting dynamic gmin stepping
Note: Dynamic gmin stepping completed
Note: Starting dynamic gmin stepping
Note: Dynamic gmin stepping completed
Note: Starting dynamic gmin stepping
Note: Dynamic gmin stepping completed
Note: Starting dynamic gmin stepping
Note: Dynamic gmin stepping completed
Note: Starting dynamic gmin stepping
Note: Dynamic gmin stepping completed
Note: Starting dynamic gmin stepping
Note: Dynamic gmin stepping completed
Note: Starting dynamic gmin stepping
Note: Dynamic gmin stepping completed
Note: Starting dynamic gmin stepping
Note: Dynamic gmin stepping completed
Note: Starting dynamic gmin stepping
Note: Dynamic gmin stepping completed
Note: Starting dynamic gmin stepping
Note: Dynamic gmin stepping completed
Note: Starting dynamic gmin stepping
Note: Dynamic gmin stepping completed
Note: Starting dynamic gmin stepping
Note: Dynamic gmin stepping completed
Note: Starting dynamic gmin stepping
Note: Dynamic gmin stepping completed
Note: Starting dynamic gmin stepping
Note: Dynamic gmin stepping completed
Note: Starting dynamic gmin stepping
Note: Dynamic gmin stepping completed
Note: Starting dynamic gmin stepping
Note: Dynamic gmin stepping completed
Note: Starting dynamic gmin stepping
Note: Dynamic gmin stepping completed
Note: Starting dynamic gmin stepping
Note: Dynamic gmin stepping completed
Note: Starting dynamic gmin stepping
Note: Dynamic gmin stepping completed
Note: Starting dynamic gmin stepping
Note: Dynamic gmin stepping completed
Note: Starting dynamic gmin stepping
Note: Dynamic gmin stepping completed
Note: Starting dynamic gmin stepping
Note: Dynamic gmin stepping completed
Note: Starting dynamic gmin stepping
Note: Dynamic gmin stepping completed
Note: Starting dynamic gmin stepping
Note: Dynamic gmin stepping completed
Note: Starting dynamic gmin stepping
Note: Dynamic gmin stepping completed
Note: Starting dynamic gmin stepping
Note: Dynamic gmin stepping completed
Note: Starting dynamic gmin stepping
Note: Dynamic gmin stepping completed
Note: Starting dynamic gmin stepping
Note: Dynamic gmin stepping completed
Note: Starting dynamic gmin stepping
Note: Dynamic gmin stepping completed
Note: Starting dynamic gmin stepping
Note: Dynamic gmin stepping completed
Note: Starting dynamic gmin stepping
Note: Dynamic gmin stepping completed
Note: Starting dynamic gmin stepping
Note: Dynamic gmin stepping completed
Note: Starting dynamic gmin stepping
Note: Dynamic gmin stepping completed
Note: Starting dynamic gmin stepping
Note: Dynamic gmin stepping completed
Note: Starting dynamic gmin stepping
Note: Dynamic gmin stepping completed
Note: Starting dynamic gmin stepping
Note: Dynamic gmin stepping completed
Note: Starting dynamic gmin stepping
Note: Dynamic gmin stepping completed
Note: Starting dynamic gmin stepping
Note: Dynamic gmin stepping completed
Note: Starting dynamic gmin stepping
Note: Dynamic gmin stepping completed
Note: Starting dynamic gmin stepping
Note: Dynamic gmin stepping completed
Note: Starting dynamic gmin stepping
Note: Dynamic gmin stepping completed
Note: Starting dynamic gmin stepping
Note: Dynamic gmin stepping completed
Note: Starting dynamic gmin stepping
Note: Dynamic gmin stepping completed
Note: Starting dynamic gmin stepping
Note: Dynamic gmin stepping completed
Note: Starting dynamic gmin stepping
Note: Dynamic gmin stepping completed
Note: Starting dynamic gmin stepping
Note: Dynamic gmin stepping completed
Note: Starting dynamic gmin stepping
Note: Dynamic gmin stepping completed
Note: Starting dynamic gmin stepping
Note: Dynamic gmin stepping completed
Note: Starting dynamic gmin stepping
Note: Dynamic gmin stepping completed
Note: Starting dynamic gmin stepping
Note: Dynamic gmin stepping completed
Note: Starting dynamic gmin stepping
Note: Dynamic gmin stepping completed
Note: Starting dynamic gmin stepping
Note: Dynamic gmin stepping completed
Note: Starting dynamic gmin stepping
Note: Dynamic gmin stepping completed
Note: Starting dynamic gmin stepping
Note: Dynamic gmin stepping completed
Note: Starting dynamic gmin stepping
Note: Dynamic gmin stepping completed
Note: Starting dynamic gmin stepping
Note: Dynamic gmin stepping completed
Note: Starting dynamic gmin stepping
Note: Dynamic gmin stepping completed
Note: Starting dynamic gmin stepping
Note: Dynamic gmin stepping completed
Note: Starting dynamic gmin stepping
Note: Dynamic gmin stepping completed
Note: Starting dynamic gmin stepping
Note: Dynamic gmin stepping completed
Note: Starting dynamic gmin stepping
Note: Dynamic gmin stepping completed
Note: Starting dynamic gmin stepping
Note: Dynamic gmin stepping completed
Note: Starting dynamic gmin stepping
Note: Dynamic gmin stepping completed
Note: Starting dynamic gmin stepping
Note: Dynamic gmin stepping completed
Note: Starting dynamic gmin stepping
Note: Dynamic gmin stepping completed
Note: Starting dynamic gmin stepping
Note: Dynamic gmin stepping completed
Note: Starting dynamic gmin stepping
Note: Dynamic gmin stepping completed
Note: Starting dynamic gmin stepping
Note: Dynamic gmin stepping completed
Note: Starting dynamic gmin stepping
Note: Dynamic gmin stepping completed
Note: Starting dynamic gmin stepping
Note: Dynamic gmin stepping completed
Note: Starting dynamic gmin stepping
Note: Dynamic gmin stepping completed
Note: Starting dynamic gmin stepping
Note: Dynamic gmin stepping completed
Note: Starting dynamic gmin stepping
Note: Dynamic gmin stepping completed
Note: Starting dynamic gmin stepping
Note: Dynamic gmin stepping completed
Note: Starting dynamic gmin stepping
Note: Dynamic gmin stepping completed
Note: Starting dynamic gmin stepping
Note: Dynamic gmin stepping completed
Note: Starting dynamic gmin stepping
Note: Dynamic gmin stepping completed
Note: Starting dynamic gmin stepping
Note: Dynamic gmin stepping completed
Note: Starting dynamic gmin stepping
Note: Dynamic gmin stepping completed
Note: Starting dynamic gmin stepping
Note: Dynamic gmin stepping completed
Note: Starting dynamic gmin stepping
Note: Dynamic gmin stepping completed
Note: Starting dynamic gmin stepping
Note: Dynamic gmin stepping completed
Note: Starting dynamic gmin stepping
Note: Dynamic gmin stepping completed
Note: Starting dynamic gmin stepping
Note: Dynamic gmin stepping completed
Note: Starting dynamic gmin stepping
Note: Dynamic gmin stepping completed
Note: Starting dynamic gmin stepping
Note: Dynamic gmin stepping completed
Note: Starting dynamic gmin stepping
Note: Dynamic gmin stepping completed
Note: Starting dynamic gmin stepping
Note: Dynamic gmin stepping completed
Note: Starting dynamic gmin stepping
Note: Dynamic gmin stepping completed
Note: Starting dynamic gmin stepping
Note: Dynamic gmin stepping completed
Note: Starting dynamic gmin stepping
Note: Dynamic gmin stepping completed
Note: Starting dynamic gmin stepping
Note: Dynamic gmin stepping completed
Note: Starting dynamic gmin stepping
Note: Dynamic gmin stepping completed
Note: Starting dynamic gmin stepping
Note: Dynamic gmin stepping completed
Note: Starting dynamic gmin stepping
Note: Dynamic gmin stepping completed
Note: Starting dynamic gmin stepping
Note: Dynamic gmin stepping completed
Note: Starting dynamic gmin stepping
Note: Dynamic gmin stepping completed
Note: Starting dynamic gmin stepping
Note: Dynamic gmin stepping completed
Note: Starting dynamic gmin stepping
Note: Dynamic gmin stepping completed
Note: Starting dynamic gmin stepping
Note: Dynamic gmin stepping completed
Note: Starting dynamic gmin stepping
Note: Dynamic gmin stepping completed
Note: Starting dynamic gmin stepping
Note: Dynamic gmin stepping completed
Note: Starting dynamic gmin stepping
Note: Dynamic gmin stepping completed
Note: Starting dynamic gmin stepping
Note: Dynamic gmin stepping completed
Note: Starting dynamic gmin stepping
Note: Dynamic gmin stepping completed
Note: Starting dynamic gmin stepping
Note: Dynamic gmin stepping completed
Note: Starting dynamic gmin stepping
Note: Dynamic gmin stepping completed
Note: Starting dynamic gmin stepping
Note: Dynamic gmin stepping completed
Note: Starting dynamic gmin stepping
Note: Dynamic gmin stepping completed
Note: Starting dynamic gmin stepping
Note: Dynamic gmin stepping completed
Note: Starting dynamic gmin stepping
Note: Dynamic gmin stepping completed
Note: Starting dynamic gmin stepping
Note: Dynamic gmin stepping completed
Note: Starting dynamic gmin stepping
Note: Dynamic gmin stepping completed
Note: Starting dynamic gmin stepping
Note: Dynamic gmin stepping completed
Note: Starting dynamic gmin stepping
Note: Dynamic gmin stepping completed
Note: Starting dynamic gmin stepping
Note: Dynamic gmin stepping completed
Note: Starting dynamic gmin stepping
Note: Dynamic gmin stepping completed
Note: Starting dynamic gmin stepping
Note: Dynamic gmin stepping completed
Note: Starting dynamic gmin stepping
Note: Dynamic gmin stepping completed
Note: Starting dynamic gmin stepping
Note: Dynamic gmin stepping completed
Note: Starting dynamic gmin stepping
Note: Dynamic gmin stepping completed
Note: Starting dynamic gmin stepping
Note: Dynamic gmin stepping completed
Note: Starting dynamic gmin stepping
Note: Dynamic gmin stepping completed
Note: Starting dynamic gmin stepping
Note: Dynamic gmin stepping completed
Note: Starting dynamic gmin stepping
Note: Dynamic gmin stepping completed
Note: Starting dynamic gmin stepping
Note: Dynamic gmin stepping completed
Note: Starting dynamic gmin stepping
Note: Dynamic gmin stepping completed
Note: Starting dynamic gmin stepping
Note: Dynamic gmin stepping completed
Note: Starting dynamic gmin stepping
Note: Dynamic gmin stepping completed
Note: Starting dynamic gmin stepping
Note: Dynamic gmin stepping completed
Note: Starting dynamic gmin stepping
Note: Dynamic gmin stepping completed
Note: Starting dynamic gmin stepping
Note: Dynamic gmin stepping completed
Note: Starting dynamic gmin stepping
Note: Dynamic gmin stepping completed
Note: Starting dynamic gmin stepping
Note: Dynamic gmin stepping completed
Note: Starting dynamic gmin stepping
Note: Dynamic gmin stepping completed
Note: Starting dynamic gmin stepping
Note: Dynamic gmin stepping completed
Note: Starting dynamic gmin stepping
Note: Dynamic gmin stepping completed
Note: Starting dynamic gmin stepping
Note: Dynamic gmin stepping completed
Note: Starting dynamic gmin stepping
Note: Dynamic gmin stepping completed
Note: Starting dynamic gmin stepping
Note: Dynamic gmin stepping completed
Note: Starting dynamic gmin stepping
Note: Dynamic gmin stepping completed
Note: Starting dynamic gmin stepping
Note: Dynamic gmin stepping completed
Note: Starting dynamic gmin stepping
Note: Dynamic gmin stepping completed
Note: Starting dynamic gmin stepping
Note: Dynamic gmin stepping completed
Note: Starting dynamic gmin stepping
Note: Dynamic gmin stepping completed
Note: Starting dynamic gmin stepping
Note: Dynamic gmin stepping completed
Note: Starting dynamic gmin stepping
Note: Dynamic gmin stepping completed
Note: Starting dynamic gmin stepping
Note: Dynamic gmin stepping completed
Note: Starting dynamic gmin stepping
Note: Dynamic gmin stepping completed
Note: Starting dynamic gmin stepping
Note: Dynamic gmin stepping completed
Note: Starting dynamic gmin stepping
Note: Dynamic gmin stepping completed
Note: Starting dynamic gmin stepping
Note: Dynamic gmin stepping completed
Note: Starting dynamic gmin stepping
Note: Dynamic gmin stepping completed
Note: Starting dynamic gmin stepping
Note: Dynamic gmin stepping completed
Note: Starting dynamic gmin stepping
Note: Dynamic gmin stepping completed
Note: Starting dynamic gmin stepping
Note: Dynamic gmin stepping completed
Note: Starting dynamic gmin stepping
Note: Dynamic gmin stepping completed
Note: Starting dynamic gmin stepping
Note: Dynamic gmin stepping completed
Note: Starting dynamic gmin stepping
Note: Dynamic gmin stepping completed
Note: Starting dynamic gmin stepping
Note: Dynamic gmin stepping completed
Note: Starting dynamic gmin stepping
Note: Dynamic gmin stepping completed
Note: Starting dynamic gmin stepping
Note: Dynamic gmin stepping completed
Note: Starting dynamic gmin stepping
Note: Dynamic gmin stepping completed
Note: Starting dynamic gmin stepping
Note: Dynamic gmin stepping completed
Note: Starting dynamic gmin stepping
Note: Dynamic gmin stepping completed
Note: Starting dynamic gmin stepping
Note: Dynamic gmin stepping completed
Note: Starting dynamic gmin stepping
Note: Dynamic gmin stepping completed
Note: Starting dynamic gmin stepping
Note: Dynamic gmin stepping completed
Note: Starting dynamic gmin stepping
Note: Dynamic gmin stepping completed
Note: Starting dynamic gmin stepping
Note: Dynamic gmin stepping completed
Note: Starting dynamic gmin stepping
Note: Dynamic gmin stepping completed
Note: Starting dynamic gmin stepping
Note: Dynamic gmin stepping completed
Note: Starting dynamic gmin stepping
Note: Dynamic gmin stepping completed
Note: Starting dynamic gmin stepping
Note: Dynamic gmin stepping completed
Note: Starting dynamic gmin stepping
Note: Dynamic gmin stepping completed
Note: Starting dynamic gmin stepping
Note: Dynamic gmin stepping completed
Note: Starting dynamic gmin stepping
Note: Dynamic gmin stepping completed
Note: Starting dynamic gmin stepping
Note: Dynamic gmin stepping completed
Note: Starting dynamic gmin stepping
Note: Dynamic gmin stepping completed
Note: Starting dynamic gmin stepping
Note: Dynamic gmin stepping completed
Note: Starting dynamic gmin stepping
Note: Dynamic gmin stepping completed
Note: Starting dynamic gmin stepping
Note: Dynamic gmin stepping completed
Note: Starting dynamic gmin stepping
Note: Dynamic gmin stepping completed
Note: Starting dynamic gmin stepping
Note: Dynamic gmin stepping completed
Note: Starting dynamic gmin stepping
Note: Dynamic gmin stepping completed
Note: Starting dynamic gmin stepping
Note: Dynamic gmin stepping completed
Note: Starting dynamic gmin stepping
Note: Dynamic gmin stepping completed
Note: Starting dynamic gmin stepping
Note: Dynamic gmin stepping completed
Note: Starting dynamic gmin stepping
Note: Dynamic gmin stepping completed
Note: Starting dynamic gmin stepping
Note: Dynamic gmin stepping completed
Note: Starting dynamic gmin stepping
Note: Dynamic gmin stepping completed
Note: Starting dynamic gmin stepping
Note: Dynamic gmin stepping completed
Note: Starting dynamic gmin stepping
Note: Dynamic gmin stepping completed
Note: Starting dynamic gmin stepping
Note: Dynamic gmin stepping completed
Note: Starting dynamic gmin stepping
Note: Dynamic gmin stepping completed
Note: Starting dynamic gmin stepping
Note: Dynamic gmin stepping completed
Note: Starting dynamic gmin stepping
Note: Dynamic gmin stepping completed
Note: Starting dynamic gmin stepping
Note: Dynamic gmin stepping completed
Note: Starting dynamic gmin stepping
Note: Dynamic gmin stepping completed
Note: Starting dynamic gmin stepping
Note: Dynamic gmin stepping completed
Note: Starting dynamic gmin stepping
Note: Dynamic gmin stepping completed
Note: Starting dynamic gmin stepping
Note: Dynamic gmin stepping completed
Note: Starting dynamic gmin stepping
Note: Dynamic gmin stepping completed
Note: Starting dynamic gmin stepping
Note: Dynamic gmin stepping completed
Note: Starting dynamic gmin stepping
Note: Dynamic gmin stepping completed
Note: Starting dynamic gmin stepping
Note: Dynamic gmin stepping completed
Note: Starting dynamic gmin stepping
Note: Dynamic gmin stepping completed
Note: Starting dynamic gmin stepping
Note: Dynamic gmin stepping completed
Note: Starting dynamic gmin stepping
Note: Dynamic gmin stepping completed
Note: Starting dynamic gmin stepping
Note: Dynamic gmin stepping completed
Note: Starting dynamic gmin stepping
Note: Dynamic gmin stepping completed
Note: Starting dynamic gmin stepping
Note: Dynamic gmin stepping completed
Note: Starting dynamic gmin stepping
Note: Dynamic gmin stepping completed
Note: Starting dynamic gmin stepping
Note: Dynamic gmin stepping completed
Note: Starting dynamic gmin stepping
Note: Dynamic gmin stepping completed
Note: Starting dynamic gmin stepping
Note: Dynamic gmin stepping completed
Note: Starting dynamic gmin stepping
Note: Dynamic gmin stepping completed
Note: Starting dynamic gmin stepping
Note: Dynamic gmin stepping completed
Note: Starting dynamic gmin stepping
Note: Dynamic gmin stepping completed
Note: Starting dynamic gmin stepping
Note: Dynamic gmin stepping completed
Note: Starting dynamic gmin stepping
Note: Dynamic gmin stepping completed
Note: Starting dynamic gmin stepping
Note: Dynamic gmin stepping completed
Note: Starting dynamic gmin stepping
Note: Dynamic gmin stepping completed
Note: Starting dynamic gmin stepping
Note: Dynamic gmin stepping completed
Note: Starting dynamic gmin stepping
Note: Dynamic gmin stepping completed
Note: Starting dynamic gmin stepping
Note: Dynamic gmin stepping completed
Note: Starting dynamic gmin stepping
Note: Dynamic gmin stepping completed
Note: Starting dynamic gmin stepping
Note: Dynamic gmin stepping completed
Note: Starting dynamic gmin stepping
Note: Dynamic gmin stepping completed
Note: Starting dynamic gmin stepping
Note: Dynamic gmin stepping completed
Note: Starting dynamic gmin stepping
Note: Dynamic gmin stepping completed
Note: Starting dynamic gmin stepping
Note: Dynamic gmin stepping completed
Note: Starting dynamic gmin stepping
Note: Dynamic gmin stepping completed
Note: Starting dynamic gmin stepping
Note: Dynamic gmin stepping completed
Note: Starting dynamic gmin stepping
Note: Dynamic gmin stepping completed
Note: Starting dynamic gmin stepping
Note: Dynamic gmin stepping completed
Note: Starting dynamic gmin stepping
Note: Dynamic gmin stepping completed
Note: Starting dynamic gmin stepping
Note: Dynamic gmin stepping completed
Note: Starting dynamic gmin stepping
Note: Dynamic gmin stepping completed
Note: Starting dynamic gmin stepping
Note: Dynamic gmin stepping completed
Note: Starting dynamic gmin stepping
Note: Dynamic gmin stepping completed
Note: Starting dynamic gmin stepping
Note: Dynamic gmin stepping completed
Note: Starting dynamic gmin stepping
Note: Dynamic gmin stepping completed
Note: Starting dynamic gmin stepping
Note: Dynamic gmin stepping completed
Note: Starting dynamic gmin stepping
Note: Dynamic gmin stepping completed
Note: Starting dynamic gmin stepping
Note: Dynamic gmin stepping completed
Note: Starting dynamic gmin stepping
Note: Dynamic gmin stepping completed
Note: Starting dynamic gmin stepping
Note: Dynamic gmin stepping completed
Note: Starting dynamic gmin stepping
Note: Dynamic gmin stepping completed
Note: Starting dynamic gmin stepping
Note: Dynamic gmin stepping completed
Note: Starting dynamic gmin stepping
Note: Dynamic gmin stepping completed
Note: Starting dynamic gmin stepping
Note: Dynamic gmin stepping completed
Note: Starting dynamic gmin stepping
Note: Dynamic gmin stepping completed
Note: Starting dynamic gmin stepping
Note: Dynamic gmin stepping completed
Note: Starting dynamic gmin stepping
Note: Dynamic gmin stepping completed
Note: Starting dynamic gmin stepping
Note: Dynamic gmin stepping completed
Note: Starting dynamic gmin stepping
Note: Dynamic gmin stepping completed
Note: Starting dynamic gmin stepping
Note: Dynamic gmin stepping completed
Note: Starting dynamic gmin stepping
Note: Dynamic gmin stepping completed
Note: Starting dynamic gmin stepping
Note: Dynamic gmin stepping completed
Note: Starting dynamic gmin stepping
Note: Dynamic gmin stepping completed
Note: Starting dynamic gmin stepping
Note: Dynamic gmin stepping completed
Note: Starting dynamic gmin stepping
Note: Dynamic gmin stepping completed
Note: Starting dynamic gmin stepping
Note: Dynamic gmin stepping completed
Note: Starting dynamic gmin stepping
Note: Dynamic gmin stepping completed
Note: Starting dynamic gmin stepping
Note: Dynamic gmin stepping completed
Note: Starting dynamic gmin stepping
Note: Dynamic gmin stepping completed
Note: Starting dynamic gmin stepping
Note: Dynamic gmin stepping completed
Note: Starting dynamic gmin stepping
Note: Dynamic gmin stepping completed
Note: Starting dynamic gmin stepping
Note: Dynamic gmin stepping completed
Note: Starting dynamic gmin stepping
Note: Dynamic gmin stepping completed
Note: Starting dynamic gmin stepping
Note: Dynamic gmin stepping completed
Note: Starting dynamic gmin stepping
Note: Dynamic gmin stepping completed
Note: Starting dynamic gmin stepping
Note: Dynamic gmin stepping completed
Note: Starting dynamic gmin stepping
Note: Dynamic gmin stepping completed
Note: Starting dynamic gmin stepping
Note: Dynamic gmin stepping completed
Note: Starting dynamic gmin stepping
Note: Dynamic gmin stepping completed
Note: Starting dynamic gmin stepping
Note: Dynamic gmin stepping completed
Note: Starting dynamic gmin stepping
Note: Dynamic gmin stepping completed
Note: Starting dynamic gmin stepping
Note: Dynamic gmin stepping completed
Note: Starting dynamic gmin stepping
Note: Dynamic gmin stepping completed
Note: Starting dynamic gmin stepping
Note: Dynamic gmin stepping completed
Note: Starting dynamic gmin stepping
Note: Dynamic gmin stepping completed
Note: Starting dynamic gmin stepping
Note: Dynamic gmin stepping completed
Note: Starting dynamic gmin stepping
Note: Dynamic gmin stepping completed
Note: Starting dynamic gmin stepping
Note: Dynamic gmin stepping completed
Note: Starting dynamic gmin stepping
Note: Dynamic gmin stepping completed
Note: Starting dynamic gmin stepping
Note: Dynamic gmin stepping completed
Note: Starting dynamic gmin stepping
Note: Dynamic gmin stepping completed
Note: Starting dynamic gmin stepping
Note: Dynamic gmin stepping completed
Note: Starting dynamic gmin stepping
Note: Dynamic gmin stepping completed
Note: Starting dynamic gmin stepping
Note: Dynamic gmin stepping completed
Note: Starting dynamic gmin stepping
Note: Dynamic gmin stepping completed
Note: Starting dynamic gmin stepping
Note: Dynamic gmin stepping completed
Note: Starting dynamic gmin stepping
Note: Dynamic gmin stepping completed
Note: Starting dynamic gmin stepping
Note: Dynamic gmin stepping completed
Note: Starting dynamic gmin stepping
Note: Dynamic gmin stepping completed
Note: Starting dynamic gmin stepping
Note: Dynamic gmin stepping completed
Note: Starting dynamic gmin stepping
Note: Dynamic gmin stepping completed
Note: Starting dynamic gmin stepping
Note: Dynamic gmin stepping completed
Note: Starting dynamic gmin stepping
Note: Dynamic gmin stepping completed
Note: Starting dynamic gmin stepping
Note: Dynamic gmin stepping completed
Note: Starting dynamic gmin stepping
Note: Dynamic gmin stepping completed
Note: Starting dynamic gmin stepping
Note: Dynamic gmin stepping completed
Note: Starting dynamic gmin stepping
Note: Dynamic gmin stepping completed
Note: Starting dynamic gmin stepping
Note: Dynamic gmin stepping completed
Note: Starting dynamic gmin stepping
Note: Dynamic gmin stepping completed
Note: Starting dynamic gmin stepping
Note: Dynamic gmin stepping completed
Note: Starting dynamic gmin stepping
Note: Dynamic gmin stepping completed
Note: Starting dynamic gmin stepping
Note: Dynamic gmin stepping completed
Note: Starting dynamic gmin stepping
Note: Dynamic gmin stepping completed
Note: Starting dynamic gmin stepping
Note: Dynamic gmin stepping completed
Note: Starting dynamic gmin stepping
Note: Dynamic gmin stepping completed
Note: Starting dynamic gmin stepping
Note: Dynamic gmin stepping completed
Note: Starting dynamic gmin stepping
Note: Dynamic gmin stepping completed
Note: Starting dynamic gmin stepping
Note: Dynamic gmin stepping completed
Note: Starting dynamic gmin stepping
Note: Dynamic gmin stepping completed
Note: Starting dynamic gmin stepping
Note: Dynamic gmin stepping completed
Note: Starting dynamic gmin stepping
Note: Dynamic gmin stepping completed
Note: Starting dynamic gmin stepping
Note: Dynamic gmin stepping completed
Note: Starting dynamic gmin stepping
Note: Dynamic gmin stepping completed
Note: Starting dynamic gmin stepping
Note: Dynamic gmin stepping completed
Note: Starting dynamic gmin stepping
Note: Dynamic gmin stepping completed
Note: Starting dynamic gmin stepping
Note: Dynamic gmin stepping completed
Note: Starting dynamic gmin stepping
Note: Dynamic gmin stepping completed
Note: Starting dynamic gmin stepping
Note: Dynamic gmin stepping completed
Note: Starting dynamic gmin stepping
Note: Dynamic gmin stepping completed
Note: Starting dynamic gmin stepping
Note: Dynamic gmin stepping completed
Note: Starting dynamic gmin stepping
Note: Dynamic gmin stepping completed
Note: Starting dynamic gmin stepping
Note: Dynamic gmin stepping completed
Note: Starting dynamic gmin stepping
Note: Dynamic gmin stepping completed
Note: Starting dynamic gmin stepping
Note: Dynamic gmin stepping completed
Note: Starting dynamic gmin stepping
Note: Dynamic gmin stepping completed
Note: Starting dynamic gmin stepping
Note: Dynamic gmin stepping completed
Note: Starting dynamic gmin stepping
Note: Dynamic gmin stepping completed
Note: Starting dynamic gmin stepping
Note: Dynamic gmin stepping completed
Note: Starting dynamic gmin stepping
Note: Dynamic gmin stepping completed
Note: Starting dynamic gmin stepping
Note: Dynamic gmin stepping completed
Note: Starting dynamic gmin stepping
Note: Dynamic gmin stepping completed
Note: Starting dynamic gmin stepping
Note: Dynamic gmin stepping completed
Note: Starting dynamic gmin stepping
Note: Dynamic gmin stepping completed
Note: Starting dynamic gmin stepping
Note: Dynamic gmin stepping completed
Note: Starting dynamic gmin stepping
Note: Dynamic gmin stepping completed
Note: Starting dynamic gmin stepping
Note: Dynamic gmin stepping completed
Note: Starting dynamic gmin stepping
Note: Dynamic gmin stepping completed
Note: Starting dynamic gmin stepping
Note: Dynamic gmin stepping completed
Note: Starting dynamic gmin stepping
Note: Dynamic gmin stepping completed
Note: Starting dynamic gmin stepping
Note: Dynamic gmin stepping completed
Note: Starting dynamic gmin stepping
Note: Dynamic gmin stepping completed
Note: Starting dynamic gmin stepping
Note: Dynamic gmin stepping completed
Note: Starting dynamic gmin stepping
Note: Dynamic gmin stepping completed
Note: Starting dynamic gmin stepping
Note: Dynamic gmin stepping completed
Note: Starting dynamic gmin stepping
Note: Dynamic gmin stepping completed
Note: Starting dynamic gmin stepping
Note: Dynamic gmin stepping completed
Note: Starting dynamic gmin stepping
Note: Dynamic gmin stepping completed
Note: Starting dynamic gmin stepping
Note: Dynamic gmin stepping completed
Note: Starting dynamic gmin stepping
Note: Dynamic gmin stepping completed
Note: Starting dynamic gmin stepping
Note: Dynamic gmin stepping completed
Note: Starting dynamic gmin stepping
Note: Dynamic gmin stepping completed
Note: Starting dynamic gmin stepping
Note: Dynamic gmin stepping completed
Note: Starting dynamic gmin stepping
Note: Dynamic gmin stepping completed
Note: Starting dynamic gmin stepping
Note: Dynamic gmin stepping completed
Note: Starting dynamic gmin stepping
Note: Dynamic gmin stepping completed
Note: Starting dynamic gmin stepping
Note: Dynamic gmin stepping completed
Note: Starting dynamic gmin stepping
Note: Dynamic gmin stepping completed
Note: Starting dynamic gmin stepping
Note: Dynamic gmin stepping completed
Note: Starting dynamic gmin stepping
Note: Dynamic gmin stepping completed
Note: Starting dynamic gmin stepping
Note: Dynamic gmin stepping completed
Note: Starting dynamic gmin stepping
Note: Dynamic gmin stepping completed
Note: Starting dynamic gmin stepping
Note: Dynamic gmin stepping completed
Note: Starting dynamic gmin stepping
Note: Dynamic gmin stepping completed
Note: Starting dynamic gmin stepping
Note: Dynamic gmin stepping completed
Note: Starting dynamic gmin stepping
Note: Dynamic gmin stepping completed
Note: Starting dynamic gmin stepping
Note: Dynamic gmin stepping completed
Note: Starting dynamic gmin stepping
Note: Dynamic gmin stepping completed
Note: Starting dynamic gmin stepping
Note: Dynamic gmin stepping completed
Note: Starting dynamic gmin stepping
Note: Dynamic gmin stepping completed
Note: Starting dynamic gmin stepping
Note: Dynamic gmin stepping completed
Note: Starting dynamic gmin stepping
Note: Dynamic gmin stepping completed
Note: Starting dynamic gmin stepping
Note: Dynamic gmin stepping completed
Note: Starting dynamic gmin stepping
Note: Dynamic gmin stepping completed
Note: Starting dynamic gmin stepping
Note: Dynamic gmin stepping completed
Note: Starting dynamic gmin stepping
Note: Dynamic gmin stepping completed
Note: Starting dynamic gmin stepping
Note: Dynamic gmin stepping completed
Note: Starting dynamic gmin stepping
Note: Dynamic gmin stepping completed
Note: Starting dynamic gmin stepping
Note: Dynamic gmin stepping completed
Note: Starting dynamic gmin stepping
Note: Dynamic gmin stepping completed
Note: Starting dynamic gmin stepping
Note: Dynamic gmin stepping completed
Note: Starting dynamic gmin stepping
Note: Dynamic gmin stepping completed
Note: Starting dynamic gmin stepping
Note: Dynamic gmin stepping completed
Note: Starting dynamic gmin stepping
Note: Dynamic gmin stepping completed
Note: Starting dynamic gmin stepping
Note: Dynamic gmin stepping completed
Note: Starting dynamic gmin stepping
Note: Dynamic gmin stepping completed
Note: Starting dynamic gmin stepping
Note: Dynamic gmin stepping completed
Note: Starting dynamic gmin stepping
Note: Dynamic gmin stepping completed
Note: Starting dynamic gmin stepping
Note: Dynamic gmin stepping completed
Note: Starting dynamic gmin stepping
Note: Dynamic gmin stepping completed
Note: Starting dynamic gmin stepping
Note: Dynamic gmin stepping completed
Note: Starting dynamic gmin stepping
Note: Dynamic gmin stepping completed
Note: Starting dynamic gmin stepping
Note: Dynamic gmin stepping completed
Note: Starting dynamic gmin stepping
Note: Dynamic gmin stepping completed
Note: Starting dynamic gmin stepping
Note: Dynamic gmin stepping completed
Note: Starting dynamic gmin stepping
Note: Dynamic gmin stepping completed
Note: Starting dynamic gmin stepping
Note: Dynamic gmin stepping completed
Note: Starting dynamic gmin stepping
Note: Dynamic gmin stepping completed
Note: Starting dynamic gmin stepping
Note: Dynamic gmin stepping completed
Note: Starting dynamic gmin stepping
Note: Dynamic gmin stepping completed
Note: Starting dynamic gmin stepping
Note: Dynamic gmin stepping completed
Note: Starting dynamic gmin stepping
Note: Dynamic gmin stepping completed
Note: Starting dynamic gmin stepping
Note: Dynamic gmin stepping completed
Note: Starting dynamic gmin stepping
Note: Dynamic gmin stepping completed
Note: Starting dynamic gmin stepping
Note: Dynamic gmin stepping completed
Note: Starting dynamic gmin stepping
Note: Dynamic gmin stepping completed
Note: Starting dynamic gmin stepping
Note: Dynamic gmin stepping completed
Note: Starting dynamic gmin stepping
Note: Dynamic gmin stepping completed
Note: Starting dynamic gmin stepping
Note: Dynamic gmin stepping completed
Note: Starting dynamic gmin stepping
Note: Dynamic gmin stepping completed
Note: Starting dynamic gmin stepping
Note: Dynamic gmin stepping completed
Note: Starting dynamic gmin stepping
Note: Dynamic gmin stepping completed
Note: Starting dynamic gmin stepping
Note: Dynamic gmin stepping completed
Note: Starting dynamic gmin stepping
Note: Dynamic gmin stepping completed
Note: Starting dynamic gmin stepping
Note: Dynamic gmin stepping completed
Note: Starting dynamic gmin stepping
Note: Dynamic gmin stepping completed
Note: Starting dynamic gmin stepping
Note: Dynamic gmin stepping completed
Note: Starting dynamic gmin stepping
Note: Dynamic gmin stepping completed
Note: Starting dynamic gmin stepping
Note: Dynamic gmin stepping completed
Note: Starting dynamic gmin stepping
Note: Dynamic gmin stepping completed
Note: Starting dynamic gmin stepping
Note: Dynamic gmin stepping completed
Note: Starting dynamic gmin stepping
Note: Dynamic gmin stepping completed
Note: Starting dynamic gmin stepping
Note: Dynamic gmin stepping completed
Note: Starting dynamic gmin stepping
Note: Dynamic gmin stepping completed
Note: Starting dynamic gmin stepping
Note: Dynamic gmin stepping completed
Note: Starting dynamic gmin stepping
Note: Dynamic gmin stepping completed
Note: Starting dynamic gmin stepping
Note: Dynamic gmin stepping completed
Note: Starting dynamic gmin stepping
Note: Dynamic gmin stepping completed
Note: Starting dynamic gmin stepping
Note: Dynamic gmin stepping completed
Note: Starting dynamic gmin stepping
Note: Dynamic gmin stepping completed
Note: Starting dynamic gmin stepping
Note: Dynamic gmin stepping completed
Note: Starting dynamic gmin stepping
Note: Dynamic gmin stepping completed
Note: Starting dynamic gmin stepping
Note: Dynamic gmin stepping completed
Note: Starting dynamic gmin stepping
Note: Dynamic gmin stepping completed
Note: Starting dynamic gmin stepping
Note: Dynamic gmin stepping completed
Note: Starting dynamic gmin stepping
Note: Dynamic gmin stepping completed
Note: Starting dynamic gmin stepping
Note: Dynamic gmin stepping completed
Note: Starting dynamic gmin stepping
Note: Dynamic gmin stepping completed
Note: Starting dynamic gmin stepping
Note: Dynamic gmin stepping completed
Note: Starting dynamic gmin stepping
Note: Dynamic gmin stepping completed
Note: Starting dynamic gmin stepping
Note: Dynamic gmin stepping completed
Note: Starting dynamic gmin stepping
Note: Dynamic gmin stepping completed
Note: Starting dynamic gmin stepping
Note: Dynamic gmin stepping completed
Note: Starting dynamic gmin stepping
Note: Dynamic gmin stepping completed
Note: Starting dynamic gmin stepping
Note: Dynamic gmin stepping completed
Note: Starting dynamic gmin stepping
Note: Dynamic gmin stepping completed
Note: Starting dynamic gmin stepping
Note: Dynamic gmin stepping completed
Note: Starting dynamic gmin stepping
Note: Dynamic gmin stepping completed
Note: Starting dynamic gmin stepping
Note: Dynamic gmin stepping completed
Note: Starting dynamic gmin stepping
Note: Dynamic gmin stepping completed
Note: Starting dynamic gmin stepping
Note: Dynamic gmin stepping completed
Note: Starting dynamic gmin stepping
Note: Dynamic gmin stepping completed
Note: Starting dynamic gmin stepping
Note: Dynamic gmin stepping completed
Note: Starting dynamic gmin stepping
Note: Dynamic gmin stepping completed
Note: Starting dynamic gmin stepping
Note: Dynamic gmin stepping completed
Note: Starting dynamic gmin stepping
Note: Dynamic gmin stepping completed
Note: Starting dynamic gmin stepping
Note: Dynamic gmin stepping completed
Note: Starting dynamic gmin stepping
Note: Dynamic gmin stepping completed
Note: Starting dynamic gmin stepping
Note: Dynamic gmin stepping completed
Note: Starting dynamic gmin stepping
Note: Dynamic gmin stepping completed
Note: Starting dynamic gmin stepping
Note: Dynamic gmin stepping completed
Note: Starting dynamic gmin stepping
Note: Dynamic gmin stepping completed
Note: Starting dynamic gmin stepping
Note: Dynamic gmin stepping completed
Note: Starting dynamic gmin stepping
Note: Dynamic gmin stepping completed
Note: Starting dynamic gmin stepping
Note: Dynamic gmin stepping completed
Note: Starting dynamic gmin stepping
Note: Dynamic gmin stepping completed
Note: Starting dynamic gmin stepping
Note: Dynamic gmin stepping completed
Note: Starting dynamic gmin stepping
Note: Dynamic gmin stepping completed
Note: Starting dynamic gmin stepping
Note: Dynamic gmin stepping completed
Note: Starting dynamic gmin stepping
Note: Dynamic gmin stepping completed
Note: Starting dynamic gmin stepping
Note: Dynamic gmin stepping completed
Note: Starting dynamic gmin stepping
Note: Dynamic gmin stepping completed
Note: Starting dynamic gmin stepping
Note: Dynamic gmin stepping completed
Note: Starting dynamic gmin stepping
Note: Dynamic gmin stepping completed
Note: Starting dynamic gmin stepping
Note: Dynamic gmin stepping completed
Note: Starting dynamic gmin stepping
Note: Dynamic gmin stepping completed
Note: Starting dynamic gmin stepping
Note: Dynamic gmin stepping completed
Note: Starting dynamic gmin stepping
Note: Dynamic gmin stepping completed
Note: Starting dynamic gmin stepping
Note: Dynamic gmin stepping completed
Note: Starting dynamic gmin stepping
Note: Dynamic gmin stepping completed
Note: Starting dynamic gmin stepping
Note: Dynamic gmin stepping completed
Note: Starting dynamic gmin stepping
Note: Dynamic gmin stepping completed
Note: Starting dynamic gmin stepping
Note: Dynamic gmin stepping completed
Note: Starting dynamic gmin stepping
Note: Dynamic gmin stepping completed
Note: Starting dynamic gmin stepping
Note: Dynamic gmin stepping completed
Note: Starting dynamic gmin stepping
Note: Dynamic gmin stepping completed
