
Note: No compatibility mode selected!


Circuit: * comparator-offset-mc @ tt_125c_3.30v -- generated by sim/harness, do not edit

Reset re-loads circuit * comparator-offset-mc @ tt_125c_3.30v -- generated by sim/harness, do not edit

Circuit: * comparator-offset-mc @ tt_125c_3.30v -- generated by sim/harness, do not edit

Doing analysis at TEMP = 125.000000 and TNOM = 27.000000

Using SPARSE 1.3 as Direct Linear Solver

No. of Data Rows : 6
voa = 1.4425483480e-03
ddc = -2.749700415e-07
dde = 2.6682263661e-07
Reset re-loads circuit * comparator-offset-mc @ tt_125c_3.30v -- generated by sim/harness, do not edit

Circuit: * comparator-offset-mc @ tt_125c_3.30v -- generated by sim/harness, do not edit

Doing analysis at TEMP = 125.000000 and TNOM = 27.000000

Using SPARSE 1.3 as Direct Linear Solver

No. of Data Rows : 6
voa = 1.4391693726e-03
ddc = -1.103991961e-07
dde = 1.0843827558e-07
Reset re-loads circuit * comparator-offset-mc @ tt_125c_3.30v -- generated by sim/harness, do not edit

Circuit: * comparator-offset-mc @ tt_125c_3.30v -- generated by sim/harness, do not edit

Doing analysis at TEMP = 125.000000 and TNOM = 27.000000

Using SPARSE 1.3 as Direct Linear Solver

No. of Data Rows : 6
voa = -1.018722481e-03
ddc = 6.1360221985e-08
dde = -6.059557719e-08
Reset re-loads circuit * comparator-offset-mc @ tt_125c_3.30v -- generated by sim/harness, do not edit

Circuit: * comparator-offset-mc @ tt_125c_3.30v -- generated by sim/harness, do not edit

Doing analysis at TEMP = 125.000000 and TNOM = 27.000000

Using SPARSE 1.3 as Direct Linear Solver

No. of Data Rows : 6
voa = 2.7634438664e-04
ddc = -4.193845181e-08
dde = 4.0797368030e-08
Reset re-loads circuit * comparator-offset-mc @ tt_125c_3.30v -- generated by sim/harness, do not edit

Circuit: * comparator-offset-mc @ tt_125c_3.30v -- generated by sim/harness, do not edit

Doing analysis at TEMP = 125.000000 and TNOM = 27.000000

Using SPARSE 1.3 as Direct Linear Solver

No. of Data Rows : 6
voa = -4.298811952e-04
ddc = 4.6617182663e-08
dde = -4.360181936e-08
Reset re-loads circuit * comparator-offset-mc @ tt_125c_3.30v -- generated by sim/harness, do not edit

Circuit: * comparator-offset-mc @ tt_125c_3.30v -- generated by sim/harness, do not edit

Doing analysis at TEMP = 125.000000 and TNOM = 27.000000

Using SPARSE 1.3 as Direct Linear Solver

No. of Data Rows : 6
voa = 1.8626347028e-03
ddc = -1.681693006e-07
dde = 1.1964122085e-07
Reset re-loads circuit * comparator-offset-mc @ tt_125c_3.30v -- generated by sim/harness, do not edit

Circuit: * comparator-offset-mc @ tt_125c_3.30v -- generated by sim/harness, do not edit

Doing analysis at TEMP = 125.000000 and TNOM = 27.000000

Using SPARSE 1.3 as Direct Linear Solver

No. of Data Rows : 6
voa = 1.8754902627e-03
ddc = -1.476959286e-07
dde = 1.4498352409e-07
Reset re-loads circuit * comparator-offset-mc @ tt_125c_3.30v -- generated by sim/harness, do not edit

Circuit: * comparator-offset-mc @ tt_125c_3.30v -- generated by sim/harness, do not edit

Doing analysis at TEMP = 125.000000 and TNOM = 27.000000

Using SPARSE 1.3 as Direct Linear Solver

No. of Data Rows : 6
voa = -1.365862078e-04
ddc = 5.4292811373e-08
dde = -5.245796517e-08
Reset re-loads circuit * comparator-offset-mc @ tt_125c_3.30v -- generated by sim/harness, do not edit

Circuit: * comparator-offset-mc @ tt_125c_3.30v -- generated by sim/harness, do not edit

Doing analysis at TEMP = 125.000000 and TNOM = 27.000000

Using SPARSE 1.3 as Direct Linear Solver

No. of Data Rows : 6
voa = 1.3076853249e-03
ddc = 2.2099414909e-09
dde = -9.884094374e-09
Reset re-loads circuit * comparator-offset-mc @ tt_125c_3.30v -- generated by sim/harness, do not edit

Circuit: * comparator-offset-mc @ tt_125c_3.30v -- generated by sim/harness, do not edit

Doing analysis at TEMP = 125.000000 and TNOM = 27.000000

Using SPARSE 1.3 as Direct Linear Solver

No. of Data Rows : 6
voa = -7.266490270e-04
ddc = -4.513035498e-08
dde = 4.2333836625e-08
Reset re-loads circuit * comparator-offset-mc @ tt_125c_3.30v -- generated by sim/harness, do not edit

Circuit: * comparator-offset-mc @ tt_125c_3.30v -- generated by sim/harness, do not edit

Doing analysis at TEMP = 125.000000 and TNOM = 27.000000

Using SPARSE 1.3 as Direct Linear Solver
 Reference value :  0.00000e+00
No. of Data Rows : 6
voa = -3.541521401e-03
ddc = 3.8156062363e-07
dde = -3.730345414e-07
Reset re-loads circuit * comparator-offset-mc @ tt_125c_3.30v -- generated by sim/harness, do not edit

Circuit: * comparator-offset-mc @ tt_125c_3.30v -- generated by sim/harness, do not edit

Doing analysis at TEMP = 125.000000 and TNOM = 27.000000

Using SPARSE 1.3 as Direct Linear Solver

No. of Data Rows : 6
voa = -6.856794578e-04
ddc = 1.3557409911e-07
dde = -1.315077777e-07
Reset re-loads circuit * comparator-offset-mc @ tt_125c_3.30v -- generated by sim/harness, do not edit

Circuit: * comparator-offset-mc @ tt_125c_3.30v -- generated by sim/harness, do not edit

Doing analysis at TEMP = 125.000000 and TNOM = 27.000000

Using SPARSE 1.3 as Direct Linear Solver

No. of Data Rows : 6
voa = -5.663321271e-04
ddc = 1.0102756519e-07
dde = -9.811201055e-08
Reset re-loads circuit * comparator-offset-mc @ tt_125c_3.30v -- generated by sim/harness, do not edit

Circuit: * comparator-offset-mc @ tt_125c_3.30v -- generated by sim/harness, do not edit

Doing analysis at TEMP = 125.000000 and TNOM = 27.000000

Using SPARSE 1.3 as Direct Linear Solver

No. of Data Rows : 6
voa = -3.353060378e-04
ddc = 4.5581968875e-08
dde = -4.440605185e-08
Reset re-loads circuit * comparator-offset-mc @ tt_125c_3.30v -- generated by sim/harness, do not edit

Circuit: * comparator-offset-mc @ tt_125c_3.30v -- generated by sim/harness, do not edit

Doing analysis at TEMP = 125.000000 and TNOM = 27.000000

Using SPARSE 1.3 as Direct Linear Solver

No. of Data Rows : 6
voa = 3.3706762628e-03
ddc = -5.635389325e-07
dde = 5.4746522417e-07
Reset re-loads circuit * comparator-offset-mc @ tt_125c_3.30v -- generated by sim/harness, do not edit

Circuit: * comparator-offset-mc @ tt_125c_3.30v -- generated by sim/harness, do not edit

Doing analysis at TEMP = 125.000000 and TNOM = 27.000000

Using SPARSE 1.3 as Direct Linear Solver

No. of Data Rows : 6
voa = -5.727513294e-04
ddc = 1.1038171079e-07
dde = -1.048115657e-07
Reset re-loads circuit * comparator-offset-mc @ tt_125c_3.30v -- generated by sim/harness, do not edit

Circuit: * comparator-offset-mc @ tt_125c_3.30v -- generated by sim/harness, do not edit

Doing analysis at TEMP = 125.000000 and TNOM = 27.000000

Using SPARSE 1.3 as Direct Linear Solver

No. of Data Rows : 6
voa = -1.289111802e-03
ddc = 2.2523462357e-07
dde = -2.187677380e-07
Reset re-loads circuit * comparator-offset-mc @ tt_125c_3.30v -- generated by sim/harness, do not edit

Circuit: * comparator-offset-mc @ tt_125c_3.30v -- generated by sim/harness, do not edit

Doing analysis at TEMP = 125.000000 and TNOM = 27.000000

Using SPARSE 1.3 as Direct Linear Solver

No. of Data Rows : 6
voa = 5.1650130923e-04
ddc = -8.750632831e-08
dde = 8.5024930741e-08
Reset re-loads circuit * comparator-offset-mc @ tt_125c_3.30v -- generated by sim/harness, do not edit

Circuit: * comparator-offset-mc @ tt_125c_3.30v -- generated by sim/harness, do not edit

Doing analysis at TEMP = 125.000000 and TNOM = 27.000000

Using SPARSE 1.3 as Direct Linear Solver

No. of Data Rows : 6
voa = -1.780037454e-03
ddc = 2.7721919199e-07
dde = -2.695562432e-07
Reset re-loads circuit * comparator-offset-mc @ tt_125c_3.30v -- generated by sim/harness, do not edit

Circuit: * comparator-offset-mc @ tt_125c_3.30v -- generated by sim/harness, do not edit

Doing analysis at TEMP = 125.000000 and TNOM = 27.000000

Using SPARSE 1.3 as Direct Linear Solver

No. of Data Rows : 6
voa = -1.471674883e-03
ddc = 1.3456268821e-07
dde = -1.317343663e-07
Reset re-loads circuit * comparator-offset-mc @ tt_125c_3.30v -- generated by sim/harness, do not edit

Circuit: * comparator-offset-mc @ tt_125c_3.30v -- generated by sim/harness, do not edit

Doing analysis at TEMP = 125.000000 and TNOM = 27.000000

Using SPARSE 1.3 as Direct Linear Solver

No. of Data Rows : 6
voa = -2.221564424e-03
ddc = 1.1953781796e-07
dde = -1.183608753e-07
Reset re-loads circuit * comparator-offset-mc @ tt_125c_3.30v -- generated by sim/harness, do not edit

Circuit: * comparator-offset-mc @ tt_125c_3.30v -- generated by sim/harness, do not edit

Doing analysis at TEMP = 125.000000 and TNOM = 27.000000

Using SPARSE 1.3 as Direct Linear Solver

No. of Data Rows : 6
voa = -1.547051341e-03
ddc = 1.6621112049e-07
dde = -1.623216145e-07
Reset re-loads circuit * comparator-offset-mc @ tt_125c_3.30v -- generated by sim/harness, do not edit

Circuit: * comparator-offset-mc @ tt_125c_3.30v -- generated by sim/harness, do not edit

Doing analysis at TEMP = 125.000000 and TNOM = 27.000000

Using SPARSE 1.3 as Direct Linear Solver
 Reference value :  0.00000e+00
No. of Data Rows : 6
voa = 1.5486286422e-03
ddc = -9.018967553e-09
dde = 1.0959626417e-08
Reset re-loads circuit * comparator-offset-mc @ tt_125c_3.30v -- generated by sim/harness, do not edit

Circuit: * comparator-offset-mc @ tt_125c_3.30v -- generated by sim/harness, do not edit

Doing analysis at TEMP = 125.000000 and TNOM = 27.000000

Using SPARSE 1.3 as Direct Linear Solver

No. of Data Rows : 6
voa = 1.0061043229e-03
ddc = -1.473475354e-07
dde = 1.4338989288e-07
Reset re-loads circuit * comparator-offset-mc @ tt_125c_3.30v -- generated by sim/harness, do not edit

Circuit: * comparator-offset-mc @ tt_125c_3.30v -- generated by sim/harness, do not edit

Doing analysis at TEMP = 125.000000 and TNOM = 27.000000

Using SPARSE 1.3 as Direct Linear Solver

No. of Data Rows : 6
voa = -1.426561225e-03
ddc = 1.9196084520e-07
dde = -1.868855327e-07
Reset re-loads circuit * comparator-offset-mc @ tt_125c_3.30v -- generated by sim/harness, do not edit

Circuit: * comparator-offset-mc @ tt_125c_3.30v -- generated by sim/harness, do not edit

Doing analysis at TEMP = 125.000000 and TNOM = 27.000000

Using SPARSE 1.3 as Direct Linear Solver

No. of Data Rows : 6
voa = 8.7096358976e-04
ddc = 3.2132731343e-09
dde = -1.891276241e-09
Reset re-loads circuit * comparator-offset-mc @ tt_125c_3.30v -- generated by sim/harness, do not edit

Circuit: * comparator-offset-mc @ tt_125c_3.30v -- generated by sim/harness, do not edit

Doing analysis at TEMP = 125.000000 and TNOM = 27.000000

Using SPARSE 1.3 as Direct Linear Solver

No. of Data Rows : 6
voa = 9.7435998288e-04
ddc = 6.3862574399e-08
dde = -5.994928676e-08
Reset re-loads circuit * comparator-offset-mc @ tt_125c_3.30v -- generated by sim/harness, do not edit

Circuit: * comparator-offset-mc @ tt_125c_3.30v -- generated by sim/harness, do not edit

Doing analysis at TEMP = 125.000000 and TNOM = 27.000000

Using SPARSE 1.3 as Direct Linear Solver

No. of Data Rows : 6
voa = 2.4231027886e-03
ddc = -1.078018817e-07
dde = 1.0737043185e-07
Reset re-loads circuit * comparator-offset-mc @ tt_125c_3.30v -- generated by sim/harness, do not edit

Circuit: * comparator-offset-mc @ tt_125c_3.30v -- generated by sim/harness, do not edit

Doing analysis at TEMP = 125.000000 and TNOM = 27.000000

Using SPARSE 1.3 as Direct Linear Solver

No. of Data Rows : 6
voa = 1.7748951011e-03
ddc = -1.634499002e-07
dde = 1.5205349030e-07
Reset re-loads circuit * comparator-offset-mc @ tt_125c_3.30v -- generated by sim/harness, do not edit

Circuit: * comparator-offset-mc @ tt_125c_3.30v -- generated by sim/harness, do not edit

Doing analysis at TEMP = 125.000000 and TNOM = 27.000000

Using SPARSE 1.3 as Direct Linear Solver

No. of Data Rows : 6
voa = 2.5722940304e-04
ddc = -9.186860773e-08
dde = 8.8849391609e-08
Reset re-loads circuit * comparator-offset-mc @ tt_125c_3.30v -- generated by sim/harness, do not edit

Circuit: * comparator-offset-mc @ tt_125c_3.30v -- generated by sim/harness, do not edit

Doing analysis at TEMP = 125.000000 and TNOM = 27.000000

Using SPARSE 1.3 as Direct Linear Solver

No. of Data Rows : 6
voa = 1.7961552627e-03
ddc = -1.773901029e-07
dde = 1.7343897922e-07
Reset re-loads circuit * comparator-offset-mc @ tt_125c_3.30v -- generated by sim/harness, do not edit

Circuit: * comparator-offset-mc @ tt_125c_3.30v -- generated by sim/harness, do not edit

Doing analysis at TEMP = 125.000000 and TNOM = 27.000000

Using SPARSE 1.3 as Direct Linear Solver

No. of Data Rows : 6
voa = -1.105738833e-03
ddc = 1.6210693764e-07
dde = -1.576333972e-07
Reset re-loads circuit * comparator-offset-mc @ tt_125c_3.30v -- generated by sim/harness, do not edit

Circuit: * comparator-offset-mc @ tt_125c_3.30v -- generated by sim/harness, do not edit

Doing analysis at TEMP = 125.000000 and TNOM = 27.000000

Using SPARSE 1.3 as Direct Linear Solver

No. of Data Rows : 6
voa = 8.4155155705e-04
ddc = -2.765452856e-07
dde = 2.6247195296e-07
Reset re-loads circuit * comparator-offset-mc @ tt_125c_3.30v -- generated by sim/harness, do not edit

Circuit: * comparator-offset-mc @ tt_125c_3.30v -- generated by sim/harness, do not edit

Doing analysis at TEMP = 125.000000 and TNOM = 27.000000

Using SPARSE 1.3 as Direct Linear Solver

No. of Data Rows : 6
voa = 1.5468090030e-03
ddc = -1.177256278e-07
dde = 1.1562631123e-07
Reset re-loads circuit * comparator-offset-mc @ tt_125c_3.30v -- generated by sim/harness, do not edit

Circuit: * comparator-offset-mc @ tt_125c_3.30v -- generated by sim/harness, do not edit

Doing analysis at TEMP = 125.000000 and TNOM = 27.000000

Using SPARSE 1.3 as Direct Linear Solver
 Reference value :  0.00000e+00
No. of Data Rows : 6
voa = -1.922299775e-03
ddc = 1.3046519156e-07
dde = -1.284120486e-07
Reset re-loads circuit * comparator-offset-mc @ tt_125c_3.30v -- generated by sim/harness, do not edit

Circuit: * comparator-offset-mc @ tt_125c_3.30v -- generated by sim/harness, do not edit

Doing analysis at TEMP = 125.000000 and TNOM = 27.000000

Using SPARSE 1.3 as Direct Linear Solver

No. of Data Rows : 6
voa = -9.387441292e-05
ddc = 9.4328604679e-09
dde = -9.221484415e-09
Reset re-loads circuit * comparator-offset-mc @ tt_125c_3.30v -- generated by sim/harness, do not edit

Circuit: * comparator-offset-mc @ tt_125c_3.30v -- generated by sim/harness, do not edit

Doing analysis at TEMP = 125.000000 and TNOM = 27.000000

Using SPARSE 1.3 as Direct Linear Solver

No. of Data Rows : 6
voa = 1.6615705893e-03
ddc = -2.487729091e-07
dde = 2.4192272200e-07
Reset re-loads circuit * comparator-offset-mc @ tt_125c_3.30v -- generated by sim/harness, do not edit

Circuit: * comparator-offset-mc @ tt_125c_3.30v -- generated by sim/harness, do not edit

Doing analysis at TEMP = 125.000000 and TNOM = 27.000000

Using SPARSE 1.3 as Direct Linear Solver

No. of Data Rows : 6
voa = 7.2912814023e-04
ddc = -1.189825446e-07
dde = 1.1564910427e-07
Reset re-loads circuit * comparator-offset-mc @ tt_125c_3.30v -- generated by sim/harness, do not edit

Circuit: * comparator-offset-mc @ tt_125c_3.30v -- generated by sim/harness, do not edit

Doing analysis at TEMP = 125.000000 and TNOM = 27.000000

Using SPARSE 1.3 as Direct Linear Solver

No. of Data Rows : 6
voa = 1.9373810229e-03
ddc = -1.561737209e-08
dde = 1.2278537542e-08
Reset re-loads circuit * comparator-offset-mc @ tt_125c_3.30v -- generated by sim/harness, do not edit

Circuit: * comparator-offset-mc @ tt_125c_3.30v -- generated by sim/harness, do not edit

Doing analysis at TEMP = 125.000000 and TNOM = 27.000000

Using SPARSE 1.3 as Direct Linear Solver

No. of Data Rows : 6
voa = 1.2975469064e-04
ddc = 3.4852594299e-08
dde = -3.334586312e-08
Reset re-loads circuit * comparator-offset-mc @ tt_125c_3.30v -- generated by sim/harness, do not edit

Circuit: * comparator-offset-mc @ tt_125c_3.30v -- generated by sim/harness, do not edit

Doing analysis at TEMP = 125.000000 and TNOM = 27.000000

Using SPARSE 1.3 as Direct Linear Solver

No. of Data Rows : 6
voa = 2.4775584218e-03
ddc = -2.636096629e-07
dde = 2.5745591005e-07
Reset re-loads circuit * comparator-offset-mc @ tt_125c_3.30v -- generated by sim/harness, do not edit

Circuit: * comparator-offset-mc @ tt_125c_3.30v -- generated by sim/harness, do not edit

Doing analysis at TEMP = 125.000000 and TNOM = 27.000000

Using SPARSE 1.3 as Direct Linear Solver

No. of Data Rows : 6
voa = 1.7189520707e-03
ddc = -2.249512385e-07
dde = 2.1912651330e-07
Reset re-loads circuit * comparator-offset-mc @ tt_125c_3.30v -- generated by sim/harness, do not edit

Circuit: * comparator-offset-mc @ tt_125c_3.30v -- generated by sim/harness, do not edit

Doing analysis at TEMP = 125.000000 and TNOM = 27.000000

Using SPARSE 1.3 as Direct Linear Solver

No. of Data Rows : 6
voa = 1.5213094311e-03
ddc = -1.012348974e-07
dde = 9.9701711790e-08
Reset re-loads circuit * comparator-offset-mc @ tt_125c_3.30v -- generated by sim/harness, do not edit

Circuit: * comparator-offset-mc @ tt_125c_3.30v -- generated by sim/harness, do not edit

Doing analysis at TEMP = 125.000000 and TNOM = 27.000000

Using SPARSE 1.3 as Direct Linear Solver

No. of Data Rows : 6
voa = -1.261570460e-03
ddc = 4.5911900085e-10
dde = -2.397822593e-09
Reset re-loads circuit * comparator-offset-mc @ tt_125c_3.30v -- generated by sim/harness, do not edit

Circuit: * comparator-offset-mc @ tt_125c_3.30v -- generated by sim/harness, do not edit

Doing analysis at TEMP = 125.000000 and TNOM = 27.000000

Using SPARSE 1.3 as Direct Linear Solver

No. of Data Rows : 6
voa = 3.1372661342e-03
ddc = -2.315734015e-07
dde = 2.2763418556e-07
Reset re-loads circuit * comparator-offset-mc @ tt_125c_3.30v -- generated by sim/harness, do not edit

Circuit: * comparator-offset-mc @ tt_125c_3.30v -- generated by sim/harness, do not edit

Doing analysis at TEMP = 125.000000 and TNOM = 27.000000

Using SPARSE 1.3 as Direct Linear Solver
 Reference value :  0.00000e+00
No. of Data Rows : 6
voa = -1.250311560e-04
ddc = 1.6045978866e-07
dde = -1.546545416e-07
Reset re-loads circuit * comparator-offset-mc @ tt_125c_3.30v -- generated by sim/harness, do not edit

Circuit: * comparator-offset-mc @ tt_125c_3.30v -- generated by sim/harness, do not edit

Doing analysis at TEMP = 125.000000 and TNOM = 27.000000

Using SPARSE 1.3 as Direct Linear Solver

No. of Data Rows : 6
voa = -2.577931221e-03
ddc = 1.6079884935e-07
dde = -1.586513789e-07
Reset re-loads circuit * comparator-offset-mc @ tt_125c_3.30v -- generated by sim/harness, do not edit

Circuit: * comparator-offset-mc @ tt_125c_3.30v -- generated by sim/harness, do not edit

Doing analysis at TEMP = 125.000000 and TNOM = 27.000000

Using SPARSE 1.3 as Direct Linear Solver

No. of Data Rows : 6
voa = 1.2766418834e-03
ddc = -5.961921493e-08
dde = 5.9337444098e-08
Reset re-loads circuit * comparator-offset-mc @ tt_125c_3.30v -- generated by sim/harness, do not edit

Circuit: * comparator-offset-mc @ tt_125c_3.30v -- generated by sim/harness, do not edit

Doing analysis at TEMP = 125.000000 and TNOM = 27.000000

Using SPARSE 1.3 as Direct Linear Solver

No. of Data Rows : 6
voa = 2.0820135795e-03
ddc = -2.653100788e-07
dde = 2.5862109748e-07
Reset re-loads circuit * comparator-offset-mc @ tt_125c_3.30v -- generated by sim/harness, do not edit

Circuit: * comparator-offset-mc @ tt_125c_3.30v -- generated by sim/harness, do not edit

Doing analysis at TEMP = 125.000000 and TNOM = 27.000000

Using SPARSE 1.3 as Direct Linear Solver

No. of Data Rows : 6
voa = 1.8012888853e-03
ddc = -1.817217611e-07
dde = 1.7763675132e-07
Reset re-loads circuit * comparator-offset-mc @ tt_125c_3.30v -- generated by sim/harness, do not edit

Circuit: * comparator-offset-mc @ tt_125c_3.30v -- generated by sim/harness, do not edit

Doing analysis at TEMP = 125.000000 and TNOM = 27.000000

Using SPARSE 1.3 as Direct Linear Solver

No. of Data Rows : 6
voa = -2.847803280e-03
ddc = 3.0169035695e-07
dde = -2.946167709e-07
Reset re-loads circuit * comparator-offset-mc @ tt_125c_3.30v -- generated by sim/harness, do not edit

Circuit: * comparator-offset-mc @ tt_125c_3.30v -- generated by sim/harness, do not edit

Doing analysis at TEMP = 125.000000 and TNOM = 27.000000

Using SPARSE 1.3 as Direct Linear Solver

No. of Data Rows : 6
voa = -4.328486149e-05
ddc = -2.283458390e-08
dde = 2.1961479457e-08
Reset re-loads circuit * comparator-offset-mc @ tt_125c_3.30v -- generated by sim/harness, do not edit

Circuit: * comparator-offset-mc @ tt_125c_3.30v -- generated by sim/harness, do not edit

Doing analysis at TEMP = 125.000000 and TNOM = 27.000000

Using SPARSE 1.3 as Direct Linear Solver

No. of Data Rows : 6
voa = -1.143632618e-03
ddc = 2.9677370474e-07
dde = -2.871798189e-07
Reset re-loads circuit * comparator-offset-mc @ tt_125c_3.30v -- generated by sim/harness, do not edit

Circuit: * comparator-offset-mc @ tt_125c_3.30v -- generated by sim/harness, do not edit

Doing analysis at TEMP = 125.000000 and TNOM = 27.000000

Using SPARSE 1.3 as Direct Linear Solver

No. of Data Rows : 6
voa = 2.2531874918e-03
ddc = -8.897654783e-08
dde = 8.9031768690e-08
Reset re-loads circuit * comparator-offset-mc @ tt_125c_3.30v -- generated by sim/harness, do not edit

Circuit: * comparator-offset-mc @ tt_125c_3.30v -- generated by sim/harness, do not edit

Doing analysis at TEMP = 125.000000 and TNOM = 27.000000

Using SPARSE 1.3 as Direct Linear Solver

No. of Data Rows : 6
voa = 2.1847069531e-03
ddc = -1.028403231e-07
dde = 1.0227187658e-07
Reset re-loads circuit * comparator-offset-mc @ tt_125c_3.30v -- generated by sim/harness, do not edit

Circuit: * comparator-offset-mc @ tt_125c_3.30v -- generated by sim/harness, do not edit

Doing analysis at TEMP = 125.000000 and TNOM = 27.000000

Using SPARSE 1.3 as Direct Linear Solver

No. of Data Rows : 6
voa = 2.5128927237e-03
ddc = -8.195049792e-08
dde = 8.2619988052e-08
Reset re-loads circuit * comparator-offset-mc @ tt_125c_3.30v -- generated by sim/harness, do not edit

Circuit: * comparator-offset-mc @ tt_125c_3.30v -- generated by sim/harness, do not edit

Doing analysis at TEMP = 125.000000 and TNOM = 27.000000

Using SPARSE 1.3 as Direct Linear Solver

No. of Data Rows : 6
voa = -1.460826653e-03
ddc = 4.1331941927e-08
dde = -4.193877324e-08
Reset re-loads circuit * comparator-offset-mc @ tt_125c_3.30v -- generated by sim/harness, do not edit

Circuit: * comparator-offset-mc @ tt_125c_3.30v -- generated by sim/harness, do not edit

Doing analysis at TEMP = 125.000000 and TNOM = 27.000000

Using SPARSE 1.3 as Direct Linear Solver
 Reference value :  0.00000e+00
No. of Data Rows : 6
voa = -5.579375787e-04
ddc = -5.308760545e-08
dde = 5.0187199319e-08
Reset re-loads circuit * comparator-offset-mc @ tt_125c_3.30v -- generated by sim/harness, do not edit

Circuit: * comparator-offset-mc @ tt_125c_3.30v -- generated by sim/harness, do not edit

Doing analysis at TEMP = 125.000000 and TNOM = 27.000000

Using SPARSE 1.3 as Direct Linear Solver

No. of Data Rows : 6
voa = 1.2003190964e-03
ddc = -1.202359943e-07
dde = 1.1754512958e-07
Reset re-loads circuit * comparator-offset-mc @ tt_125c_3.30v -- generated by sim/harness, do not edit

Circuit: * comparator-offset-mc @ tt_125c_3.30v -- generated by sim/harness, do not edit

Doing analysis at TEMP = 125.000000 and TNOM = 27.000000

Using SPARSE 1.3 as Direct Linear Solver

No. of Data Rows : 6
voa = -2.117965273e-03
ddc = 2.7852955127e-07
dde = -2.712303419e-07
Reset re-loads circuit * comparator-offset-mc @ tt_125c_3.30v -- generated by sim/harness, do not edit

Circuit: * comparator-offset-mc @ tt_125c_3.30v -- generated by sim/harness, do not edit

Doing analysis at TEMP = 125.000000 and TNOM = 27.000000

Using SPARSE 1.3 as Direct Linear Solver

No. of Data Rows : 6
voa = -1.342044926e-03
ddc = 1.1746688361e-07
dde = -1.150907455e-07
Reset re-loads circuit * comparator-offset-mc @ tt_125c_3.30v -- generated by sim/harness, do not edit

Circuit: * comparator-offset-mc @ tt_125c_3.30v -- generated by sim/harness, do not edit

Doing analysis at TEMP = 125.000000 and TNOM = 27.000000

Using SPARSE 1.3 as Direct Linear Solver

No. of Data Rows : 6
voa = 1.0810974353e-03
ddc = 4.1388546606e-08
dde = -3.813999742e-08
Reset re-loads circuit * comparator-offset-mc @ tt_125c_3.30v -- generated by sim/harness, do not edit

Circuit: * comparator-offset-mc @ tt_125c_3.30v -- generated by sim/harness, do not edit

Doing analysis at TEMP = 125.000000 and TNOM = 27.000000

Using SPARSE 1.3 as Direct Linear Solver

No. of Data Rows : 6
voa = 2.7202503078e-03
ddc = -2.984530751e-07
dde = 2.9136639951e-07
Reset re-loads circuit * comparator-offset-mc @ tt_125c_3.30v -- generated by sim/harness, do not edit

Circuit: * comparator-offset-mc @ tt_125c_3.30v -- generated by sim/harness, do not edit

Doing analysis at TEMP = 125.000000 and TNOM = 27.000000

Using SPARSE 1.3 as Direct Linear Solver

No. of Data Rows : 6
voa = -2.762697072e-03
ddc = 3.9521233700e-07
dde = -3.844760438e-07
Reset re-loads circuit * comparator-offset-mc @ tt_125c_3.30v -- generated by sim/harness, do not edit

Circuit: * comparator-offset-mc @ tt_125c_3.30v -- generated by sim/harness, do not edit

Doing analysis at TEMP = 125.000000 and TNOM = 27.000000

Using SPARSE 1.3 as Direct Linear Solver

No. of Data Rows : 6
voa = 3.8843704145e-04
ddc = -1.208253330e-07
dde = 1.1692357899e-07
Reset re-loads circuit * comparator-offset-mc @ tt_125c_3.30v -- generated by sim/harness, do not edit

Circuit: * comparator-offset-mc @ tt_125c_3.30v -- generated by sim/harness, do not edit

Doing analysis at TEMP = 125.000000 and TNOM = 27.000000

Using SPARSE 1.3 as Direct Linear Solver

No. of Data Rows : 6
voa = -1.197500126e-03
ddc = 8.3460801529e-08
dde = -8.215996689e-08
Reset re-loads circuit * comparator-offset-mc @ tt_125c_3.30v -- generated by sim/harness, do not edit

Circuit: * comparator-offset-mc @ tt_125c_3.30v -- generated by sim/harness, do not edit

Doing analysis at TEMP = 125.000000 and TNOM = 27.000000

Using SPARSE 1.3 as Direct Linear Solver

No. of Data Rows : 6
voa = -2.473019337e-03
ddc = 3.3217394940e-07
dde = -3.234313136e-07
Reset re-loads circuit * comparator-offset-mc @ tt_125c_3.30v -- generated by sim/harness, do not edit

Circuit: * comparator-offset-mc @ tt_125c_3.30v -- generated by sim/harness, do not edit

Doing analysis at TEMP = 125.000000 and TNOM = 27.000000

Using SPARSE 1.3 as Direct Linear Solver

No. of Data Rows : 6
voa = 1.6494896575e-03
ddc = -2.063944668e-07
dde = 2.0116654954e-07
Reset re-loads circuit * comparator-offset-mc @ tt_125c_3.30v -- generated by sim/harness, do not edit

Circuit: * comparator-offset-mc @ tt_125c_3.30v -- generated by sim/harness, do not edit

Doing analysis at TEMP = 125.000000 and TNOM = 27.000000

Using SPARSE 1.3 as Direct Linear Solver
 Reference value :  0.00000e+00
No. of Data Rows : 6
voa = 1.0934227219e-03
ddc = -2.186575763e-07
dde = 2.1210600974e-07
Reset re-loads circuit * comparator-offset-mc @ tt_125c_3.30v -- generated by sim/harness, do not edit

Circuit: * comparator-offset-mc @ tt_125c_3.30v -- generated by sim/harness, do not edit

Doing analysis at TEMP = 125.000000 and TNOM = 27.000000

Using SPARSE 1.3 as Direct Linear Solver

No. of Data Rows : 6
voa = 1.4208401934e-03
ddc = -1.958514061e-07
dde = 1.9062616518e-07
Reset re-loads circuit * comparator-offset-mc @ tt_125c_3.30v -- generated by sim/harness, do not edit

Circuit: * comparator-offset-mc @ tt_125c_3.30v -- generated by sim/harness, do not edit

Doing analysis at TEMP = 125.000000 and TNOM = 27.000000

Using SPARSE 1.3 as Direct Linear Solver

No. of Data Rows : 6
voa = 4.1160501037e-03
ddc = -3.937459541e-07
dde = 3.8505098702e-07
Reset re-loads circuit * comparator-offset-mc @ tt_125c_3.30v -- generated by sim/harness, do not edit

Circuit: * comparator-offset-mc @ tt_125c_3.30v -- generated by sim/harness, do not edit

Doing analysis at TEMP = 125.000000 and TNOM = 27.000000

Using SPARSE 1.3 as Direct Linear Solver

No. of Data Rows : 6
voa = -2.031675335e-03
ddc = 1.1939223329e-07
dde = -1.179610625e-07
Reset re-loads circuit * comparator-offset-mc @ tt_125c_3.30v -- generated by sim/harness, do not edit

Circuit: * comparator-offset-mc @ tt_125c_3.30v -- generated by sim/harness, do not edit

Doing analysis at TEMP = 125.000000 and TNOM = 27.000000

Using SPARSE 1.3 as Direct Linear Solver

No. of Data Rows : 6
voa = 2.5843934706e-04
ddc = -3.614021628e-08
dde = 3.5170645534e-08
Reset re-loads circuit * comparator-offset-mc @ tt_125c_3.30v -- generated by sim/harness, do not edit

Circuit: * comparator-offset-mc @ tt_125c_3.30v -- generated by sim/harness, do not edit

Doing analysis at TEMP = 125.000000 and TNOM = 27.000000

Using SPARSE 1.3 as Direct Linear Solver

No. of Data Rows : 6
voa = -2.453523485e-03
ddc = 1.5412815240e-07
dde = -1.519663890e-07
Reset re-loads circuit * comparator-offset-mc @ tt_125c_3.30v -- generated by sim/harness, do not edit

Circuit: * comparator-offset-mc @ tt_125c_3.30v -- generated by sim/harness, do not edit

Doing analysis at TEMP = 125.000000 and TNOM = 27.000000

Using SPARSE 1.3 as Direct Linear Solver

No. of Data Rows : 6
voa = -5.238679348e-05
ddc = -6.369048272e-08
dde = 6.1305449161e-08
Reset re-loads circuit * comparator-offset-mc @ tt_125c_3.30v -- generated by sim/harness, do not edit

Circuit: * comparator-offset-mc @ tt_125c_3.30v -- generated by sim/harness, do not edit

Doing analysis at TEMP = 125.000000 and TNOM = 27.000000

Using SPARSE 1.3 as Direct Linear Solver

No. of Data Rows : 6
voa = -1.725382704e-03
ddc = 1.0859338365e-07
dde = -1.071044633e-07
Reset re-loads circuit * comparator-offset-mc @ tt_125c_3.30v -- generated by sim/harness, do not edit

Circuit: * comparator-offset-mc @ tt_125c_3.30v -- generated by sim/harness, do not edit

Doing analysis at TEMP = 125.000000 and TNOM = 27.000000

Using SPARSE 1.3 as Direct Linear Solver

No. of Data Rows : 6
voa = -3.943862891e-04
ddc = 4.4443841356e-08
dde = -4.337548401e-08
Reset re-loads circuit * comparator-offset-mc @ tt_125c_3.30v -- generated by sim/harness, do not edit

Circuit: * comparator-offset-mc @ tt_125c_3.30v -- generated by sim/harness, do not edit

Doing analysis at TEMP = 125.000000 and TNOM = 27.000000

Using SPARSE 1.3 as Direct Linear Solver

No. of Data Rows : 6
voa = 1.9787628140e-03
ddc = -2.335711998e-07
dde = 2.2786178570e-07
Reset re-loads circuit * comparator-offset-mc @ tt_125c_3.30v -- generated by sim/harness, do not edit

Circuit: * comparator-offset-mc @ tt_125c_3.30v -- generated by sim/harness, do not edit

Doing analysis at TEMP = 125.000000 and TNOM = 27.000000

Using SPARSE 1.3 as Direct Linear Solver

No. of Data Rows : 6
voa = -4.612836302e-04
ddc = 1.2259141711e-07
dde = -1.186561918e-07
Reset re-loads circuit * comparator-offset-mc @ tt_125c_3.30v -- generated by sim/harness, do not edit

Circuit: * comparator-offset-mc @ tt_125c_3.30v -- generated by sim/harness, do not edit

Doing analysis at TEMP = 125.000000 and TNOM = 27.000000

Using SPARSE 1.3 as Direct Linear Solver
 Reference value :  0.00000e+00
No. of Data Rows : 6
voa = -1.478157235e-03
ddc = 1.3151526580e-07
dde = -1.288095021e-07
Reset re-loads circuit * comparator-offset-mc @ tt_125c_3.30v -- generated by sim/harness, do not edit

Circuit: * comparator-offset-mc @ tt_125c_3.30v -- generated by sim/harness, do not edit

Doing analysis at TEMP = 125.000000 and TNOM = 27.000000

Using SPARSE 1.3 as Direct Linear Solver

No. of Data Rows : 6
voa = -4.583339466e-04
ddc = -5.922813333e-08
dde = 5.6275830200e-08
Reset re-loads circuit * comparator-offset-mc @ tt_125c_3.30v -- generated by sim/harness, do not edit

Circuit: * comparator-offset-mc @ tt_125c_3.30v -- generated by sim/harness, do not edit

Doing analysis at TEMP = 125.000000 and TNOM = 27.000000

Using SPARSE 1.3 as Direct Linear Solver

No. of Data Rows : 6
voa = -1.224683152e-03
ddc = 7.5260211506e-08
dde = -7.428896500e-08
Reset re-loads circuit * comparator-offset-mc @ tt_125c_3.30v -- generated by sim/harness, do not edit

Circuit: * comparator-offset-mc @ tt_125c_3.30v -- generated by sim/harness, do not edit

Doing analysis at TEMP = 125.000000 and TNOM = 27.000000

Using SPARSE 1.3 as Direct Linear Solver

No. of Data Rows : 6
voa = 2.4929947773e-03
ddc = -3.419841972e-07
dde = 3.3292294142e-07
Reset re-loads circuit * comparator-offset-mc @ tt_125c_3.30v -- generated by sim/harness, do not edit

Circuit: * comparator-offset-mc @ tt_125c_3.30v -- generated by sim/harness, do not edit

Doing analysis at TEMP = 125.000000 and TNOM = 27.000000

Using SPARSE 1.3 as Direct Linear Solver

No. of Data Rows : 6
voa = 2.0375853648e-03
ddc = -1.404199130e-07
dde = 1.3819678449e-07
Reset re-loads circuit * comparator-offset-mc @ tt_125c_3.30v -- generated by sim/harness, do not edit

Circuit: * comparator-offset-mc @ tt_125c_3.30v -- generated by sim/harness, do not edit

Doing analysis at TEMP = 125.000000 and TNOM = 27.000000

Using SPARSE 1.3 as Direct Linear Solver

No. of Data Rows : 6
voa = -3.369966618e-04
ddc = -1.875697638e-08
dde = 1.7465307607e-08
Reset re-loads circuit * comparator-offset-mc @ tt_125c_3.30v -- generated by sim/harness, do not edit

Circuit: * comparator-offset-mc @ tt_125c_3.30v -- generated by sim/harness, do not edit

Doing analysis at TEMP = 125.000000 and TNOM = 27.000000

Using SPARSE 1.3 as Direct Linear Solver

No. of Data Rows : 6
voa = -1.814974903e-03
ddc = 2.6642236124e-07
dde = -2.591583939e-07
Reset re-loads circuit * comparator-offset-mc @ tt_125c_3.30v -- generated by sim/harness, do not edit

Circuit: * comparator-offset-mc @ tt_125c_3.30v -- generated by sim/harness, do not edit

Doing analysis at TEMP = 125.000000 and TNOM = 27.000000

Using SPARSE 1.3 as Direct Linear Solver

No. of Data Rows : 6
voa = 9.4449594029e-04
ddc = -9.225496823e-08
dde = 9.0209108481e-08
Reset re-loads circuit * comparator-offset-mc @ tt_125c_3.30v -- generated by sim/harness, do not edit

Circuit: * comparator-offset-mc @ tt_125c_3.30v -- generated by sim/harness, do not edit

Doing analysis at TEMP = 125.000000 and TNOM = 27.000000

Using SPARSE 1.3 as Direct Linear Solver

No. of Data Rows : 6
voa = -1.162903124e-03
ddc = 1.6788614804e-07
dde = -1.633830502e-07
Reset re-loads circuit * comparator-offset-mc @ tt_125c_3.30v -- generated by sim/harness, do not edit

Circuit: * comparator-offset-mc @ tt_125c_3.30v -- generated by sim/harness, do not edit

Doing analysis at TEMP = 125.000000 and TNOM = 27.000000

Using SPARSE 1.3 as Direct Linear Solver

No. of Data Rows : 6
voa = 1.0720448949e-03
ddc = -1.932048332e-07
dde = 1.8765554821e-07
Reset re-loads circuit * comparator-offset-mc @ tt_125c_3.30v -- generated by sim/harness, do not edit

Circuit: * comparator-offset-mc @ tt_125c_3.30v -- generated by sim/harness, do not edit

Doing analysis at TEMP = 125.000000 and TNOM = 27.000000

Using SPARSE 1.3 as Direct Linear Solver

No. of Data Rows : 6
voa = -1.195265933e-03
ddc = 1.5106358737e-07
dde = -1.472150128e-07
Reset re-loads circuit * comparator-offset-mc @ tt_125c_3.30v -- generated by sim/harness, do not edit

Circuit: * comparator-offset-mc @ tt_125c_3.30v -- generated by sim/harness, do not edit

Doing analysis at TEMP = 125.000000 and TNOM = 27.000000

Using SPARSE 1.3 as Direct Linear Solver
 Reference value :  0.00000e+00
No. of Data Rows : 6
voa = 7.5439980775e-05
ddc = -7.763539298e-08
dde = 7.4841847465e-08
Reset re-loads circuit * comparator-offset-mc @ tt_125c_3.30v -- generated by sim/harness, do not edit

Circuit: * comparator-offset-mc @ tt_125c_3.30v -- generated by sim/harness, do not edit

Doing analysis at TEMP = 125.000000 and TNOM = 27.000000

Using SPARSE 1.3 as Direct Linear Solver

No. of Data Rows : 6
voa = -1.151807978e-03
ddc = 1.5529742866e-07
dde = -1.511553629e-07
Reset re-loads circuit * comparator-offset-mc @ tt_125c_3.30v -- generated by sim/harness, do not edit

Circuit: * comparator-offset-mc @ tt_125c_3.30v -- generated by sim/harness, do not edit

Doing analysis at TEMP = 125.000000 and TNOM = 27.000000

Using SPARSE 1.3 as Direct Linear Solver

No. of Data Rows : 6
voa = -1.850093148e-03
ddc = 1.8242260506e-07
dde = -1.783811547e-07
Reset re-loads circuit * comparator-offset-mc @ tt_125c_3.30v -- generated by sim/harness, do not edit

Circuit: * comparator-offset-mc @ tt_125c_3.30v -- generated by sim/harness, do not edit

Doing analysis at TEMP = 125.000000 and TNOM = 27.000000

Using SPARSE 1.3 as Direct Linear Solver

No. of Data Rows : 6
voa = 4.5523059627e-04
ddc = 1.1483457521e-07
dde = -1.097116848e-07
Reset re-loads circuit * comparator-offset-mc @ tt_125c_3.30v -- generated by sim/harness, do not edit

Circuit: * comparator-offset-mc @ tt_125c_3.30v -- generated by sim/harness, do not edit

Doing analysis at TEMP = 125.000000 and TNOM = 27.000000

Using SPARSE 1.3 as Direct Linear Solver

No. of Data Rows : 6
voa = 3.6025394526e-03
ddc = -2.945701277e-07
dde = 3.1882059460e-07
Reset re-loads circuit * comparator-offset-mc @ tt_125c_3.30v -- generated by sim/harness, do not edit

Circuit: * comparator-offset-mc @ tt_125c_3.30v -- generated by sim/harness, do not edit

Doing analysis at TEMP = 125.000000 and TNOM = 27.000000

Using SPARSE 1.3 as Direct Linear Solver

No. of Data Rows : 6
voa = 1.9066932806e-04
ddc = -4.457459887e-08
dde = 4.3179926685e-08
Reset re-loads circuit * comparator-offset-mc @ tt_125c_3.30v -- generated by sim/harness, do not edit

Circuit: * comparator-offset-mc @ tt_125c_3.30v -- generated by sim/harness, do not edit

Doing analysis at TEMP = 125.000000 and TNOM = 27.000000

Using SPARSE 1.3 as Direct Linear Solver

No. of Data Rows : 6
voa = -1.144078618e-03
ddc = 1.1637768981e-07
dde = -1.137504510e-07
Reset re-loads circuit * comparator-offset-mc @ tt_125c_3.30v -- generated by sim/harness, do not edit

Circuit: * comparator-offset-mc @ tt_125c_3.30v -- generated by sim/harness, do not edit

Doing analysis at TEMP = 125.000000 and TNOM = 27.000000

Using SPARSE 1.3 as Direct Linear Solver

No. of Data Rows : 6
voa = -1.686301343e-03
ddc = 7.1060211098e-08
dde = -7.096795570e-08
Reset re-loads circuit * comparator-offset-mc @ tt_125c_3.30v -- generated by sim/harness, do not edit

Circuit: * comparator-offset-mc @ tt_125c_3.30v -- generated by sim/harness, do not edit

Doing analysis at TEMP = 125.000000 and TNOM = 27.000000

Using SPARSE 1.3 as Direct Linear Solver

No. of Data Rows : 6
voa = 4.6100873340e-04
ddc = 2.5804109007e-10
dde = 4.5035879366e-10
Reset re-loads circuit * comparator-offset-mc @ tt_125c_3.30v -- generated by sim/harness, do not edit

Circuit: * comparator-offset-mc @ tt_125c_3.30v -- generated by sim/harness, do not edit

Doing analysis at TEMP = 125.000000 and TNOM = 27.000000

Using SPARSE 1.3 as Direct Linear Solver

No. of Data Rows : 6
voa = -4.308699527e-03
ddc = 4.5586410581e-07
dde = -4.359346244e-07
Reset re-loads circuit * comparator-offset-mc @ tt_125c_3.30v -- generated by sim/harness, do not edit

Circuit: * comparator-offset-mc @ tt_125c_3.30v -- generated by sim/harness, do not edit

Doing analysis at TEMP = 125.000000 and TNOM = 27.000000

Using SPARSE 1.3 as Direct Linear Solver

No. of Data Rows : 6
voa = -4.479049564e-03
ddc = 3.5918031771e-07
dde = -3.466702384e-07
Reset re-loads circuit * comparator-offset-mc @ tt_125c_3.30v -- generated by sim/harness, do not edit

Circuit: * comparator-offset-mc @ tt_125c_3.30v -- generated by sim/harness, do not edit

Doing analysis at TEMP = 125.000000 and TNOM = 27.000000

Using SPARSE 1.3 as Direct Linear Solver

No. of Data Rows : 6
voa = -1.306836127e-03
ddc = 5.6516100068e-08
dde = -5.634761958e-08
Reset re-loads circuit * comparator-offset-mc @ tt_125c_3.30v -- generated by sim/harness, do not edit

Circuit: * comparator-offset-mc @ tt_125c_3.30v -- generated by sim/harness, do not edit

Doing analysis at TEMP = 125.000000 and TNOM = 27.000000

Using SPARSE 1.3 as Direct Linear Solver
 Reference value :  0.00000e+00
No. of Data Rows : 6
voa = 1.4281517218e-04
ddc = 1.7285782525e-08
dde = -1.645703351e-08
Reset re-loads circuit * comparator-offset-mc @ tt_125c_3.30v -- generated by sim/harness, do not edit

Circuit: * comparator-offset-mc @ tt_125c_3.30v -- generated by sim/harness, do not edit

Doing analysis at TEMP = 125.000000 and TNOM = 27.000000

Using SPARSE 1.3 as Direct Linear Solver

No. of Data Rows : 6
voa = -1.159076605e-03
ddc = 2.6272074925e-08
dde = -2.697308378e-08
Reset re-loads circuit * comparator-offset-mc @ tt_125c_3.30v -- generated by sim/harness, do not edit

Circuit: * comparator-offset-mc @ tt_125c_3.30v -- generated by sim/harness, do not edit

Doing analysis at TEMP = 125.000000 and TNOM = 27.000000

Using SPARSE 1.3 as Direct Linear Solver

No. of Data Rows : 6
voa = 1.5162845150e-03
ddc = -2.079417716e-07
dde = 2.0249806999e-07
Reset re-loads circuit * comparator-offset-mc @ tt_125c_3.30v -- generated by sim/harness, do not edit

Circuit: * comparator-offset-mc @ tt_125c_3.30v -- generated by sim/harness, do not edit

Doing analysis at TEMP = 125.000000 and TNOM = 27.000000

Using SPARSE 1.3 as Direct Linear Solver

No. of Data Rows : 6
voa = -4.390872118e-04
ddc = 1.8789739047e-07
dde = -1.816036084e-07
Reset re-loads circuit * comparator-offset-mc @ tt_125c_3.30v -- generated by sim/harness, do not edit

Circuit: * comparator-offset-mc @ tt_125c_3.30v -- generated by sim/harness, do not edit

Doing analysis at TEMP = 125.000000 and TNOM = 27.000000

Using SPARSE 1.3 as Direct Linear Solver

No. of Data Rows : 6
voa = -6.023781591e-05
ddc = 2.0629574875e-08
dde = -1.993993908e-08
Reset re-loads circuit * comparator-offset-mc @ tt_125c_3.30v -- generated by sim/harness, do not edit

Circuit: * comparator-offset-mc @ tt_125c_3.30v -- generated by sim/harness, do not edit

Doing analysis at TEMP = 125.000000 and TNOM = 27.000000

Using SPARSE 1.3 as Direct Linear Solver

No. of Data Rows : 6
voa = -3.069524460e-03
ddc = 2.5145072889e-07
dde = -2.466202148e-07
Reset re-loads circuit * comparator-offset-mc @ tt_125c_3.30v -- generated by sim/harness, do not edit

Circuit: * comparator-offset-mc @ tt_125c_3.30v -- generated by sim/harness, do not edit

Doing analysis at TEMP = 125.000000 and TNOM = 27.000000

Using SPARSE 1.3 as Direct Linear Solver

No. of Data Rows : 6
voa = -4.077314277e-04
ddc = 6.4864535069e-08
dde = -6.303655621e-08
Reset re-loads circuit * comparator-offset-mc @ tt_125c_3.30v -- generated by sim/harness, do not edit

Circuit: * comparator-offset-mc @ tt_125c_3.30v -- generated by sim/harness, do not edit

Doing analysis at TEMP = 125.000000 and TNOM = 27.000000

Using SPARSE 1.3 as Direct Linear Solver

No. of Data Rows : 6
voa = 2.5621525832e-03
ddc = -4.610256201e-07
dde = 4.1235280738e-07
Reset re-loads circuit * comparator-offset-mc @ tt_125c_3.30v -- generated by sim/harness, do not edit

Circuit: * comparator-offset-mc @ tt_125c_3.30v -- generated by sim/harness, do not edit

Doing analysis at TEMP = 125.000000 and TNOM = 27.000000

Using SPARSE 1.3 as Direct Linear Solver

No. of Data Rows : 6
voa = -1.605257423e-03
ddc = 2.3317690319e-07
dde = -2.267535929e-07
Reset re-loads circuit * comparator-offset-mc @ tt_125c_3.30v -- generated by sim/harness, do not edit

Circuit: * comparator-offset-mc @ tt_125c_3.30v -- generated by sim/harness, do not edit

Doing analysis at TEMP = 125.000000 and TNOM = 27.000000

Using SPARSE 1.3 as Direct Linear Solver

No. of Data Rows : 6
voa = 4.3565478009e-04
ddc = 1.4152187394e-08
dde = -1.297231678e-08
Reset re-loads circuit * comparator-offset-mc @ tt_125c_3.30v -- generated by sim/harness, do not edit

Circuit: * comparator-offset-mc @ tt_125c_3.30v -- generated by sim/harness, do not edit

Doing analysis at TEMP = 125.000000 and TNOM = 27.000000

Using SPARSE 1.3 as Direct Linear Solver
 Reference value :  0.00000e+00
No. of Data Rows : 6
voa = -1.659320761e-03
ddc = 1.8109630084e-07
dde = -1.768475113e-07
Reset re-loads circuit * comparator-offset-mc @ tt_125c_3.30v -- generated by sim/harness, do not edit

Circuit: * comparator-offset-mc @ tt_125c_3.30v -- generated by sim/harness, do not edit

Doing analysis at TEMP = 125.000000 and TNOM = 27.000000

Using SPARSE 1.3 as Direct Linear Solver

No. of Data Rows : 6
voa = 1.1566408299e-03
ddc = -6.517088041e-08
dde = 6.4479367777e-08
Reset re-loads circuit * comparator-offset-mc @ tt_125c_3.30v -- generated by sim/harness, do not edit

Circuit: * comparator-offset-mc @ tt_125c_3.30v -- generated by sim/harness, do not edit

Doing analysis at TEMP = 125.000000 and TNOM = 27.000000

Using SPARSE 1.3 as Direct Linear Solver

No. of Data Rows : 6
voa = -1.964266821e-03
ddc = 1.4137401129e-07
dde = -1.390224818e-07
Reset re-loads circuit * comparator-offset-mc @ tt_125c_3.30v -- generated by sim/harness, do not edit

Circuit: * comparator-offset-mc @ tt_125c_3.30v -- generated by sim/harness, do not edit

Doing analysis at TEMP = 125.000000 and TNOM = 27.000000

Using SPARSE 1.3 as Direct Linear Solver

No. of Data Rows : 6
voa = -8.578675131e-05
ddc = 3.7426455432e-08
dde = -3.571662850e-08
Reset re-loads circuit * comparator-offset-mc @ tt_125c_3.30v -- generated by sim/harness, do not edit

Circuit: * comparator-offset-mc @ tt_125c_3.30v -- generated by sim/harness, do not edit

Doing analysis at TEMP = 125.000000 and TNOM = 27.000000

Using SPARSE 1.3 as Direct Linear Solver

No. of Data Rows : 6
voa = 2.7535857827e-03
ddc = -1.425221669e-07
dde = 1.4132712962e-07
Reset re-loads circuit * comparator-offset-mc @ tt_125c_3.30v -- generated by sim/harness, do not edit

Circuit: * comparator-offset-mc @ tt_125c_3.30v -- generated by sim/harness, do not edit

Doing analysis at TEMP = 125.000000 and TNOM = 27.000000

Using SPARSE 1.3 as Direct Linear Solver

No. of Data Rows : 6
voa = -1.528034096e-03
ddc = 1.2258642507e-07
dde = -1.202962459e-07
Reset re-loads circuit * comparator-offset-mc @ tt_125c_3.30v -- generated by sim/harness, do not edit

Circuit: * comparator-offset-mc @ tt_125c_3.30v -- generated by sim/harness, do not edit

Doing analysis at TEMP = 125.000000 and TNOM = 27.000000

Using SPARSE 1.3 as Direct Linear Solver

No. of Data Rows : 6
voa = 1.9150862449e-03
ddc = -1.640471630e-07
dde = 1.6077557724e-07
Reset re-loads circuit * comparator-offset-mc @ tt_125c_3.30v -- generated by sim/harness, do not edit

Circuit: * comparator-offset-mc @ tt_125c_3.30v -- generated by sim/harness, do not edit

Doing analysis at TEMP = 125.000000 and TNOM = 27.000000

Using SPARSE 1.3 as Direct Linear Solver

No. of Data Rows : 6
voa = -5.330947282e-04
ddc = 6.8552939585e-08
dde = -6.680029837e-08
Reset re-loads circuit * comparator-offset-mc @ tt_125c_3.30v -- generated by sim/harness, do not edit

Circuit: * comparator-offset-mc @ tt_125c_3.30v -- generated by sim/harness, do not edit

Doing analysis at TEMP = 125.000000 and TNOM = 27.000000

Using SPARSE 1.3 as Direct Linear Solver

No. of Data Rows : 6
voa = -1.045688572e-04
ddc = 5.9312560338e-08
dde = -5.726637847e-08
Reset re-loads circuit * comparator-offset-mc @ tt_125c_3.30v -- generated by sim/harness, do not edit

Circuit: * comparator-offset-mc @ tt_125c_3.30v -- generated by sim/harness, do not edit

Doing analysis at TEMP = 125.000000 and TNOM = 27.000000

Using SPARSE 1.3 as Direct Linear Solver

No. of Data Rows : 6
voa = 8.0353014405e-04
ddc = -1.297706605e-07
dde = 1.2358556275e-07
Reset re-loads circuit * comparator-offset-mc @ tt_125c_3.30v -- generated by sim/harness, do not edit

Circuit: * comparator-offset-mc @ tt_125c_3.30v -- generated by sim/harness, do not edit

Doing analysis at TEMP = 125.000000 and TNOM = 27.000000

Using SPARSE 1.3 as Direct Linear Solver

No. of Data Rows : 6
voa = 1.7871466862e-03
ddc = -1.031554767e-07
dde = 9.0994635865e-08
Reset re-loads circuit * comparator-offset-mc @ tt_125c_3.30v -- generated by sim/harness, do not edit

Circuit: * comparator-offset-mc @ tt_125c_3.30v -- generated by sim/harness, do not edit

Doing analysis at TEMP = 125.000000 and TNOM = 27.000000

Using SPARSE 1.3 as Direct Linear Solver

No. of Data Rows : 6
voa = -8.720694698e-04
ddc = 2.6180993979e-07
dde = -2.473339482e-07
Reset re-loads circuit * comparator-offset-mc @ tt_125c_3.30v -- generated by sim/harness, do not edit

Circuit: * comparator-offset-mc @ tt_125c_3.30v -- generated by sim/harness, do not edit

Doing analysis at TEMP = 125.000000 and TNOM = 27.000000

Using SPARSE 1.3 as Direct Linear Solver
 Reference value :  0.00000e+00
No. of Data Rows : 6
voa = 4.7077293085e-05
ddc = 1.1792489217e-08
dde = -1.127747453e-08
Reset re-loads circuit * comparator-offset-mc @ tt_125c_3.30v -- generated by sim/harness, do not edit

Circuit: * comparator-offset-mc @ tt_125c_3.30v -- generated by sim/harness, do not edit

Doing analysis at TEMP = 125.000000 and TNOM = 27.000000

Using SPARSE 1.3 as Direct Linear Solver

No. of Data Rows : 6
voa = -2.385682913e-04
ddc = 1.7061437833e-08
dde = -1.678394873e-08
Reset re-loads circuit * comparator-offset-mc @ tt_125c_3.30v -- generated by sim/harness, do not edit

Circuit: * comparator-offset-mc @ tt_125c_3.30v -- generated by sim/harness, do not edit

Doing analysis at TEMP = 125.000000 and TNOM = 27.000000

Using SPARSE 1.3 as Direct Linear Solver

No. of Data Rows : 6
voa = -2.359925099e-03
ddc = 2.2769833319e-07
dde = -2.227061601e-07
Reset re-loads circuit * comparator-offset-mc @ tt_125c_3.30v -- generated by sim/harness, do not edit

Circuit: * comparator-offset-mc @ tt_125c_3.30v -- generated by sim/harness, do not edit

Doing analysis at TEMP = 125.000000 and TNOM = 27.000000

Using SPARSE 1.3 as Direct Linear Solver

No. of Data Rows : 6
voa = 3.5714694360e-04
ddc = -1.245017598e-07
dde = 1.2045081768e-07
Reset re-loads circuit * comparator-offset-mc @ tt_125c_3.30v -- generated by sim/harness, do not edit

Circuit: * comparator-offset-mc @ tt_125c_3.30v -- generated by sim/harness, do not edit

Doing analysis at TEMP = 125.000000 and TNOM = 27.000000

Using SPARSE 1.3 as Direct Linear Solver

No. of Data Rows : 6
voa = 4.5620934773e-04
ddc = -1.150761750e-07
dde = 1.1141307241e-07
Reset re-loads circuit * comparator-offset-mc @ tt_125c_3.30v -- generated by sim/harness, do not edit

Circuit: * comparator-offset-mc @ tt_125c_3.30v -- generated by sim/harness, do not edit

Doing analysis at TEMP = 125.000000 and TNOM = 27.000000

Using SPARSE 1.3 as Direct Linear Solver

No. of Data Rows : 6
voa = -1.902981272e-03
ddc = 1.9012336230e-07
dde = -1.858815781e-07
Reset re-loads circuit * comparator-offset-mc @ tt_125c_3.30v -- generated by sim/harness, do not edit

Circuit: * comparator-offset-mc @ tt_125c_3.30v -- generated by sim/harness, do not edit

Doing analysis at TEMP = 125.000000 and TNOM = 27.000000

Using SPARSE 1.3 as Direct Linear Solver

No. of Data Rows : 6
voa = -2.478169527e-04
ddc = 7.7164814074e-08
dde = -7.464956113e-08
Reset re-loads circuit * comparator-offset-mc @ tt_125c_3.30v -- generated by sim/harness, do not edit

Circuit: * comparator-offset-mc @ tt_125c_3.30v -- generated by sim/harness, do not edit

Doing analysis at TEMP = 125.000000 and TNOM = 27.000000

Using SPARSE 1.3 as Direct Linear Solver

No. of Data Rows : 6
voa = 1.7025467473e-03
ddc = -1.335382162e-07
dde = 1.3109164623e-07
Reset re-loads circuit * comparator-offset-mc @ tt_125c_3.30v -- generated by sim/harness, do not edit

Circuit: * comparator-offset-mc @ tt_125c_3.30v -- generated by sim/harness, do not edit

Doing analysis at TEMP = 125.000000 and TNOM = 27.000000

Using SPARSE 1.3 as Direct Linear Solver

No. of Data Rows : 6
voa = 7.5622508989e-05
ddc = 1.3243678598e-07
dde = -1.273384994e-07
Reset re-loads circuit * comparator-offset-mc @ tt_125c_3.30v -- generated by sim/harness, do not edit

Circuit: * comparator-offset-mc @ tt_125c_3.30v -- generated by sim/harness, do not edit

Doing analysis at TEMP = 125.000000 and TNOM = 27.000000

Using SPARSE 1.3 as Direct Linear Solver

No. of Data Rows : 6
voa = 1.7255468600e-03
ddc = -4.893797377e-08
dde = 4.9748633400e-08
Reset re-loads circuit * comparator-offset-mc @ tt_125c_3.30v -- generated by sim/harness, do not edit

Circuit: * comparator-offset-mc @ tt_125c_3.30v -- generated by sim/harness, do not edit

Doing analysis at TEMP = 125.000000 and TNOM = 27.000000

Using SPARSE 1.3 as Direct Linear Solver
 Reference value :  0.00000e+00
No. of Data Rows : 6
voa = -7.055506367e-05
ddc = 1.5189856707e-07
dde = -1.462499980e-07
Reset re-loads circuit * comparator-offset-mc @ tt_125c_3.30v -- generated by sim/harness, do not edit

Circuit: * comparator-offset-mc @ tt_125c_3.30v -- generated by sim/harness, do not edit

Doing analysis at TEMP = 125.000000 and TNOM = 27.000000

Using SPARSE 1.3 as Direct Linear Solver

No. of Data Rows : 6
voa = 3.2803047954e-03
ddc = -2.846480912e-07
dde = 2.7886953922e-07
Reset re-loads circuit * comparator-offset-mc @ tt_125c_3.30v -- generated by sim/harness, do not edit

Circuit: * comparator-offset-mc @ tt_125c_3.30v -- generated by sim/harness, do not edit

Doing analysis at TEMP = 125.000000 and TNOM = 27.000000

Using SPARSE 1.3 as Direct Linear Solver

No. of Data Rows : 6
voa = 2.1700161868e-03
ddc = -1.393501418e-07
dde = 1.3739854379e-07
Reset re-loads circuit * comparator-offset-mc @ tt_125c_3.30v -- generated by sim/harness, do not edit

Circuit: * comparator-offset-mc @ tt_125c_3.30v -- generated by sim/harness, do not edit

Doing analysis at TEMP = 125.000000 and TNOM = 27.000000

Using SPARSE 1.3 as Direct Linear Solver

No. of Data Rows : 6
voa = 5.0392031738e-04
ddc = -5.079035331e-09
dde = 9.7742340954e-09
Reset re-loads circuit * comparator-offset-mc @ tt_125c_3.30v -- generated by sim/harness, do not edit

Circuit: * comparator-offset-mc @ tt_125c_3.30v -- generated by sim/harness, do not edit

Doing analysis at TEMP = 125.000000 and TNOM = 27.000000

Using SPARSE 1.3 as Direct Linear Solver

No. of Data Rows : 6
voa = 4.4841255992e-04
ddc = -1.392758406e-07
dde = 1.3476474046e-07
Reset re-loads circuit * comparator-offset-mc @ tt_125c_3.30v -- generated by sim/harness, do not edit

Circuit: * comparator-offset-mc @ tt_125c_3.30v -- generated by sim/harness, do not edit

Doing analysis at TEMP = 125.000000 and TNOM = 27.000000

Using SPARSE 1.3 as Direct Linear Solver

No. of Data Rows : 6
voa = -9.253374343e-04
ddc = 1.8284001900e-07
dde = -1.772899343e-07
Reset re-loads circuit * comparator-offset-mc @ tt_125c_3.30v -- generated by sim/harness, do not edit

Circuit: * comparator-offset-mc @ tt_125c_3.30v -- generated by sim/harness, do not edit

Doing analysis at TEMP = 125.000000 and TNOM = 27.000000

Using SPARSE 1.3 as Direct Linear Solver

No. of Data Rows : 6
voa = 7.1645790313e-05
ddc = -1.403290500e-07
dde = 1.3512767875e-07
Reset re-loads circuit * comparator-offset-mc @ tt_125c_3.30v -- generated by sim/harness, do not edit

Circuit: * comparator-offset-mc @ tt_125c_3.30v -- generated by sim/harness, do not edit

Doing analysis at TEMP = 125.000000 and TNOM = 27.000000

Using SPARSE 1.3 as Direct Linear Solver

No. of Data Rows : 6
voa = -1.040443586e-03
ddc = 1.2546676426e-07
dde = -1.199049681e-07
Reset re-loads circuit * comparator-offset-mc @ tt_125c_3.30v -- generated by sim/harness, do not edit

Circuit: * comparator-offset-mc @ tt_125c_3.30v -- generated by sim/harness, do not edit

Doing analysis at TEMP = 125.000000 and TNOM = 27.000000

Using SPARSE 1.3 as Direct Linear Solver

No. of Data Rows : 6
voa = -1.244133328e-03
ddc = 3.9596924660e-08
dde = -5.138746798e-08
Reset re-loads circuit * comparator-offset-mc @ tt_125c_3.30v -- generated by sim/harness, do not edit

Circuit: * comparator-offset-mc @ tt_125c_3.30v -- generated by sim/harness, do not edit

Doing analysis at TEMP = 125.000000 and TNOM = 27.000000

Using SPARSE 1.3 as Direct Linear Solver

No. of Data Rows : 6
voa = -1.512125549e-03
ddc = -1.231994112e-09
dde = -1.209504769e-09
Reset re-loads circuit * comparator-offset-mc @ tt_125c_3.30v -- generated by sim/harness, do not edit

Circuit: * comparator-offset-mc @ tt_125c_3.30v -- generated by sim/harness, do not edit

Doing analysis at TEMP = 125.000000 and TNOM = 27.000000

Using SPARSE 1.3 as Direct Linear Solver

No. of Data Rows : 6
voa = 1.4229251021e-03
ddc = -1.413325933e-07
dde = 1.3817247334e-07
Reset re-loads circuit * comparator-offset-mc @ tt_125c_3.30v -- generated by sim/harness, do not edit

Circuit: * comparator-offset-mc @ tt_125c_3.30v -- generated by sim/harness, do not edit

Doing analysis at TEMP = 125.000000 and TNOM = 27.000000

Using SPARSE 1.3 as Direct Linear Solver
 Reference value :  0.00000e+00
No. of Data Rows : 6
voa = 1.2917140586e-03
ddc = -5.882885342e-08
dde = 5.8582469737e-08
Reset re-loads circuit * comparator-offset-mc @ tt_125c_3.30v -- generated by sim/harness, do not edit

Circuit: * comparator-offset-mc @ tt_125c_3.30v -- generated by sim/harness, do not edit

Doing analysis at TEMP = 125.000000 and TNOM = 27.000000

Using SPARSE 1.3 as Direct Linear Solver

No. of Data Rows : 6
voa = 3.4542288991e-05
ddc = -3.354013778e-08
dde = 3.2316731664e-08
Reset re-loads circuit * comparator-offset-mc @ tt_125c_3.30v -- generated by sim/harness, do not edit

Circuit: * comparator-offset-mc @ tt_125c_3.30v -- generated by sim/harness, do not edit

Doing analysis at TEMP = 125.000000 and TNOM = 27.000000

Using SPARSE 1.3 as Direct Linear Solver

No. of Data Rows : 6
voa = -1.915248267e-03
ddc = 2.1989246332e-07
dde = -2.145262768e-07
Reset re-loads circuit * comparator-offset-mc @ tt_125c_3.30v -- generated by sim/harness, do not edit

Circuit: * comparator-offset-mc @ tt_125c_3.30v -- generated by sim/harness, do not edit

Doing analysis at TEMP = 125.000000 and TNOM = 27.000000

Using SPARSE 1.3 as Direct Linear Solver

No. of Data Rows : 6
voa = 9.2253795962e-04
ddc = -1.840868368e-07
dde = 1.7859896423e-07
Reset re-loads circuit * comparator-offset-mc @ tt_125c_3.30v -- generated by sim/harness, do not edit

Circuit: * comparator-offset-mc @ tt_125c_3.30v -- generated by sim/harness, do not edit

Doing analysis at TEMP = 125.000000 and TNOM = 27.000000

Using SPARSE 1.3 as Direct Linear Solver

No. of Data Rows : 6
voa = 1.7418467296e-03
ddc = -4.150716511e-07
dde = 3.7560899946e-07
Reset re-loads circuit * comparator-offset-mc @ tt_125c_3.30v -- generated by sim/harness, do not edit

Circuit: * comparator-offset-mc @ tt_125c_3.30v -- generated by sim/harness, do not edit

Doing analysis at TEMP = 125.000000 and TNOM = 27.000000

Using SPARSE 1.3 as Direct Linear Solver

No. of Data Rows : 6
voa = 3.0621748316e-03
ddc = -1.893629521e-07
dde = 1.5902276059e-07
Reset re-loads circuit * comparator-offset-mc @ tt_125c_3.30v -- generated by sim/harness, do not edit

Circuit: * comparator-offset-mc @ tt_125c_3.30v -- generated by sim/harness, do not edit

Doing analysis at TEMP = 125.000000 and TNOM = 27.000000

Using SPARSE 1.3 as Direct Linear Solver

No. of Data Rows : 6
voa = -3.334009572e-03
ddc = 2.8990121610e-07
dde = -2.857291561e-07
Reset re-loads circuit * comparator-offset-mc @ tt_125c_3.30v -- generated by sim/harness, do not edit

Circuit: * comparator-offset-mc @ tt_125c_3.30v -- generated by sim/harness, do not edit

Doing analysis at TEMP = 125.000000 and TNOM = 27.000000

Using SPARSE 1.3 as Direct Linear Solver

No. of Data Rows : 6
voa = -1.431699416e-03
ddc = 1.1674149876e-07
dde = -1.145261345e-07
Reset re-loads circuit * comparator-offset-mc @ tt_125c_3.30v -- generated by sim/harness, do not edit

Circuit: * comparator-offset-mc @ tt_125c_3.30v -- generated by sim/harness, do not edit

Doing analysis at TEMP = 125.000000 and TNOM = 27.000000

Using SPARSE 1.3 as Direct Linear Solver

No. of Data Rows : 6
voa = 7.3776675999e-04
ddc = -8.680528842e-08
dde = 8.4673050202e-08
Reset re-loads circuit * comparator-offset-mc @ tt_125c_3.30v -- generated by sim/harness, do not edit

Circuit: * comparator-offset-mc @ tt_125c_3.30v -- generated by sim/harness, do not edit

Doing analysis at TEMP = 125.000000 and TNOM = 27.000000

Using SPARSE 1.3 as Direct Linear Solver

No. of Data Rows : 6
voa = -1.400038417e-03
ddc = 1.8399770603e-07
dde = -1.791489509e-07
Reset re-loads circuit * comparator-offset-mc @ tt_125c_3.30v -- generated by sim/harness, do not edit

Circuit: * comparator-offset-mc @ tt_125c_3.30v -- generated by sim/harness, do not edit

Doing analysis at TEMP = 125.000000 and TNOM = 27.000000

Using SPARSE 1.3 as Direct Linear Solver
 Reference value :  0.00000e+00
No. of Data Rows : 6
voa = 1.0481387632e-03
ddc = -5.604672038e-08
dde = 5.5496927368e-08
Reset re-loads circuit * comparator-offset-mc @ tt_125c_3.30v -- generated by sim/harness, do not edit

Circuit: * comparator-offset-mc @ tt_125c_3.30v -- generated by sim/harness, do not edit

Doing analysis at TEMP = 125.000000 and TNOM = 27.000000

Using SPARSE 1.3 as Direct Linear Solver

No. of Data Rows : 6
voa = -1.078821002e-03
ddc = 1.9660772902e-07
dde = -1.908641920e-07
Reset re-loads circuit * comparator-offset-mc @ tt_125c_3.30v -- generated by sim/harness, do not edit

Circuit: * comparator-offset-mc @ tt_125c_3.30v -- generated by sim/harness, do not edit

Doing analysis at TEMP = 125.000000 and TNOM = 27.000000

Using SPARSE 1.3 as Direct Linear Solver

No. of Data Rows : 6
voa = 1.3654499747e-04
ddc = -1.575442323e-08
dde = 1.5371469867e-08
Reset re-loads circuit * comparator-offset-mc @ tt_125c_3.30v -- generated by sim/harness, do not edit

Circuit: * comparator-offset-mc @ tt_125c_3.30v -- generated by sim/harness, do not edit

Doing analysis at TEMP = 125.000000 and TNOM = 27.000000

Using SPARSE 1.3 as Direct Linear Solver

No. of Data Rows : 6
voa = -2.084566438e-03
ddc = 2.0115212516e-07
dde = -1.967530567e-07
Reset re-loads circuit * comparator-offset-mc @ tt_125c_3.30v -- generated by sim/harness, do not edit

Circuit: * comparator-offset-mc @ tt_125c_3.30v -- generated by sim/harness, do not edit

Doing analysis at TEMP = 125.000000 and TNOM = 27.000000

Using SPARSE 1.3 as Direct Linear Solver

No. of Data Rows : 6
voa = -3.992881678e-04
ddc = 5.4682624400e-08
dde = -5.323590557e-08
Reset re-loads circuit * comparator-offset-mc @ tt_125c_3.30v -- generated by sim/harness, do not edit

Circuit: * comparator-offset-mc @ tt_125c_3.30v -- generated by sim/harness, do not edit

Doing analysis at TEMP = 125.000000 and TNOM = 27.000000

Using SPARSE 1.3 as Direct Linear Solver

No. of Data Rows : 6
voa = -2.908872459e-03
ddc = 1.7321098227e-07
dde = -1.710440336e-07
Reset re-loads circuit * comparator-offset-mc @ tt_125c_3.30v -- generated by sim/harness, do not edit

Circuit: * comparator-offset-mc @ tt_125c_3.30v -- generated by sim/harness, do not edit

Doing analysis at TEMP = 125.000000 and TNOM = 27.000000

Using SPARSE 1.3 as Direct Linear Solver

No. of Data Rows : 6
voa = 6.0817036746e-05
ddc = -1.837351745e-08
dde = 1.7770628658e-08
Reset re-loads circuit * comparator-offset-mc @ tt_125c_3.30v -- generated by sim/harness, do not edit

Circuit: * comparator-offset-mc @ tt_125c_3.30v -- generated by sim/harness, do not edit

Doing analysis at TEMP = 125.000000 and TNOM = 27.000000

Using SPARSE 1.3 as Direct Linear Solver

No. of Data Rows : 6
voa = -3.677249026e-04
ddc = -1.037391939e-07
dde = 9.9234048442e-08
Reset re-loads circuit * comparator-offset-mc @ tt_125c_3.30v -- generated by sim/harness, do not edit

Circuit: * comparator-offset-mc @ tt_125c_3.30v -- generated by sim/harness, do not edit

Doing analysis at TEMP = 125.000000 and TNOM = 27.000000

Using SPARSE 1.3 as Direct Linear Solver

No. of Data Rows : 6
voa = -4.825695035e-04
ddc = -1.196982533e-08
dde = 1.7547778563e-08
Reset re-loads circuit * comparator-offset-mc @ tt_125c_3.30v -- generated by sim/harness, do not edit

Circuit: * comparator-offset-mc @ tt_125c_3.30v -- generated by sim/harness, do not edit

Doing analysis at TEMP = 125.000000 and TNOM = 27.000000

Using SPARSE 1.3 as Direct Linear Solver

No. of Data Rows : 6
voa = 1.1641146702e-03
ddc = -1.385933442e-07
dde = 1.3514372998e-07
Reset re-loads circuit * comparator-offset-mc @ tt_125c_3.30v -- generated by sim/harness, do not edit

Circuit: * comparator-offset-mc @ tt_125c_3.30v -- generated by sim/harness, do not edit

Doing analysis at TEMP = 125.000000 and TNOM = 27.000000

Using SPARSE 1.3 as Direct Linear Solver

No. of Data Rows : 6
voa = 2.8962870451e-03
ddc = -3.228293463e-07
dde = 3.3335451891e-07
Reset re-loads circuit * comparator-offset-mc @ tt_125c_3.30v -- generated by sim/harness, do not edit

Circuit: * comparator-offset-mc @ tt_125c_3.30v -- generated by sim/harness, do not edit

Doing analysis at TEMP = 125.000000 and TNOM = 27.000000

Using SPARSE 1.3 as Direct Linear Solver
 Reference value :  0.00000e+00
No. of Data Rows : 6
voa = 1.1268200602e-03
ddc = -7.387805474e-08
dde = 7.2805121676e-08
Reset re-loads circuit * comparator-offset-mc @ tt_125c_3.30v -- generated by sim/harness, do not edit

Circuit: * comparator-offset-mc @ tt_125c_3.30v -- generated by sim/harness, do not edit

Doing analysis at TEMP = 125.000000 and TNOM = 27.000000

Using SPARSE 1.3 as Direct Linear Solver

No. of Data Rows : 6
voa = 8.4632957200e-05
ddc = -1.958962760e-08
dde = 1.8986097891e-08
Reset re-loads circuit * comparator-offset-mc @ tt_125c_3.30v -- generated by sim/harness, do not edit

Circuit: * comparator-offset-mc @ tt_125c_3.30v -- generated by sim/harness, do not edit

Doing analysis at TEMP = 125.000000 and TNOM = 27.000000

Using SPARSE 1.3 as Direct Linear Solver

No. of Data Rows : 6
voa = -2.973158611e-04
ddc = 5.6141467441e-08
dde = -5.225290150e-08
Reset re-loads circuit * comparator-offset-mc @ tt_125c_3.30v -- generated by sim/harness, do not edit

Circuit: * comparator-offset-mc @ tt_125c_3.30v -- generated by sim/harness, do not edit

Doing analysis at TEMP = 125.000000 and TNOM = 27.000000

Using SPARSE 1.3 as Direct Linear Solver

No. of Data Rows : 6
voa = -3.019776418e-03
ddc = 3.2138972303e-07
dde = -3.138776494e-07
Reset re-loads circuit * comparator-offset-mc @ tt_125c_3.30v -- generated by sim/harness, do not edit

Circuit: * comparator-offset-mc @ tt_125c_3.30v -- generated by sim/harness, do not edit

Doing analysis at TEMP = 125.000000 and TNOM = 27.000000

Using SPARSE 1.3 as Direct Linear Solver

No. of Data Rows : 6
voa = 2.6700442820e-05
ddc = 2.9321510805e-08
dde = -2.817670420e-08
Reset re-loads circuit * comparator-offset-mc @ tt_125c_3.30v -- generated by sim/harness, do not edit

Circuit: * comparator-offset-mc @ tt_125c_3.30v -- generated by sim/harness, do not edit

Doing analysis at TEMP = 125.000000 and TNOM = 27.000000

Using SPARSE 1.3 as Direct Linear Solver

No. of Data Rows : 6
voa = -4.525355831e-04
ddc = 1.3051950276e-07
dde = -1.264198075e-07
Reset re-loads circuit * comparator-offset-mc @ tt_125c_3.30v -- generated by sim/harness, do not edit

Circuit: * comparator-offset-mc @ tt_125c_3.30v -- generated by sim/harness, do not edit

Doing analysis at TEMP = 125.000000 and TNOM = 27.000000

Using SPARSE 1.3 as Direct Linear Solver

No. of Data Rows : 6
voa = -1.661665372e-03
ddc = 1.6057506407e-07
dde = -1.570584594e-07
Reset re-loads circuit * comparator-offset-mc @ tt_125c_3.30v -- generated by sim/harness, do not edit

Circuit: * comparator-offset-mc @ tt_125c_3.30v -- generated by sim/harness, do not edit

Doing analysis at TEMP = 125.000000 and TNOM = 27.000000

Using SPARSE 1.3 as Direct Linear Solver

No. of Data Rows : 6
voa = 2.1185775774e-03
ddc = -3.270757389e-07
dde = 3.1804677700e-07
Reset re-loads circuit * comparator-offset-mc @ tt_125c_3.30v -- generated by sim/harness, do not edit

Circuit: * comparator-offset-mc @ tt_125c_3.30v -- generated by sim/harness, do not edit

Doing analysis at TEMP = 125.000000 and TNOM = 27.000000

Using SPARSE 1.3 as Direct Linear Solver

No. of Data Rows : 6
voa = -1.323168929e-04
ddc = -3.560113157e-08
dde = 3.4028618763e-08
Reset re-loads circuit * comparator-offset-mc @ tt_125c_3.30v -- generated by sim/harness, do not edit

Circuit: * comparator-offset-mc @ tt_125c_3.30v -- generated by sim/harness, do not edit

Doing analysis at TEMP = 125.000000 and TNOM = 27.000000

Using SPARSE 1.3 as Direct Linear Solver

No. of Data Rows : 6
voa = 5.8236982230e-04
ddc = 1.1522275277e-07
dde = -1.099964592e-07
Reset re-loads circuit * comparator-offset-mc @ tt_125c_3.30v -- generated by sim/harness, do not edit

Circuit: * comparator-offset-mc @ tt_125c_3.30v -- generated by sim/harness, do not edit

Doing analysis at TEMP = 125.000000 and TNOM = 27.000000

Using SPARSE 1.3 as Direct Linear Solver
 Reference value :  0.00000e+00
No. of Data Rows : 6
voa = -9.490040701e-04
ddc = 1.4749897112e-07
dde = -1.434281889e-07
Reset re-loads circuit * comparator-offset-mc @ tt_125c_3.30v -- generated by sim/harness, do not edit

Circuit: * comparator-offset-mc @ tt_125c_3.30v -- generated by sim/harness, do not edit

Doing analysis at TEMP = 125.000000 and TNOM = 27.000000

Using SPARSE 1.3 as Direct Linear Solver

No. of Data Rows : 6
voa = -4.732653457e-04
ddc = -1.099691306e-07
dde = 1.0514931783e-07
Reset re-loads circuit * comparator-offset-mc @ tt_125c_3.30v -- generated by sim/harness, do not edit

Circuit: * comparator-offset-mc @ tt_125c_3.30v -- generated by sim/harness, do not edit

Doing analysis at TEMP = 125.000000 and TNOM = 27.000000

Using SPARSE 1.3 as Direct Linear Solver

No. of Data Rows : 6
voa = 1.4442337733e-03
ddc = -1.699239545e-07
dde = 1.6575888298e-07
Reset re-loads circuit * comparator-offset-mc @ tt_125c_3.30v -- generated by sim/harness, do not edit

Circuit: * comparator-offset-mc @ tt_125c_3.30v -- generated by sim/harness, do not edit

Doing analysis at TEMP = 125.000000 and TNOM = 27.000000

Using SPARSE 1.3 as Direct Linear Solver

No. of Data Rows : 6
voa = -2.298538559e-04
ddc = 1.3259217410e-08
dde = -1.310456934e-08
Reset re-loads circuit * comparator-offset-mc @ tt_125c_3.30v -- generated by sim/harness, do not edit

Circuit: * comparator-offset-mc @ tt_125c_3.30v -- generated by sim/harness, do not edit

Doing analysis at TEMP = 125.000000 and TNOM = 27.000000

Using SPARSE 1.3 as Direct Linear Solver

No. of Data Rows : 6
voa = -2.993423161e-05
ddc = -1.077890194e-07
dde = 1.0380033902e-07
Reset re-loads circuit * comparator-offset-mc @ tt_125c_3.30v -- generated by sim/harness, do not edit

Circuit: * comparator-offset-mc @ tt_125c_3.30v -- generated by sim/harness, do not edit

Doing analysis at TEMP = 125.000000 and TNOM = 27.000000

Using SPARSE 1.3 as Direct Linear Solver

No. of Data Rows : 6
voa = 5.3811293509e-04
ddc = -9.310046118e-08
dde = 9.0371227230e-08
Reset re-loads circuit * comparator-offset-mc @ tt_125c_3.30v -- generated by sim/harness, do not edit

Circuit: * comparator-offset-mc @ tt_125c_3.30v -- generated by sim/harness, do not edit

Doing analysis at TEMP = 125.000000 and TNOM = 27.000000

Using SPARSE 1.3 as Direct Linear Solver

No. of Data Rows : 6
voa = -2.124692910e-03
ddc = 2.6490792394e-07
dde = -2.581751371e-07
Reset re-loads circuit * comparator-offset-mc @ tt_125c_3.30v -- generated by sim/harness, do not edit

Circuit: * comparator-offset-mc @ tt_125c_3.30v -- generated by sim/harness, do not edit

Doing analysis at TEMP = 125.000000 and TNOM = 27.000000

Using SPARSE 1.3 as Direct Linear Solver

No. of Data Rows : 6
voa = -1.579498729e-03
ddc = 1.3280156592e-07
dde = -1.302043131e-07
Reset re-loads circuit * comparator-offset-mc @ tt_125c_3.30v -- generated by sim/harness, do not edit

Circuit: * comparator-offset-mc @ tt_125c_3.30v -- generated by sim/harness, do not edit

Doing analysis at TEMP = 125.000000 and TNOM = 27.000000

Using SPARSE 1.3 as Direct Linear Solver

No. of Data Rows : 6
voa = -5.147452319e-04
ddc = 1.6199081460e-07
dde = -1.567157843e-07
Reset re-loads circuit * comparator-offset-mc @ tt_125c_3.30v -- generated by sim/harness, do not edit

Circuit: * comparator-offset-mc @ tt_125c_3.30v -- generated by sim/harness, do not edit

Doing analysis at TEMP = 125.000000 and TNOM = 27.000000

Using SPARSE 1.3 as Direct Linear Solver

No. of Data Rows : 6
voa = -3.964721278e-03
ddc = 4.2749850012e-07
dde = -4.152019436e-07
Reset re-loads circuit * comparator-offset-mc @ tt_125c_3.30v -- generated by sim/harness, do not edit

Circuit: * comparator-offset-mc @ tt_125c_3.30v -- generated by sim/harness, do not edit

Doing analysis at TEMP = 125.000000 and TNOM = 27.000000

Using SPARSE 1.3 as Direct Linear Solver
 Reference value :  0.00000e+00
No. of Data Rows : 6
voa = -1.137332651e-03
ddc = 5.1772815371e-08
dde = -4.791998639e-08
Reset re-loads circuit * comparator-offset-mc @ tt_125c_3.30v -- generated by sim/harness, do not edit

Circuit: * comparator-offset-mc @ tt_125c_3.30v -- generated by sim/harness, do not edit

Doing analysis at TEMP = 125.000000 and TNOM = 27.000000

Using SPARSE 1.3 as Direct Linear Solver

No. of Data Rows : 6
voa = 1.1001281927e-04
ddc = -1.184612314e-07
dde = 1.1418555954e-07
Reset re-loads circuit * comparator-offset-mc @ tt_125c_3.30v -- generated by sim/harness, do not edit

Circuit: * comparator-offset-mc @ tt_125c_3.30v -- generated by sim/harness, do not edit

Doing analysis at TEMP = 125.000000 and TNOM = 27.000000

Using SPARSE 1.3 as Direct Linear Solver

No. of Data Rows : 6
voa = 7.9267560457e-04
ddc = -1.365621732e-07
dde = 1.3268071455e-07
Reset re-loads circuit * comparator-offset-mc @ tt_125c_3.30v -- generated by sim/harness, do not edit

Circuit: * comparator-offset-mc @ tt_125c_3.30v -- generated by sim/harness, do not edit

Doing analysis at TEMP = 125.000000 and TNOM = 27.000000

Using SPARSE 1.3 as Direct Linear Solver

No. of Data Rows : 6
voa = -2.283751824e-04
ddc = 1.2069979766e-07
dde = -1.165788465e-07
Reset re-loads circuit * comparator-offset-mc @ tt_125c_3.30v -- generated by sim/harness, do not edit

Circuit: * comparator-offset-mc @ tt_125c_3.30v -- generated by sim/harness, do not edit

Doing analysis at TEMP = 125.000000 and TNOM = 27.000000

Using SPARSE 1.3 as Direct Linear Solver

No. of Data Rows : 6
voa = -1.492590089e-03
ddc = 1.2194250830e-07
dde = -1.196110469e-07
Reset re-loads circuit * comparator-offset-mc @ tt_125c_3.30v -- generated by sim/harness, do not edit

Circuit: * comparator-offset-mc @ tt_125c_3.30v -- generated by sim/harness, do not edit

Doing analysis at TEMP = 125.000000 and TNOM = 27.000000

Using SPARSE 1.3 as Direct Linear Solver

No. of Data Rows : 6
voa = 6.7373840615e-04
ddc = -1.574100969e-07
dde = 1.5258893699e-07
Reset re-loads circuit * comparator-offset-mc @ tt_125c_3.30v -- generated by sim/harness, do not edit

Circuit: * comparator-offset-mc @ tt_125c_3.30v -- generated by sim/harness, do not edit

Doing analysis at TEMP = 125.000000 and TNOM = 27.000000

Using SPARSE 1.3 as Direct Linear Solver

No. of Data Rows : 6
voa = -2.306364348e-03
ddc = -6.778853941e-08
dde = 6.1754262580e-08
Reset re-loads circuit * comparator-offset-mc @ tt_125c_3.30v -- generated by sim/harness, do not edit

Circuit: * comparator-offset-mc @ tt_125c_3.30v -- generated by sim/harness, do not edit

Doing analysis at TEMP = 125.000000 and TNOM = 27.000000

Using SPARSE 1.3 as Direct Linear Solver

No. of Data Rows : 6
voa = -2.807565949e-03
ddc = 1.0124575386e-07
dde = -1.017049115e-07
Reset re-loads circuit * comparator-offset-mc @ tt_125c_3.30v -- generated by sim/harness, do not edit

Circuit: * comparator-offset-mc @ tt_125c_3.30v -- generated by sim/harness, do not edit

Doing analysis at TEMP = 125.000000 and TNOM = 27.000000

Using SPARSE 1.3 as Direct Linear Solver

No. of Data Rows : 6
voa = 2.7571636805e-03
ddc = -1.829357911e-07
dde = 1.8012733940e-07
Reset re-loads circuit * comparator-offset-mc @ tt_125c_3.30v -- generated by sim/harness, do not edit

Circuit: * comparator-offset-mc @ tt_125c_3.30v -- generated by sim/harness, do not edit

Doing analysis at TEMP = 125.000000 and TNOM = 27.000000

Using SPARSE 1.3 as Direct Linear Solver

No. of Data Rows : 6
voa = 4.1421366304e-05
ddc = 4.4403326621e-09
dde = -4.218953279e-09
Reset re-loads circuit * comparator-offset-mc @ tt_125c_3.30v -- generated by sim/harness, do not edit

Circuit: * comparator-offset-mc @ tt_125c_3.30v -- generated by sim/harness, do not edit

Doing analysis at TEMP = 125.000000 and TNOM = 27.000000

Using SPARSE 1.3 as Direct Linear Solver
 Reference value :  0.00000e+00
No. of Data Rows : 6
voa = -1.048442515e-03
ddc = 1.9205839326e-07
dde = -1.864564108e-07
Reset re-loads circuit * comparator-offset-mc @ tt_125c_3.30v -- generated by sim/harness, do not edit

Circuit: * comparator-offset-mc @ tt_125c_3.30v -- generated by sim/harness, do not edit

Doing analysis at TEMP = 125.000000 and TNOM = 27.000000

Using SPARSE 1.3 as Direct Linear Solver

No. of Data Rows : 6
voa = -7.278398239e-04
ddc = -2.282232489e-08
dde = 2.0846212959e-08
Reset re-loads circuit * comparator-offset-mc @ tt_125c_3.30v -- generated by sim/harness, do not edit

Circuit: * comparator-offset-mc @ tt_125c_3.30v -- generated by sim/harness, do not edit

Doing analysis at TEMP = 125.000000 and TNOM = 27.000000

Using SPARSE 1.3 as Direct Linear Solver

No. of Data Rows : 6
voa = -1.835365194e-03
ddc = 1.9639702646e-07
dde = -1.918370254e-07
Reset re-loads circuit * comparator-offset-mc @ tt_125c_3.30v -- generated by sim/harness, do not edit

Circuit: * comparator-offset-mc @ tt_125c_3.30v -- generated by sim/harness, do not edit

Doing analysis at TEMP = 125.000000 and TNOM = 27.000000

Using SPARSE 1.3 as Direct Linear Solver

No. of Data Rows : 6
voa = -7.859713530e-04
ddc = 3.2154062238e-08
dde = -3.218500346e-08
m_n_samples = 2.0000000000e+02
m_sig_vos_mv = 1.6375070876e+00
m_vos_3sig_mv = 4.9125212628e+00
m_mean_vos_uv = -5.605263151e+01
m_mean_vos_sem = -4.840918997e-01
m_sig_dvos_dn_uv = 1.7451931241e-01
m_sig_dvos_up_uv = 1.6911890544e-01
m_mean_dvos_dn_uv = 5.1774640122e-03
m_mean_dvos_up_uv = -5.538233227e-03
m_av_mean = 7.2752698340e+00
m_av_sigma_pct = 2.1822303468e+00
m_sig_rpair_uv = 9.6737239993e-12
m_vbias_anchor_mv = 6.8714346188e+02
Note: Simulation executed from .control section 

Note: Starting dynamic gmin stepping
Note: Dynamic gmin stepping completed
Note: Starting dynamic gmin stepping
Note: Dynamic gmin stepping completed
Note: Starting dynamic gmin stepping
Note: Dynamic gmin stepping completed
Note: Starting dynamic gmin stepping
Note: Dynamic gmin stepping completed
Note: Starting dynamic gmin stepping
Note: Dynamic gmin stepping completed
Note: Starting dynamic gmin stepping
Note: Dynamic gmin stepping completed
Note: Starting dynamic gmin stepping
Note: Dynamic gmin stepping completed
Note: Starting dynamic gmin stepping
Note: Dynamic gmin stepping completed
Note: Starting dynamic gmin stepping
Note: Dynamic gmin stepping completed
Note: Starting dynamic gmin stepping
Note: Dynamic gmin stepping completed
Note: Starting dynamic gmin stepping
Note: Dynamic gmin stepping completed
Note: Starting dynamic gmin stepping
Note: Dynamic gmin stepping completed
Note: Starting dynamic gmin stepping
Note: Dynamic gmin stepping completed
Note: Starting dynamic gmin stepping
Note: Dynamic gmin stepping completed
Note: Starting dynamic gmin stepping
Note: Dynamic gmin stepping completed
Note: Starting dynamic gmin stepping
Note: Dynamic gmin stepping completed
Note: Starting dynamic gmin stepping
Note: Dynamic gmin stepping completed
Note: Starting dynamic gmin stepping
Note: Dynamic gmin stepping completed
Note: Starting dynamic gmin stepping
Note: Dynamic gmin stepping completed
Note: Starting dynamic gmin stepping
Note: Dynamic gmin stepping completed
Note: Starting dynamic gmin stepping
Note: Dynamic gmin stepping completed
Note: Starting dynamic gmin stepping
Note: Dynamic gmin stepping completed
Note: Starting dynamic gmin stepping
Note: Dynamic gmin stepping completed
Note: Starting dynamic gmin stepping
Note: Dynamic gmin stepping completed
Note: Starting dynamic gmin stepping
Note: Dynamic gmin stepping completed
Note: Starting dynamic gmin stepping
Note: Dynamic gmin stepping completed
Note: Starting dynamic gmin stepping
Note: Dynamic gmin stepping completed
Note: Starting dynamic gmin stepping
Note: Dynamic gmin stepping completed
Note: Starting dynamic gmin stepping
Note: Dynamic gmin stepping completed
Note: Starting dynamic gmin stepping
Note: Dynamic gmin stepping completed
Note: Starting dynamic gmin stepping
Note: Dynamic gmin stepping completed
Note: Starting dynamic gmin stepping
Note: Dynamic gmin stepping completed
Note: Starting dynamic gmin stepping
Note: Dynamic gmin stepping completed
Note: Starting dynamic gmin stepping
Note: Dynamic gmin stepping completed
Note: Starting dynamic gmin stepping
Note: Dynamic gmin stepping completed
Note: Starting dynamic gmin stepping
Note: Dynamic gmin stepping completed
Note: Starting dynamic gmin stepping
Note: Dynamic gmin stepping completed
Note: Starting dynamic gmin stepping
Note: Dynamic gmin stepping completed
Note: Starting dynamic gmin stepping
Note: Dynamic gmin stepping completed
Note: Starting dynamic gmin stepping
Note: Dynamic gmin stepping completed
Note: Starting dynamic gmin stepping
Note: Dynamic gmin stepping completed
Note: Starting dynamic gmin stepping
Note: Dynamic gmin stepping completed
Note: Starting dynamic gmin stepping
Note: Dynamic gmin stepping completed
Note: Starting dynamic gmin stepping
Note: Dynamic gmin stepping completed
Note: Starting dynamic gmin stepping
Note: Dynamic gmin stepping completed
Note: Starting dynamic gmin stepping
Note: Dynamic gmin stepping completed
Note: Starting dynamic gmin stepping
Note: Dynamic gmin stepping completed
Note: Starting dynamic gmin stepping
Note: Dynamic gmin stepping completed
Note: Starting dynamic gmin stepping
Note: Dynamic gmin stepping completed
Note: Starting dynamic gmin stepping
Note: Dynamic gmin stepping completed
Note: Starting dynamic gmin stepping
Note: Dynamic gmin stepping completed
Note: Starting dynamic gmin stepping
Note: Dynamic gmin stepping completed
Note: Starting dynamic gmin stepping
Note: Dynamic gmin stepping completed
Note: Starting dynamic gmin stepping
Note: Dynamic gmin stepping completed
Note: Starting dynamic gmin stepping
Note: Dynamic gmin stepping completed
Note: Starting dynamic gmin stepping
Note: Dynamic gmin stepping completed
Note: Starting dynamic gmin stepping
Note: Dynamic gmin stepping completed
Note: Starting dynamic gmin stepping
Note: Dynamic gmin stepping completed
Note: Starting dynamic gmin stepping
Note: Dynamic gmin stepping completed
Note: Starting dynamic gmin stepping
Note: Dynamic gmin stepping completed
Note: Starting dynamic gmin stepping
Note: Dynamic gmin stepping completed
Note: Starting dynamic gmin stepping
Note: Dynamic gmin stepping completed
Note: Starting dynamic gmin stepping
Note: Dynamic gmin stepping completed
Note: Starting dynamic gmin stepping
Note: Dynamic gmin stepping completed
Note: Starting dynamic gmin stepping
Note: Dynamic gmin stepping completed
Note: Starting dynamic gmin stepping
Note: Dynamic gmin stepping completed
Note: Starting dynamic gmin stepping
Note: Dynamic gmin stepping completed
Note: Starting dynamic gmin stepping
Note: Dynamic gmin stepping completed
Note: Starting dynamic gmin stepping
Note: Dynamic gmin stepping completed
Note: Starting dynamic gmin stepping
Note: Dynamic gmin stepping completed
Note: Starting dynamic gmin stepping
Note: Dynamic gmin stepping completed
Note: Starting dynamic gmin stepping
Note: Dynamic gmin stepping completed
Note: Starting dynamic gmin stepping
Note: Dynamic gmin stepping completed
Note: Starting dynamic gmin stepping
Note: Dynamic gmin stepping completed
Note: Starting dynamic gmin stepping
Note: Dynamic gmin stepping completed
Note: Starting dynamic gmin stepping
Note: Dynamic gmin stepping completed
Note: Starting dynamic gmin stepping
Note: Dynamic gmin stepping completed
Note: Starting dynamic gmin stepping
Note: Dynamic gmin stepping completed
Note: Starting dynamic gmin stepping
Note: Dynamic gmin stepping completed
Note: Starting dynamic gmin stepping
Note: Dynamic gmin stepping completed
Note: Starting dynamic gmin stepping
Note: Dynamic gmin stepping completed
Note: Starting dynamic gmin stepping
Note: Dynamic gmin stepping completed
Note: Starting dynamic gmin stepping
Note: Dynamic gmin stepping completed
Note: Starting dynamic gmin stepping
Note: Dynamic gmin stepping completed
Note: Starting dynamic gmin stepping
Note: Dynamic gmin stepping completed
Note: Starting dynamic gmin stepping
Note: Dynamic gmin stepping completed
Note: Starting dynamic gmin stepping
Note: Dynamic gmin stepping completed
Note: Starting dynamic gmin stepping
Note: Dynamic gmin stepping completed
Note: Starting dynamic gmin stepping
Note: Dynamic gmin stepping completed
Note: Starting dynamic gmin stepping
Note: Dynamic gmin stepping completed
Note: Starting dynamic gmin stepping
Note: Dynamic gmin stepping completed
Note: Starting dynamic gmin stepping
Note: Dynamic gmin stepping completed
Note: Starting dynamic gmin stepping
Note: Dynamic gmin stepping completed
Note: Starting dynamic gmin stepping
Note: Dynamic gmin stepping completed
Note: Starting dynamic gmin stepping
Note: Dynamic gmin stepping completed
Note: Starting dynamic gmin stepping
Note: Dynamic gmin stepping completed
Note: Starting dynamic gmin stepping
Note: Dynamic gmin stepping completed
Note: Starting dynamic gmin stepping
Note: Dynamic gmin stepping completed
Note: Starting dynamic gmin stepping
Note: Dynamic gmin stepping completed
Note: Starting dynamic gmin stepping
Note: Dynamic gmin stepping completed
Note: Starting dynamic gmin stepping
Note: Dynamic gmin stepping completed
Note: Starting dynamic gmin stepping
Note: Dynamic gmin stepping completed
Note: Starting dynamic gmin stepping
Note: Dynamic gmin stepping completed
Note: Starting dynamic gmin stepping
Note: Dynamic gmin stepping completed
Note: Starting dynamic gmin stepping
Note: Dynamic gmin stepping completed
Note: Starting dynamic gmin stepping
Note: Dynamic gmin stepping completed
Note: Starting dynamic gmin stepping
Note: Dynamic gmin stepping completed
Note: Starting dynamic gmin stepping
Note: Dynamic gmin stepping completed
Note: Starting dynamic gmin stepping
Note: Dynamic gmin stepping completed
Note: Starting dynamic gmin stepping
Note: Dynamic gmin stepping completed
Note: Starting dynamic gmin stepping
Note: Dynamic gmin stepping completed
Note: Starting dynamic gmin stepping
Note: Dynamic gmin stepping completed
Note: Starting dynamic gmin stepping
Note: Dynamic gmin stepping completed
Note: Starting dynamic gmin stepping
Note: Dynamic gmin stepping completed
Note: Starting dynamic gmin stepping
Note: Dynamic gmin stepping completed
Note: Starting dynamic gmin stepping
Note: Dynamic gmin stepping completed
Note: Starting dynamic gmin stepping
Note: Dynamic gmin stepping completed
Note: Starting dynamic gmin stepping
Note: Dynamic gmin stepping completed
Note: Starting dynamic gmin stepping
Note: Dynamic gmin stepping completed
Note: Starting dynamic gmin stepping
Note: Dynamic gmin stepping completed
Note: Starting dynamic gmin stepping
Note: Dynamic gmin stepping completed
Note: Starting dynamic gmin stepping
Note: Dynamic gmin stepping completed
Note: Starting dynamic gmin stepping
Note: Dynamic gmin stepping completed
Note: Starting dynamic gmin stepping
Note: Dynamic gmin stepping completed
Note: Starting dynamic gmin stepping
Note: Dynamic gmin stepping completed
Note: Starting dynamic gmin stepping
Note: Dynamic gmin stepping completed
Note: Starting dynamic gmin stepping
Note: Dynamic gmin stepping completed
Note: Starting dynamic gmin stepping
Note: Dynamic gmin stepping completed
Note: Starting dynamic gmin stepping
Note: Dynamic gmin stepping completed
Note: Starting dynamic gmin stepping
Note: Dynamic gmin stepping completed
Note: Starting dynamic gmin stepping
Note: Dynamic gmin stepping completed
Note: Starting dynamic gmin stepping
Note: Dynamic gmin stepping completed
Note: Starting dynamic gmin stepping
Note: Dynamic gmin stepping completed
Note: Starting dynamic gmin stepping
Note: Dynamic gmin stepping completed
Note: Starting dynamic gmin stepping
Note: Dynamic gmin stepping completed
Note: Starting dynamic gmin stepping
Note: Dynamic gmin stepping completed
Note: Starting dynamic gmin stepping
Note: Dynamic gmin stepping completed
Note: Starting dynamic gmin stepping
Note: Dynamic gmin stepping completed
Note: Starting dynamic gmin stepping
Note: Dynamic gmin stepping completed
Note: Starting dynamic gmin stepping
Note: Dynamic gmin stepping completed
Note: Starting dynamic gmin stepping
Note: Dynamic gmin stepping completed
Note: Starting dynamic gmin stepping
Note: Dynamic gmin stepping completed
Note: Starting dynamic gmin stepping
Note: Dynamic gmin stepping completed
Note: Starting dynamic gmin stepping
Note: Dynamic gmin stepping completed
Note: Starting dynamic gmin stepping
Note: Dynamic gmin stepping completed
Note: Starting dynamic gmin stepping
Note: Dynamic gmin stepping completed
Note: Starting dynamic gmin stepping
Note: Dynamic gmin stepping completed
Note: Starting dynamic gmin stepping
Note: Dynamic gmin stepping completed
Note: Starting dynamic gmin stepping
Note: Dynamic gmin stepping completed
Note: Starting dynamic gmin stepping
Note: Dynamic gmin stepping completed
Note: Starting dynamic gmin stepping
Note: Dynamic gmin stepping completed
Note: Starting dynamic gmin stepping
Note: Dynamic gmin stepping completed
Note: Starting dynamic gmin stepping
Note: Dynamic gmin stepping completed
Note: Starting dynamic gmin stepping
Note: Dynamic gmin stepping completed
Note: Starting dynamic gmin stepping
Note: Dynamic gmin stepping completed
Note: Starting dynamic gmin stepping
Note: Dynamic gmin stepping completed
Note: Starting dynamic gmin stepping
Note: Dynamic gmin stepping completed
Note: Starting dynamic gmin stepping
Note: Dynamic gmin stepping completed
Note: Starting dynamic gmin stepping
Note: Dynamic gmin stepping completed
Note: Starting dynamic gmin stepping
Note: Dynamic gmin stepping completed
Note: Starting dynamic gmin stepping
Note: Dynamic gmin stepping completed
Note: Starting dynamic gmin stepping
Note: Dynamic gmin stepping completed
Note: Starting dynamic gmin stepping
Note: Dynamic gmin stepping completed
Note: Starting dynamic gmin stepping
Note: Dynamic gmin stepping completed
Note: Starting dynamic gmin stepping
Note: Dynamic gmin stepping completed
Note: Starting dynamic gmin stepping
Note: Dynamic gmin stepping completed
Note: Starting dynamic gmin stepping
Note: Dynamic gmin stepping completed
Note: Starting dynamic gmin stepping
Note: Dynamic gmin stepping completed
Note: Starting dynamic gmin stepping
Note: Dynamic gmin stepping completed
Note: Starting dynamic gmin stepping
Note: Dynamic gmin stepping completed
Note: Starting dynamic gmin stepping
Note: Dynamic gmin stepping completed
Note: Starting dynamic gmin stepping
Note: Dynamic gmin stepping completed
Note: Starting dynamic gmin stepping
Note: Dynamic gmin stepping completed
Note: Starting dynamic gmin stepping
Note: Dynamic gmin stepping completed
Note: Starting dynamic gmin stepping
Note: Dynamic gmin stepping completed
Note: Starting dynamic gmin stepping
Note: Dynamic gmin stepping completed
Note: Starting dynamic gmin stepping
Note: Dynamic gmin stepping completed
Note: Starting dynamic gmin stepping
Note: Dynamic gmin stepping completed
Note: Starting dynamic gmin stepping
Note: Dynamic gmin stepping completed
Note: Starting dynamic gmin stepping
Note: Dynamic gmin stepping completed
Note: Starting dynamic gmin stepping
Note: Dynamic gmin stepping completed
Note: Starting dynamic gmin stepping
Note: Dynamic gmin stepping completed
Note: Starting dynamic gmin stepping
Note: Dynamic gmin stepping completed
Note: Starting dynamic gmin stepping
Note: Dynamic gmin stepping completed
Note: Starting dynamic gmin stepping
Note: Dynamic gmin stepping completed
Note: Starting dynamic gmin stepping
Note: Dynamic gmin stepping completed
Note: Starting dynamic gmin stepping
Note: Dynamic gmin stepping completed
Note: Starting dynamic gmin stepping
Note: Dynamic gmin stepping completed
Note: Starting dynamic gmin stepping
Note: Dynamic gmin stepping completed
Note: Starting dynamic gmin stepping
Note: Dynamic gmin stepping completed
Note: Starting dynamic gmin stepping
Note: Dynamic gmin stepping completed
Note: Starting dynamic gmin stepping
Note: Dynamic gmin stepping completed
Note: Starting dynamic gmin stepping
Note: Dynamic gmin stepping completed
Note: Starting dynamic gmin stepping
Note: Dynamic gmin stepping completed
Note: Starting dynamic gmin stepping
Note: Dynamic gmin stepping completed
Note: Starting dynamic gmin stepping
Note: Dynamic gmin stepping completed
Note: Starting dynamic gmin stepping
Note: Dynamic gmin stepping completed
Note: Starting dynamic gmin stepping
Note: Dynamic gmin stepping completed
Note: Starting dynamic gmin stepping
Note: Dynamic gmin stepping completed
Note: Starting dynamic gmin stepping
Note: Dynamic gmin stepping completed
Note: Starting dynamic gmin stepping
Note: Dynamic gmin stepping completed
Note: Starting dynamic gmin stepping
Note: Dynamic gmin stepping completed
Note: Starting dynamic gmin stepping
Note: Dynamic gmin stepping completed
Note: Starting dynamic gmin stepping
Note: Dynamic gmin stepping completed
Note: Starting dynamic gmin stepping
Note: Dynamic gmin stepping completed
Note: Starting dynamic gmin stepping
Note: Dynamic gmin stepping completed
Note: Starting dynamic gmin stepping
Note: Dynamic gmin stepping completed
Note: Starting dynamic gmin stepping
Note: Dynamic gmin stepping completed
Note: Starting dynamic gmin stepping
Note: Dynamic gmin stepping completed
Note: Starting dynamic gmin stepping
Note: Dynamic gmin stepping completed
Note: Starting dynamic gmin stepping
Note: Dynamic gmin stepping completed
Note: Starting dynamic gmin stepping
Note: Dynamic gmin stepping completed
Note: Starting dynamic gmin stepping
Note: Dynamic gmin stepping completed
Note: Starting dynamic gmin stepping
Note: Dynamic gmin stepping completed
Note: Starting dynamic gmin stepping
Note: Dynamic gmin stepping completed
Note: Starting dynamic gmin stepping
Note: Dynamic gmin stepping completed
Note: Starting dynamic gmin stepping
Note: Dynamic gmin stepping completed
Note: Starting dynamic gmin stepping
Note: Dynamic gmin stepping completed
Note: Starting dynamic gmin stepping
Note: Dynamic gmin stepping completed
Note: Starting dynamic gmin stepping
Note: Dynamic gmin stepping completed
Note: Starting dynamic gmin stepping
Note: Dynamic gmin stepping completed
Note: Starting dynamic gmin stepping
Note: Dynamic gmin stepping completed
Note: Starting dynamic gmin stepping
Note: Dynamic gmin stepping completed
Note: Starting dynamic gmin stepping
Note: Dynamic gmin stepping completed
Note: Starting dynamic gmin stepping
Note: Dynamic gmin stepping completed
Note: Starting dynamic gmin stepping
Note: Dynamic gmin stepping completed
Note: Starting dynamic gmin stepping
Note: Dynamic gmin stepping completed
Note: Starting dynamic gmin stepping
Note: Dynamic gmin stepping completed
Note: Starting dynamic gmin stepping
Note: Dynamic gmin stepping completed
Note: Starting dynamic gmin stepping
Note: Dynamic gmin stepping completed
Note: Starting dynamic gmin stepping
Note: Dynamic gmin stepping completed
Note: Starting dynamic gmin stepping
Note: Dynamic gmin stepping completed
Note: Starting dynamic gmin stepping
Note: Dynamic gmin stepping completed
Note: Starting dynamic gmin stepping
Note: Dynamic gmin stepping completed
Note: Starting dynamic gmin stepping
Note: Dynamic gmin stepping completed
Note: Starting dynamic gmin stepping
Note: Dynamic gmin stepping completed
Note: Starting dynamic gmin stepping
Note: Dynamic gmin stepping completed
Note: Starting dynamic gmin stepping
Note: Dynamic gmin stepping completed
Note: Starting dynamic gmin stepping
Note: Dynamic gmin stepping completed
Note: Starting dynamic gmin stepping
Note: Dynamic gmin stepping completed
Note: Starting dynamic gmin stepping
Note: Dynamic gmin stepping completed
Note: Starting dynamic gmin stepping
Note: Dynamic gmin stepping completed
Note: Starting dynamic gmin stepping
Note: Dynamic gmin stepping completed
Note: Starting dynamic gmin stepping
Note: Dynamic gmin stepping completed
Note: Starting dynamic gmin stepping
Note: Dynamic gmin stepping completed
Note: Starting dynamic gmin stepping
Note: Dynamic gmin stepping completed
Note: Starting dynamic gmin stepping
Note: Dynamic gmin stepping completed
Note: Starting dynamic gmin stepping
Note: Dynamic gmin stepping completed
Note: Starting dynamic gmin stepping
Note: Dynamic gmin stepping completed
Note: Starting dynamic gmin stepping
Note: Dynamic gmin stepping completed
Note: Starting dynamic gmin stepping
Note: Dynamic gmin stepping completed
Note: Starting dynamic gmin stepping
Note: Dynamic gmin stepping completed
Note: Starting dynamic gmin stepping
Note: Dynamic gmin stepping completed
Note: Starting dynamic gmin stepping
Note: Dynamic gmin stepping completed
Note: Starting dynamic gmin stepping
Note: Dynamic gmin stepping completed
Note: Starting dynamic gmin stepping
Note: Dynamic gmin stepping completed
Note: Starting dynamic gmin stepping
Note: Dynamic gmin stepping completed
Note: Starting dynamic gmin stepping
Note: Dynamic gmin stepping completed
Note: Starting dynamic gmin stepping
Note: Dynamic gmin stepping completed
Note: Starting dynamic gmin stepping
Note: Dynamic gmin stepping completed
Note: Starting dynamic gmin stepping
Note: Dynamic gmin stepping completed
Note: Starting dynamic gmin stepping
Note: Dynamic gmin stepping completed
Note: Starting dynamic gmin stepping
Note: Dynamic gmin stepping completed
Note: Starting dynamic gmin stepping
Note: Dynamic gmin stepping completed
Note: Starting dynamic gmin stepping
Note: Dynamic gmin stepping completed
Note: Starting dynamic gmin stepping
Note: Dynamic gmin stepping completed
Note: Starting dynamic gmin stepping
Note: Dynamic gmin stepping completed
Note: Starting dynamic gmin stepping
Note: Dynamic gmin stepping completed
Note: Starting dynamic gmin stepping
Note: Dynamic gmin stepping completed
Note: Starting dynamic gmin stepping
Note: Dynamic gmin stepping completed
Note: Starting dynamic gmin stepping
Note: Dynamic gmin stepping completed
Note: Starting dynamic gmin stepping
Note: Dynamic gmin stepping completed
Note: Starting dynamic gmin stepping
Note: Dynamic gmin stepping completed
Note: Starting dynamic gmin stepping
Note: Dynamic gmin stepping completed
Note: Starting dynamic gmin stepping
Note: Dynamic gmin stepping completed
Note: Starting dynamic gmin stepping
Note: Dynamic gmin stepping completed
Note: Starting dynamic gmin stepping
Note: Dynamic gmin stepping completed
Note: Starting dynamic gmin stepping
Note: Dynamic gmin stepping completed
Note: Starting dynamic gmin stepping
Note: Dynamic gmin stepping completed
Note: Starting dynamic gmin stepping
Note: Dynamic gmin stepping completed
Note: Starting dynamic gmin stepping
Note: Dynamic gmin stepping completed
Note: Starting dynamic gmin stepping
Note: Dynamic gmin stepping completed
Note: Starting dynamic gmin stepping
Note: Dynamic gmin stepping completed
Note: Starting dynamic gmin stepping
Note: Dynamic gmin stepping completed
Note: Starting dynamic gmin stepping
Note: Dynamic gmin stepping completed
Note: Starting dynamic gmin stepping
Note: Dynamic gmin stepping completed
Note: Starting dynamic gmin stepping
Note: Dynamic gmin stepping completed
Note: Starting dynamic gmin stepping
Note: Dynamic gmin stepping completed
Note: Starting dynamic gmin stepping
Note: Dynamic gmin stepping completed
Note: Starting dynamic gmin stepping
Note: Dynamic gmin stepping completed
Note: Starting dynamic gmin stepping
Note: Dynamic gmin stepping completed
Note: Starting dynamic gmin stepping
Note: Dynamic gmin stepping completed
Note: Starting dynamic gmin stepping
Note: Dynamic gmin stepping completed
Note: Starting dynamic gmin stepping
Note: Dynamic gmin stepping completed
Note: Starting dynamic gmin stepping
Note: Dynamic gmin stepping completed
Note: Starting dynamic gmin stepping
Note: Dynamic gmin stepping completed
Note: Starting dynamic gmin stepping
Note: Dynamic gmin stepping completed
Note: Starting dynamic gmin stepping
Note: Dynamic gmin stepping completed
Note: Starting dynamic gmin stepping
Note: Dynamic gmin stepping completed
Note: Starting dynamic gmin stepping
Note: Dynamic gmin stepping completed
Note: Starting dynamic gmin stepping
Note: Dynamic gmin stepping completed
Note: Starting dynamic gmin stepping
Note: Dynamic gmin stepping completed
Note: Starting dynamic gmin stepping
Note: Dynamic gmin stepping completed
Note: Starting dynamic gmin stepping
Note: Dynamic gmin stepping completed
Note: Starting dynamic gmin stepping
Note: Dynamic gmin stepping completed
Note: Starting dynamic gmin stepping
Note: Dynamic gmin stepping completed
Note: Starting dynamic gmin stepping
Note: Dynamic gmin stepping completed
Note: Starting dynamic gmin stepping
Note: Dynamic gmin stepping completed
Note: Starting dynamic gmin stepping
Note: Dynamic gmin stepping completed
Note: Starting dynamic gmin stepping
Note: Dynamic gmin stepping completed
Note: Starting dynamic gmin stepping
Note: Dynamic gmin stepping completed
Note: Starting dynamic gmin stepping
Note: Dynamic gmin stepping completed
Note: Starting dynamic gmin stepping
Note: Dynamic gmin stepping completed
Note: Starting dynamic gmin stepping
Note: Dynamic gmin stepping completed
Note: Starting dynamic gmin stepping
Note: Dynamic gmin stepping completed
Note: Starting dynamic gmin stepping
Note: Dynamic gmin stepping completed
Note: Starting dynamic gmin stepping
Note: Dynamic gmin stepping completed
Note: Starting dynamic gmin stepping
Note: Dynamic gmin stepping completed
Note: Starting dynamic gmin stepping
Note: Dynamic gmin stepping completed
Note: Starting dynamic gmin stepping
Note: Dynamic gmin stepping completed
Note: Starting dynamic gmin stepping
Note: Dynamic gmin stepping completed
Note: Starting dynamic gmin stepping
Note: Dynamic gmin stepping completed
Note: Starting dynamic gmin stepping
Note: Dynamic gmin stepping completed
Note: Starting dynamic gmin stepping
Note: Dynamic gmin stepping completed
Note: Starting dynamic gmin stepping
Note: Dynamic gmin stepping completed
Note: Starting dynamic gmin stepping
Note: Dynamic gmin stepping completed
Note: Starting dynamic gmin stepping
Note: Dynamic gmin stepping completed
Note: Starting dynamic gmin stepping
Note: Dynamic gmin stepping completed
Note: Starting dynamic gmin stepping
Note: Dynamic gmin stepping completed
Note: Starting dynamic gmin stepping
Note: Dynamic gmin stepping completed
Note: Starting dynamic gmin stepping
Note: Dynamic gmin stepping completed
Note: Starting dynamic gmin stepping
Note: Dynamic gmin stepping completed
Note: Starting dynamic gmin stepping
Note: Dynamic gmin stepping completed
Note: Starting dynamic gmin stepping
Note: Dynamic gmin stepping completed
Note: Starting dynamic gmin stepping
Note: Dynamic gmin stepping completed
Note: Starting dynamic gmin stepping
Note: Dynamic gmin stepping completed
Note: Starting dynamic gmin stepping
Note: Dynamic gmin stepping completed
Note: Starting dynamic gmin stepping
Note: Dynamic gmin stepping completed
Note: Starting dynamic gmin stepping
Note: Dynamic gmin stepping completed
Note: Starting dynamic gmin stepping
Note: Dynamic gmin stepping completed
Note: Starting dynamic gmin stepping
Note: Dynamic gmin stepping completed
Note: Starting dynamic gmin stepping
Note: Dynamic gmin stepping completed
Note: Starting dynamic gmin stepping
Note: Dynamic gmin stepping completed
Note: Starting dynamic gmin stepping
Note: Dynamic gmin stepping completed
Note: Starting dynamic gmin stepping
Note: Dynamic gmin stepping completed
Note: Starting dynamic gmin stepping
Note: Dynamic gmin stepping completed
Note: Starting dynamic gmin stepping
Note: Dynamic gmin stepping completed
Note: Starting dynamic gmin stepping
Note: Dynamic gmin stepping completed
Note: Starting dynamic gmin stepping
Note: Dynamic gmin stepping completed
Note: Starting dynamic gmin stepping
Note: Dynamic gmin stepping completed
Note: Starting dynamic gmin stepping
Note: Dynamic gmin stepping completed
Note: Starting dynamic gmin stepping
Note: Dynamic gmin stepping completed
Note: Starting dynamic gmin stepping
Note: Dynamic gmin stepping completed
Note: Starting dynamic gmin stepping
Note: Dynamic gmin stepping completed
Note: Starting dynamic gmin stepping
Note: Dynamic gmin stepping completed
Note: Starting dynamic gmin stepping
Note: Dynamic gmin stepping completed
Note: Starting dynamic gmin stepping
Note: Dynamic gmin stepping completed
Note: Starting dynamic gmin stepping
Note: Dynamic gmin stepping completed
Note: Starting dynamic gmin stepping
Note: Dynamic gmin stepping completed
Note: Starting dynamic gmin stepping
Note: Dynamic gmin stepping completed
Note: Starting dynamic gmin stepping
Note: Dynamic gmin stepping completed
Note: Starting dynamic gmin stepping
Note: Dynamic gmin stepping completed
Note: Starting dynamic gmin stepping
Note: Dynamic gmin stepping completed
Note: Starting dynamic gmin stepping
Note: Dynamic gmin stepping completed
Note: Starting dynamic gmin stepping
Note: Dynamic gmin stepping completed
Note: Starting dynamic gmin stepping
Note: Dynamic gmin stepping completed
Note: Starting dynamic gmin stepping
Note: Dynamic gmin stepping completed
Note: Starting dynamic gmin stepping
Note: Dynamic gmin stepping completed
Note: Starting dynamic gmin stepping
Note: Dynamic gmin stepping completed
Note: Starting dynamic gmin stepping
Note: Dynamic gmin stepping completed
Note: Starting dynamic gmin stepping
Note: Dynamic gmin stepping completed
Note: Starting dynamic gmin stepping
Note: Dynamic gmin stepping completed
Note: Starting dynamic gmin stepping
Note: Dynamic gmin stepping completed
Note: Starting dynamic gmin stepping
Note: Dynamic gmin stepping completed
Note: Starting dynamic gmin stepping
Note: Dynamic gmin stepping completed
Note: Starting dynamic gmin stepping
Note: Dynamic gmin stepping completed
Note: Starting dynamic gmin stepping
Note: Dynamic gmin stepping completed
Note: Starting dynamic gmin stepping
Note: Dynamic gmin stepping completed
Note: Starting dynamic gmin stepping
Note: Dynamic gmin stepping completed
Note: Starting dynamic gmin stepping
Note: Dynamic gmin stepping completed
Note: Starting dynamic gmin stepping
Note: Dynamic gmin stepping completed
Note: Starting dynamic gmin stepping
Note: Dynamic gmin stepping completed
Note: Starting dynamic gmin stepping
Note: Dynamic gmin stepping completed
Note: Starting dynamic gmin stepping
Note: Dynamic gmin stepping completed
Note: Starting dynamic gmin stepping
Note: Dynamic gmin stepping completed
Note: Starting dynamic gmin stepping
Note: Dynamic gmin stepping completed
Note: Starting dynamic gmin stepping
Note: Dynamic gmin stepping completed
Note: Starting dynamic gmin stepping
Note: Dynamic gmin stepping completed
Note: Starting dynamic gmin stepping
Note: Dynamic gmin stepping completed
Note: Starting dynamic gmin stepping
Note: Dynamic gmin stepping completed
Note: Starting dynamic gmin stepping
Note: Dynamic gmin stepping completed
Note: Starting dynamic gmin stepping
Note: Dynamic gmin stepping completed
Note: Starting dynamic gmin stepping
Note: Dynamic gmin stepping completed
Note: Starting dynamic gmin stepping
Note: Dynamic gmin stepping completed
Note: Starting dynamic gmin stepping
Note: Dynamic gmin stepping completed
Note: Starting dynamic gmin stepping
Note: Dynamic gmin stepping completed
Note: Starting dynamic gmin stepping
Note: Dynamic gmin stepping completed
Note: Starting dynamic gmin stepping
Note: Dynamic gmin stepping completed
Note: Starting dynamic gmin stepping
Note: Dynamic gmin stepping completed
Note: Starting dynamic gmin stepping
Note: Dynamic gmin stepping completed
Note: Starting dynamic gmin stepping
Note: Dynamic gmin stepping completed
Note: Starting dynamic gmin stepping
Note: Dynamic gmin stepping completed
Note: Starting dynamic gmin stepping
Note: Dynamic gmin stepping completed
Note: Starting dynamic gmin stepping
Note: Dynamic gmin stepping completed
Note: Starting dynamic gmin stepping
Note: Dynamic gmin stepping completed
Note: Starting dynamic gmin stepping
Note: Dynamic gmin stepping completed
Note: Starting dynamic gmin stepping
Note: Dynamic gmin stepping completed
Note: Starting dynamic gmin stepping
Note: Dynamic gmin stepping completed
Note: Starting dynamic gmin stepping
Note: Dynamic gmin stepping completed
Note: Starting dynamic gmin stepping
Note: Dynamic gmin stepping completed
Note: Starting dynamic gmin stepping
Note: Dynamic gmin stepping completed
Note: Starting dynamic gmin stepping
Note: Dynamic gmin stepping completed
Note: Starting dynamic gmin stepping
Note: Dynamic gmin stepping completed
Note: Starting dynamic gmin stepping
Note: Dynamic gmin stepping completed
Note: Starting dynamic gmin stepping
Note: Dynamic gmin stepping completed
Note: Starting dynamic gmin stepping
Note: Dynamic gmin stepping completed
Note: Starting dynamic gmin stepping
Note: Dynamic gmin stepping completed
Note: Starting dynamic gmin stepping
Note: Dynamic gmin stepping completed
Note: Starting dynamic gmin stepping
Note: Dynamic gmin stepping completed
Note: Starting dynamic gmin stepping
Note: Dynamic gmin stepping completed
Note: Starting dynamic gmin stepping
Note: Dynamic gmin stepping completed
Note: Starting dynamic gmin stepping
Note: Dynamic gmin stepping completed
Note: Starting dynamic gmin stepping
Note: Dynamic gmin stepping completed
Note: Starting dynamic gmin stepping
Note: Dynamic gmin stepping completed
Note: Starting dynamic gmin stepping
Note: Dynamic gmin stepping completed
Note: Starting dynamic gmin stepping
Note: Dynamic gmin stepping completed
Note: Starting dynamic gmin stepping
Note: Dynamic gmin stepping completed
Note: Starting dynamic gmin stepping
Note: Dynamic gmin stepping completed
Note: Starting dynamic gmin stepping
Note: Dynamic gmin stepping completed
Note: Starting dynamic gmin stepping
Note: Dynamic gmin stepping completed
Note: Starting dynamic gmin stepping
Note: Dynamic gmin stepping completed
Note: Starting dynamic gmin stepping
Note: Dynamic gmin stepping completed
Note: Starting dynamic gmin stepping
Note: Dynamic gmin stepping completed
Note: Starting dynamic gmin stepping
Note: Dynamic gmin stepping completed
Note: Starting dynamic gmin stepping
Note: Dynamic gmin stepping completed
Note: Starting dynamic gmin stepping
Note: Dynamic gmin stepping completed
Note: Starting dynamic gmin stepping
Note: Dynamic gmin stepping completed
Note: Starting dynamic gmin stepping
Note: Dynamic gmin stepping completed
Note: Starting dynamic gmin stepping
Note: Dynamic gmin stepping completed
Note: Starting dynamic gmin stepping
Note: Dynamic gmin stepping completed
Note: Starting dynamic gmin stepping
Note: Dynamic gmin stepping completed
Note: Starting dynamic gmin stepping
Note: Dynamic gmin stepping completed
Note: Starting dynamic gmin stepping
Note: Dynamic gmin stepping completed
Note: Starting dynamic gmin stepping
Note: Dynamic gmin stepping completed
Note: Starting dynamic gmin stepping
Note: Dynamic gmin stepping completed
Note: Starting dynamic gmin stepping
Note: Dynamic gmin stepping completed
Note: Starting dynamic gmin stepping
Note: Dynamic gmin stepping completed
Note: Starting dynamic gmin stepping
Note: Dynamic gmin stepping completed
Note: Starting dynamic gmin stepping
Note: Dynamic gmin stepping completed
Note: Starting dynamic gmin stepping
Note: Dynamic gmin stepping completed
Note: Starting dynamic gmin stepping
Note: Dynamic gmin stepping completed
Note: Starting dynamic gmin stepping
Note: Dynamic gmin stepping completed
Note: Starting dynamic gmin stepping
Note: Dynamic gmin stepping completed
Note: Starting dynamic gmin stepping
Note: Dynamic gmin stepping completed
Note: Starting dynamic gmin stepping
Note: Dynamic gmin stepping completed
Note: Starting dynamic gmin stepping
Note: Dynamic gmin stepping completed
Note: Starting dynamic gmin stepping
Note: Dynamic gmin stepping completed
Note: Starting dynamic gmin stepping
Note: Dynamic gmin stepping completed
Note: Starting dynamic gmin stepping
Note: Dynamic gmin stepping completed
Note: Starting dynamic gmin stepping
Note: Dynamic gmin stepping completed
Note: Starting dynamic gmin stepping
Note: Dynamic gmin stepping completed
Note: Starting dynamic gmin stepping
Note: Dynamic gmin stepping completed
Note: Starting dynamic gmin stepping
Note: Dynamic gmin stepping completed
Note: Starting dynamic gmin stepping
Note: Dynamic gmin stepping completed
Note: Starting dynamic gmin stepping
Note: Dynamic gmin stepping completed
Note: Starting dynamic gmin stepping
Note: Dynamic gmin stepping completed
Note: Starting dynamic gmin stepping
Note: Dynamic gmin stepping completed
Note: Starting dynamic gmin stepping
Note: Dynamic gmin stepping completed
Note: Starting dynamic gmin stepping
Note: Dynamic gmin stepping completed
Note: Starting dynamic gmin stepping
Note: Dynamic gmin stepping completed
Note: Starting dynamic gmin stepping
Note: Dynamic gmin stepping completed
Note: Starting dynamic gmin stepping
Note: Dynamic gmin stepping completed
Note: Starting dynamic gmin stepping
Note: Dynamic gmin stepping completed
Note: Starting dynamic gmin stepping
Note: Dynamic gmin stepping completed
Note: Starting dynamic gmin stepping
Note: Dynamic gmin stepping completed
Note: Starting dynamic gmin stepping
Note: Dynamic gmin stepping completed
Note: Starting dynamic gmin stepping
Note: Dynamic gmin stepping completed
Note: Starting dynamic gmin stepping
Note: Dynamic gmin stepping completed
Note: Starting dynamic gmin stepping
Note: Dynamic gmin stepping completed
Note: Starting dynamic gmin stepping
Note: Dynamic gmin stepping completed
Note: Starting dynamic gmin stepping
Note: Dynamic gmin stepping completed
Note: Starting dynamic gmin stepping
Note: Dynamic gmin stepping completed
Note: Starting dynamic gmin stepping
Note: Dynamic gmin stepping completed
Note: Starting dynamic gmin stepping
Note: Dynamic gmin stepping completed
Note: Starting dynamic gmin stepping
Note: Dynamic gmin stepping completed
Note: Starting dynamic gmin stepping
Note: Dynamic gmin stepping completed
Note: Starting dynamic gmin stepping
Note: Dynamic gmin stepping completed
Note: Starting dynamic gmin stepping
Note: Dynamic gmin stepping completed
Note: Starting dynamic gmin stepping
Note: Dynamic gmin stepping completed
Note: Starting dynamic gmin stepping
Note: Dynamic gmin stepping completed
Note: Starting dynamic gmin stepping
Note: Dynamic gmin stepping completed
Note: Starting dynamic gmin stepping
Note: Dynamic gmin stepping completed
Note: Starting dynamic gmin stepping
Note: Dynamic gmin stepping completed
Note: Starting dynamic gmin stepping
Note: Dynamic gmin stepping completed
Note: Starting dynamic gmin stepping
Note: Dynamic gmin stepping completed
Note: Starting dynamic gmin stepping
Note: Dynamic gmin stepping completed
Note: Starting dynamic gmin stepping
Note: Dynamic gmin stepping completed
Note: Starting dynamic gmin stepping
Note: Dynamic gmin stepping completed
Note: Starting dynamic gmin stepping
Note: Dynamic gmin stepping completed
Note: Starting dynamic gmin stepping
Note: Dynamic gmin stepping completed
Note: Starting dynamic gmin stepping
Note: Dynamic gmin stepping completed
Note: Starting dynamic gmin stepping
Note: Dynamic gmin stepping completed
Note: Starting dynamic gmin stepping
Note: Dynamic gmin stepping completed
Note: Starting dynamic gmin stepping
Note: Dynamic gmin stepping completed
Note: Starting dynamic gmin stepping
Note: Dynamic gmin stepping completed
Note: Starting dynamic gmin stepping
Note: Dynamic gmin stepping completed
Note: Starting dynamic gmin stepping
Note: Dynamic gmin stepping completed
Note: Starting dynamic gmin stepping
Note: Dynamic gmin stepping completed
Note: Starting dynamic gmin stepping
Note: Dynamic gmin stepping completed
Note: Starting dynamic gmin stepping
Note: Dynamic gmin stepping completed
Note: Starting dynamic gmin stepping
Note: Dynamic gmin stepping completed
Note: Starting dynamic gmin stepping
Note: Dynamic gmin stepping completed
Note: Starting dynamic gmin stepping
Note: Dynamic gmin stepping completed
Note: Starting dynamic gmin stepping
Note: Dynamic gmin stepping completed
Note: Starting dynamic gmin stepping
Note: Dynamic gmin stepping completed
Note: Starting dynamic gmin stepping
Note: Dynamic gmin stepping completed
Note: Starting dynamic gmin stepping
Note: Dynamic gmin stepping completed
Note: Starting dynamic gmin stepping
Note: Dynamic gmin stepping completed
Note: Starting dynamic gmin stepping
Note: Dynamic gmin stepping completed
Note: Starting dynamic gmin stepping
Note: Dynamic gmin stepping completed
Note: Starting dynamic gmin stepping
Note: Dynamic gmin stepping completed
Note: Starting dynamic gmin stepping
Note: Dynamic gmin stepping completed
Note: Starting dynamic gmin stepping
Note: Dynamic gmin stepping completed
Note: Starting dynamic gmin stepping
Note: Dynamic gmin stepping completed
Note: Starting dynamic gmin stepping
Note: Dynamic gmin stepping completed
Note: Starting dynamic gmin stepping
Note: Dynamic gmin stepping completed
Note: Starting dynamic gmin stepping
Note: Dynamic gmin stepping completed
Note: Starting dynamic gmin stepping
Note: Dynamic gmin stepping completed
Note: Starting dynamic gmin stepping
Note: Dynamic gmin stepping completed
Note: Starting dynamic gmin stepping
Note: Dynamic gmin stepping completed
Note: Starting dynamic gmin stepping
Note: Dynamic gmin stepping completed
Note: Starting dynamic gmin stepping
Note: Dynamic gmin stepping completed
Note: Starting dynamic gmin stepping
Note: Dynamic gmin stepping completed
Note: Starting dynamic gmin stepping
Note: Dynamic gmin stepping completed
Note: Starting dynamic gmin stepping
Note: Dynamic gmin stepping completed
Note: Starting dynamic gmin stepping
Note: Dynamic gmin stepping completed
Note: Starting dynamic gmin stepping
Note: Dynamic gmin stepping completed
Note: Starting dynamic gmin stepping
Note: Dynamic gmin stepping completed
Note: Starting dynamic gmin stepping
Note: Dynamic gmin stepping completed
Note: Starting dynamic gmin stepping
Note: Dynamic gmin stepping completed
Note: Starting dynamic gmin stepping
Note: Dynamic gmin stepping completed
Note: Starting dynamic gmin stepping
Note: Dynamic gmin stepping completed
Note: Starting dynamic gmin stepping
Note: Dynamic gmin stepping completed
Note: Starting dynamic gmin stepping
Note: Dynamic gmin stepping completed
Note: Starting dynamic gmin stepping
Note: Dynamic gmin stepping completed
Note: Starting dynamic gmin stepping
Note: Dynamic gmin stepping completed
Note: Starting dynamic gmin stepping
Note: Dynamic gmin stepping completed
Note: Starting dynamic gmin stepping
Note: Dynamic gmin stepping completed
Note: Starting dynamic gmin stepping
Note: Dynamic gmin stepping completed
Note: Starting dynamic gmin stepping
Note: Dynamic gmin stepping completed
Note: Starting dynamic gmin stepping
Note: Dynamic gmin stepping completed
Note: Starting dynamic gmin stepping
Note: Dynamic gmin stepping completed
Note: Starting dynamic gmin stepping
Note: Dynamic gmin stepping completed
Note: Starting dynamic gmin stepping
Note: Dynamic gmin stepping completed
Note: Starting dynamic gmin stepping
Note: Dynamic gmin stepping completed
Note: Starting dynamic gmin stepping
Note: Dynamic gmin stepping completed
Note: Starting dynamic gmin stepping
Note: Dynamic gmin stepping completed
Note: Starting dynamic gmin stepping
Note: Dynamic gmin stepping completed
Note: Starting dynamic gmin stepping
Note: Dynamic gmin stepping completed
Note: Starting dynamic gmin stepping
Note: Dynamic gmin stepping completed
Note: Starting dynamic gmin stepping
Note: Dynamic gmin stepping completed
Note: Starting dynamic gmin stepping
Note: Dynamic gmin stepping completed
Note: Starting dynamic gmin stepping
Note: Dynamic gmin stepping completed
Note: Starting dynamic gmin stepping
Note: Dynamic gmin stepping completed
Note: Starting dynamic gmin stepping
Note: Dynamic gmin stepping completed
Note: Starting dynamic gmin stepping
Note: Dynamic gmin stepping completed
Note: Starting dynamic gmin stepping
Note: Dynamic gmin stepping completed
Note: Starting dynamic gmin stepping
Note: Dynamic gmin stepping completed
Note: Starting dynamic gmin stepping
Note: Dynamic gmin stepping completed
Note: Starting dynamic gmin stepping
Note: Dynamic gmin stepping completed
