
Note: Compatibility modes selected: hs a


Circuit: * comparator-offset-mc @ ff_27c_3.63v -- generated by sim/harness, do not edit

Reset re-loads circuit * comparator-offset-mc @ ff_27c_3.63v -- generated by sim/harness, do not edit

Circuit: * comparator-offset-mc @ ff_27c_3.63v -- generated by sim/harness, do not edit

Doing analysis at TEMP = 27.000000 and TNOM = 27.000000

Using SPARSE 1.3 as Direct Linear Solver
 Reference value :  0.00000e+00
No. of Data Rows : 6
voa = -4.110956716e-04
ddc = 1.1593063146e-07
dde = -1.141863935e-07
Reset re-loads circuit * comparator-offset-mc @ ff_27c_3.63v -- generated by sim/harness, do not edit

Circuit: * comparator-offset-mc @ ff_27c_3.63v -- generated by sim/harness, do not edit

Doing analysis at TEMP = 27.000000 and TNOM = 27.000000

Using SPARSE 1.3 as Direct Linear Solver

No. of Data Rows : 6
voa = 1.7983054415e-03
ddc = -3.308460797e-07
dde = 3.2533340669e-07
Reset re-loads circuit * comparator-offset-mc @ ff_27c_3.63v -- generated by sim/harness, do not edit

Circuit: * comparator-offset-mc @ ff_27c_3.63v -- generated by sim/harness, do not edit

Doing analysis at TEMP = 27.000000 and TNOM = 27.000000

Using SPARSE 1.3 as Direct Linear Solver

No. of Data Rows : 6
voa = 1.4519268891e-03
ddc = -3.321786924e-07
dde = 3.2692810369e-07
Reset re-loads circuit * comparator-offset-mc @ ff_27c_3.63v -- generated by sim/harness, do not edit

Circuit: * comparator-offset-mc @ ff_27c_3.63v -- generated by sim/harness, do not edit

Doing analysis at TEMP = 27.000000 and TNOM = 27.000000

Using SPARSE 1.3 as Direct Linear Solver

No. of Data Rows : 6
voa = -1.280856062e-05
ddc = 2.4377358393e-08
dde = -2.394913835e-08
Reset re-loads circuit * comparator-offset-mc @ ff_27c_3.63v -- generated by sim/harness, do not edit

Circuit: * comparator-offset-mc @ ff_27c_3.63v -- generated by sim/harness, do not edit

Doing analysis at TEMP = 27.000000 and TNOM = 27.000000

Using SPARSE 1.3 as Direct Linear Solver

No. of Data Rows : 6
voa = 1.8169976731e-03
ddc = -3.711974143e-07
dde = 3.6503877887e-07
Reset re-loads circuit * comparator-offset-mc @ ff_27c_3.63v -- generated by sim/harness, do not edit

Circuit: * comparator-offset-mc @ ff_27c_3.63v -- generated by sim/harness, do not edit

Doing analysis at TEMP = 27.000000 and TNOM = 27.000000

Using SPARSE 1.3 as Direct Linear Solver
 Reference value :  0.00000e+00
No. of Data Rows : 6
voa = -2.832450856e-04
ddc = 9.0980780719e-08
dde = -8.968484168e-08
Reset re-loads circuit * comparator-offset-mc @ ff_27c_3.63v -- generated by sim/harness, do not edit

Circuit: * comparator-offset-mc @ ff_27c_3.63v -- generated by sim/harness, do not edit

Doing analysis at TEMP = 27.000000 and TNOM = 27.000000

Using SPARSE 1.3 as Direct Linear Solver

No. of Data Rows : 6
voa = -1.959148740e-04
ddc = 5.6288999166e-08
dde = -5.523521144e-08
Reset re-loads circuit * comparator-offset-mc @ ff_27c_3.63v -- generated by sim/harness, do not edit

Circuit: * comparator-offset-mc @ ff_27c_3.63v -- generated by sim/harness, do not edit

Doing analysis at TEMP = 27.000000 and TNOM = 27.000000

Using SPARSE 1.3 as Direct Linear Solver

No. of Data Rows : 6
voa = -2.668730643e-04
ddc = 5.8045343622e-08
dde = -5.736794191e-08
Reset re-loads circuit * comparator-offset-mc @ ff_27c_3.63v -- generated by sim/harness, do not edit

Circuit: * comparator-offset-mc @ ff_27c_3.63v -- generated by sim/harness, do not edit

Doing analysis at TEMP = 27.000000 and TNOM = 27.000000

Using SPARSE 1.3 as Direct Linear Solver

No. of Data Rows : 6
voa = 9.6289074256e-04
ddc = -2.504430248e-07
dde = 2.4647988539e-07
Reset re-loads circuit * comparator-offset-mc @ ff_27c_3.63v -- generated by sim/harness, do not edit

Circuit: * comparator-offset-mc @ ff_27c_3.63v -- generated by sim/harness, do not edit

Doing analysis at TEMP = 27.000000 and TNOM = 27.000000

Using SPARSE 1.3 as Direct Linear Solver

No. of Data Rows : 6
voa = 1.0082050617e-03
ddc = -2.475105191e-07
dde = 2.4363328490e-07
Reset re-loads circuit * comparator-offset-mc @ ff_27c_3.63v -- generated by sim/harness, do not edit

Circuit: * comparator-offset-mc @ ff_27c_3.63v -- generated by sim/harness, do not edit

Doing analysis at TEMP = 27.000000 and TNOM = 27.000000

Using SPARSE 1.3 as Direct Linear Solver
 Reference value :  0.00000e+00
No. of Data Rows : 6
voa = -9.369021418e-04
ddc = 2.0693025594e-07
dde = -2.001513485e-07
Reset re-loads circuit * comparator-offset-mc @ ff_27c_3.63v -- generated by sim/harness, do not edit

Circuit: * comparator-offset-mc @ ff_27c_3.63v -- generated by sim/harness, do not edit

Doing analysis at TEMP = 27.000000 and TNOM = 27.000000

Using SPARSE 1.3 as Direct Linear Solver

No. of Data Rows : 6
voa = 4.4802266302e-04
ddc = -9.898604551e-08
dde = 9.6669861767e-08
Reset re-loads circuit * comparator-offset-mc @ ff_27c_3.63v -- generated by sim/harness, do not edit

Circuit: * comparator-offset-mc @ ff_27c_3.63v -- generated by sim/harness, do not edit

Doing analysis at TEMP = 27.000000 and TNOM = 27.000000

Using SPARSE 1.3 as Direct Linear Solver

No. of Data Rows : 6
voa = -7.675750361e-04
ddc = 1.5419285484e-07
dde = -1.516017125e-07
Reset re-loads circuit * comparator-offset-mc @ ff_27c_3.63v -- generated by sim/harness, do not edit

Circuit: * comparator-offset-mc @ ff_27c_3.63v -- generated by sim/harness, do not edit

Doing analysis at TEMP = 27.000000 and TNOM = 27.000000

Using SPARSE 1.3 as Direct Linear Solver

No. of Data Rows : 6
voa = 2.2777824836e-04
ddc = 1.3080748532e-08
dde = -1.366083464e-08
Reset re-loads circuit * comparator-offset-mc @ ff_27c_3.63v -- generated by sim/harness, do not edit

Circuit: * comparator-offset-mc @ ff_27c_3.63v -- generated by sim/harness, do not edit

Doing analysis at TEMP = 27.000000 and TNOM = 27.000000

Using SPARSE 1.3 as Direct Linear Solver

No. of Data Rows : 6
voa = 1.3332952570e-03
ddc = -2.831562854e-07
dde = 2.7854797925e-07
Reset re-loads circuit * comparator-offset-mc @ ff_27c_3.63v -- generated by sim/harness, do not edit

Circuit: * comparator-offset-mc @ ff_27c_3.63v -- generated by sim/harness, do not edit

Doing analysis at TEMP = 27.000000 and TNOM = 27.000000

Using SPARSE 1.3 as Direct Linear Solver
 Reference value :  0.00000e+00
No. of Data Rows : 6
voa = -1.312864057e-03
ddc = 3.0924180524e-07
dde = -3.043448586e-07
Reset re-loads circuit * comparator-offset-mc @ ff_27c_3.63v -- generated by sim/harness, do not edit

Circuit: * comparator-offset-mc @ ff_27c_3.63v -- generated by sim/harness, do not edit

Doing analysis at TEMP = 27.000000 and TNOM = 27.000000

Using SPARSE 1.3 as Direct Linear Solver

No. of Data Rows : 6
voa = 5.6627348788e-04
ddc = -1.213372677e-07
dde = 1.1769596334e-07
Reset re-loads circuit * comparator-offset-mc @ ff_27c_3.63v -- generated by sim/harness, do not edit

Circuit: * comparator-offset-mc @ ff_27c_3.63v -- generated by sim/harness, do not edit

Doing analysis at TEMP = 27.000000 and TNOM = 27.000000

Using SPARSE 1.3 as Direct Linear Solver

No. of Data Rows : 6
voa = -8.221956426e-05
ddc = 9.2864409371e-09
dde = -8.949506708e-09
Reset re-loads circuit * comparator-offset-mc @ ff_27c_3.63v -- generated by sim/harness, do not edit

Circuit: * comparator-offset-mc @ ff_27c_3.63v -- generated by sim/harness, do not edit

Doing analysis at TEMP = 27.000000 and TNOM = 27.000000

Using SPARSE 1.3 as Direct Linear Solver

No. of Data Rows : 6
voa = -5.252234999e-04
ddc = 1.4863680997e-07
dde = -1.340628179e-07
Reset re-loads circuit * comparator-offset-mc @ ff_27c_3.63v -- generated by sim/harness, do not edit

Circuit: * comparator-offset-mc @ ff_27c_3.63v -- generated by sim/harness, do not edit

Doing analysis at TEMP = 27.000000 and TNOM = 27.000000

Using SPARSE 1.3 as Direct Linear Solver

No. of Data Rows : 6
voa = 1.2491319341e-03
ddc = -2.259140567e-07
dde = 2.2280553925e-07
Reset re-loads circuit * comparator-offset-mc @ ff_27c_3.63v -- generated by sim/harness, do not edit

Circuit: * comparator-offset-mc @ ff_27c_3.63v -- generated by sim/harness, do not edit

Doing analysis at TEMP = 27.000000 and TNOM = 27.000000

Using SPARSE 1.3 as Direct Linear Solver

No. of Data Rows : 6
voa = -3.568471374e-04
ddc = 7.0588873200e-08
dde = -6.894787927e-08
Reset re-loads circuit * comparator-offset-mc @ ff_27c_3.63v -- generated by sim/harness, do not edit

Circuit: * comparator-offset-mc @ ff_27c_3.63v -- generated by sim/harness, do not edit

Doing analysis at TEMP = 27.000000 and TNOM = 27.000000

Using SPARSE 1.3 as Direct Linear Solver
 Reference value :  0.00000e+00
No. of Data Rows : 6
voa = -7.280902756e-04
ddc = 1.5688843184e-07
dde = -1.543471083e-07
Reset re-loads circuit * comparator-offset-mc @ ff_27c_3.63v -- generated by sim/harness, do not edit

Circuit: * comparator-offset-mc @ ff_27c_3.63v -- generated by sim/harness, do not edit

Doing analysis at TEMP = 27.000000 and TNOM = 27.000000

Using SPARSE 1.3 as Direct Linear Solver

No. of Data Rows : 6
voa = 5.9147336111e-04
ddc = -8.747368019e-08
dde = 8.5921089331e-08
Reset re-loads circuit * comparator-offset-mc @ ff_27c_3.63v -- generated by sim/harness, do not edit

Circuit: * comparator-offset-mc @ ff_27c_3.63v -- generated by sim/harness, do not edit

Doing analysis at TEMP = 27.000000 and TNOM = 27.000000

Using SPARSE 1.3 as Direct Linear Solver

No. of Data Rows : 6
voa = 1.3976303695e-05
ddc = -3.185950621e-08
dde = 3.1448140633e-08
Reset re-loads circuit * comparator-offset-mc @ ff_27c_3.63v -- generated by sim/harness, do not edit

Circuit: * comparator-offset-mc @ ff_27c_3.63v -- generated by sim/harness, do not edit

Doing analysis at TEMP = 27.000000 and TNOM = 27.000000

Using SPARSE 1.3 as Direct Linear Solver

No. of Data Rows : 6
voa = -1.429268219e-03
ddc = 3.0497481891e-07
dde = -2.998432589e-07
Reset re-loads circuit * comparator-offset-mc @ ff_27c_3.63v -- generated by sim/harness, do not edit

Circuit: * comparator-offset-mc @ ff_27c_3.63v -- generated by sim/harness, do not edit

Doing analysis at TEMP = 27.000000 and TNOM = 27.000000

Using SPARSE 1.3 as Direct Linear Solver

No. of Data Rows : 6
voa = -1.100364827e-03
ddc = 2.7386004293e-07
dde = -2.697642023e-07
Reset re-loads circuit * comparator-offset-mc @ ff_27c_3.63v -- generated by sim/harness, do not edit

Circuit: * comparator-offset-mc @ ff_27c_3.63v -- generated by sim/harness, do not edit

Doing analysis at TEMP = 27.000000 and TNOM = 27.000000

Using SPARSE 1.3 as Direct Linear Solver
 Reference value :  2.00000e-03
No. of Data Rows : 6
voa = -5.739646519e-04
ddc = 1.5852168399e-07
dde = -1.562574436e-07
Reset re-loads circuit * comparator-offset-mc @ ff_27c_3.63v -- generated by sim/harness, do not edit

Circuit: * comparator-offset-mc @ ff_27c_3.63v -- generated by sim/harness, do not edit

Doing analysis at TEMP = 27.000000 and TNOM = 27.000000

Using SPARSE 1.3 as Direct Linear Solver

No. of Data Rows : 6
voa = 9.3062839516e-05
ddc = 2.1726110681e-09
dde = -4.250911932e-09
Reset re-loads circuit * comparator-offset-mc @ ff_27c_3.63v -- generated by sim/harness, do not edit

Circuit: * comparator-offset-mc @ ff_27c_3.63v -- generated by sim/harness, do not edit

Doing analysis at TEMP = 27.000000 and TNOM = 27.000000

Using SPARSE 1.3 as Direct Linear Solver

No. of Data Rows : 6
voa = -1.900788720e-04
ddc = 5.1641568712e-09
dde = -4.856832518e-09
Reset re-loads circuit * comparator-offset-mc @ ff_27c_3.63v -- generated by sim/harness, do not edit

Circuit: * comparator-offset-mc @ ff_27c_3.63v -- generated by sim/harness, do not edit

Doing analysis at TEMP = 27.000000 and TNOM = 27.000000

Using SPARSE 1.3 as Direct Linear Solver

No. of Data Rows : 6
voa = 2.2238089074e-04
ddc = -2.168085388e-08
dde = 2.1223430068e-08
Reset re-loads circuit * comparator-offset-mc @ ff_27c_3.63v -- generated by sim/harness, do not edit

Circuit: * comparator-offset-mc @ ff_27c_3.63v -- generated by sim/harness, do not edit

Doing analysis at TEMP = 27.000000 and TNOM = 27.000000

Using SPARSE 1.3 as Direct Linear Solver

No. of Data Rows : 6
voa = 1.8713402859e-03
ddc = -4.472753980e-07
dde = 4.4234922917e-07
Reset re-loads circuit * comparator-offset-mc @ ff_27c_3.63v -- generated by sim/harness, do not edit

Circuit: * comparator-offset-mc @ ff_27c_3.63v -- generated by sim/harness, do not edit

Doing analysis at TEMP = 27.000000 and TNOM = 27.000000

Using SPARSE 1.3 as Direct Linear Solver
 Reference value :  0.00000e+00
No. of Data Rows : 6
voa = -9.847069068e-04
ddc = 1.8977675918e-07
dde = -1.865642944e-07
Reset re-loads circuit * comparator-offset-mc @ ff_27c_3.63v -- generated by sim/harness, do not edit

Circuit: * comparator-offset-mc @ ff_27c_3.63v -- generated by sim/harness, do not edit

Doing analysis at TEMP = 27.000000 and TNOM = 27.000000

Using SPARSE 1.3 as Direct Linear Solver

No. of Data Rows : 6
voa = 4.5327070251e-04
ddc = -9.300437156e-08
dde = 9.1695755354e-08
Reset re-loads circuit * comparator-offset-mc @ ff_27c_3.63v -- generated by sim/harness, do not edit

Circuit: * comparator-offset-mc @ ff_27c_3.63v -- generated by sim/harness, do not edit

Doing analysis at TEMP = 27.000000 and TNOM = 27.000000

Using SPARSE 1.3 as Direct Linear Solver

No. of Data Rows : 6
voa = -1.469665522e-04
ddc = 1.8398808504e-08
dde = -1.742866489e-08
Reset re-loads circuit * comparator-offset-mc @ ff_27c_3.63v -- generated by sim/harness, do not edit

Circuit: * comparator-offset-mc @ ff_27c_3.63v -- generated by sim/harness, do not edit

Doing analysis at TEMP = 27.000000 and TNOM = 27.000000

Using SPARSE 1.3 as Direct Linear Solver

No. of Data Rows : 6
voa = 2.3227286690e-03
ddc = -4.430759548e-07
dde = 4.3565269462e-07
Reset re-loads circuit * comparator-offset-mc @ ff_27c_3.63v -- generated by sim/harness, do not edit

Circuit: * comparator-offset-mc @ ff_27c_3.63v -- generated by sim/harness, do not edit

Doing analysis at TEMP = 27.000000 and TNOM = 27.000000

Using SPARSE 1.3 as Direct Linear Solver

No. of Data Rows : 6
voa = -3.895849742e-04
ddc = 1.0478374930e-07
dde = -1.016866485e-07
Reset re-loads circuit * comparator-offset-mc @ ff_27c_3.63v -- generated by sim/harness, do not edit

Circuit: * comparator-offset-mc @ ff_27c_3.63v -- generated by sim/harness, do not edit

Doing analysis at TEMP = 27.000000 and TNOM = 27.000000

Using SPARSE 1.3 as Direct Linear Solver

No. of Data Rows : 6
voa = 2.8968813018e-04
ddc = -3.008398001e-08
dde = 2.9507485305e-08
Reset re-loads circuit * comparator-offset-mc @ ff_27c_3.63v -- generated by sim/harness, do not edit

Circuit: * comparator-offset-mc @ ff_27c_3.63v -- generated by sim/harness, do not edit

Doing analysis at TEMP = 27.000000 and TNOM = 27.000000

Using SPARSE 1.3 as Direct Linear Solver

No. of Data Rows : 6
voa = 9.5334186969e-04
ddc = -2.180018557e-07
dde = 2.1474303736e-07
Reset re-loads circuit * comparator-offset-mc @ ff_27c_3.63v -- generated by sim/harness, do not edit

Circuit: * comparator-offset-mc @ ff_27c_3.63v -- generated by sim/harness, do not edit

Doing analysis at TEMP = 27.000000 and TNOM = 27.000000

Using SPARSE 1.3 as Direct Linear Solver
 Reference value :  0.00000e+00
No. of Data Rows : 6
voa = 7.0082210574e-04
ddc = -1.544159939e-07
dde = 1.5242819819e-07
Reset re-loads circuit * comparator-offset-mc @ ff_27c_3.63v -- generated by sim/harness, do not edit

Circuit: * comparator-offset-mc @ ff_27c_3.63v -- generated by sim/harness, do not edit

Doing analysis at TEMP = 27.000000 and TNOM = 27.000000

Using SPARSE 1.3 as Direct Linear Solver

No. of Data Rows : 6
voa = -1.790177460e-03
ddc = 4.0991168779e-07
dde = -4.032713222e-07
Reset re-loads circuit * comparator-offset-mc @ ff_27c_3.63v -- generated by sim/harness, do not edit

Circuit: * comparator-offset-mc @ ff_27c_3.63v -- generated by sim/harness, do not edit

Doing analysis at TEMP = 27.000000 and TNOM = 27.000000

Using SPARSE 1.3 as Direct Linear Solver

No. of Data Rows : 6
voa = -4.914406216e-04
ddc = 1.1376931072e-07
dde = -1.116492280e-07
Reset re-loads circuit * comparator-offset-mc @ ff_27c_3.63v -- generated by sim/harness, do not edit

Circuit: * comparator-offset-mc @ ff_27c_3.63v -- generated by sim/harness, do not edit

Doing analysis at TEMP = 27.000000 and TNOM = 27.000000

Using SPARSE 1.3 as Direct Linear Solver

No. of Data Rows : 6
voa = 8.4040112376e-04
ddc = -1.343091539e-07
dde = 1.3016369855e-07
Reset re-loads circuit * comparator-offset-mc @ ff_27c_3.63v -- generated by sim/harness, do not edit

Circuit: * comparator-offset-mc @ ff_27c_3.63v -- generated by sim/harness, do not edit

Doing analysis at TEMP = 27.000000 and TNOM = 27.000000

Using SPARSE 1.3 as Direct Linear Solver

No. of Data Rows : 6
voa = -9.095600566e-04
ddc = 2.0840873624e-07
dde = -2.052283585e-07
Reset re-loads circuit * comparator-offset-mc @ ff_27c_3.63v -- generated by sim/harness, do not edit

Circuit: * comparator-offset-mc @ ff_27c_3.63v -- generated by sim/harness, do not edit

Doing analysis at TEMP = 27.000000 and TNOM = 27.000000

Using SPARSE 1.3 as Direct Linear Solver
 Reference value :  2.00000e-03
No. of Data Rows : 6
voa = -1.184395555e-03
ddc = 2.9525565644e-07
dde = -2.659303003e-07
Reset re-loads circuit * comparator-offset-mc @ ff_27c_3.63v -- generated by sim/harness, do not edit

Circuit: * comparator-offset-mc @ ff_27c_3.63v -- generated by sim/harness, do not edit

Doing analysis at TEMP = 27.000000 and TNOM = 27.000000

Using SPARSE 1.3 as Direct Linear Solver

No. of Data Rows : 6
voa = -1.386403958e-03
ddc = 3.0223739423e-07
dde = -2.966930495e-07
Reset re-loads circuit * comparator-offset-mc @ ff_27c_3.63v -- generated by sim/harness, do not edit

Circuit: * comparator-offset-mc @ ff_27c_3.63v -- generated by sim/harness, do not edit

Doing analysis at TEMP = 27.000000 and TNOM = 27.000000

Using SPARSE 1.3 as Direct Linear Solver

No. of Data Rows : 6
voa = 2.6853672084e-03
ddc = -5.132740341e-07
dde = 5.0491111031e-07
Reset re-loads circuit * comparator-offset-mc @ ff_27c_3.63v -- generated by sim/harness, do not edit

Circuit: * comparator-offset-mc @ ff_27c_3.63v -- generated by sim/harness, do not edit

Doing analysis at TEMP = 27.000000 and TNOM = 27.000000

Using SPARSE 1.3 as Direct Linear Solver

No. of Data Rows : 6
voa = -2.217157759e-04
ddc = -2.521944831e-09
dde = 7.6751060973e-10
Reset re-loads circuit * comparator-offset-mc @ ff_27c_3.63v -- generated by sim/harness, do not edit

Circuit: * comparator-offset-mc @ ff_27c_3.63v -- generated by sim/harness, do not edit

Doing analysis at TEMP = 27.000000 and TNOM = 27.000000

Using SPARSE 1.3 as Direct Linear Solver

No. of Data Rows : 6
voa = 1.1043803842e-03
ddc = -2.401390538e-07
dde = 2.3617780309e-07
Reset re-loads circuit * comparator-offset-mc @ ff_27c_3.63v -- generated by sim/harness, do not edit

Circuit: * comparator-offset-mc @ ff_27c_3.63v -- generated by sim/harness, do not edit

Doing analysis at TEMP = 27.000000 and TNOM = 27.000000

Using SPARSE 1.3 as Direct Linear Solver
 Reference value :  0.00000e+00
No. of Data Rows : 6
voa = -4.482708831e-04
ddc = 1.2402761571e-07
dde = -1.220575866e-07
Reset re-loads circuit * comparator-offset-mc @ ff_27c_3.63v -- generated by sim/harness, do not edit

Circuit: * comparator-offset-mc @ ff_27c_3.63v -- generated by sim/harness, do not edit

Doing analysis at TEMP = 27.000000 and TNOM = 27.000000

Using SPARSE 1.3 as Direct Linear Solver

No. of Data Rows : 6
voa = 6.4463021017e-05
ddc = 2.1716073507e-08
dde = -2.162853818e-08
Reset re-loads circuit * comparator-offset-mc @ ff_27c_3.63v -- generated by sim/harness, do not edit

Circuit: * comparator-offset-mc @ ff_27c_3.63v -- generated by sim/harness, do not edit

Doing analysis at TEMP = 27.000000 and TNOM = 27.000000

Using SPARSE 1.3 as Direct Linear Solver

No. of Data Rows : 6
voa = -5.161203725e-04
ddc = 1.6607037463e-07
dde = -1.629489242e-07
Reset re-loads circuit * comparator-offset-mc @ ff_27c_3.63v -- generated by sim/harness, do not edit

Circuit: * comparator-offset-mc @ ff_27c_3.63v -- generated by sim/harness, do not edit

Doing analysis at TEMP = 27.000000 and TNOM = 27.000000

Using SPARSE 1.3 as Direct Linear Solver

No. of Data Rows : 6
voa = -3.681176313e-04
ddc = 8.4706271663e-08
dde = -8.401203274e-08
Reset re-loads circuit * comparator-offset-mc @ ff_27c_3.63v -- generated by sim/harness, do not edit

Circuit: * comparator-offset-mc @ ff_27c_3.63v -- generated by sim/harness, do not edit

Doing analysis at TEMP = 27.000000 and TNOM = 27.000000

Using SPARSE 1.3 as Direct Linear Solver

No. of Data Rows : 6
voa = 1.0382367627e-03
ddc = -2.424415936e-07
dde = 2.3856781972e-07
Reset re-loads circuit * comparator-offset-mc @ ff_27c_3.63v -- generated by sim/harness, do not edit

Circuit: * comparator-offset-mc @ ff_27c_3.63v -- generated by sim/harness, do not edit

Doing analysis at TEMP = 27.000000 and TNOM = 27.000000

Using SPARSE 1.3 as Direct Linear Solver
 Reference value :  0.00000e+00
No. of Data Rows : 6
voa = 6.0297674344e-04
ddc = -1.379028937e-07
dde = 1.3571984374e-07
Reset re-loads circuit * comparator-offset-mc @ ff_27c_3.63v -- generated by sim/harness, do not edit

Circuit: * comparator-offset-mc @ ff_27c_3.63v -- generated by sim/harness, do not edit

Doing analysis at TEMP = 27.000000 and TNOM = 27.000000

Using SPARSE 1.3 as Direct Linear Solver

No. of Data Rows : 6
voa = -2.126362083e-04
ddc = 3.9720006020e-09
dde = -3.694308165e-09
Reset re-loads circuit * comparator-offset-mc @ ff_27c_3.63v -- generated by sim/harness, do not edit

Circuit: * comparator-offset-mc @ ff_27c_3.63v -- generated by sim/harness, do not edit

Doing analysis at TEMP = 27.000000 and TNOM = 27.000000

Using SPARSE 1.3 as Direct Linear Solver

No. of Data Rows : 6
voa = -6.529375275e-04
ddc = 1.3923872611e-07
dde = -1.385740517e-07
Reset re-loads circuit * comparator-offset-mc @ ff_27c_3.63v -- generated by sim/harness, do not edit

Circuit: * comparator-offset-mc @ ff_27c_3.63v -- generated by sim/harness, do not edit

Doing analysis at TEMP = 27.000000 and TNOM = 27.000000

Using SPARSE 1.3 as Direct Linear Solver

No. of Data Rows : 6
voa = -2.923945717e-04
ddc = 9.4956279444e-08
dde = -9.422492061e-08
Reset re-loads circuit * comparator-offset-mc @ ff_27c_3.63v -- generated by sim/harness, do not edit

Circuit: * comparator-offset-mc @ ff_27c_3.63v -- generated by sim/harness, do not edit

Doing analysis at TEMP = 27.000000 and TNOM = 27.000000

Using SPARSE 1.3 as Direct Linear Solver

No. of Data Rows : 6
voa = 4.3860346006e-04
ddc = -9.188975369e-08
dde = 9.0357951435e-08
Reset re-loads circuit * comparator-offset-mc @ ff_27c_3.63v -- generated by sim/harness, do not edit

Circuit: * comparator-offset-mc @ ff_27c_3.63v -- generated by sim/harness, do not edit

Doing analysis at TEMP = 27.000000 and TNOM = 27.000000

Using SPARSE 1.3 as Direct Linear Solver
 Reference value :  0.00000e+00
No. of Data Rows : 6
voa = -4.302563584e-04
ddc = 1.4382027003e-07
dde = -1.408888691e-07
Reset re-loads circuit * comparator-offset-mc @ ff_27c_3.63v -- generated by sim/harness, do not edit

Circuit: * comparator-offset-mc @ ff_27c_3.63v -- generated by sim/harness, do not edit

Doing analysis at TEMP = 27.000000 and TNOM = 27.000000

Using SPARSE 1.3 as Direct Linear Solver

No. of Data Rows : 6
voa = -8.843296475e-04
ddc = 2.1099219358e-07
dde = -2.097428898e-07
Reset re-loads circuit * comparator-offset-mc @ ff_27c_3.63v -- generated by sim/harness, do not edit

Circuit: * comparator-offset-mc @ ff_27c_3.63v -- generated by sim/harness, do not edit

Doing analysis at TEMP = 27.000000 and TNOM = 27.000000

Using SPARSE 1.3 as Direct Linear Solver

No. of Data Rows : 6
voa = 8.6110879893e-06
ddc = 3.9347042606e-08
dde = -3.882039410e-08
Reset re-loads circuit * comparator-offset-mc @ ff_27c_3.63v -- generated by sim/harness, do not edit

Circuit: * comparator-offset-mc @ ff_27c_3.63v -- generated by sim/harness, do not edit

Doing analysis at TEMP = 27.000000 and TNOM = 27.000000

Using SPARSE 1.3 as Direct Linear Solver

No. of Data Rows : 6
voa = 1.5941320454e-03
ddc = -3.057319819e-07
dde = 3.0022235338e-07
Reset re-loads circuit * comparator-offset-mc @ ff_27c_3.63v -- generated by sim/harness, do not edit

Circuit: * comparator-offset-mc @ ff_27c_3.63v -- generated by sim/harness, do not edit

Doing analysis at TEMP = 27.000000 and TNOM = 27.000000

Using SPARSE 1.3 as Direct Linear Solver

No. of Data Rows : 6
voa = -1.814928003e-03
ddc = 4.3973706726e-07
dde = -4.325655510e-07
Reset re-loads circuit * comparator-offset-mc @ ff_27c_3.63v -- generated by sim/harness, do not edit

Circuit: * comparator-offset-mc @ ff_27c_3.63v -- generated by sim/harness, do not edit

Doing analysis at TEMP = 27.000000 and TNOM = 27.000000

Using SPARSE 1.3 as Direct Linear Solver
 Reference value :  0.00000e+00
No. of Data Rows : 6
voa = 9.8348587251e-04
ddc = -2.035199703e-07
dde = 2.0014709334e-07
Reset re-loads circuit * comparator-offset-mc @ ff_27c_3.63v -- generated by sim/harness, do not edit

Circuit: * comparator-offset-mc @ ff_27c_3.63v -- generated by sim/harness, do not edit

Doing analysis at TEMP = 27.000000 and TNOM = 27.000000

Using SPARSE 1.3 as Direct Linear Solver

No. of Data Rows : 6
voa = -4.037387418e-04
ddc = 1.1351413950e-07
dde = -1.096562995e-07
Reset re-loads circuit * comparator-offset-mc @ ff_27c_3.63v -- generated by sim/harness, do not edit

Circuit: * comparator-offset-mc @ ff_27c_3.63v -- generated by sim/harness, do not edit

Doing analysis at TEMP = 27.000000 and TNOM = 27.000000

Using SPARSE 1.3 as Direct Linear Solver

No. of Data Rows : 6
voa = 8.0548929754e-05
ddc = 2.8506865531e-08
dde = -2.822570404e-08
Reset re-loads circuit * comparator-offset-mc @ ff_27c_3.63v -- generated by sim/harness, do not edit

Circuit: * comparator-offset-mc @ ff_27c_3.63v -- generated by sim/harness, do not edit

Doing analysis at TEMP = 27.000000 and TNOM = 27.000000

Using SPARSE 1.3 as Direct Linear Solver

No. of Data Rows : 6
voa = -1.657403188e-04
ddc = 2.4848117636e-08
dde = -2.315925668e-08
Reset re-loads circuit * comparator-offset-mc @ ff_27c_3.63v -- generated by sim/harness, do not edit

Circuit: * comparator-offset-mc @ ff_27c_3.63v -- generated by sim/harness, do not edit

Doing analysis at TEMP = 27.000000 and TNOM = 27.000000

Using SPARSE 1.3 as Direct Linear Solver

No. of Data Rows : 6
voa = 3.7663854354e-04
ddc = -9.129610468e-08
dde = 8.9877665613e-08
Reset re-loads circuit * comparator-offset-mc @ ff_27c_3.63v -- generated by sim/harness, do not edit

Circuit: * comparator-offset-mc @ ff_27c_3.63v -- generated by sim/harness, do not edit

Doing analysis at TEMP = 27.000000 and TNOM = 27.000000

Using SPARSE 1.3 as Direct Linear Solver

No. of Data Rows : 6
voa = -1.229207126e-04
ddc = 1.8558400390e-08
dde = -1.822107800e-08
Reset re-loads circuit * comparator-offset-mc @ ff_27c_3.63v -- generated by sim/harness, do not edit

Circuit: * comparator-offset-mc @ ff_27c_3.63v -- generated by sim/harness, do not edit

Doing analysis at TEMP = 27.000000 and TNOM = 27.000000

Using SPARSE 1.3 as Direct Linear Solver

No. of Data Rows : 6
voa = -1.037766935e-03
ddc = 2.3582685970e-07
dde = -2.321154237e-07
Reset re-loads circuit * comparator-offset-mc @ ff_27c_3.63v -- generated by sim/harness, do not edit

Circuit: * comparator-offset-mc @ ff_27c_3.63v -- generated by sim/harness, do not edit

Doing analysis at TEMP = 27.000000 and TNOM = 27.000000

Using SPARSE 1.3 as Direct Linear Solver
 Reference value :  2.00000e-03
No. of Data Rows : 6
voa = 1.1549137200e-03
ddc = -2.447281999e-07
dde = 2.4149475163e-07
Reset re-loads circuit * comparator-offset-mc @ ff_27c_3.63v -- generated by sim/harness, do not edit

Circuit: * comparator-offset-mc @ ff_27c_3.63v -- generated by sim/harness, do not edit

Doing analysis at TEMP = 27.000000 and TNOM = 27.000000

Using SPARSE 1.3 as Direct Linear Solver

No. of Data Rows : 6
voa = 4.7895864333e-05
ddc = 1.3843358860e-08
dde = -1.373349025e-08
Reset re-loads circuit * comparator-offset-mc @ ff_27c_3.63v -- generated by sim/harness, do not edit

Circuit: * comparator-offset-mc @ ff_27c_3.63v -- generated by sim/harness, do not edit

Doing analysis at TEMP = 27.000000 and TNOM = 27.000000

Using SPARSE 1.3 as Direct Linear Solver

No. of Data Rows : 6
voa = 3.7738218145e-04
ddc = -4.626020275e-08
dde = 4.5351425902e-08
Reset re-loads circuit * comparator-offset-mc @ ff_27c_3.63v -- generated by sim/harness, do not edit

Circuit: * comparator-offset-mc @ ff_27c_3.63v -- generated by sim/harness, do not edit

Doing analysis at TEMP = 27.000000 and TNOM = 27.000000

Using SPARSE 1.3 as Direct Linear Solver

No. of Data Rows : 6
voa = 2.4506540407e-05
ddc = 1.4931378271e-08
dde = -1.467862811e-08
Reset re-loads circuit * comparator-offset-mc @ ff_27c_3.63v -- generated by sim/harness, do not edit

Circuit: * comparator-offset-mc @ ff_27c_3.63v -- generated by sim/harness, do not edit

Doing analysis at TEMP = 27.000000 and TNOM = 27.000000

Using SPARSE 1.3 as Direct Linear Solver

No. of Data Rows : 6
voa = -1.274507555e-03
ddc = 2.9364158407e-07
dde = -2.890161019e-07
Reset re-loads circuit * comparator-offset-mc @ ff_27c_3.63v -- generated by sim/harness, do not edit

Circuit: * comparator-offset-mc @ ff_27c_3.63v -- generated by sim/harness, do not edit

Doing analysis at TEMP = 27.000000 and TNOM = 27.000000

Using SPARSE 1.3 as Direct Linear Solver
 Reference value :  0.00000e+00
No. of Data Rows : 6
voa = 1.2146149752e-04
ddc = -8.487626580e-08
dde = 8.3692433844e-08
Reset re-loads circuit * comparator-offset-mc @ ff_27c_3.63v -- generated by sim/harness, do not edit

Circuit: * comparator-offset-mc @ ff_27c_3.63v -- generated by sim/harness, do not edit

Doing analysis at TEMP = 27.000000 and TNOM = 27.000000

Using SPARSE 1.3 as Direct Linear Solver

No. of Data Rows : 6
voa = 1.1014962152e-03
ddc = -2.386914157e-07
dde = 2.3419622332e-07
Reset re-loads circuit * comparator-offset-mc @ ff_27c_3.63v -- generated by sim/harness, do not edit

Circuit: * comparator-offset-mc @ ff_27c_3.63v -- generated by sim/harness, do not edit

Doing analysis at TEMP = 27.000000 and TNOM = 27.000000

Using SPARSE 1.3 as Direct Linear Solver

No. of Data Rows : 6
voa = -4.628234337e-04
ddc = 7.9206938814e-08
dde = -8.204565325e-08
Reset re-loads circuit * comparator-offset-mc @ ff_27c_3.63v -- generated by sim/harness, do not edit

Circuit: * comparator-offset-mc @ ff_27c_3.63v -- generated by sim/harness, do not edit

Doing analysis at TEMP = 27.000000 and TNOM = 27.000000

Using SPARSE 1.3 as Direct Linear Solver

No. of Data Rows : 6
voa = 2.0444979385e-04
ddc = -5.327405006e-08
dde = 5.2370159575e-08
Reset re-loads circuit * comparator-offset-mc @ ff_27c_3.63v -- generated by sim/harness, do not edit

Circuit: * comparator-offset-mc @ ff_27c_3.63v -- generated by sim/harness, do not edit

Doing analysis at TEMP = 27.000000 and TNOM = 27.000000

Using SPARSE 1.3 as Direct Linear Solver

No. of Data Rows : 6
voa = -4.106430757e-04
ddc = 5.6714122573e-08
dde = -5.596079507e-08
Reset re-loads circuit * comparator-offset-mc @ ff_27c_3.63v -- generated by sim/harness, do not edit

Circuit: * comparator-offset-mc @ ff_27c_3.63v -- generated by sim/harness, do not edit

Doing analysis at TEMP = 27.000000 and TNOM = 27.000000

Using SPARSE 1.3 as Direct Linear Solver
 Reference value :  0.00000e+00
No. of Data Rows : 6
voa = 1.2707931810e-04
ddc = -1.962892814e-09
dde = 4.5654852801e-10
Reset re-loads circuit * comparator-offset-mc @ ff_27c_3.63v -- generated by sim/harness, do not edit

Circuit: * comparator-offset-mc @ ff_27c_3.63v -- generated by sim/harness, do not edit

Doing analysis at TEMP = 27.000000 and TNOM = 27.000000

Using SPARSE 1.3 as Direct Linear Solver

No. of Data Rows : 6
voa = 8.7950855286e-04
ddc = -1.564447122e-07
dde = 1.5381310445e-07
Reset re-loads circuit * comparator-offset-mc @ ff_27c_3.63v -- generated by sim/harness, do not edit

Circuit: * comparator-offset-mc @ ff_27c_3.63v -- generated by sim/harness, do not edit

Doing analysis at TEMP = 27.000000 and TNOM = 27.000000

Using SPARSE 1.3 as Direct Linear Solver

No. of Data Rows : 6
voa = -2.703080983e-04
ddc = 7.2999157039e-08
dde = -7.452875251e-08
Reset re-loads circuit * comparator-offset-mc @ ff_27c_3.63v -- generated by sim/harness, do not edit

Circuit: * comparator-offset-mc @ ff_27c_3.63v -- generated by sim/harness, do not edit

Doing analysis at TEMP = 27.000000 and TNOM = 27.000000

Using SPARSE 1.3 as Direct Linear Solver

No. of Data Rows : 6
voa = 1.0809142557e-03
ddc = -2.359036290e-07
dde = 2.4802903236e-07
Reset re-loads circuit * comparator-offset-mc @ ff_27c_3.63v -- generated by sim/harness, do not edit

Circuit: * comparator-offset-mc @ ff_27c_3.63v -- generated by sim/harness, do not edit

Doing analysis at TEMP = 27.000000 and TNOM = 27.000000

Using SPARSE 1.3 as Direct Linear Solver

No. of Data Rows : 6
voa = 7.6811307213e-04
ddc = -1.356682599e-07
dde = 1.3343269632e-07
Reset re-loads circuit * comparator-offset-mc @ ff_27c_3.63v -- generated by sim/harness, do not edit

Circuit: * comparator-offset-mc @ ff_27c_3.63v -- generated by sim/harness, do not edit

Doing analysis at TEMP = 27.000000 and TNOM = 27.000000

Using SPARSE 1.3 as Direct Linear Solver
 Reference value :  0.00000e+00
No. of Data Rows : 6
voa = 4.8201354854e-04
ddc = -9.942423121e-08
dde = 9.7813727236e-08
Reset re-loads circuit * comparator-offset-mc @ ff_27c_3.63v -- generated by sim/harness, do not edit

Circuit: * comparator-offset-mc @ ff_27c_3.63v -- generated by sim/harness, do not edit

Doing analysis at TEMP = 27.000000 and TNOM = 27.000000

Using SPARSE 1.3 as Direct Linear Solver

No. of Data Rows : 6
voa = 7.9369187244e-04
ddc = -2.050593987e-07
dde = 2.0181681786e-07
Reset re-loads circuit * comparator-offset-mc @ ff_27c_3.63v -- generated by sim/harness, do not edit

Circuit: * comparator-offset-mc @ ff_27c_3.63v -- generated by sim/harness, do not edit

Doing analysis at TEMP = 27.000000 and TNOM = 27.000000

Using SPARSE 1.3 as Direct Linear Solver

No. of Data Rows : 6
voa = 8.7246347897e-06
ddc = 1.7815096450e-08
dde = -1.767599181e-08
Reset re-loads circuit * comparator-offset-mc @ ff_27c_3.63v -- generated by sim/harness, do not edit

Circuit: * comparator-offset-mc @ ff_27c_3.63v -- generated by sim/harness, do not edit

Doing analysis at TEMP = 27.000000 and TNOM = 27.000000

Using SPARSE 1.3 as Direct Linear Solver

No. of Data Rows : 6
voa = -1.459318214e-03
ddc = 3.0576313282e-07
dde = -3.028821014e-07
Reset re-loads circuit * comparator-offset-mc @ ff_27c_3.63v -- generated by sim/harness, do not edit

Circuit: * comparator-offset-mc @ ff_27c_3.63v -- generated by sim/harness, do not edit

Doing analysis at TEMP = 27.000000 and TNOM = 27.000000

Using SPARSE 1.3 as Direct Linear Solver

No. of Data Rows : 6
voa = 1.0388035953e-03
ddc = -2.158578229e-07
dde = 2.1184194748e-07
Reset re-loads circuit * comparator-offset-mc @ ff_27c_3.63v -- generated by sim/harness, do not edit

Circuit: * comparator-offset-mc @ ff_27c_3.63v -- generated by sim/harness, do not edit

Doing analysis at TEMP = 27.000000 and TNOM = 27.000000

Using SPARSE 1.3 as Direct Linear Solver
 Reference value :  0.00000e+00
No. of Data Rows : 6
voa = -1.597612501e-03
ddc = 2.5507531485e-07
dde = -2.506904411e-07
Reset re-loads circuit * comparator-offset-mc @ ff_27c_3.63v -- generated by sim/harness, do not edit

Circuit: * comparator-offset-mc @ ff_27c_3.63v -- generated by sim/harness, do not edit

Doing analysis at TEMP = 27.000000 and TNOM = 27.000000

Using SPARSE 1.3 as Direct Linear Solver

No. of Data Rows : 6
voa = 2.4213306518e-03
ddc = -5.397956379e-07
dde = 5.3126046424e-07
Reset re-loads circuit * comparator-offset-mc @ ff_27c_3.63v -- generated by sim/harness, do not edit

Circuit: * comparator-offset-mc @ ff_27c_3.63v -- generated by sim/harness, do not edit

Doing analysis at TEMP = 27.000000 and TNOM = 27.000000

Using SPARSE 1.3 as Direct Linear Solver

No. of Data Rows : 6
voa = -1.540235089e-04
ddc = 5.3813156707e-08
dde = -5.297245907e-08
Reset re-loads circuit * comparator-offset-mc @ ff_27c_3.63v -- generated by sim/harness, do not edit

Circuit: * comparator-offset-mc @ ff_27c_3.63v -- generated by sim/harness, do not edit

Doing analysis at TEMP = 27.000000 and TNOM = 27.000000

Using SPARSE 1.3 as Direct Linear Solver

No. of Data Rows : 6
voa = -4.079424892e-04
ddc = 4.2823732761e-08
dde = -4.060551379e-08
Reset re-loads circuit * comparator-offset-mc @ ff_27c_3.63v -- generated by sim/harness, do not edit

Circuit: * comparator-offset-mc @ ff_27c_3.63v -- generated by sim/harness, do not edit

Doing analysis at TEMP = 27.000000 and TNOM = 27.000000

Using SPARSE 1.3 as Direct Linear Solver
 Reference value :  0.00000e+00
No. of Data Rows : 6
voa = -6.103463696e-04
ddc = 1.2483706903e-07
dde = -1.204464858e-07
Reset re-loads circuit * comparator-offset-mc @ ff_27c_3.63v -- generated by sim/harness, do not edit

Circuit: * comparator-offset-mc @ ff_27c_3.63v -- generated by sim/harness, do not edit

Doing analysis at TEMP = 27.000000 and TNOM = 27.000000

Using SPARSE 1.3 as Direct Linear Solver

No. of Data Rows : 6
voa = -1.748139633e-03
ddc = 3.5736104109e-07
dde = -3.409004446e-07
Reset re-loads circuit * comparator-offset-mc @ ff_27c_3.63v -- generated by sim/harness, do not edit

Circuit: * comparator-offset-mc @ ff_27c_3.63v -- generated by sim/harness, do not edit

Doing analysis at TEMP = 27.000000 and TNOM = 27.000000

Using SPARSE 1.3 as Direct Linear Solver

No. of Data Rows : 6
voa = -4.086336128e-04
ddc = 9.2388476883e-08
dde = -8.535223088e-08
Reset re-loads circuit * comparator-offset-mc @ ff_27c_3.63v -- generated by sim/harness, do not edit

Circuit: * comparator-offset-mc @ ff_27c_3.63v -- generated by sim/harness, do not edit

Doing analysis at TEMP = 27.000000 and TNOM = 27.000000

Using SPARSE 1.3 as Direct Linear Solver

No. of Data Rows : 6
voa = -8.366786542e-05
ddc = 1.6380355476e-08
dde = -1.605474260e-08
Reset re-loads circuit * comparator-offset-mc @ ff_27c_3.63v -- generated by sim/harness, do not edit

Circuit: * comparator-offset-mc @ ff_27c_3.63v -- generated by sim/harness, do not edit

Doing analysis at TEMP = 27.000000 and TNOM = 27.000000

Using SPARSE 1.3 as Direct Linear Solver

No. of Data Rows : 6
voa = 1.6205726241e-03
ddc = -3.671227839e-07
dde = 3.6114043622e-07
Reset re-loads circuit * comparator-offset-mc @ ff_27c_3.63v -- generated by sim/harness, do not edit

Circuit: * comparator-offset-mc @ ff_27c_3.63v -- generated by sim/harness, do not edit

Doing analysis at TEMP = 27.000000 and TNOM = 27.000000

Using SPARSE 1.3 as Direct Linear Solver
 Reference value :  0.00000e+00
No. of Data Rows : 6
voa = -1.855621385e-04
ddc = 9.7509165345e-08
dde = -9.469082934e-08
Reset re-loads circuit * comparator-offset-mc @ ff_27c_3.63v -- generated by sim/harness, do not edit

Circuit: * comparator-offset-mc @ ff_27c_3.63v -- generated by sim/harness, do not edit

Doing analysis at TEMP = 27.000000 and TNOM = 27.000000

Using SPARSE 1.3 as Direct Linear Solver

No. of Data Rows : 6
voa = -7.253011688e-04
ddc = 1.5620280117e-07
dde = -1.546265242e-07
Reset re-loads circuit * comparator-offset-mc @ ff_27c_3.63v -- generated by sim/harness, do not edit

Circuit: * comparator-offset-mc @ ff_27c_3.63v -- generated by sim/harness, do not edit

Doing analysis at TEMP = 27.000000 and TNOM = 27.000000

Using SPARSE 1.3 as Direct Linear Solver

No. of Data Rows : 6
voa = -8.003476955e-04
ddc = 1.4657239295e-07
dde = -1.440711986e-07
Reset re-loads circuit * comparator-offset-mc @ ff_27c_3.63v -- generated by sim/harness, do not edit

Circuit: * comparator-offset-mc @ ff_27c_3.63v -- generated by sim/harness, do not edit

Doing analysis at TEMP = 27.000000 and TNOM = 27.000000

Using SPARSE 1.3 as Direct Linear Solver

No. of Data Rows : 6
voa = -5.479598778e-04
ddc = 1.3313789579e-07
dde = -1.299441495e-07
Reset re-loads circuit * comparator-offset-mc @ ff_27c_3.63v -- generated by sim/harness, do not edit

Circuit: * comparator-offset-mc @ ff_27c_3.63v -- generated by sim/harness, do not edit

Doing analysis at TEMP = 27.000000 and TNOM = 27.000000

Using SPARSE 1.3 as Direct Linear Solver

No. of Data Rows : 6
voa = 8.3339256171e-04
ddc = -1.777679398e-07
dde = 1.7479627300e-07
Reset re-loads circuit * comparator-offset-mc @ ff_27c_3.63v -- generated by sim/harness, do not edit

Circuit: * comparator-offset-mc @ ff_27c_3.63v -- generated by sim/harness, do not edit

Doing analysis at TEMP = 27.000000 and TNOM = 27.000000

Using SPARSE 1.3 as Direct Linear Solver
 Reference value :  0.00000e+00
No. of Data Rows : 6
voa = -1.880557144e-04
ddc = 6.3881181565e-08
dde = -6.265449099e-08
Reset re-loads circuit * comparator-offset-mc @ ff_27c_3.63v -- generated by sim/harness, do not edit

Circuit: * comparator-offset-mc @ ff_27c_3.63v -- generated by sim/harness, do not edit

Doing analysis at TEMP = 27.000000 and TNOM = 27.000000

Using SPARSE 1.3 as Direct Linear Solver

No. of Data Rows : 6
voa = 1.0074001805e-03
ddc = -2.491524853e-07
dde = 2.4517686024e-07
Reset re-loads circuit * comparator-offset-mc @ ff_27c_3.63v -- generated by sim/harness, do not edit

Circuit: * comparator-offset-mc @ ff_27c_3.63v -- generated by sim/harness, do not edit

Doing analysis at TEMP = 27.000000 and TNOM = 27.000000

Using SPARSE 1.3 as Direct Linear Solver

No. of Data Rows : 6
voa = 6.1448757993e-04
ddc = -1.490499467e-07
dde = 1.4655451171e-07
Reset re-loads circuit * comparator-offset-mc @ ff_27c_3.63v -- generated by sim/harness, do not edit

Circuit: * comparator-offset-mc @ ff_27c_3.63v -- generated by sim/harness, do not edit

Doing analysis at TEMP = 27.000000 and TNOM = 27.000000

Using SPARSE 1.3 as Direct Linear Solver

No. of Data Rows : 6
voa = -2.352041594e-04
ddc = 8.0801544335e-08
dde = -7.939973981e-08
Reset re-loads circuit * comparator-offset-mc @ ff_27c_3.63v -- generated by sim/harness, do not edit

Circuit: * comparator-offset-mc @ ff_27c_3.63v -- generated by sim/harness, do not edit

Doing analysis at TEMP = 27.000000 and TNOM = 27.000000

Using SPARSE 1.3 as Direct Linear Solver
 Reference value :  2.00000e-03
No. of Data Rows : 6
voa = 2.2736193312e-03
ddc = -4.348490973e-07
dde = 4.2776191647e-07
Reset re-loads circuit * comparator-offset-mc @ ff_27c_3.63v -- generated by sim/harness, do not edit

Circuit: * comparator-offset-mc @ ff_27c_3.63v -- generated by sim/harness, do not edit

Doing analysis at TEMP = 27.000000 and TNOM = 27.000000

Using SPARSE 1.3 as Direct Linear Solver

No. of Data Rows : 6
voa = -6.382492027e-04
ddc = 1.6947174609e-07
dde = -1.754661167e-07
Reset re-loads circuit * comparator-offset-mc @ ff_27c_3.63v -- generated by sim/harness, do not edit

Circuit: * comparator-offset-mc @ ff_27c_3.63v -- generated by sim/harness, do not edit

Doing analysis at TEMP = 27.000000 and TNOM = 27.000000

Using SPARSE 1.3 as Direct Linear Solver

No. of Data Rows : 6
voa = 2.2724992877e-04
ddc = -3.590640216e-08
dde = 3.5312014208e-08
Reset re-loads circuit * comparator-offset-mc @ ff_27c_3.63v -- generated by sim/harness, do not edit

Circuit: * comparator-offset-mc @ ff_27c_3.63v -- generated by sim/harness, do not edit

Doing analysis at TEMP = 27.000000 and TNOM = 27.000000

Using SPARSE 1.3 as Direct Linear Solver

No. of Data Rows : 6
voa = 3.3970234594e-04
ddc = -4.893599099e-08
dde = 4.8202365053e-08
Reset re-loads circuit * comparator-offset-mc @ ff_27c_3.63v -- generated by sim/harness, do not edit

Circuit: * comparator-offset-mc @ ff_27c_3.63v -- generated by sim/harness, do not edit

Doing analysis at TEMP = 27.000000 and TNOM = 27.000000

Using SPARSE 1.3 as Direct Linear Solver

No. of Data Rows : 6
voa = 5.1644564923e-04
ddc = -1.246219974e-07
dde = 1.2277604530e-07
Reset re-loads circuit * comparator-offset-mc @ ff_27c_3.63v -- generated by sim/harness, do not edit

Circuit: * comparator-offset-mc @ ff_27c_3.63v -- generated by sim/harness, do not edit

Doing analysis at TEMP = 27.000000 and TNOM = 27.000000

Using SPARSE 1.3 as Direct Linear Solver
 Reference value :  2.00000e-03
No. of Data Rows : 6
voa = 1.8433133326e-03
ddc = -3.977817854e-07
dde = 3.9138249969e-07
Reset re-loads circuit * comparator-offset-mc @ ff_27c_3.63v -- generated by sim/harness, do not edit

Circuit: * comparator-offset-mc @ ff_27c_3.63v -- generated by sim/harness, do not edit

Doing analysis at TEMP = 27.000000 and TNOM = 27.000000

Using SPARSE 1.3 as Direct Linear Solver

No. of Data Rows : 6
voa = -8.947248369e-04
ddc = 2.0397350294e-07
dde = -2.004814008e-07
Reset re-loads circuit * comparator-offset-mc @ ff_27c_3.63v -- generated by sim/harness, do not edit

Circuit: * comparator-offset-mc @ ff_27c_3.63v -- generated by sim/harness, do not edit

Doing analysis at TEMP = 27.000000 and TNOM = 27.000000

Using SPARSE 1.3 as Direct Linear Solver

No. of Data Rows : 6
voa = 1.0079427225e-03
ddc = -2.600037646e-07
dde = 2.5378863899e-07
Reset re-loads circuit * comparator-offset-mc @ ff_27c_3.63v -- generated by sim/harness, do not edit

Circuit: * comparator-offset-mc @ ff_27c_3.63v -- generated by sim/harness, do not edit

Doing analysis at TEMP = 27.000000 and TNOM = 27.000000

Using SPARSE 1.3 as Direct Linear Solver

No. of Data Rows : 6
voa = 9.1559167495e-04
ddc = -2.189809991e-07
dde = 2.1542035945e-07
Reset re-loads circuit * comparator-offset-mc @ ff_27c_3.63v -- generated by sim/harness, do not edit

Circuit: * comparator-offset-mc @ ff_27c_3.63v -- generated by sim/harness, do not edit

Doing analysis at TEMP = 27.000000 and TNOM = 27.000000

Using SPARSE 1.3 as Direct Linear Solver

No. of Data Rows : 6
voa = 2.4150346052e-04
ddc = -5.452020555e-08
dde = 5.3626662356e-08
Reset re-loads circuit * comparator-offset-mc @ ff_27c_3.63v -- generated by sim/harness, do not edit

Circuit: * comparator-offset-mc @ ff_27c_3.63v -- generated by sim/harness, do not edit

Doing analysis at TEMP = 27.000000 and TNOM = 27.000000

Using SPARSE 1.3 as Direct Linear Solver
 Reference value :  2.00000e-03
No. of Data Rows : 6
voa = 4.8065338565e-04
ddc = -5.975672699e-08
dde = 5.8761652685e-08
Reset re-loads circuit * comparator-offset-mc @ ff_27c_3.63v -- generated by sim/harness, do not edit

Circuit: * comparator-offset-mc @ ff_27c_3.63v -- generated by sim/harness, do not edit

Doing analysis at TEMP = 27.000000 and TNOM = 27.000000

Using SPARSE 1.3 as Direct Linear Solver

No. of Data Rows : 6
voa = 5.8323341996e-04
ddc = -1.665191979e-07
dde = 1.6390979875e-07
Reset re-loads circuit * comparator-offset-mc @ ff_27c_3.63v -- generated by sim/harness, do not edit

Circuit: * comparator-offset-mc @ ff_27c_3.63v -- generated by sim/harness, do not edit

Doing analysis at TEMP = 27.000000 and TNOM = 27.000000

Using SPARSE 1.3 as Direct Linear Solver

No. of Data Rows : 6
voa = 1.7204078876e-03
ddc = -3.226543455e-07
dde = 3.1755369159e-07
Reset re-loads circuit * comparator-offset-mc @ ff_27c_3.63v -- generated by sim/harness, do not edit

Circuit: * comparator-offset-mc @ ff_27c_3.63v -- generated by sim/harness, do not edit

Doing analysis at TEMP = 27.000000 and TNOM = 27.000000

Using SPARSE 1.3 as Direct Linear Solver

No. of Data Rows : 6
voa = -1.445563089e-03
ddc = 2.8276706906e-07
dde = -2.573124948e-07
Reset re-loads circuit * comparator-offset-mc @ ff_27c_3.63v -- generated by sim/harness, do not edit

Circuit: * comparator-offset-mc @ ff_27c_3.63v -- generated by sim/harness, do not edit

Doing analysis at TEMP = 27.000000 and TNOM = 27.000000

Using SPARSE 1.3 as Direct Linear Solver

No. of Data Rows : 6
voa = -5.288309574e-05
ddc = 5.0653734573e-09
dde = -4.995364154e-09
Reset re-loads circuit * comparator-offset-mc @ ff_27c_3.63v -- generated by sim/harness, do not edit

Circuit: * comparator-offset-mc @ ff_27c_3.63v -- generated by sim/harness, do not edit

Doing analysis at TEMP = 27.000000 and TNOM = 27.000000

Using SPARSE 1.3 as Direct Linear Solver
 Reference value :  0.00000e+00
No. of Data Rows : 6
voa = -4.839846133e-04
ddc = 7.5529533375e-08
dde = -7.425762976e-08
Reset re-loads circuit * comparator-offset-mc @ ff_27c_3.63v -- generated by sim/harness, do not edit

Circuit: * comparator-offset-mc @ ff_27c_3.63v -- generated by sim/harness, do not edit

Doing analysis at TEMP = 27.000000 and TNOM = 27.000000

Using SPARSE 1.3 as Direct Linear Solver

No. of Data Rows : 6
voa = -1.798790418e-03
ddc = 3.6028345853e-07
dde = -3.538348848e-07
Reset re-loads circuit * comparator-offset-mc @ ff_27c_3.63v -- generated by sim/harness, do not edit

Circuit: * comparator-offset-mc @ ff_27c_3.63v -- generated by sim/harness, do not edit

Doing analysis at TEMP = 27.000000 and TNOM = 27.000000

Using SPARSE 1.3 as Direct Linear Solver

No. of Data Rows : 6
voa = 7.8145618914e-04
ddc = -1.567232947e-07
dde = 1.5409556230e-07
Reset re-loads circuit * comparator-offset-mc @ ff_27c_3.63v -- generated by sim/harness, do not edit

Circuit: * comparator-offset-mc @ ff_27c_3.63v -- generated by sim/harness, do not edit

Doing analysis at TEMP = 27.000000 and TNOM = 27.000000

Using SPARSE 1.3 as Direct Linear Solver

No. of Data Rows : 6
voa = -3.340856601e-04
ddc = -3.954476400e-09
dde = 4.8375751080e-09
Reset re-loads circuit * comparator-offset-mc @ ff_27c_3.63v -- generated by sim/harness, do not edit

Circuit: * comparator-offset-mc @ ff_27c_3.63v -- generated by sim/harness, do not edit

Doing analysis at TEMP = 27.000000 and TNOM = 27.000000

Using SPARSE 1.3 as Direct Linear Solver
 Reference value :  2.00000e-03
No. of Data Rows : 6
voa = 2.1607278895e-04
ddc = -1.914282554e-08
dde = 1.8679315692e-08
Reset re-loads circuit * comparator-offset-mc @ ff_27c_3.63v -- generated by sim/harness, do not edit

Circuit: * comparator-offset-mc @ ff_27c_3.63v -- generated by sim/harness, do not edit

Doing analysis at TEMP = 27.000000 and TNOM = 27.000000

Using SPARSE 1.3 as Direct Linear Solver

No. of Data Rows : 6
voa = -1.725679042e-03
ddc = 3.7989184715e-07
dde = -3.765700018e-07
Reset re-loads circuit * comparator-offset-mc @ ff_27c_3.63v -- generated by sim/harness, do not edit

Circuit: * comparator-offset-mc @ ff_27c_3.63v -- generated by sim/harness, do not edit

Doing analysis at TEMP = 27.000000 and TNOM = 27.000000

Using SPARSE 1.3 as Direct Linear Solver

No. of Data Rows : 6
voa = -5.772199953e-04
ddc = 8.8930612306e-08
dde = -8.807049192e-08
Reset re-loads circuit * comparator-offset-mc @ ff_27c_3.63v -- generated by sim/harness, do not edit

Circuit: * comparator-offset-mc @ ff_27c_3.63v -- generated by sim/harness, do not edit

Doing analysis at TEMP = 27.000000 and TNOM = 27.000000

Using SPARSE 1.3 as Direct Linear Solver

No. of Data Rows : 6
voa = 9.7396960812e-04
ddc = -2.374246714e-07
dde = 2.3376513292e-07
Reset re-loads circuit * comparator-offset-mc @ ff_27c_3.63v -- generated by sim/harness, do not edit

Circuit: * comparator-offset-mc @ ff_27c_3.63v -- generated by sim/harness, do not edit

Doing analysis at TEMP = 27.000000 and TNOM = 27.000000

Using SPARSE 1.3 as Direct Linear Solver

No. of Data Rows : 6
voa = 1.3916924879e-03
ddc = -2.690691164e-07
dde = 2.7075874599e-07
Reset re-loads circuit * comparator-offset-mc @ ff_27c_3.63v -- generated by sim/harness, do not edit

Circuit: * comparator-offset-mc @ ff_27c_3.63v -- generated by sim/harness, do not edit

Doing analysis at TEMP = 27.000000 and TNOM = 27.000000

Using SPARSE 1.3 as Direct Linear Solver
 Reference value :  0.00000e+00
No. of Data Rows : 6
voa = -1.418547293e-04
ddc = 4.1828227854e-08
dde = -4.112345805e-08
Reset re-loads circuit * comparator-offset-mc @ ff_27c_3.63v -- generated by sim/harness, do not edit

Circuit: * comparator-offset-mc @ ff_27c_3.63v -- generated by sim/harness, do not edit

Doing analysis at TEMP = 27.000000 and TNOM = 27.000000

Using SPARSE 1.3 as Direct Linear Solver

No. of Data Rows : 6
voa = -2.185582503e-04
ddc = 4.3461953766e-08
dde = -4.025387226e-08
Reset re-loads circuit * comparator-offset-mc @ ff_27c_3.63v -- generated by sim/harness, do not edit

Circuit: * comparator-offset-mc @ ff_27c_3.63v -- generated by sim/harness, do not edit

Doing analysis at TEMP = 27.000000 and TNOM = 27.000000

Using SPARSE 1.3 as Direct Linear Solver

No. of Data Rows : 6
voa = 4.5303402019e-04
ddc = -9.817014195e-08
dde = 9.6781408059e-08
Reset re-loads circuit * comparator-offset-mc @ ff_27c_3.63v -- generated by sim/harness, do not edit

Circuit: * comparator-offset-mc @ ff_27c_3.63v -- generated by sim/harness, do not edit

Doing analysis at TEMP = 27.000000 and TNOM = 27.000000

Using SPARSE 1.3 as Direct Linear Solver

No. of Data Rows : 6
voa = 7.6531595022e-04
ddc = -1.545635067e-07
dde = 1.5208639597e-07
Reset re-loads circuit * comparator-offset-mc @ ff_27c_3.63v -- generated by sim/harness, do not edit

Circuit: * comparator-offset-mc @ ff_27c_3.63v -- generated by sim/harness, do not edit

Doing analysis at TEMP = 27.000000 and TNOM = 27.000000

Using SPARSE 1.3 as Direct Linear Solver

No. of Data Rows : 6
voa = -7.092099088e-04
ddc = 1.6817404056e-07
dde = -1.654001742e-07
Reset re-loads circuit * comparator-offset-mc @ ff_27c_3.63v -- generated by sim/harness, do not edit

Circuit: * comparator-offset-mc @ ff_27c_3.63v -- generated by sim/harness, do not edit

Doing analysis at TEMP = 27.000000 and TNOM = 27.000000

Using SPARSE 1.3 as Direct Linear Solver
 Reference value :  0.00000e+00
No. of Data Rows : 6
voa = -5.328622766e-05
ddc = -3.270478190e-08
dde = 3.2374400700e-08
Reset re-loads circuit * comparator-offset-mc @ ff_27c_3.63v -- generated by sim/harness, do not edit

Circuit: * comparator-offset-mc @ ff_27c_3.63v -- generated by sim/harness, do not edit

Doing analysis at TEMP = 27.000000 and TNOM = 27.000000

Using SPARSE 1.3 as Direct Linear Solver

No. of Data Rows : 6
voa = -5.401078549e-05
ddc = 3.7157528074e-08
dde = -3.669191322e-08
Reset re-loads circuit * comparator-offset-mc @ ff_27c_3.63v -- generated by sim/harness, do not edit

Circuit: * comparator-offset-mc @ ff_27c_3.63v -- generated by sim/harness, do not edit

Doing analysis at TEMP = 27.000000 and TNOM = 27.000000

Using SPARSE 1.3 as Direct Linear Solver

No. of Data Rows : 6
voa = -3.590189308e-04
ddc = 1.1787474149e-07
dde = -1.159407411e-07
Reset re-loads circuit * comparator-offset-mc @ ff_27c_3.63v -- generated by sim/harness, do not edit

Circuit: * comparator-offset-mc @ ff_27c_3.63v -- generated by sim/harness, do not edit

Doing analysis at TEMP = 27.000000 and TNOM = 27.000000

Using SPARSE 1.3 as Direct Linear Solver

No. of Data Rows : 6
voa = -2.293308749e-04
ddc = 5.0670171467e-08
dde = -4.995727497e-08
Reset re-loads circuit * comparator-offset-mc @ ff_27c_3.63v -- generated by sim/harness, do not edit

Circuit: * comparator-offset-mc @ ff_27c_3.63v -- generated by sim/harness, do not edit

Doing analysis at TEMP = 27.000000 and TNOM = 27.000000

Using SPARSE 1.3 as Direct Linear Solver

No. of Data Rows : 6
voa = -1.612505018e-03
ddc = 3.0091610605e-07
dde = -3.387511543e-07
Reset re-loads circuit * comparator-offset-mc @ ff_27c_3.63v -- generated by sim/harness, do not edit

Circuit: * comparator-offset-mc @ ff_27c_3.63v -- generated by sim/harness, do not edit

Doing analysis at TEMP = 27.000000 and TNOM = 27.000000

Using SPARSE 1.3 as Direct Linear Solver
 Reference value :  0.00000e+00
No. of Data Rows : 6
voa = 1.0124267650e-03
ddc = -1.533913337e-07
dde = 1.5059660285e-07
Reset re-loads circuit * comparator-offset-mc @ ff_27c_3.63v -- generated by sim/harness, do not edit

Circuit: * comparator-offset-mc @ ff_27c_3.63v -- generated by sim/harness, do not edit

Doing analysis at TEMP = 27.000000 and TNOM = 27.000000

Using SPARSE 1.3 as Direct Linear Solver

No. of Data Rows : 6
voa = 1.2701852458e-03
ddc = -2.361216531e-07
dde = 2.3281861713e-07
Reset re-loads circuit * comparator-offset-mc @ ff_27c_3.63v -- generated by sim/harness, do not edit

Circuit: * comparator-offset-mc @ ff_27c_3.63v -- generated by sim/harness, do not edit

Doing analysis at TEMP = 27.000000 and TNOM = 27.000000

Using SPARSE 1.3 as Direct Linear Solver

No. of Data Rows : 6
voa = 2.1613344494e-04
ddc = -6.493469493e-08
dde = 6.3722004223e-08
Reset re-loads circuit * comparator-offset-mc @ ff_27c_3.63v -- generated by sim/harness, do not edit

Circuit: * comparator-offset-mc @ ff_27c_3.63v -- generated by sim/harness, do not edit

Doing analysis at TEMP = 27.000000 and TNOM = 27.000000

Using SPARSE 1.3 as Direct Linear Solver

No. of Data Rows : 6
voa = -4.785834674e-04
ddc = 1.3204773432e-07
dde = -1.297458902e-07
Reset re-loads circuit * comparator-offset-mc @ ff_27c_3.63v -- generated by sim/harness, do not edit

Circuit: * comparator-offset-mc @ ff_27c_3.63v -- generated by sim/harness, do not edit

Doing analysis at TEMP = 27.000000 and TNOM = 27.000000

Using SPARSE 1.3 as Direct Linear Solver

No. of Data Rows : 6
voa = 1.1304029501e-03
ddc = -2.592794879e-07
dde = 2.5516680622e-07
Reset re-loads circuit * comparator-offset-mc @ ff_27c_3.63v -- generated by sim/harness, do not edit

Circuit: * comparator-offset-mc @ ff_27c_3.63v -- generated by sim/harness, do not edit

Doing analysis at TEMP = 27.000000 and TNOM = 27.000000

Using SPARSE 1.3 as Direct Linear Solver
 Reference value :  0.00000e+00
No. of Data Rows : 6
voa = 4.1576979048e-04
ddc = -1.113303503e-07
dde = 1.0942552187e-07
Reset re-loads circuit * comparator-offset-mc @ ff_27c_3.63v -- generated by sim/harness, do not edit

Circuit: * comparator-offset-mc @ ff_27c_3.63v -- generated by sim/harness, do not edit

Doing analysis at TEMP = 27.000000 and TNOM = 27.000000

Using SPARSE 1.3 as Direct Linear Solver

No. of Data Rows : 6
voa = 2.4283910246e-04
ddc = -3.542692509e-08
dde = 3.6668116728e-08
Reset re-loads circuit * comparator-offset-mc @ ff_27c_3.63v -- generated by sim/harness, do not edit

Circuit: * comparator-offset-mc @ ff_27c_3.63v -- generated by sim/harness, do not edit

Doing analysis at TEMP = 27.000000 and TNOM = 27.000000

Using SPARSE 1.3 as Direct Linear Solver

No. of Data Rows : 6
voa = -6.621527147e-04
ddc = 1.4772318003e-07
dde = -1.188092644e-07
Reset re-loads circuit * comparator-offset-mc @ ff_27c_3.63v -- generated by sim/harness, do not edit

Circuit: * comparator-offset-mc @ ff_27c_3.63v -- generated by sim/harness, do not edit

Doing analysis at TEMP = 27.000000 and TNOM = 27.000000

Using SPARSE 1.3 as Direct Linear Solver

No. of Data Rows : 6
voa = -1.887197299e-03
ddc = 4.0973887289e-07
dde = -4.176039411e-07
Reset re-loads circuit * comparator-offset-mc @ ff_27c_3.63v -- generated by sim/harness, do not edit

Circuit: * comparator-offset-mc @ ff_27c_3.63v -- generated by sim/harness, do not edit

Doing analysis at TEMP = 27.000000 and TNOM = 27.000000

Using SPARSE 1.3 as Direct Linear Solver
 Reference value :  0.00000e+00
No. of Data Rows : 6
voa = -2.130930005e-04
ddc = 4.2127571298e-08
dde = -4.119794588e-08
Reset re-loads circuit * comparator-offset-mc @ ff_27c_3.63v -- generated by sim/harness, do not edit

Circuit: * comparator-offset-mc @ ff_27c_3.63v -- generated by sim/harness, do not edit

Doing analysis at TEMP = 27.000000 and TNOM = 27.000000

Using SPARSE 1.3 as Direct Linear Solver

No. of Data Rows : 6
voa = 2.2258522108e-05
ddc = 6.8091503974e-08
dde = -6.724519772e-08
Reset re-loads circuit * comparator-offset-mc @ ff_27c_3.63v -- generated by sim/harness, do not edit

Circuit: * comparator-offset-mc @ ff_27c_3.63v -- generated by sim/harness, do not edit

Doing analysis at TEMP = 27.000000 and TNOM = 27.000000

Using SPARSE 1.3 as Direct Linear Solver

No. of Data Rows : 6
voa = -8.666630361e-04
ddc = 2.0059693774e-07
dde = -1.958788655e-07
Reset re-loads circuit * comparator-offset-mc @ ff_27c_3.63v -- generated by sim/harness, do not edit

Circuit: * comparator-offset-mc @ ff_27c_3.63v -- generated by sim/harness, do not edit

Doing analysis at TEMP = 27.000000 and TNOM = 27.000000

Using SPARSE 1.3 as Direct Linear Solver

No. of Data Rows : 6
voa = -8.539682809e-04
ddc = 1.9520709779e-07
dde = -2.045141155e-07
Reset re-loads circuit * comparator-offset-mc @ ff_27c_3.63v -- generated by sim/harness, do not edit

Circuit: * comparator-offset-mc @ ff_27c_3.63v -- generated by sim/harness, do not edit

Doing analysis at TEMP = 27.000000 and TNOM = 27.000000

Using SPARSE 1.3 as Direct Linear Solver

No. of Data Rows : 6
voa = 1.3084493628e-03
ddc = -2.812155926e-07
dde = 2.7641914539e-07
Reset re-loads circuit * comparator-offset-mc @ ff_27c_3.63v -- generated by sim/harness, do not edit

Circuit: * comparator-offset-mc @ ff_27c_3.63v -- generated by sim/harness, do not edit

Doing analysis at TEMP = 27.000000 and TNOM = 27.000000

Using SPARSE 1.3 as Direct Linear Solver
 Reference value :  0.00000e+00
No. of Data Rows : 6
voa = -8.102621705e-04
ddc = 1.8073540046e-07
dde = -1.777535866e-07
Reset re-loads circuit * comparator-offset-mc @ ff_27c_3.63v -- generated by sim/harness, do not edit

Circuit: * comparator-offset-mc @ ff_27c_3.63v -- generated by sim/harness, do not edit

Doing analysis at TEMP = 27.000000 and TNOM = 27.000000

Using SPARSE 1.3 as Direct Linear Solver

No. of Data Rows : 6
voa = 4.8693411712e-04
ddc = -4.755203317e-08
dde = 4.6554965534e-08
Reset re-loads circuit * comparator-offset-mc @ ff_27c_3.63v -- generated by sim/harness, do not edit

Circuit: * comparator-offset-mc @ ff_27c_3.63v -- generated by sim/harness, do not edit

Doing analysis at TEMP = 27.000000 and TNOM = 27.000000

Using SPARSE 1.3 as Direct Linear Solver

No. of Data Rows : 6
voa = -4.553025922e-04
ddc = 1.0271212604e-07
dde = -1.002508204e-07
Reset re-loads circuit * comparator-offset-mc @ ff_27c_3.63v -- generated by sim/harness, do not edit

Circuit: * comparator-offset-mc @ ff_27c_3.63v -- generated by sim/harness, do not edit

Doing analysis at TEMP = 27.000000 and TNOM = 27.000000

Using SPARSE 1.3 as Direct Linear Solver

No. of Data Rows : 6
voa = -2.045033678e-03
ddc = 4.6135394237e-07
dde = -4.638146747e-07
Reset re-loads circuit * comparator-offset-mc @ ff_27c_3.63v -- generated by sim/harness, do not edit

Circuit: * comparator-offset-mc @ ff_27c_3.63v -- generated by sim/harness, do not edit

Doing analysis at TEMP = 27.000000 and TNOM = 27.000000

Using SPARSE 1.3 as Direct Linear Solver

No. of Data Rows : 6
voa = -8.716353705e-04
ddc = 2.1411007542e-07
dde = -2.105547275e-07
Reset re-loads circuit * comparator-offset-mc @ ff_27c_3.63v -- generated by sim/harness, do not edit

Circuit: * comparator-offset-mc @ ff_27c_3.63v -- generated by sim/harness, do not edit

Doing analysis at TEMP = 27.000000 and TNOM = 27.000000

Using SPARSE 1.3 as Direct Linear Solver
 Reference value :  0.00000e+00
No. of Data Rows : 6
voa = 8.4702372175e-04
ddc = -1.692276536e-07
dde = 1.6629144670e-07
Reset re-loads circuit * comparator-offset-mc @ ff_27c_3.63v -- generated by sim/harness, do not edit

Circuit: * comparator-offset-mc @ ff_27c_3.63v -- generated by sim/harness, do not edit

Doing analysis at TEMP = 27.000000 and TNOM = 27.000000

Using SPARSE 1.3 as Direct Linear Solver

No. of Data Rows : 6
voa = -7.172563737e-04
ddc = 9.5614010273e-08
dde = -9.163894947e-08
Reset re-loads circuit * comparator-offset-mc @ ff_27c_3.63v -- generated by sim/harness, do not edit

Circuit: * comparator-offset-mc @ ff_27c_3.63v -- generated by sim/harness, do not edit

Doing analysis at TEMP = 27.000000 and TNOM = 27.000000

Using SPARSE 1.3 as Direct Linear Solver

No. of Data Rows : 6
voa = -4.894329109e-04
ddc = 1.6683685769e-07
dde = -1.655634301e-07
Reset re-loads circuit * comparator-offset-mc @ ff_27c_3.63v -- generated by sim/harness, do not edit

Circuit: * comparator-offset-mc @ ff_27c_3.63v -- generated by sim/harness, do not edit

Doing analysis at TEMP = 27.000000 and TNOM = 27.000000

Using SPARSE 1.3 as Direct Linear Solver

No. of Data Rows : 6
voa = -1.935322409e-04
ddc = 5.4883334315e-08
dde = -5.397052490e-08
Reset re-loads circuit * comparator-offset-mc @ ff_27c_3.63v -- generated by sim/harness, do not edit

Circuit: * comparator-offset-mc @ ff_27c_3.63v -- generated by sim/harness, do not edit

Doing analysis at TEMP = 27.000000 and TNOM = 27.000000

Using SPARSE 1.3 as Direct Linear Solver

No. of Data Rows : 6
voa = 5.0772667344e-04
ddc = -1.132497138e-07
dde = 1.1124830747e-07
Reset re-loads circuit * comparator-offset-mc @ ff_27c_3.63v -- generated by sim/harness, do not edit

Circuit: * comparator-offset-mc @ ff_27c_3.63v -- generated by sim/harness, do not edit

Doing analysis at TEMP = 27.000000 and TNOM = 27.000000

Using SPARSE 1.3 as Direct Linear Solver
 Reference value :  2.00000e-03
No. of Data Rows : 6
voa = 5.5306783950e-04
ddc = -1.328567895e-07
dde = 1.3025412033e-07
Reset re-loads circuit * comparator-offset-mc @ ff_27c_3.63v -- generated by sim/harness, do not edit

Circuit: * comparator-offset-mc @ ff_27c_3.63v -- generated by sim/harness, do not edit

Doing analysis at TEMP = 27.000000 and TNOM = 27.000000

Using SPARSE 1.3 as Direct Linear Solver

No. of Data Rows : 6
voa = 7.3550928401e-04
ddc = -1.690970630e-07
dde = 1.5497327443e-07
Reset re-loads circuit * comparator-offset-mc @ ff_27c_3.63v -- generated by sim/harness, do not edit

Circuit: * comparator-offset-mc @ ff_27c_3.63v -- generated by sim/harness, do not edit

Doing analysis at TEMP = 27.000000 and TNOM = 27.000000

Using SPARSE 1.3 as Direct Linear Solver

No. of Data Rows : 6
voa = -1.379901851e-03
ddc = 2.7577365490e-07
dde = -2.962615138e-07
Reset re-loads circuit * comparator-offset-mc @ ff_27c_3.63v -- generated by sim/harness, do not edit

Circuit: * comparator-offset-mc @ ff_27c_3.63v -- generated by sim/harness, do not edit

Doing analysis at TEMP = 27.000000 and TNOM = 27.000000

Using SPARSE 1.3 as Direct Linear Solver

No. of Data Rows : 6
voa = -1.255250395e-03
ddc = 2.7641424339e-07
dde = -2.772501600e-07
Reset re-loads circuit * comparator-offset-mc @ ff_27c_3.63v -- generated by sim/harness, do not edit

Circuit: * comparator-offset-mc @ ff_27c_3.63v -- generated by sim/harness, do not edit

Doing analysis at TEMP = 27.000000 and TNOM = 27.000000

Using SPARSE 1.3 as Direct Linear Solver

No. of Data Rows : 6
voa = 1.0452198603e-04
ddc = -1.485409279e-09
dde = 1.2130337355e-09
Reset re-loads circuit * comparator-offset-mc @ ff_27c_3.63v -- generated by sim/harness, do not edit

Circuit: * comparator-offset-mc @ ff_27c_3.63v -- generated by sim/harness, do not edit

Doing analysis at TEMP = 27.000000 and TNOM = 27.000000

Using SPARSE 1.3 as Direct Linear Solver
 Reference value :  0.00000e+00
No. of Data Rows : 6
voa = 7.5683283554e-04
ddc = -2.053760745e-07
dde = 2.0168565968e-07
Reset re-loads circuit * comparator-offset-mc @ ff_27c_3.63v -- generated by sim/harness, do not edit

Circuit: * comparator-offset-mc @ ff_27c_3.63v -- generated by sim/harness, do not edit

Doing analysis at TEMP = 27.000000 and TNOM = 27.000000

Using SPARSE 1.3 as Direct Linear Solver

No. of Data Rows : 6
voa = -5.115947767e-04
ddc = 1.1723966703e-07
dde = -1.159020382e-07
Reset re-loads circuit * comparator-offset-mc @ ff_27c_3.63v -- generated by sim/harness, do not edit

Circuit: * comparator-offset-mc @ ff_27c_3.63v -- generated by sim/harness, do not edit

Doing analysis at TEMP = 27.000000 and TNOM = 27.000000

Using SPARSE 1.3 as Direct Linear Solver

No. of Data Rows : 6
voa = 7.3961786818e-04
ddc = -1.252108570e-07
dde = 1.2297977290e-07
Reset re-loads circuit * comparator-offset-mc @ ff_27c_3.63v -- generated by sim/harness, do not edit

Circuit: * comparator-offset-mc @ ff_27c_3.63v -- generated by sim/harness, do not edit

Doing analysis at TEMP = 27.000000 and TNOM = 27.000000

Using SPARSE 1.3 as Direct Linear Solver

No. of Data Rows : 6
voa = 1.3515472873e-03
ddc = -2.775884528e-07
dde = 2.8043049975e-07
Reset re-loads circuit * comparator-offset-mc @ ff_27c_3.63v -- generated by sim/harness, do not edit

Circuit: * comparator-offset-mc @ ff_27c_3.63v -- generated by sim/harness, do not edit

Doing analysis at TEMP = 27.000000 and TNOM = 27.000000

Using SPARSE 1.3 as Direct Linear Solver
 Reference value :  0.00000e+00
No. of Data Rows : 6
voa = -1.596725485e-04
ddc = 1.3322445962e-09
dde = -1.005331471e-09
Reset re-loads circuit * comparator-offset-mc @ ff_27c_3.63v -- generated by sim/harness, do not edit

Circuit: * comparator-offset-mc @ ff_27c_3.63v -- generated by sim/harness, do not edit

Doing analysis at TEMP = 27.000000 and TNOM = 27.000000

Using SPARSE 1.3 as Direct Linear Solver

No. of Data Rows : 6
voa = -1.091918238e-03
ddc = 2.3093731986e-07
dde = -2.260982854e-07
Reset re-loads circuit * comparator-offset-mc @ ff_27c_3.63v -- generated by sim/harness, do not edit

Circuit: * comparator-offset-mc @ ff_27c_3.63v -- generated by sim/harness, do not edit

Doing analysis at TEMP = 27.000000 and TNOM = 27.000000

Using SPARSE 1.3 as Direct Linear Solver

No. of Data Rows : 6
voa = -3.768644322e-04
ddc = 8.3964086611e-08
dde = -8.114804597e-08
Reset re-loads circuit * comparator-offset-mc @ ff_27c_3.63v -- generated by sim/harness, do not edit

Circuit: * comparator-offset-mc @ ff_27c_3.63v -- generated by sim/harness, do not edit

Doing analysis at TEMP = 27.000000 and TNOM = 27.000000

Using SPARSE 1.3 as Direct Linear Solver

No. of Data Rows : 6
voa = 2.5526279128e-03
ddc = -5.877695699e-07
dde = 5.7832464849e-07
Reset re-loads circuit * comparator-offset-mc @ ff_27c_3.63v -- generated by sim/harness, do not edit

Circuit: * comparator-offset-mc @ ff_27c_3.63v -- generated by sim/harness, do not edit

Doing analysis at TEMP = 27.000000 and TNOM = 27.000000

Using SPARSE 1.3 as Direct Linear Solver
 Reference value :  0.00000e+00
No. of Data Rows : 6
voa = 1.5156932447e-04
ddc = 5.0447832687e-09
dde = -5.157770428e-09
Reset re-loads circuit * comparator-offset-mc @ ff_27c_3.63v -- generated by sim/harness, do not edit

Circuit: * comparator-offset-mc @ ff_27c_3.63v -- generated by sim/harness, do not edit

Doing analysis at TEMP = 27.000000 and TNOM = 27.000000

Using SPARSE 1.3 as Direct Linear Solver

No. of Data Rows : 6
voa = 6.5637371354e-04
ddc = -1.684397289e-07
dde = 1.6672769594e-07
Reset re-loads circuit * comparator-offset-mc @ ff_27c_3.63v -- generated by sim/harness, do not edit

Circuit: * comparator-offset-mc @ ff_27c_3.63v -- generated by sim/harness, do not edit

Doing analysis at TEMP = 27.000000 and TNOM = 27.000000

Using SPARSE 1.3 as Direct Linear Solver

No. of Data Rows : 6
voa = -1.236873578e-03
ddc = 2.7614033526e-07
dde = -2.718666458e-07
Reset re-loads circuit * comparator-offset-mc @ ff_27c_3.63v -- generated by sim/harness, do not edit

Circuit: * comparator-offset-mc @ ff_27c_3.63v -- generated by sim/harness, do not edit

Doing analysis at TEMP = 27.000000 and TNOM = 27.000000

Using SPARSE 1.3 as Direct Linear Solver

No. of Data Rows : 6
voa = -3.326279443e-04
ddc = 1.1811787064e-07
dde = -1.051323845e-07
Reset re-loads circuit * comparator-offset-mc @ ff_27c_3.63v -- generated by sim/harness, do not edit

Circuit: * comparator-offset-mc @ ff_27c_3.63v -- generated by sim/harness, do not edit

Doing analysis at TEMP = 27.000000 and TNOM = 27.000000

Using SPARSE 1.3 as Direct Linear Solver
 Reference value :  0.00000e+00
No. of Data Rows : 6
voa = -7.838298192e-04
ddc = 1.8418489073e-07
dde = -1.725984559e-07
Reset re-loads circuit * comparator-offset-mc @ ff_27c_3.63v -- generated by sim/harness, do not edit

Circuit: * comparator-offset-mc @ ff_27c_3.63v -- generated by sim/harness, do not edit

Doing analysis at TEMP = 27.000000 and TNOM = 27.000000

Using SPARSE 1.3 as Direct Linear Solver

No. of Data Rows : 6
voa = -1.292445041e-03
ddc = 2.7669027836e-07
dde = -2.720526881e-07
Reset re-loads circuit * comparator-offset-mc @ ff_27c_3.63v -- generated by sim/harness, do not edit

Circuit: * comparator-offset-mc @ ff_27c_3.63v -- generated by sim/harness, do not edit

Doing analysis at TEMP = 27.000000 and TNOM = 27.000000

Using SPARSE 1.3 as Direct Linear Solver

No. of Data Rows : 6
voa = 1.4174944541e-03
ddc = -3.180496530e-07
dde = 3.1284767112e-07
Reset re-loads circuit * comparator-offset-mc @ ff_27c_3.63v -- generated by sim/harness, do not edit

Circuit: * comparator-offset-mc @ ff_27c_3.63v -- generated by sim/harness, do not edit

Doing analysis at TEMP = 27.000000 and TNOM = 27.000000

Using SPARSE 1.3 as Direct Linear Solver

No. of Data Rows : 6
voa = 8.6370103880e-04
ddc = -1.755370445e-07
dde = 1.7277835094e-07
Reset re-loads circuit * comparator-offset-mc @ ff_27c_3.63v -- generated by sim/harness, do not edit

Circuit: * comparator-offset-mc @ ff_27c_3.63v -- generated by sim/harness, do not edit

Doing analysis at TEMP = 27.000000 and TNOM = 27.000000

Using SPARSE 1.3 as Direct Linear Solver

No. of Data Rows : 6
voa = 5.7232942629e-05
ddc = -4.019231015e-08
dde = 3.9533886791e-08
Reset re-loads circuit * comparator-offset-mc @ ff_27c_3.63v -- generated by sim/harness, do not edit

Circuit: * comparator-offset-mc @ ff_27c_3.63v -- generated by sim/harness, do not edit

Doing analysis at TEMP = 27.000000 and TNOM = 27.000000

Using SPARSE 1.3 as Direct Linear Solver

No. of Data Rows : 6
voa = 7.8879186632e-04
ddc = -1.793921808e-07
dde = 1.7646690406e-07
Reset re-loads circuit * comparator-offset-mc @ ff_27c_3.63v -- generated by sim/harness, do not edit

Circuit: * comparator-offset-mc @ ff_27c_3.63v -- generated by sim/harness, do not edit

Doing analysis at TEMP = 27.000000 and TNOM = 27.000000

Using SPARSE 1.3 as Direct Linear Solver
 Reference value :  2.00000e-03
No. of Data Rows : 6
voa = 2.8163975058e-07
ddc = -5.852755470e-09
dde = 5.7445291138e-09
Reset re-loads circuit * comparator-offset-mc @ ff_27c_3.63v -- generated by sim/harness, do not edit

Circuit: * comparator-offset-mc @ ff_27c_3.63v -- generated by sim/harness, do not edit

Doing analysis at TEMP = 27.000000 and TNOM = 27.000000

Using SPARSE 1.3 as Direct Linear Solver

No. of Data Rows : 6
voa = 8.9448422551e-04
ddc = -1.737899151e-07
dde = 1.6872936560e-07
Reset re-loads circuit * comparator-offset-mc @ ff_27c_3.63v -- generated by sim/harness, do not edit

Circuit: * comparator-offset-mc @ ff_27c_3.63v -- generated by sim/harness, do not edit

Doing analysis at TEMP = 27.000000 and TNOM = 27.000000

Using SPARSE 1.3 as Direct Linear Solver

No. of Data Rows : 6
voa = 3.8017920841e-04
ddc = -7.322906059e-08
dde = 7.0344077032e-08
Reset re-loads circuit * comparator-offset-mc @ ff_27c_3.63v -- generated by sim/harness, do not edit

Circuit: * comparator-offset-mc @ ff_27c_3.63v -- generated by sim/harness, do not edit

Doing analysis at TEMP = 27.000000 and TNOM = 27.000000

Using SPARSE 1.3 as Direct Linear Solver

No. of Data Rows : 6
voa = 1.7779371084e-03
ddc = -3.552064521e-07
dde = 3.4944437654e-07
Reset re-loads circuit * comparator-offset-mc @ ff_27c_3.63v -- generated by sim/harness, do not edit

Circuit: * comparator-offset-mc @ ff_27c_3.63v -- generated by sim/harness, do not edit

Doing analysis at TEMP = 27.000000 and TNOM = 27.000000

Using SPARSE 1.3 as Direct Linear Solver

No. of Data Rows : 6
voa = -4.102835988e-04
ddc = 1.4638004795e-07
dde = -1.450603350e-07
Reset re-loads circuit * comparator-offset-mc @ ff_27c_3.63v -- generated by sim/harness, do not edit

Circuit: * comparator-offset-mc @ ff_27c_3.63v -- generated by sim/harness, do not edit

Doing analysis at TEMP = 27.000000 and TNOM = 27.000000

Using SPARSE 1.3 as Direct Linear Solver

No. of Data Rows : 6
voa = 3.6363779375e-04
ddc = -5.445467839e-08
dde = 5.3444430373e-08
Reset re-loads circuit * comparator-offset-mc @ ff_27c_3.63v -- generated by sim/harness, do not edit

Circuit: * comparator-offset-mc @ ff_27c_3.63v -- generated by sim/harness, do not edit

Doing analysis at TEMP = 27.000000 and TNOM = 27.000000

Using SPARSE 1.3 as Direct Linear Solver
 Reference value :  0.00000e+00
No. of Data Rows : 6
voa = -5.095814779e-04
ddc = 1.0164612012e-07
dde = -9.921294391e-08
Reset re-loads circuit * comparator-offset-mc @ ff_27c_3.63v -- generated by sim/harness, do not edit

Circuit: * comparator-offset-mc @ ff_27c_3.63v -- generated by sim/harness, do not edit

Doing analysis at TEMP = 27.000000 and TNOM = 27.000000

Using SPARSE 1.3 as Direct Linear Solver

No. of Data Rows : 6
voa = 3.3712026151e-04
ddc = -9.018213601e-08
dde = 8.8848717424e-08
Reset re-loads circuit * comparator-offset-mc @ ff_27c_3.63v -- generated by sim/harness, do not edit

Circuit: * comparator-offset-mc @ ff_27c_3.63v -- generated by sim/harness, do not edit

Doing analysis at TEMP = 27.000000 and TNOM = 27.000000

Using SPARSE 1.3 as Direct Linear Solver

No. of Data Rows : 6
voa = -8.065360001e-05
ddc = 4.8218926555e-08
dde = -4.546980986e-08
Reset re-loads circuit * comparator-offset-mc @ ff_27c_3.63v -- generated by sim/harness, do not edit

Circuit: * comparator-offset-mc @ ff_27c_3.63v -- generated by sim/harness, do not edit

Doing analysis at TEMP = 27.000000 and TNOM = 27.000000

Using SPARSE 1.3 as Direct Linear Solver

No. of Data Rows : 6
voa = -2.087253026e-04
ddc = 3.3402984472e-08
dde = -3.074692726e-08
Reset re-loads circuit * comparator-offset-mc @ ff_27c_3.63v -- generated by sim/harness, do not edit

Circuit: * comparator-offset-mc @ ff_27c_3.63v -- generated by sim/harness, do not edit

Doing analysis at TEMP = 27.000000 and TNOM = 27.000000

Using SPARSE 1.3 as Direct Linear Solver
 Reference value :  0.00000e+00
No. of Data Rows : 6
voa = 1.2557535641e-03
ddc = -2.728246596e-07
dde = 2.8328632288e-07
m_n_samples = 2.0000000000e+02
m_sig_vos_mv = 9.3256675659e-01
m_vos_3sig_mv = 2.7977002698e+00
m_mean_vos_uv = 6.8641995974e+01
m_mean_vos_sem = 1.0409382596e+00
m_sig_dvos_dn_uv = 2.0099774025e-01
m_sig_dvos_up_uv = 1.9827718002e-01
m_mean_dvos_dn_uv = -8.932754701e-03
m_mean_dvos_up_uv = 8.9555111778e-03
m_av_mean = 1.4894557354e+01
m_av_sigma_pct = 5.7092496770e-01
m_sig_rpair_uv = 0.0000000000e+00
m_vbias_anchor_mv = 8.8033471851e+02
Note: Simulation executed from .control section 

Warning: m=xx on .subckt line will override multiplier m hierarchy!

Note: Starting dynamic gmin stepping
Note: Dynamic gmin stepping completed
Note: Starting dynamic gmin stepping
Note: Dynamic gmin stepping completed
Note: Starting dynamic gmin stepping
Note: Dynamic gmin stepping completed
Note: Starting dynamic gmin stepping
Note: Dynamic gmin stepping completed
Note: Starting dynamic gmin stepping
Note: Dynamic gmin stepping completed
Note: Starting dynamic gmin stepping
Note: Dynamic gmin stepping completed
Note: Starting dynamic gmin stepping
Note: Dynamic gmin stepping completed
Note: Starting dynamic gmin stepping
Note: Dynamic gmin stepping completed
Note: Starting dynamic gmin stepping
Note: Dynamic gmin stepping completed
Note: Starting dynamic gmin stepping
Note: Dynamic gmin stepping completed
Note: Starting dynamic gmin stepping
Note: Dynamic gmin stepping completed
Note: Starting dynamic gmin stepping
Note: Dynamic gmin stepping completed
Note: Starting dynamic gmin stepping
Note: Dynamic gmin stepping completed
Note: Starting dynamic gmin stepping
Note: Dynamic gmin stepping completed
Note: Starting dynamic gmin stepping
Note: Dynamic gmin stepping completed
Note: Starting dynamic gmin stepping
Note: Dynamic gmin stepping completed
Note: Starting dynamic gmin stepping
Note: Dynamic gmin stepping completed
Note: Starting dynamic gmin stepping
Note: Dynamic gmin stepping completed
Note: Starting dynamic gmin stepping
Note: Dynamic gmin stepping completed
Note: Starting dynamic gmin stepping
Note: Dynamic gmin stepping completed
Note: Starting dynamic gmin stepping
Note: Dynamic gmin stepping completed
Note: Starting dynamic gmin stepping
Note: Dynamic gmin stepping completed
Note: Starting dynamic gmin stepping
Note: Dynamic gmin stepping completed
Note: Starting dynamic gmin stepping
Note: Dynamic gmin stepping completed
Note: Starting dynamic gmin stepping
Note: Dynamic gmin stepping completed
Note: Starting dynamic gmin stepping
Note: Dynamic gmin stepping completed
Note: Starting dynamic gmin stepping
Note: Dynamic gmin stepping completed
Note: Starting dynamic gmin stepping
Note: Dynamic gmin stepping completed
Note: Starting dynamic gmin stepping
Note: Dynamic gmin stepping completed
Note: Starting dynamic gmin stepping
Note: Dynamic gmin stepping completed
Note: Starting dynamic gmin stepping
Note: Dynamic gmin stepping completed
Note: Starting dynamic gmin stepping
Note: Dynamic gmin stepping completed
Note: Starting dynamic gmin stepping
Note: Dynamic gmin stepping completed
Note: Starting dynamic gmin stepping
Note: Dynamic gmin stepping completed
Note: Starting dynamic gmin stepping
Note: Dynamic gmin stepping completed
Note: Starting dynamic gmin stepping
Note: Dynamic gmin stepping completed
Note: Starting dynamic gmin stepping
Note: Dynamic gmin stepping completed
Note: Starting dynamic gmin stepping
Note: Dynamic gmin stepping completed
Note: Starting dynamic gmin stepping
Note: Dynamic gmin stepping completed
Note: Starting dynamic gmin stepping
Note: Dynamic gmin stepping completed
Note: Starting dynamic gmin stepping
Note: Dynamic gmin stepping completed
Note: Starting dynamic gmin stepping
Note: Dynamic gmin stepping completed
Note: Starting dynamic gmin stepping
Note: Dynamic gmin stepping completed
Note: Starting dynamic gmin stepping
Note: Dynamic gmin stepping completed
Note: Starting dynamic gmin stepping
Note: Dynamic gmin stepping completed
Note: Starting dynamic gmin stepping
Note: Dynamic gmin stepping completed
Note: Starting dynamic gmin stepping
Note: Dynamic gmin stepping completed
Note: Starting dynamic gmin stepping
Note: Dynamic gmin stepping completed
Note: Starting dynamic gmin stepping
Note: Dynamic gmin stepping completed
Note: Starting dynamic gmin stepping
Note: Dynamic gmin stepping completed
Note: Starting dynamic gmin stepping
Note: Dynamic gmin stepping completed
Note: Starting dynamic gmin stepping
Note: Dynamic gmin stepping completed
Note: Starting dynamic gmin stepping
Note: Dynamic gmin stepping completed
Note: Starting dynamic gmin stepping
Note: Dynamic gmin stepping completed
Note: Starting dynamic gmin stepping
Note: Dynamic gmin stepping completed
Note: Starting dynamic gmin stepping
Note: Dynamic gmin stepping completed
Note: Starting dynamic gmin stepping
Note: Dynamic gmin stepping completed
Note: Starting dynamic gmin stepping
Note: Dynamic gmin stepping completed
Note: Starting dynamic gmin stepping
Note: Dynamic gmin stepping completed
Note: Starting dynamic gmin stepping
Note: Dynamic gmin stepping completed
Note: Starting dynamic gmin stepping
Note: Dynamic gmin stepping completed
Note: Starting dynamic gmin stepping
Note: Dynamic gmin stepping completed
Note: Starting dynamic gmin stepping
Note: Dynamic gmin stepping completed
Note: Starting dynamic gmin stepping
Note: Dynamic gmin stepping completed
Note: Starting dynamic gmin stepping
Note: Dynamic gmin stepping completed
Note: Starting dynamic gmin stepping
Note: Dynamic gmin stepping completed
Note: Starting dynamic gmin stepping
Note: Dynamic gmin stepping completed
Note: Starting dynamic gmin stepping
Note: Dynamic gmin stepping completed
Note: Starting dynamic gmin stepping
Note: Dynamic gmin stepping completed
Note: Starting dynamic gmin stepping
Note: Dynamic gmin stepping completed
Note: Starting dynamic gmin stepping
Note: Dynamic gmin stepping completed
Note: Starting dynamic gmin stepping
Note: Dynamic gmin stepping completed
Note: Starting dynamic gmin stepping
Note: Dynamic gmin stepping completed
Note: Starting dynamic gmin stepping
Note: Dynamic gmin stepping completed
Note: Starting dynamic gmin stepping
Note: Dynamic gmin stepping completed
Note: Starting dynamic gmin stepping
Note: Dynamic gmin stepping completed
Note: Starting dynamic gmin stepping
Note: Dynamic gmin stepping completed
Note: Starting dynamic gmin stepping
Note: Dynamic gmin stepping completed
Note: Starting dynamic gmin stepping
Note: Dynamic gmin stepping completed
Note: Starting dynamic gmin stepping
Note: Dynamic gmin stepping completed
Note: Starting dynamic gmin stepping
Note: Dynamic gmin stepping completed
Note: Starting dynamic gmin stepping
Note: Dynamic gmin stepping completed
Note: Starting dynamic gmin stepping
Note: Dynamic gmin stepping completed
Note: Starting dynamic gmin stepping
Note: Dynamic gmin stepping completed
Note: Starting dynamic gmin stepping
Note: Dynamic gmin stepping completed
Note: Starting dynamic gmin stepping
Note: Dynamic gmin stepping completed
Note: Starting dynamic gmin stepping
Note: Dynamic gmin stepping completed
Note: Starting dynamic gmin stepping
Note: Dynamic gmin stepping completed
Note: Starting dynamic gmin stepping
Note: Dynamic gmin stepping completed
Note: Starting dynamic gmin stepping
Note: Dynamic gmin stepping completed
Note: Starting dynamic gmin stepping
Note: Dynamic gmin stepping completed
Note: Starting dynamic gmin stepping
Note: Dynamic gmin stepping completed
Note: Starting dynamic gmin stepping
Note: Dynamic gmin stepping completed
Note: Starting dynamic gmin stepping
Note: Dynamic gmin stepping completed
Note: Starting dynamic gmin stepping
Note: Dynamic gmin stepping completed
Note: Starting dynamic gmin stepping
Note: Dynamic gmin stepping completed
Note: Starting dynamic gmin stepping
Note: Dynamic gmin stepping completed
Note: Starting dynamic gmin stepping
Note: Dynamic gmin stepping completed
Note: Starting dynamic gmin stepping
Note: Dynamic gmin stepping completed
Note: Starting dynamic gmin stepping
Note: Dynamic gmin stepping completed
Note: Starting dynamic gmin stepping
Note: Dynamic gmin stepping completed
Note: Starting dynamic gmin stepping
Note: Dynamic gmin stepping completed
Note: Starting dynamic gmin stepping
Note: Dynamic gmin stepping completed
Note: Starting dynamic gmin stepping
Note: Dynamic gmin stepping completed
Note: Starting dynamic gmin stepping
Note: Dynamic gmin stepping completed
Note: Starting dynamic gmin stepping
Note: Dynamic gmin stepping completed
Note: Starting dynamic gmin stepping
Note: Dynamic gmin stepping completed
Note: Starting dynamic gmin stepping
Note: Dynamic gmin stepping completed
Note: Starting dynamic gmin stepping
Note: Dynamic gmin stepping completed
Note: Starting dynamic gmin stepping
Note: Dynamic gmin stepping completed
Note: Starting dynamic gmin stepping
Note: Dynamic gmin stepping completed
Note: Starting dynamic gmin stepping
Note: Dynamic gmin stepping completed
Note: Starting dynamic gmin stepping
Note: Dynamic gmin stepping completed
Note: Starting dynamic gmin stepping
Note: Dynamic gmin stepping completed
Note: Starting dynamic gmin stepping
Note: Dynamic gmin stepping completed
Note: Starting dynamic gmin stepping
Note: Dynamic gmin stepping completed
Note: Starting dynamic gmin stepping
Note: Dynamic gmin stepping completed
Note: Starting dynamic gmin stepping
Note: Dynamic gmin stepping completed
Note: Starting dynamic gmin stepping
Note: Dynamic gmin stepping completed
Note: Starting dynamic gmin stepping
Note: Dynamic gmin stepping completed
Note: Starting dynamic gmin stepping
Note: Dynamic gmin stepping completed
Note: Starting dynamic gmin stepping
Note: Dynamic gmin stepping completed
Note: Starting dynamic gmin stepping
Note: Dynamic gmin stepping completed
Note: Starting dynamic gmin stepping
Note: Dynamic gmin stepping completed
Note: Starting dynamic gmin stepping
Note: Dynamic gmin stepping completed
Note: Starting dynamic gmin stepping
Note: Dynamic gmin stepping completed
Note: Starting dynamic gmin stepping
Note: Dynamic gmin stepping completed
Note: Starting dynamic gmin stepping
Note: Dynamic gmin stepping completed
Note: Starting dynamic gmin stepping
Note: Dynamic gmin stepping completed
Note: Starting dynamic gmin stepping
Note: Dynamic gmin stepping completed
Note: Starting dynamic gmin stepping
Note: Dynamic gmin stepping completed
Note: Starting dynamic gmin stepping
Note: Dynamic gmin stepping completed
Note: Starting dynamic gmin stepping
Note: Dynamic gmin stepping completed
Note: Starting dynamic gmin stepping
Note: Dynamic gmin stepping completed
Note: Starting dynamic gmin stepping
Note: Dynamic gmin stepping completed
Note: Starting dynamic gmin stepping
Note: Dynamic gmin stepping completed
Note: Starting dynamic gmin stepping
Note: Dynamic gmin stepping completed
Note: Starting dynamic gmin stepping
Note: Dynamic gmin stepping completed
Note: Starting dynamic gmin stepping
Note: Dynamic gmin stepping completed
Note: Starting dynamic gmin stepping
Note: Dynamic gmin stepping completed
Note: Starting dynamic gmin stepping
Note: Dynamic gmin stepping completed
Note: Starting dynamic gmin stepping
Note: Dynamic gmin stepping completed
Note: Starting dynamic gmin stepping
Note: Dynamic gmin stepping completed
Note: Starting dynamic gmin stepping
Note: Dynamic gmin stepping completed
Note: Starting dynamic gmin stepping
Note: Dynamic gmin stepping completed
Note: Starting dynamic gmin stepping
Note: Dynamic gmin stepping completed
Note: Starting dynamic gmin stepping
Note: Dynamic gmin stepping completed
Note: Starting dynamic gmin stepping
Note: Dynamic gmin stepping completed
Note: Starting dynamic gmin stepping
Note: Dynamic gmin stepping completed
Note: Starting dynamic gmin stepping
Note: Dynamic gmin stepping completed
Note: Starting dynamic gmin stepping
Note: Dynamic gmin stepping completed
Note: Starting dynamic gmin stepping
Note: Dynamic gmin stepping completed
Note: Starting dynamic gmin stepping
Note: Dynamic gmin stepping completed
Note: Starting dynamic gmin stepping
Note: Dynamic gmin stepping completed
Note: Starting dynamic gmin stepping
Note: Dynamic gmin stepping completed
Note: Starting dynamic gmin stepping
Note: Dynamic gmin stepping completed
Note: Starting dynamic gmin stepping
Note: Dynamic gmin stepping completed
Note: Starting dynamic gmin stepping
Note: Dynamic gmin stepping completed
Note: Starting dynamic gmin stepping
Note: Dynamic gmin stepping completed
Note: Starting dynamic gmin stepping
Note: Dynamic gmin stepping completed
Note: Starting dynamic gmin stepping
Note: Dynamic gmin stepping completed
Note: Starting dynamic gmin stepping
Note: Dynamic gmin stepping completed
Note: Starting dynamic gmin stepping
Note: Dynamic gmin stepping completed
Note: Starting dynamic gmin stepping
Note: Dynamic gmin stepping completed
Note: Starting dynamic gmin stepping
Note: Dynamic gmin stepping completed
Note: Starting dynamic gmin stepping
Note: Dynamic gmin stepping completed
Note: Starting dynamic gmin stepping
Note: Dynamic gmin stepping completed
Note: Starting dynamic gmin stepping
Note: Dynamic gmin stepping completed
Note: Starting dynamic gmin stepping
Note: Dynamic gmin stepping completed
Note: Starting dynamic gmin stepping
Note: Dynamic gmin stepping completed
Note: Starting dynamic gmin stepping
Note: Dynamic gmin stepping completed
Note: Starting dynamic gmin stepping
Note: Dynamic gmin stepping completed
Note: Starting dynamic gmin stepping
Note: Dynamic gmin stepping completed
Note: Starting dynamic gmin stepping
Note: Dynamic gmin stepping completed
Note: Starting dynamic gmin stepping
Note: Dynamic gmin stepping completed
Note: Starting dynamic gmin stepping
Note: Dynamic gmin stepping completed
Note: Starting dynamic gmin stepping
Note: Dynamic gmin stepping completed
Note: Starting dynamic gmin stepping
Note: Dynamic gmin stepping completed
Note: Starting dynamic gmin stepping
Note: Dynamic gmin stepping completed
Note: Starting dynamic gmin stepping
Note: Dynamic gmin stepping completed
Note: Starting dynamic gmin stepping
Note: Dynamic gmin stepping completed
Note: Starting dynamic gmin stepping
Note: Dynamic gmin stepping completed
Note: Starting dynamic gmin stepping
Note: Dynamic gmin stepping completed
Note: Starting dynamic gmin stepping
Note: Dynamic gmin stepping completed
Note: Starting dynamic gmin stepping
Note: Dynamic gmin stepping completed
Note: Starting dynamic gmin stepping
Note: Dynamic gmin stepping completed
Note: Starting dynamic gmin stepping
Note: Dynamic gmin stepping completed
Note: Starting dynamic gmin stepping
Note: Dynamic gmin stepping completed
Note: Starting dynamic gmin stepping
Note: Dynamic gmin stepping completed
Note: Starting dynamic gmin stepping
Note: Dynamic gmin stepping completed
Note: Starting dynamic gmin stepping
Note: Dynamic gmin stepping completed
Note: Starting dynamic gmin stepping
Note: Dynamic gmin stepping completed
Note: Starting dynamic gmin stepping
Note: Dynamic gmin stepping completed
Note: Starting dynamic gmin stepping
Note: Dynamic gmin stepping completed
Note: Starting dynamic gmin stepping
Note: Dynamic gmin stepping completed
Note: Starting dynamic gmin stepping
Note: Dynamic gmin stepping completed
Note: Starting dynamic gmin stepping
Note: Dynamic gmin stepping completed
Note: Starting dynamic gmin stepping
Note: Dynamic gmin stepping completed
Note: Starting dynamic gmin stepping
Note: Dynamic gmin stepping completed
Note: Starting dynamic gmin stepping
Note: Dynamic gmin stepping completed
Note: Starting dynamic gmin stepping
Note: Dynamic gmin stepping completed
Note: Starting dynamic gmin stepping
Note: Dynamic gmin stepping completed
Note: Starting dynamic gmin stepping
Note: Dynamic gmin stepping completed
Note: Starting dynamic gmin stepping
Note: Dynamic gmin stepping completed
Note: Starting dynamic gmin stepping
Note: Dynamic gmin stepping completed
Note: Starting dynamic gmin stepping
Note: Dynamic gmin stepping completed
Note: Starting dynamic gmin stepping
Note: Dynamic gmin stepping completed
Note: Starting dynamic gmin stepping
Note: Dynamic gmin stepping completed
Note: Starting dynamic gmin stepping
Note: Dynamic gmin stepping completed
Note: Starting dynamic gmin stepping
Note: Dynamic gmin stepping completed
Note: Starting dynamic gmin stepping
Note: Dynamic gmin stepping completed
Note: Starting dynamic gmin stepping
Note: Dynamic gmin stepping completed
Note: Starting dynamic gmin stepping
Note: Dynamic gmin stepping completed
Note: Starting dynamic gmin stepping
Note: Dynamic gmin stepping completed
Note: Starting dynamic gmin stepping
Note: Dynamic gmin stepping completed
Note: Starting dynamic gmin stepping
Note: Dynamic gmin stepping completed
Note: Starting dynamic gmin stepping
Note: Dynamic gmin stepping completed
Note: Starting dynamic gmin stepping
Note: Dynamic gmin stepping completed
Note: Starting dynamic gmin stepping
Note: Dynamic gmin stepping completed
Note: Starting dynamic gmin stepping
Note: Dynamic gmin stepping completed
Note: Starting dynamic gmin stepping
Note: Dynamic gmin stepping completed
Note: Starting dynamic gmin stepping
Note: Dynamic gmin stepping completed
Note: Starting dynamic gmin stepping
Note: Dynamic gmin stepping completed
Note: Starting dynamic gmin stepping
Note: Dynamic gmin stepping completed
Note: Starting dynamic gmin stepping
Note: Dynamic gmin stepping completed
Note: Starting dynamic gmin stepping
Note: Dynamic gmin stepping completed
Note: Starting dynamic gmin stepping
Note: Dynamic gmin stepping completed
Note: Starting dynamic gmin stepping
Note: Dynamic gmin stepping completed
Note: Starting dynamic gmin stepping
Note: Dynamic gmin stepping completed
Note: Starting dynamic gmin stepping
Note: Dynamic gmin stepping completed
Note: Starting dynamic gmin stepping
Note: Dynamic gmin stepping completed
Note: Starting dynamic gmin stepping
Note: Dynamic gmin stepping completed
Note: Starting dynamic gmin stepping
Note: Dynamic gmin stepping completed
Note: Starting dynamic gmin stepping
Note: Dynamic gmin stepping completed
Note: Starting dynamic gmin stepping
Note: Dynamic gmin stepping completed
Note: Starting dynamic gmin stepping
Note: Dynamic gmin stepping completed
Note: Starting dynamic gmin stepping
Note: Dynamic gmin stepping completed
Note: Starting dynamic gmin stepping
Note: Dynamic gmin stepping completed
Note: Starting dynamic gmin stepping
Note: Dynamic gmin stepping completed
Note: Starting dynamic gmin stepping
Note: Dynamic gmin stepping completed
Note: Starting dynamic gmin stepping
Note: Dynamic gmin stepping completed
Note: Starting dynamic gmin stepping
Note: Dynamic gmin stepping completed
Note: Starting dynamic gmin stepping
Note: Dynamic gmin stepping completed
Note: Starting dynamic gmin stepping
Note: Dynamic gmin stepping completed
Note: Starting dynamic gmin stepping
Note: Dynamic gmin stepping completed
Note: Starting dynamic gmin stepping
Note: Dynamic gmin stepping completed
Note: Starting dynamic gmin stepping
Note: Dynamic gmin stepping completed
Note: Starting dynamic gmin stepping
Note: Dynamic gmin stepping completed
Note: Starting dynamic gmin stepping
Note: Dynamic gmin stepping completed
Note: Starting dynamic gmin stepping
Note: Dynamic gmin stepping completed
Note: Starting dynamic gmin stepping
Note: Dynamic gmin stepping completed
Note: Starting dynamic gmin stepping
Note: Dynamic gmin stepping completed
Note: Starting dynamic gmin stepping
Note: Dynamic gmin stepping completed
Note: Starting dynamic gmin stepping
Note: Dynamic gmin stepping completed
Note: Starting dynamic gmin stepping
Note: Dynamic gmin stepping completed
Note: Starting dynamic gmin stepping
Note: Dynamic gmin stepping completed
Note: Starting dynamic gmin stepping
Note: Dynamic gmin stepping completed
Note: Starting dynamic gmin stepping
Note: Dynamic gmin stepping completed
Note: Starting dynamic gmin stepping
Note: Dynamic gmin stepping completed
Note: Starting dynamic gmin stepping
Note: Dynamic gmin stepping completed
Note: Starting dynamic gmin stepping
Note: Dynamic gmin stepping completed
Note: Starting dynamic gmin stepping
Note: Dynamic gmin stepping completed
Note: Starting dynamic gmin stepping
Note: Dynamic gmin stepping completed
Note: Starting dynamic gmin stepping
Note: Dynamic gmin stepping completed
Note: Starting dynamic gmin stepping
Note: Dynamic gmin stepping completed
Note: Starting dynamic gmin stepping
Note: Dynamic gmin stepping completed
Note: Starting dynamic gmin stepping
Note: Dynamic gmin stepping completed
Note: Starting dynamic gmin stepping
Note: Dynamic gmin stepping completed
Note: Starting dynamic gmin stepping
Note: Dynamic gmin stepping completed
Note: Starting dynamic gmin stepping
Note: Dynamic gmin stepping completed
Note: Starting dynamic gmin stepping
Note: Dynamic gmin stepping completed
Note: Starting dynamic gmin stepping
Note: Dynamic gmin stepping completed
Note: Starting dynamic gmin stepping
Note: Dynamic gmin stepping completed
Note: Starting dynamic gmin stepping
Note: Dynamic gmin stepping completed
Note: Starting dynamic gmin stepping
Note: Dynamic gmin stepping completed
Note: Starting dynamic gmin stepping
Note: Dynamic gmin stepping completed
Note: Starting dynamic gmin stepping
Note: Dynamic gmin stepping completed
Note: Starting dynamic gmin stepping
Note: Dynamic gmin stepping completed
Note: Starting dynamic gmin stepping
Note: Dynamic gmin stepping completed
Note: Starting dynamic gmin stepping
Note: Dynamic gmin stepping completed
Note: Starting dynamic gmin stepping
Note: Dynamic gmin stepping completed
Note: Starting dynamic gmin stepping
Note: Dynamic gmin stepping completed
Note: Starting dynamic gmin stepping
Note: Dynamic gmin stepping completed
Note: Starting dynamic gmin stepping
Note: Dynamic gmin stepping completed
Note: Starting dynamic gmin stepping
Note: Dynamic gmin stepping completed
Note: Starting dynamic gmin stepping
Note: Dynamic gmin stepping completed
Note: Starting dynamic gmin stepping
Note: Dynamic gmin stepping completed
Note: Starting dynamic gmin stepping
Note: Dynamic gmin stepping completed
Note: Starting dynamic gmin stepping
Note: Dynamic gmin stepping completed
Note: Starting dynamic gmin stepping
Note: Dynamic gmin stepping completed
Note: Starting dynamic gmin stepping
Note: Dynamic gmin stepping completed
Note: Starting dynamic gmin stepping
Note: Dynamic gmin stepping completed
Note: Starting dynamic gmin stepping
Note: Dynamic gmin stepping completed
Note: Starting dynamic gmin stepping
Note: Dynamic gmin stepping completed
Note: Starting dynamic gmin stepping
Note: Dynamic gmin stepping completed
Note: Starting dynamic gmin stepping
Note: Dynamic gmin stepping completed
Note: Starting dynamic gmin stepping
Note: Dynamic gmin stepping completed
Note: Starting dynamic gmin stepping
Note: Dynamic gmin stepping completed
Note: Starting dynamic gmin stepping
Note: Dynamic gmin stepping completed
Note: Starting dynamic gmin stepping
Note: Dynamic gmin stepping completed
Note: Starting dynamic gmin stepping
Note: Dynamic gmin stepping completed
Note: Starting dynamic gmin stepping
Note: Dynamic gmin stepping completed
Note: Starting dynamic gmin stepping
Note: Dynamic gmin stepping completed
Note: Starting dynamic gmin stepping
Note: Dynamic gmin stepping completed
Note: Starting dynamic gmin stepping
Note: Dynamic gmin stepping completed
Note: Starting dynamic gmin stepping
Note: Dynamic gmin stepping completed
Note: Starting dynamic gmin stepping
Note: Dynamic gmin stepping completed
Note: Starting dynamic gmin stepping
Note: Dynamic gmin stepping completed
Note: Starting dynamic gmin stepping
Note: Dynamic gmin stepping completed
Note: Starting dynamic gmin stepping
Note: Dynamic gmin stepping completed
Note: Starting dynamic gmin stepping
Note: Dynamic gmin stepping completed
Note: Starting dynamic gmin stepping
Note: Dynamic gmin stepping completed
Note: Starting dynamic gmin stepping
Note: Dynamic gmin stepping completed
Note: Starting dynamic gmin stepping
Note: Dynamic gmin stepping completed
Note: Starting dynamic gmin stepping
Note: Dynamic gmin stepping completed
Note: Starting dynamic gmin stepping
Note: Dynamic gmin stepping completed
Note: Starting dynamic gmin stepping
Note: Dynamic gmin stepping completed
Note: Starting dynamic gmin stepping
Note: Dynamic gmin stepping completed
Note: Starting dynamic gmin stepping
Note: Dynamic gmin stepping completed
Note: Starting dynamic gmin stepping
Note: Dynamic gmin stepping completed
Note: Starting dynamic gmin stepping
Note: Dynamic gmin stepping completed
Note: Starting dynamic gmin stepping
Note: Dynamic gmin stepping completed
Note: Starting dynamic gmin stepping
Note: Dynamic gmin stepping completed
Note: Starting dynamic gmin stepping
Note: Dynamic gmin stepping completed
Note: Starting dynamic gmin stepping
Note: Dynamic gmin stepping completed
Note: Starting dynamic gmin stepping
Note: Dynamic gmin stepping completed
Note: Starting dynamic gmin stepping
Note: Dynamic gmin stepping completed
Note: Starting dynamic gmin stepping
Note: Dynamic gmin stepping completed
Note: Starting dynamic gmin stepping
Note: Dynamic gmin stepping completed
Note: Starting dynamic gmin stepping
Note: Dynamic gmin stepping completed
Note: Starting dynamic gmin stepping
Note: Dynamic gmin stepping completed
Note: Starting dynamic gmin stepping
Note: Dynamic gmin stepping completed
Note: Starting dynamic gmin stepping
Note: Dynamic gmin stepping completed
Note: Starting dynamic gmin stepping
Note: Dynamic gmin stepping completed
Note: Starting dynamic gmin stepping
Note: Dynamic gmin stepping completed
Note: Starting dynamic gmin stepping
Note: Dynamic gmin stepping completed
Note: Starting dynamic gmin stepping
Note: Dynamic gmin stepping completed
Note: Starting dynamic gmin stepping
Note: Dynamic gmin stepping completed
Note: Starting dynamic gmin stepping
Note: Dynamic gmin stepping completed
Note: Starting dynamic gmin stepping
Note: Dynamic gmin stepping completed
Note: Starting dynamic gmin stepping
Note: Dynamic gmin stepping completed
Note: Starting dynamic gmin stepping
Note: Dynamic gmin stepping completed
Note: Starting dynamic gmin stepping
Note: Dynamic gmin stepping completed
Note: Starting dynamic gmin stepping
Note: Dynamic gmin stepping completed
Note: Starting dynamic gmin stepping
Note: Dynamic gmin stepping completed
Note: Starting dynamic gmin stepping
Note: Dynamic gmin stepping completed
Note: Starting dynamic gmin stepping
Note: Dynamic gmin stepping completed
Note: Starting dynamic gmin stepping
Note: Dynamic gmin stepping completed
Note: Starting dynamic gmin stepping
Note: Dynamic gmin stepping completed
Note: Starting dynamic gmin stepping
Note: Dynamic gmin stepping completed
Note: Starting dynamic gmin stepping
Note: Dynamic gmin stepping completed
Note: Starting dynamic gmin stepping
Note: Dynamic gmin stepping completed
Note: Starting dynamic gmin stepping
Note: Dynamic gmin stepping completed
Note: Starting dynamic gmin stepping
Note: Dynamic gmin stepping completed
Note: Starting dynamic gmin stepping
Note: Dynamic gmin stepping completed
Note: Starting dynamic gmin stepping
Note: Dynamic gmin stepping completed
Note: Starting dynamic gmin stepping
Note: Dynamic gmin stepping completed
Note: Starting dynamic gmin stepping
Note: Dynamic gmin stepping completed
Note: Starting dynamic gmin stepping
Note: Dynamic gmin stepping completed
Note: Starting dynamic gmin stepping
Note: Dynamic gmin stepping completed
Note: Starting dynamic gmin stepping
Note: Dynamic gmin stepping completed
Note: Starting dynamic gmin stepping
Note: Dynamic gmin stepping completed
Note: Starting dynamic gmin stepping
Note: Dynamic gmin stepping completed
Note: Starting dynamic gmin stepping
Note: Dynamic gmin stepping completed
Note: Starting dynamic gmin stepping
Note: Dynamic gmin stepping completed
Note: Starting dynamic gmin stepping
Note: Dynamic gmin stepping completed
Note: Starting dynamic gmin stepping
Note: Dynamic gmin stepping completed
Note: Starting dynamic gmin stepping
Note: Dynamic gmin stepping completed
Note: Starting dynamic gmin stepping
Note: Dynamic gmin stepping completed
Note: Starting dynamic gmin stepping
Note: Dynamic gmin stepping completed
Note: Starting dynamic gmin stepping
Note: Dynamic gmin stepping completed
Note: Starting dynamic gmin stepping
Note: Dynamic gmin stepping completed
Note: Starting dynamic gmin stepping
Note: Dynamic gmin stepping completed
Note: Starting dynamic gmin stepping
Note: Dynamic gmin stepping completed
Note: Starting dynamic gmin stepping
Note: Dynamic gmin stepping completed
Note: Starting dynamic gmin stepping
Note: Dynamic gmin stepping completed
Note: Starting dynamic gmin stepping
Note: Dynamic gmin stepping completed
Note: Starting dynamic gmin stepping
Note: Dynamic gmin stepping completed
Note: Starting dynamic gmin stepping
Note: Dynamic gmin stepping completed
Note: Starting dynamic gmin stepping
Note: Dynamic gmin stepping completed
Note: Starting dynamic gmin stepping
Note: Dynamic gmin stepping completed
Note: Starting dynamic gmin stepping
Note: Dynamic gmin stepping completed
Note: Starting dynamic gmin stepping
Note: Dynamic gmin stepping completed
Note: Starting dynamic gmin stepping
Note: Dynamic gmin stepping completed
Note: Starting dynamic gmin stepping
Note: Dynamic gmin stepping completed
Note: Starting dynamic gmin stepping
Note: Dynamic gmin stepping completed
Note: Starting dynamic gmin stepping
Note: Dynamic gmin stepping completed
Note: Starting dynamic gmin stepping
Note: Dynamic gmin stepping completed
Note: Starting dynamic gmin stepping
Note: Dynamic gmin stepping completed
Note: Starting dynamic gmin stepping
Note: Dynamic gmin stepping completed
Note: Starting dynamic gmin stepping
Note: Dynamic gmin stepping completed
Note: Starting dynamic gmin stepping
Note: Dynamic gmin stepping completed
Note: Starting dynamic gmin stepping
Note: Dynamic gmin stepping completed
Note: Starting dynamic gmin stepping
Note: Dynamic gmin stepping completed
Note: Starting dynamic gmin stepping
Note: Dynamic gmin stepping completed
Note: Starting dynamic gmin stepping
Note: Dynamic gmin stepping completed
Note: Starting dynamic gmin stepping
Note: Dynamic gmin stepping completed
Note: Starting dynamic gmin stepping
Note: Dynamic gmin stepping completed
Note: Starting dynamic gmin stepping
Note: Dynamic gmin stepping completed
Note: Starting dynamic gmin stepping
Note: Dynamic gmin stepping completed
Note: Starting dynamic gmin stepping
Note: Dynamic gmin stepping completed
Note: Starting dynamic gmin stepping
Note: Dynamic gmin stepping completed
Note: Starting dynamic gmin stepping
Note: Dynamic gmin stepping completed
Note: Starting dynamic gmin stepping
Note: Dynamic gmin stepping completed
Note: Starting dynamic gmin stepping
Note: Dynamic gmin stepping completed
Note: Starting dynamic gmin stepping
Note: Dynamic gmin stepping completed
Note: Starting dynamic gmin stepping
Note: Dynamic gmin stepping completed
Note: Starting dynamic gmin stepping
Note: Dynamic gmin stepping completed
Note: Starting dynamic gmin stepping
Note: Dynamic gmin stepping completed
Note: Starting dynamic gmin stepping
Note: Dynamic gmin stepping completed
Note: Starting dynamic gmin stepping
Note: Dynamic gmin stepping completed
Note: Starting dynamic gmin stepping
Note: Dynamic gmin stepping completed
Note: Starting dynamic gmin stepping
Note: Dynamic gmin stepping completed
Note: Starting dynamic gmin stepping
Note: Dynamic gmin stepping completed
Note: Starting dynamic gmin stepping
Note: Dynamic gmin stepping completed
Note: Starting dynamic gmin stepping
Note: Dynamic gmin stepping completed
Note: Starting dynamic gmin stepping
Note: Dynamic gmin stepping completed
Note: Starting dynamic gmin stepping
Note: Dynamic gmin stepping completed
Note: Starting dynamic gmin stepping
Note: Dynamic gmin stepping completed
Note: Starting dynamic gmin stepping
Note: Dynamic gmin stepping completed
Note: Starting dynamic gmin stepping
Note: Dynamic gmin stepping completed
Note: Starting dynamic gmin stepping
Note: Dynamic gmin stepping completed
Note: Starting dynamic gmin stepping
Note: Dynamic gmin stepping completed
Note: Starting dynamic gmin stepping
Note: Dynamic gmin stepping completed
Note: Starting dynamic gmin stepping
Note: Dynamic gmin stepping completed
Note: Starting dynamic gmin stepping
Note: Dynamic gmin stepping completed
Note: Starting dynamic gmin stepping
Note: Dynamic gmin stepping completed
Note: Starting dynamic gmin stepping
Note: Dynamic gmin stepping completed
Note: Starting dynamic gmin stepping
Note: Dynamic gmin stepping completed
Note: Starting dynamic gmin stepping
Note: Dynamic gmin stepping completed
Note: Starting dynamic gmin stepping
Note: Dynamic gmin stepping completed
Note: Starting dynamic gmin stepping
Note: Dynamic gmin stepping completed
Note: Starting dynamic gmin stepping
Note: Dynamic gmin stepping completed
Note: Starting dynamic gmin stepping
Note: Dynamic gmin stepping completed
Note: Starting dynamic gmin stepping
Note: Dynamic gmin stepping completed
Note: Starting dynamic gmin stepping
Note: Dynamic gmin stepping completed
Note: Starting dynamic gmin stepping
Note: Dynamic gmin stepping completed
Note: Starting dynamic gmin stepping
Note: Dynamic gmin stepping completed
Note: Starting dynamic gmin stepping
Note: Dynamic gmin stepping completed
Note: Starting dynamic gmin stepping
Note: Dynamic gmin stepping completed
Note: Starting dynamic gmin stepping
Note: Dynamic gmin stepping completed
Note: Starting dynamic gmin stepping
Note: Dynamic gmin stepping completed
Note: Starting dynamic gmin stepping
Note: Dynamic gmin stepping completed
Note: Starting dynamic gmin stepping
Note: Dynamic gmin stepping completed
Note: Starting dynamic gmin stepping
Note: Dynamic gmin stepping completed
Note: Starting dynamic gmin stepping
Note: Dynamic gmin stepping completed
Note: Starting dynamic gmin stepping
Note: Dynamic gmin stepping completed
Note: Starting dynamic gmin stepping
Note: Dynamic gmin stepping completed
Note: Starting dynamic gmin stepping
Note: Dynamic gmin stepping completed
Note: Starting dynamic gmin stepping
Note: Dynamic gmin stepping completed
Note: Starting dynamic gmin stepping
Note: Dynamic gmin stepping completed
Note: Starting dynamic gmin stepping
Note: Dynamic gmin stepping completed
Note: Starting dynamic gmin stepping
Note: Dynamic gmin stepping completed
Note: Starting dynamic gmin stepping
Note: Dynamic gmin stepping completed
Note: Starting dynamic gmin stepping
Note: Dynamic gmin stepping completed
Note: Starting dynamic gmin stepping
Note: Dynamic gmin stepping completed
Note: Starting dynamic gmin stepping
Note: Dynamic gmin stepping completed
Note: Starting dynamic gmin stepping
Note: Dynamic gmin stepping completed
Note: Starting dynamic gmin stepping
Note: Dynamic gmin stepping completed
Note: Starting dynamic gmin stepping
Note: Dynamic gmin stepping completed
Note: Starting dynamic gmin stepping
Note: Dynamic gmin stepping completed
Note: Starting dynamic gmin stepping
Note: Dynamic gmin stepping completed
Note: Starting dynamic gmin stepping
Note: Dynamic gmin stepping completed
Note: Starting dynamic gmin stepping
Note: Dynamic gmin stepping completed
Note: Starting dynamic gmin stepping
Note: Dynamic gmin stepping completed
Note: Starting dynamic gmin stepping
Note: Dynamic gmin stepping completed
Note: Starting dynamic gmin stepping
Note: Dynamic gmin stepping completed
Note: Starting dynamic gmin stepping
Note: Dynamic gmin stepping completed
Note: Starting dynamic gmin stepping
Note: Dynamic gmin stepping completed
Note: Starting dynamic gmin stepping
Note: Dynamic gmin stepping completed
Note: Starting dynamic gmin stepping
Note: Dynamic gmin stepping completed
Note: Starting dynamic gmin stepping
Note: Dynamic gmin stepping completed
Note: Starting dynamic gmin stepping
Note: Dynamic gmin stepping completed
Note: Starting dynamic gmin stepping
Note: Dynamic gmin stepping completed
Note: Starting dynamic gmin stepping
Note: Dynamic gmin stepping completed
Note: Starting dynamic gmin stepping
Note: Dynamic gmin stepping completed
Note: Starting dynamic gmin stepping
Note: Dynamic gmin stepping completed
Note: Starting dynamic gmin stepping
Note: Dynamic gmin stepping completed
Note: Starting dynamic gmin stepping
Note: Dynamic gmin stepping completed
Note: Starting dynamic gmin stepping
Note: Dynamic gmin stepping completed
Note: Starting dynamic gmin stepping
Note: Dynamic gmin stepping completed
Note: Starting dynamic gmin stepping
Note: Dynamic gmin stepping completed
Note: Starting dynamic gmin stepping
Note: Dynamic gmin stepping completed
Note: Starting dynamic gmin stepping
Note: Dynamic gmin stepping completed
Note: Starting dynamic gmin stepping
Note: Dynamic gmin stepping completed
Note: Starting dynamic gmin stepping
Note: Dynamic gmin stepping completed
Note: Starting dynamic gmin stepping
Note: Dynamic gmin stepping completed
Note: Starting dynamic gmin stepping
Note: Dynamic gmin stepping completed
Note: Starting dynamic gmin stepping
Note: Dynamic gmin stepping completed
Note: Starting dynamic gmin stepping
Note: Dynamic gmin stepping completed
Note: Starting dynamic gmin stepping
Note: Dynamic gmin stepping completed
Note: Starting dynamic gmin stepping
Note: Dynamic gmin stepping completed
Note: Starting dynamic gmin stepping
Note: Dynamic gmin stepping completed
Note: Starting dynamic gmin stepping
Note: Dynamic gmin stepping completed
Note: Starting dynamic gmin stepping
Note: Dynamic gmin stepping completed
Note: Starting dynamic gmin stepping
Note: Dynamic gmin stepping completed
Note: Starting dynamic gmin stepping
Note: Dynamic gmin stepping completed
Note: Starting dynamic gmin stepping
Note: Dynamic gmin stepping completed
Note: Starting dynamic gmin stepping
Note: Dynamic gmin stepping completed
Note: Starting dynamic gmin stepping
Note: Dynamic gmin stepping completed
Note: Starting dynamic gmin stepping
Note: Dynamic gmin stepping completed
Note: Starting dynamic gmin stepping
Note: Dynamic gmin stepping completed
Note: Starting dynamic gmin stepping
Note: Dynamic gmin stepping completed
Note: Starting dynamic gmin stepping
Note: Dynamic gmin stepping completed
Note: Starting dynamic gmin stepping
Note: Dynamic gmin stepping completed
Note: Starting dynamic gmin stepping
Note: Dynamic gmin stepping completed
Note: Starting dynamic gmin stepping
Note: Dynamic gmin stepping completed
Note: Starting dynamic gmin stepping
Note: Dynamic gmin stepping completed
Note: Starting dynamic gmin stepping
Note: Dynamic gmin stepping completed
Note: Starting dynamic gmin stepping
Note: Dynamic gmin stepping completed
Note: Starting dynamic gmin stepping
Note: Dynamic gmin stepping completed
Note: Starting dynamic gmin stepping
Note: Dynamic gmin stepping completed
Note: Starting dynamic gmin stepping
Note: Dynamic gmin stepping completed
Note: Starting dynamic gmin stepping
Note: Dynamic gmin stepping completed
Note: Starting dynamic gmin stepping
Note: Dynamic gmin stepping completed
Note: Starting dynamic gmin stepping
Note: Dynamic gmin stepping completed
Note: Starting dynamic gmin stepping
Note: Dynamic gmin stepping completed
Note: Starting dynamic gmin stepping
Note: Dynamic gmin stepping completed
Note: Starting dynamic gmin stepping
Note: Dynamic gmin stepping completed
Note: Starting dynamic gmin stepping
Note: Dynamic gmin stepping completed
Note: Starting dynamic gmin stepping
Note: Dynamic gmin stepping completed
Note: Starting dynamic gmin stepping
Note: Dynamic gmin stepping completed
Note: Starting dynamic gmin stepping
Note: Dynamic gmin stepping completed
Note: Starting dynamic gmin stepping
Note: Dynamic gmin stepping completed
Note: Starting dynamic gmin stepping
Note: Dynamic gmin stepping completed
Note: Starting dynamic gmin stepping
Note: Dynamic gmin stepping completed
Note: Starting dynamic gmin stepping
Note: Dynamic gmin stepping completed
Note: Starting dynamic gmin stepping
Note: Dynamic gmin stepping completed
Note: Starting dynamic gmin stepping
Note: Dynamic gmin stepping completed
Note: Starting dynamic gmin stepping
Note: Dynamic gmin stepping completed
Note: Starting dynamic gmin stepping
Note: Dynamic gmin stepping completed
Note: Starting dynamic gmin stepping
Note: Dynamic gmin stepping completed
Note: Starting dynamic gmin stepping
Note: Dynamic gmin stepping completed
Note: Starting dynamic gmin stepping
Note: Dynamic gmin stepping completed
Note: Starting dynamic gmin stepping
Note: Dynamic gmin stepping completed
Note: Starting dynamic gmin stepping
Note: Dynamic gmin stepping completed
Note: Starting dynamic gmin stepping
Note: Dynamic gmin stepping completed
Note: Starting dynamic gmin stepping
Note: Dynamic gmin stepping completed
Note: Starting dynamic gmin stepping
Note: Dynamic gmin stepping completed
Note: Starting dynamic gmin stepping
Note: Dynamic gmin stepping completed
Note: Starting dynamic gmin stepping
Note: Dynamic gmin stepping completed
Note: Starting dynamic gmin stepping
Note: Dynamic gmin stepping completed
Note: Starting dynamic gmin stepping
Note: Dynamic gmin stepping completed
Note: Starting dynamic gmin stepping
Note: Dynamic gmin stepping completed
Note: Starting dynamic gmin stepping
Note: Dynamic gmin stepping completed
Note: Starting dynamic gmin stepping
Note: Dynamic gmin stepping completed
Note: Starting dynamic gmin stepping
Note: Dynamic gmin stepping completed
Note: Starting dynamic gmin stepping
Note: Dynamic gmin stepping completed
Note: Starting dynamic gmin stepping
Note: Dynamic gmin stepping completed
Note: Starting dynamic gmin stepping
Note: Dynamic gmin stepping completed
Note: Starting dynamic gmin stepping
Note: Dynamic gmin stepping completed
Note: Starting dynamic gmin stepping
Note: Dynamic gmin stepping completed
Note: Starting dynamic gmin stepping
Note: Dynamic gmin stepping completed
Note: Starting dynamic gmin stepping
Note: Dynamic gmin stepping completed
Note: Starting dynamic gmin stepping
Note: Dynamic gmin stepping completed
Note: Starting dynamic gmin stepping
Note: Dynamic gmin stepping completed
Note: Starting dynamic gmin stepping
Note: Dynamic gmin stepping completed
Note: Starting dynamic gmin stepping
Note: Dynamic gmin stepping completed
Note: Starting dynamic gmin stepping
Note: Dynamic gmin stepping completed
Note: Starting dynamic gmin stepping
Note: Dynamic gmin stepping completed
Note: Starting dynamic gmin stepping
Note: Dynamic gmin stepping completed
Note: Starting dynamic gmin stepping
Note: Dynamic gmin stepping completed
Note: Starting dynamic gmin stepping
Note: Dynamic gmin stepping completed
Note: Starting dynamic gmin stepping
Note: Dynamic gmin stepping completed
Note: Starting dynamic gmin stepping
Note: Dynamic gmin stepping completed
Note: Starting dynamic gmin stepping
Note: Dynamic gmin stepping completed
Note: Starting dynamic gmin stepping
Note: Dynamic gmin stepping completed
Note: Starting dynamic gmin stepping
Note: Dynamic gmin stepping completed
Note: Starting dynamic gmin stepping
Note: Dynamic gmin stepping completed
Note: Starting dynamic gmin stepping
Note: Dynamic gmin stepping completed
Note: Starting dynamic gmin stepping
Note: Dynamic gmin stepping completed
Note: Starting dynamic gmin stepping
Note: Dynamic gmin stepping completed
Note: Starting dynamic gmin stepping
Note: Dynamic gmin stepping completed
Note: Starting dynamic gmin stepping
Note: Dynamic gmin stepping completed
Note: Starting dynamic gmin stepping
Note: Dynamic gmin stepping completed
Note: Starting dynamic gmin stepping
Note: Dynamic gmin stepping completed
Note: Starting dynamic gmin stepping
Note: Dynamic gmin stepping completed
Note: Starting dynamic gmin stepping
Note: Dynamic gmin stepping completed
Note: Starting dynamic gmin stepping
Note: Dynamic gmin stepping completed
Note: Starting dynamic gmin stepping
Note: Dynamic gmin stepping completed
Note: Starting dynamic gmin stepping
Note: Dynamic gmin stepping completed
Note: Starting dynamic gmin stepping
Note: Dynamic gmin stepping completed
Note: Starting dynamic gmin stepping
Note: Dynamic gmin stepping completed
Note: Starting dynamic gmin stepping
Note: Dynamic gmin stepping completed
Note: Starting dynamic gmin stepping
Note: Dynamic gmin stepping completed
Note: Starting dynamic gmin stepping
Note: Dynamic gmin stepping completed
Note: Starting dynamic gmin stepping
Note: Dynamic gmin stepping completed
Note: Starting dynamic gmin stepping
Note: Dynamic gmin stepping completed
Note: Starting dynamic gmin stepping
Note: Dynamic gmin stepping completed
Note: Starting dynamic gmin stepping
Note: Dynamic gmin stepping completed
Note: Starting dynamic gmin stepping
Note: Dynamic gmin stepping completed
Note: Starting dynamic gmin stepping
Note: Dynamic gmin stepping completed
Note: Starting dynamic gmin stepping
Note: Dynamic gmin stepping completed
Note: Starting dynamic gmin stepping
Note: Dynamic gmin stepping completed
Note: Starting dynamic gmin stepping
Note: Dynamic gmin stepping completed
Note: Starting dynamic gmin stepping
Note: Dynamic gmin stepping completed
Note: Starting dynamic gmin stepping
Note: Dynamic gmin stepping completed
Note: Starting dynamic gmin stepping
Note: Dynamic gmin stepping completed
Note: Starting dynamic gmin stepping
Note: Dynamic gmin stepping completed
Note: Starting dynamic gmin stepping
Note: Dynamic gmin stepping completed
Note: Starting dynamic gmin stepping
Note: Dynamic gmin stepping completed
Note: Starting dynamic gmin stepping
Note: Dynamic gmin stepping completed
Note: Starting dynamic gmin stepping
Note: Dynamic gmin stepping completed
Note: Starting dynamic gmin stepping
Note: Dynamic gmin stepping completed
Note: Starting dynamic gmin stepping
Note: Dynamic gmin stepping completed
Note: Starting dynamic gmin stepping
Note: Dynamic gmin stepping completed
Note: Starting dynamic gmin stepping
Note: Dynamic gmin stepping completed
Note: Starting dynamic gmin stepping
Note: Dynamic gmin stepping completed
Note: Starting dynamic gmin stepping
Note: Dynamic gmin stepping completed
Note: Starting dynamic gmin stepping
Note: Dynamic gmin stepping completed
Note: Starting dynamic gmin stepping
Note: Dynamic gmin stepping completed
Note: Starting dynamic gmin stepping
Note: Dynamic gmin stepping completed
Note: Starting dynamic gmin stepping
Note: Dynamic gmin stepping completed
Note: Starting dynamic gmin stepping
Note: Dynamic gmin stepping completed
Note: Starting dynamic gmin stepping
Note: Dynamic gmin stepping completed
Note: Starting dynamic gmin stepping
Note: Dynamic gmin stepping completed
Note: Starting dynamic gmin stepping
Note: Dynamic gmin stepping completed
Note: Starting dynamic gmin stepping
Note: Dynamic gmin stepping completed
Note: Starting dynamic gmin stepping
Note: Dynamic gmin stepping completed
Note: Starting dynamic gmin stepping
Note: Dynamic gmin stepping completed
Note: Starting dynamic gmin stepping
Note: Dynamic gmin stepping completed
Note: Starting dynamic gmin stepping
Note: Dynamic gmin stepping completed
Note: Starting dynamic gmin stepping
Note: Dynamic gmin stepping completed
Note: Starting dynamic gmin stepping
Note: Dynamic gmin stepping completed
Note: Starting dynamic gmin stepping
Note: Dynamic gmin stepping completed
Note: Starting dynamic gmin stepping
Note: Dynamic gmin stepping completed
Note: Starting dynamic gmin stepping
Note: Dynamic gmin stepping completed
Note: Starting dynamic gmin stepping
Note: Dynamic gmin stepping completed
Note: Starting dynamic gmin stepping
Note: Dynamic gmin stepping completed
Note: Starting dynamic gmin stepping
Note: Dynamic gmin stepping completed
Note: Starting dynamic gmin stepping
Note: Dynamic gmin stepping completed
Note: Starting dynamic gmin stepping
Note: Dynamic gmin stepping completed
Note: Starting dynamic gmin stepping
Note: Dynamic gmin stepping completed
Note: Starting dynamic gmin stepping
Note: Dynamic gmin stepping completed
Note: Starting dynamic gmin stepping
Note: Dynamic gmin stepping completed
Note: Starting dynamic gmin stepping
Note: Dynamic gmin stepping completed
Note: Starting dynamic gmin stepping
Note: Dynamic gmin stepping completed
Note: Starting dynamic gmin stepping
Note: Dynamic gmin stepping completed
Note: Starting dynamic gmin stepping
Note: Dynamic gmin stepping completed
Note: Starting dynamic gmin stepping
Note: Dynamic gmin stepping completed
Note: Starting dynamic gmin stepping
Note: Dynamic gmin stepping completed
Note: Starting dynamic gmin stepping
Note: Dynamic gmin stepping completed
Note: Starting dynamic gmin stepping
Note: Dynamic gmin stepping completed
Note: Starting dynamic gmin stepping
Note: Dynamic gmin stepping completed
Note: Starting dynamic gmin stepping
Note: Dynamic gmin stepping completed
Note: Starting dynamic gmin stepping
Note: Dynamic gmin stepping completed
Note: Starting dynamic gmin stepping
Note: Dynamic gmin stepping completed
Note: Starting dynamic gmin stepping
Note: Dynamic gmin stepping completed
Note: Starting dynamic gmin stepping
Note: Dynamic gmin stepping completed
Note: Starting dynamic gmin stepping
Note: Dynamic gmin stepping completed
Note: Starting dynamic gmin stepping
Note: Dynamic gmin stepping completed
Note: Starting dynamic gmin stepping
Note: Dynamic gmin stepping completed
Note: Starting dynamic gmin stepping
Note: Dynamic gmin stepping completed
Note: Starting dynamic gmin stepping
Note: Dynamic gmin stepping completed
Note: Starting dynamic gmin stepping
Note: Dynamic gmin stepping completed
Note: Starting dynamic gmin stepping
Note: Dynamic gmin stepping completed
Note: Starting dynamic gmin stepping
Note: Dynamic gmin stepping completed
Note: Starting dynamic gmin stepping
Note: Dynamic gmin stepping completed
Note: Starting dynamic gmin stepping
Note: Dynamic gmin stepping completed
Note: Starting dynamic gmin stepping
Note: Dynamic gmin stepping completed
Note: Starting dynamic gmin stepping
Note: Dynamic gmin stepping completed
Note: Starting dynamic gmin stepping
Note: Dynamic gmin stepping completed
Note: Starting dynamic gmin stepping
Note: Dynamic gmin stepping completed
Note: Starting dynamic gmin stepping
Note: Dynamic gmin stepping completed
Note: Starting dynamic gmin stepping
Note: Dynamic gmin stepping completed
Note: Starting dynamic gmin stepping
Note: Dynamic gmin stepping completed
Note: Starting dynamic gmin stepping
Note: Dynamic gmin stepping completed
Note: Starting dynamic gmin stepping
Note: Dynamic gmin stepping completed
Note: Starting dynamic gmin stepping
Note: Dynamic gmin stepping completed
Note: Starting dynamic gmin stepping
Note: Dynamic gmin stepping completed
Note: Starting dynamic gmin stepping
Note: Dynamic gmin stepping completed
Note: Starting dynamic gmin stepping
Note: Dynamic gmin stepping completed
Note: Starting dynamic gmin stepping
Note: Dynamic gmin stepping completed
Note: Starting dynamic gmin stepping
Note: Dynamic gmin stepping completed
Note: Starting dynamic gmin stepping
Note: Dynamic gmin stepping completed
Note: Starting dynamic gmin stepping
Note: Dynamic gmin stepping completed
Note: Starting dynamic gmin stepping
Note: Dynamic gmin stepping completed
Note: Starting dynamic gmin stepping
Note: Dynamic gmin stepping completed
Note: Starting dynamic gmin stepping
Note: Dynamic gmin stepping completed
Note: Starting dynamic gmin stepping
Note: Dynamic gmin stepping completed
Note: Starting dynamic gmin stepping
Note: Dynamic gmin stepping completed
Note: Starting dynamic gmin stepping
Note: Dynamic gmin stepping completed
Note: Starting dynamic gmin stepping
Note: Dynamic gmin stepping completed
Note: Starting dynamic gmin stepping
Note: Dynamic gmin stepping completed
Note: Starting dynamic gmin stepping
Note: Dynamic gmin stepping completed
Note: Starting dynamic gmin stepping
Note: Dynamic gmin stepping completed
Note: Starting dynamic gmin stepping
Note: Dynamic gmin stepping completed
Note: Starting dynamic gmin stepping
Note: Dynamic gmin stepping completed
Note: Starting dynamic gmin stepping
Note: Dynamic gmin stepping completed
Note: Starting dynamic gmin stepping
Note: Dynamic gmin stepping completed
Note: Starting dynamic gmin stepping
Note: Dynamic gmin stepping completed
Note: Starting dynamic gmin stepping
Note: Dynamic gmin stepping completed
Note: Starting dynamic gmin stepping
Note: Dynamic gmin stepping completed
Note: Starting dynamic gmin stepping
Note: Dynamic gmin stepping completed
Note: Starting dynamic gmin stepping
Note: Dynamic gmin stepping completed
Note: Starting dynamic gmin stepping
Note: Dynamic gmin stepping completed
Note: Starting dynamic gmin stepping
Note: Dynamic gmin stepping completed
Note: Starting dynamic gmin stepping
Note: Dynamic gmin stepping completed
Note: Starting dynamic gmin stepping
Note: Dynamic gmin stepping completed
Note: Starting dynamic gmin stepping
Note: Dynamic gmin stepping completed
Note: Starting dynamic gmin stepping
Note: Dynamic gmin stepping completed
Note: Starting dynamic gmin stepping
Note: Dynamic gmin stepping completed
Note: Starting dynamic gmin stepping
Note: Dynamic gmin stepping completed
Note: Starting dynamic gmin stepping
Note: Dynamic gmin stepping completed
Note: Starting dynamic gmin stepping
Note: Dynamic gmin stepping completed
Note: Starting dynamic gmin stepping
Note: Dynamic gmin stepping completed
Note: Starting dynamic gmin stepping
Note: Dynamic gmin stepping completed
Note: Starting dynamic gmin stepping
Note: Dynamic gmin stepping completed
Note: Starting dynamic gmin stepping
Note: Dynamic gmin stepping completed
Note: Starting dynamic gmin stepping
Note: Dynamic gmin stepping completed
Note: Starting dynamic gmin stepping
Note: Dynamic gmin stepping completed
Note: Starting dynamic gmin stepping
Note: Dynamic gmin stepping completed
Note: Starting dynamic gmin stepping
Note: Dynamic gmin stepping completed
Note: Starting dynamic gmin stepping
Note: Dynamic gmin stepping completed
Note: Starting dynamic gmin stepping
Note: Dynamic gmin stepping completed
Note: Starting dynamic gmin stepping
Note: Dynamic gmin stepping completed
Note: Starting dynamic gmin stepping
Note: Dynamic gmin stepping completed
Note: Starting dynamic gmin stepping
Note: Dynamic gmin stepping completed
Note: Starting dynamic gmin stepping
Note: Dynamic gmin stepping completed
Note: Starting dynamic gmin stepping
Note: Dynamic gmin stepping completed
Note: Starting dynamic gmin stepping
Note: Dynamic gmin stepping completed
Note: Starting dynamic gmin stepping
Note: Dynamic gmin stepping completed
Note: Starting dynamic gmin stepping
Note: Dynamic gmin stepping completed
Note: Starting dynamic gmin stepping
Note: Dynamic gmin stepping completed
Note: Starting dynamic gmin stepping
Note: Dynamic gmin stepping completed
Note: Starting dynamic gmin stepping
Note: Dynamic gmin stepping completed
Note: Starting dynamic gmin stepping
Note: Dynamic gmin stepping completed
Note: Starting dynamic gmin stepping
Note: Dynamic gmin stepping completed
Note: Starting dynamic gmin stepping
Note: Dynamic gmin stepping completed
Note: Starting dynamic gmin stepping
Note: Dynamic gmin stepping completed
Note: Starting dynamic gmin stepping
Note: Dynamic gmin stepping completed
Note: Starting dynamic gmin stepping
Note: Dynamic gmin stepping completed
Note: Starting dynamic gmin stepping
Note: Dynamic gmin stepping completed
Note: Starting dynamic gmin stepping
Note: Dynamic gmin stepping completed
Note: Starting dynamic gmin stepping
Note: Dynamic gmin stepping completed
Note: Starting dynamic gmin stepping
Note: Dynamic gmin stepping completed
Note: Starting dynamic gmin stepping
Note: Dynamic gmin stepping completed
Note: Starting dynamic gmin stepping
Note: Dynamic gmin stepping completed
Note: Starting dynamic gmin stepping
Note: Dynamic gmin stepping completed
Note: Starting dynamic gmin stepping
Note: Dynamic gmin stepping completed
Note: Starting dynamic gmin stepping
Note: Dynamic gmin stepping completed
Note: Starting dynamic gmin stepping
Note: Dynamic gmin stepping completed
Note: Starting dynamic gmin stepping
Note: Dynamic gmin stepping completed
Note: Starting dynamic gmin stepping
Note: Dynamic gmin stepping completed
Note: Starting dynamic gmin stepping
Note: Dynamic gmin stepping completed
Note: Starting dynamic gmin stepping
Note: Dynamic gmin stepping completed
Note: Starting dynamic gmin stepping
Note: Dynamic gmin stepping completed
Note: Starting dynamic gmin stepping
Note: Dynamic gmin stepping completed
Note: Starting dynamic gmin stepping
Note: Dynamic gmin stepping completed
Note: Starting dynamic gmin stepping
Note: Dynamic gmin stepping completed
Note: Starting dynamic gmin stepping
Note: Dynamic gmin stepping completed
Note: Starting dynamic gmin stepping
Note: Dynamic gmin stepping completed
Note: Starting dynamic gmin stepping
Note: Dynamic gmin stepping completed
Note: Starting dynamic gmin stepping
Note: Dynamic gmin stepping completed
Note: Starting dynamic gmin stepping
Note: Dynamic gmin stepping completed
Note: Starting dynamic gmin stepping
Note: Dynamic gmin stepping completed
Note: Starting dynamic gmin stepping
Note: Dynamic gmin stepping completed
Note: Starting dynamic gmin stepping
Note: Dynamic gmin stepping completed
Note: Starting dynamic gmin stepping
Note: Dynamic gmin stepping completed
Note: Starting dynamic gmin stepping
Note: Dynamic gmin stepping completed
Note: Starting dynamic gmin stepping
Note: Dynamic gmin stepping completed
Note: Starting dynamic gmin stepping
Note: Dynamic gmin stepping completed
Note: Starting dynamic gmin stepping
Note: Dynamic gmin stepping completed
Note: Starting dynamic gmin stepping
Note: Dynamic gmin stepping completed
Note: Starting dynamic gmin stepping
Note: Dynamic gmin stepping completed
Note: Starting dynamic gmin stepping
Note: Dynamic gmin stepping completed
Note: Starting dynamic gmin stepping
Note: Dynamic gmin stepping completed
Note: Starting dynamic gmin stepping
Note: Dynamic gmin stepping completed
Note: Starting dynamic gmin stepping
Note: Dynamic gmin stepping completed
Note: Starting dynamic gmin stepping
Note: Dynamic gmin stepping completed
Note: Starting dynamic gmin stepping
Note: Dynamic gmin stepping completed
Note: Starting dynamic gmin stepping
Note: Dynamic gmin stepping completed
Note: Starting dynamic gmin stepping
Note: Dynamic gmin stepping completed
Note: Starting dynamic gmin stepping
Note: Dynamic gmin stepping completed
Note: Starting dynamic gmin stepping
Note: Dynamic gmin stepping completed
Note: Starting dynamic gmin stepping
Note: Dynamic gmin stepping completed
Note: Starting dynamic gmin stepping
Note: Dynamic gmin stepping completed
Note: Starting dynamic gmin stepping
Note: Dynamic gmin stepping completed
Note: Starting dynamic gmin stepping
Note: Dynamic gmin stepping completed
Note: Starting dynamic gmin stepping
Note: Dynamic gmin stepping completed
Note: Starting dynamic gmin stepping
Note: Dynamic gmin stepping completed
Note: Starting dynamic gmin stepping
Note: Dynamic gmin stepping completed
Note: Starting dynamic gmin stepping
Note: Dynamic gmin stepping completed
Note: Starting dynamic gmin stepping
Note: Dynamic gmin stepping completed
Note: Starting dynamic gmin stepping
Note: Dynamic gmin stepping completed
Note: Starting dynamic gmin stepping
Note: Dynamic gmin stepping completed
Note: Starting dynamic gmin stepping
Note: Dynamic gmin stepping completed
Note: Starting dynamic gmin stepping
Note: Dynamic gmin stepping completed
Note: Starting dynamic gmin stepping
Note: Dynamic gmin stepping completed
Note: Starting dynamic gmin stepping
Note: Dynamic gmin stepping completed
Note: Starting dynamic gmin stepping
Note: Dynamic gmin stepping completed
Note: Starting dynamic gmin stepping
Note: Dynamic gmin stepping completed
Note: Starting dynamic gmin stepping
Note: Dynamic gmin stepping completed
Note: Starting dynamic gmin stepping
Note: Dynamic gmin stepping completed
Note: Starting dynamic gmin stepping
Note: Dynamic gmin stepping completed
Note: Starting dynamic gmin stepping
Note: Dynamic gmin stepping completed
Note: Starting dynamic gmin stepping
Note: Dynamic gmin stepping completed
Note: Starting dynamic gmin stepping
Note: Dynamic gmin stepping completed
Note: Starting dynamic gmin stepping
Note: Dynamic gmin stepping completed
Note: Starting dynamic gmin stepping
Note: Dynamic gmin stepping completed
Note: Starting dynamic gmin stepping
Note: Dynamic gmin stepping completed
Note: Starting dynamic gmin stepping
Note: Dynamic gmin stepping completed
Note: Starting dynamic gmin stepping
Note: Dynamic gmin stepping completed
Note: Starting dynamic gmin stepping
Note: Dynamic gmin stepping completed
Note: Starting dynamic gmin stepping
Note: Dynamic gmin stepping completed
Note: Starting dynamic gmin stepping
Note: Dynamic gmin stepping completed
Note: Starting dynamic gmin stepping
Note: Dynamic gmin stepping completed
Note: Starting dynamic gmin stepping
Note: Dynamic gmin stepping completed
Note: Starting dynamic gmin stepping
Note: Dynamic gmin stepping completed
Note: Starting dynamic gmin stepping
Note: Dynamic gmin stepping completed
Note: Starting dynamic gmin stepping
Note: Dynamic gmin stepping completed
Note: Starting dynamic gmin stepping
Note: Dynamic gmin stepping completed
Note: Starting dynamic gmin stepping
Note: Dynamic gmin stepping completed
Note: Starting dynamic gmin stepping
Note: Dynamic gmin stepping completed
Note: Starting dynamic gmin stepping
Note: Dynamic gmin stepping completed
Note: Starting dynamic gmin stepping
Note: Dynamic gmin stepping completed
Note: Starting dynamic gmin stepping
Note: Dynamic gmin stepping completed
Note: Starting dynamic gmin stepping
Note: Dynamic gmin stepping completed
Note: Starting dynamic gmin stepping
Note: Dynamic gmin stepping completed
Note: Starting dynamic gmin stepping
Note: Dynamic gmin stepping completed
Note: Starting dynamic gmin stepping
Note: Dynamic gmin stepping completed
Note: Starting dynamic gmin stepping
Note: Dynamic gmin stepping completed
Note: Starting dynamic gmin stepping
Note: Dynamic gmin stepping completed
Note: Starting dynamic gmin stepping
Note: Dynamic gmin stepping completed
Note: Starting dynamic gmin stepping
Note: Dynamic gmin stepping completed
Note: Starting dynamic gmin stepping
Note: Dynamic gmin stepping completed
Note: Starting dynamic gmin stepping
Note: Dynamic gmin stepping completed
Note: Starting dynamic gmin stepping
Note: Dynamic gmin stepping completed
Note: Starting dynamic gmin stepping
Note: Dynamic gmin stepping completed
Note: Starting dynamic gmin stepping
Note: Dynamic gmin stepping completed
Note: Starting dynamic gmin stepping
Note: Dynamic gmin stepping completed
Note: Starting dynamic gmin stepping
Note: Dynamic gmin stepping completed
Note: Starting dynamic gmin stepping
Note: Dynamic gmin stepping completed
Note: Starting dynamic gmin stepping
Note: Dynamic gmin stepping completed
Note: Starting dynamic gmin stepping
Note: Dynamic gmin stepping completed
Note: Starting dynamic gmin stepping
Note: Dynamic gmin stepping completed
Note: Starting dynamic gmin stepping
Note: Dynamic gmin stepping completed
Note: Starting dynamic gmin stepping
Note: Dynamic gmin stepping completed
Note: Starting dynamic gmin stepping
Note: Dynamic gmin stepping completed
Note: Starting dynamic gmin stepping
Note: Dynamic gmin stepping completed
Note: Starting dynamic gmin stepping
Note: Dynamic gmin stepping completed
Note: Starting dynamic gmin stepping
Note: Dynamic gmin stepping completed
Note: Starting dynamic gmin stepping
Note: Dynamic gmin stepping completed
Note: Starting dynamic gmin stepping
Note: Dynamic gmin stepping completed
Note: Starting dynamic gmin stepping
Note: Dynamic gmin stepping completed
Note: Starting dynamic gmin stepping
Note: Dynamic gmin stepping completed
Note: Starting dynamic gmin stepping
Note: Dynamic gmin stepping completed
Note: Starting dynamic gmin stepping
Note: Dynamic gmin stepping completed
Note: Starting dynamic gmin stepping
Note: Dynamic gmin stepping completed
Note: Starting dynamic gmin stepping
Note: Dynamic gmin stepping completed
Note: Starting dynamic gmin stepping
Note: Dynamic gmin stepping completed
Note: Starting dynamic gmin stepping
Note: Dynamic gmin stepping completed
Note: Starting dynamic gmin stepping
Note: Dynamic gmin stepping completed
Note: Starting dynamic gmin stepping
Note: Dynamic gmin stepping completed
Note: Starting dynamic gmin stepping
Note: Dynamic gmin stepping completed
Note: Starting dynamic gmin stepping
Note: Dynamic gmin stepping completed
Note: Starting dynamic gmin stepping
Note: Dynamic gmin stepping completed
Note: Starting dynamic gmin stepping
Note: Dynamic gmin stepping completed
Note: Starting dynamic gmin stepping
Note: Dynamic gmin stepping completed
Note: Starting dynamic gmin stepping
Note: Dynamic gmin stepping completed
Note: Starting dynamic gmin stepping
Note: Dynamic gmin stepping completed
Note: Starting dynamic gmin stepping
Note: Dynamic gmin stepping completed
Note: Starting dynamic gmin stepping
Note: Dynamic gmin stepping completed
Note: Starting dynamic gmin stepping
Note: Dynamic gmin stepping completed
Note: Starting dynamic gmin stepping
Note: Dynamic gmin stepping completed
Note: Starting dynamic gmin stepping
Note: Dynamic gmin stepping completed
Note: Starting dynamic gmin stepping
Note: Dynamic gmin stepping completed
Note: Starting dynamic gmin stepping
Note: Dynamic gmin stepping completed
Note: Starting dynamic gmin stepping
Note: Dynamic gmin stepping completed
Note: Starting dynamic gmin stepping
Note: Dynamic gmin stepping completed
Note: Starting dynamic gmin stepping
Note: Dynamic gmin stepping completed
Note: Starting dynamic gmin stepping
Note: Dynamic gmin stepping completed
Note: Starting dynamic gmin stepping
Note: Dynamic gmin stepping completed
Note: Starting dynamic gmin stepping
Note: Dynamic gmin stepping completed
Note: Starting dynamic gmin stepping
Note: Dynamic gmin stepping completed
Note: Starting dynamic gmin stepping
Note: Dynamic gmin stepping completed
Note: Starting dynamic gmin stepping
Note: Dynamic gmin stepping completed
Note: Starting dynamic gmin stepping
Note: Dynamic gmin stepping completed
Note: Starting dynamic gmin stepping
Note: Dynamic gmin stepping completed
Note: Starting dynamic gmin stepping
Note: Dynamic gmin stepping completed
Note: Starting dynamic gmin stepping
Note: Dynamic gmin stepping completed
Note: Starting dynamic gmin stepping
Note: Dynamic gmin stepping completed
Note: Starting dynamic gmin stepping
Note: Dynamic gmin stepping completed
Note: Starting dynamic gmin stepping
Note: Dynamic gmin stepping completed
Note: Starting dynamic gmin stepping
Note: Dynamic gmin stepping completed
Note: Starting dynamic gmin stepping
Note: Dynamic gmin stepping completed
Note: Starting dynamic gmin stepping
Note: Dynamic gmin stepping completed
Note: Starting dynamic gmin stepping
Note: Dynamic gmin stepping completed
Note: Starting dynamic gmin stepping
Note: Dynamic gmin stepping completed
Note: Starting dynamic gmin stepping
Note: Dynamic gmin stepping completed
Note: Starting dynamic gmin stepping
Note: Dynamic gmin stepping completed
Note: Starting dynamic gmin stepping
Note: Dynamic gmin stepping completed
Note: Starting dynamic gmin stepping
Note: Dynamic gmin stepping completed
Note: Starting dynamic gmin stepping
Note: Dynamic gmin stepping completed
Note: Starting dynamic gmin stepping
Note: Dynamic gmin stepping completed
Note: Starting dynamic gmin stepping
Note: Dynamic gmin stepping completed
Note: Starting dynamic gmin stepping
Note: Dynamic gmin stepping completed
Note: Starting dynamic gmin stepping
Note: Dynamic gmin stepping completed
Note: Starting dynamic gmin stepping
Note: Dynamic gmin stepping completed
Note: Starting dynamic gmin stepping
Note: Dynamic gmin stepping completed
Note: Starting dynamic gmin stepping
Note: Dynamic gmin stepping completed
Note: Starting dynamic gmin stepping
Note: Dynamic gmin stepping completed
Note: Starting dynamic gmin stepping
Note: Dynamic gmin stepping completed
Note: Starting dynamic gmin stepping
Note: Dynamic gmin stepping completed
Note: Starting dynamic gmin stepping
Note: Dynamic gmin stepping completed
Note: Starting dynamic gmin stepping
Note: Dynamic gmin stepping completed
Note: Starting dynamic gmin stepping
Note: Dynamic gmin stepping completed
Note: Starting dynamic gmin stepping
Note: Dynamic gmin stepping completed
Note: Starting dynamic gmin stepping
Note: Dynamic gmin stepping completed
Note: Starting dynamic gmin stepping
Note: Dynamic gmin stepping completed
Note: Starting dynamic gmin stepping
Note: Dynamic gmin stepping completed
Note: Starting dynamic gmin stepping
Note: Dynamic gmin stepping completed
Note: Starting dynamic gmin stepping
Note: Dynamic gmin stepping completed
Note: Starting dynamic gmin stepping
Note: Dynamic gmin stepping completed
Note: Starting dynamic gmin stepping
Note: Dynamic gmin stepping completed
Note: Starting dynamic gmin stepping
Note: Dynamic gmin stepping completed
Note: Starting dynamic gmin stepping
Note: Dynamic gmin stepping completed
Note: Starting dynamic gmin stepping
Note: Dynamic gmin stepping completed
Note: Starting dynamic gmin stepping
Note: Dynamic gmin stepping completed
Note: Starting dynamic gmin stepping
Note: Dynamic gmin stepping completed
Note: Starting dynamic gmin stepping
Note: Dynamic gmin stepping completed
Note: Starting dynamic gmin stepping
Note: Dynamic gmin stepping completed
Note: Starting dynamic gmin stepping
Note: Dynamic gmin stepping completed
Note: Starting dynamic gmin stepping
Note: Dynamic gmin stepping completed
