
Note: Compatibility modes selected: hs a


Circuit: * comparator-offset-mc @ fs_125c_2.97v -- generated by sim/harness, do not edit

Reset re-loads circuit * comparator-offset-mc @ fs_125c_2.97v -- generated by sim/harness, do not edit

Circuit: * comparator-offset-mc @ fs_125c_2.97v -- generated by sim/harness, do not edit

Doing analysis at TEMP = 125.000000 and TNOM = 27.000000

Using SPARSE 1.3 as Direct Linear Solver

No. of Data Rows : 6
voa = -3.991183914e-04
ddc = 7.4059953259e-08
dde = -7.281992104e-08
Reset re-loads circuit * comparator-offset-mc @ fs_125c_2.97v -- generated by sim/harness, do not edit

Circuit: * comparator-offset-mc @ fs_125c_2.97v -- generated by sim/harness, do not edit

Doing analysis at TEMP = 125.000000 and TNOM = 27.000000

Using SPARSE 1.3 as Direct Linear Solver

No. of Data Rows : 6
voa = 1.8256744007e-03
ddc = -2.501677425e-07
dde = 2.4634760132e-07
Reset re-loads circuit * comparator-offset-mc @ fs_125c_2.97v -- generated by sim/harness, do not edit

Circuit: * comparator-offset-mc @ fs_125c_2.97v -- generated by sim/harness, do not edit

Doing analysis at TEMP = 125.000000 and TNOM = 27.000000

Using SPARSE 1.3 as Direct Linear Solver

No. of Data Rows : 6
voa = 1.4447881352e-03
ddc = -2.293254746e-07
dde = 2.2544239587e-07
Reset re-loads circuit * comparator-offset-mc @ fs_125c_2.97v -- generated by sim/harness, do not edit

Circuit: * comparator-offset-mc @ fs_125c_2.97v -- generated by sim/harness, do not edit

Doing analysis at TEMP = 125.000000 and TNOM = 27.000000

Using SPARSE 1.3 as Direct Linear Solver
 Reference value :  0.00000e+00
No. of Data Rows : 6
voa = -3.037277036e-06
ddc = 1.0991124751e-08
dde = -1.081988945e-08
Reset re-loads circuit * comparator-offset-mc @ fs_125c_2.97v -- generated by sim/harness, do not edit

Circuit: * comparator-offset-mc @ fs_125c_2.97v -- generated by sim/harness, do not edit

Doing analysis at TEMP = 125.000000 and TNOM = 27.000000

Using SPARSE 1.3 as Direct Linear Solver

No. of Data Rows : 6
voa = 1.8276702057e-03
ddc = -2.680038499e-07
dde = 2.6350611203e-07
Reset re-loads circuit * comparator-offset-mc @ fs_125c_2.97v -- generated by sim/harness, do not edit

Circuit: * comparator-offset-mc @ fs_125c_2.97v -- generated by sim/harness, do not edit

Doing analysis at TEMP = 125.000000 and TNOM = 27.000000

Using SPARSE 1.3 as Direct Linear Solver

No. of Data Rows : 6
voa = -2.700225398e-04
ddc = 5.5632450737e-08
dde = -5.470546451e-08
Reset re-loads circuit * comparator-offset-mc @ fs_125c_2.97v -- generated by sim/harness, do not edit

Circuit: * comparator-offset-mc @ fs_125c_2.97v -- generated by sim/harness, do not edit

Doing analysis at TEMP = 125.000000 and TNOM = 27.000000

Using SPARSE 1.3 as Direct Linear Solver

No. of Data Rows : 6
voa = -1.899209651e-04
ddc = 3.5663787648e-08
dde = -3.495200390e-08
Reset re-loads circuit * comparator-offset-mc @ fs_125c_2.97v -- generated by sim/harness, do not edit

Circuit: * comparator-offset-mc @ fs_125c_2.97v -- generated by sim/harness, do not edit

Doing analysis at TEMP = 125.000000 and TNOM = 27.000000

Using SPARSE 1.3 as Direct Linear Solver

No. of Data Rows : 6
voa = -2.667496632e-04
ddc = 4.0951251205e-08
dde = -4.029085447e-08
Reset re-loads circuit * comparator-offset-mc @ fs_125c_2.97v -- generated by sim/harness, do not edit

Circuit: * comparator-offset-mc @ fs_125c_2.97v -- generated by sim/harness, do not edit

Doing analysis at TEMP = 125.000000 and TNOM = 27.000000

Using SPARSE 1.3 as Direct Linear Solver

No. of Data Rows : 6
voa = 9.4516486073e-04
ddc = -1.643453448e-07
dde = 1.6138753691e-07
Reset re-loads circuit * comparator-offset-mc @ fs_125c_2.97v -- generated by sim/harness, do not edit

Circuit: * comparator-offset-mc @ fs_125c_2.97v -- generated by sim/harness, do not edit

Doing analysis at TEMP = 125.000000 and TNOM = 27.000000

Using SPARSE 1.3 as Direct Linear Solver

No. of Data Rows : 6
voa = 9.9600192133e-04
ddc = -1.661474857e-07
dde = 1.6320488445e-07
Reset re-loads circuit * comparator-offset-mc @ fs_125c_2.97v -- generated by sim/harness, do not edit

Circuit: * comparator-offset-mc @ fs_125c_2.97v -- generated by sim/harness, do not edit

Doing analysis at TEMP = 125.000000 and TNOM = 27.000000

Using SPARSE 1.3 as Direct Linear Solver
 Reference value :  0.00000e+00
No. of Data Rows : 6
voa = -9.368950561e-04
ddc = 1.4333778477e-07
dde = -1.411860546e-07
Reset re-loads circuit * comparator-offset-mc @ fs_125c_2.97v -- generated by sim/harness, do not edit

Circuit: * comparator-offset-mc @ fs_125c_2.97v -- generated by sim/harness, do not edit

Doing analysis at TEMP = 125.000000 and TNOM = 27.000000

Using SPARSE 1.3 as Direct Linear Solver

No. of Data Rows : 6
voa = 4.4757414954e-04
ddc = -6.902257780e-08
dde = 6.7767276052e-08
Reset re-loads circuit * comparator-offset-mc @ fs_125c_2.97v -- generated by sim/harness, do not edit

Circuit: * comparator-offset-mc @ fs_125c_2.97v -- generated by sim/harness, do not edit

Doing analysis at TEMP = 125.000000 and TNOM = 27.000000

Using SPARSE 1.3 as Direct Linear Solver

No. of Data Rows : 6
voa = -7.736591140e-04
ddc = 1.1259471405e-07
dde = -1.107269414e-07
Reset re-loads circuit * comparator-offset-mc @ fs_125c_2.97v -- generated by sim/harness, do not edit

Circuit: * comparator-offset-mc @ fs_125c_2.97v -- generated by sim/harness, do not edit

Doing analysis at TEMP = 125.000000 and TNOM = 27.000000

Using SPARSE 1.3 as Direct Linear Solver

No. of Data Rows : 6
voa = 2.5631730424e-04
ddc = -8.530047930e-09
dde = 8.6692990371e-09
Reset re-loads circuit * comparator-offset-mc @ fs_125c_2.97v -- generated by sim/harness, do not edit

Circuit: * comparator-offset-mc @ fs_125c_2.97v -- generated by sim/harness, do not edit

Doing analysis at TEMP = 125.000000 and TNOM = 27.000000

Using SPARSE 1.3 as Direct Linear Solver

No. of Data Rows : 6
voa = 1.3366348902e-03
ddc = -2.013835908e-07
dde = 1.9806663620e-07
Reset re-loads circuit * comparator-offset-mc @ fs_125c_2.97v -- generated by sim/harness, do not edit

Circuit: * comparator-offset-mc @ fs_125c_2.97v -- generated by sim/harness, do not edit

Doing analysis at TEMP = 125.000000 and TNOM = 27.000000

Using SPARSE 1.3 as Direct Linear Solver

No. of Data Rows : 6
voa = -1.302207587e-03
ddc = 2.1130235187e-07
dde = -2.077690584e-07
Reset re-loads circuit * comparator-offset-mc @ fs_125c_2.97v -- generated by sim/harness, do not edit

Circuit: * comparator-offset-mc @ fs_125c_2.97v -- generated by sim/harness, do not edit

Doing analysis at TEMP = 125.000000 and TNOM = 27.000000

Using SPARSE 1.3 as Direct Linear Solver
 Reference value :  2.00000e-03
No. of Data Rows : 6
voa = 5.6800544560e-04
ddc = -8.531783032e-08
dde = 8.3940977099e-08
Reset re-loads circuit * comparator-offset-mc @ fs_125c_2.97v -- generated by sim/harness, do not edit

Circuit: * comparator-offset-mc @ fs_125c_2.97v -- generated by sim/harness, do not edit

Doing analysis at TEMP = 125.000000 and TNOM = 27.000000

Using SPARSE 1.3 as Direct Linear Solver

No. of Data Rows : 6
voa = -8.613402108e-05
ddc = 8.7308455211e-09
dde = -8.863735778e-09
Reset re-loads circuit * comparator-offset-mc @ fs_125c_2.97v -- generated by sim/harness, do not edit

Circuit: * comparator-offset-mc @ fs_125c_2.97v -- generated by sim/harness, do not edit

Doing analysis at TEMP = 125.000000 and TNOM = 27.000000

Using SPARSE 1.3 as Direct Linear Solver

No. of Data Rows : 6
voa = -5.153133641e-04
ddc = 8.9730154302e-08
dde = -8.814974028e-08
Reset re-loads circuit * comparator-offset-mc @ fs_125c_2.97v -- generated by sim/harness, do not edit

Circuit: * comparator-offset-mc @ fs_125c_2.97v -- generated by sim/harness, do not edit

Doing analysis at TEMP = 125.000000 and TNOM = 27.000000

Using SPARSE 1.3 as Direct Linear Solver

No. of Data Rows : 6
voa = 1.2695681770e-03
ddc = -1.724362859e-07
dde = 1.6980222187e-07
Reset re-loads circuit * comparator-offset-mc @ fs_125c_2.97v -- generated by sim/harness, do not edit

Circuit: * comparator-offset-mc @ fs_125c_2.97v -- generated by sim/harness, do not edit

Doing analysis at TEMP = 125.000000 and TNOM = 27.000000

Using SPARSE 1.3 as Direct Linear Solver

No. of Data Rows : 6
voa = -3.602812050e-04
ddc = 5.1672346645e-08
dde = -5.081921312e-08
Reset re-loads circuit * comparator-offset-mc @ fs_125c_2.97v -- generated by sim/harness, do not edit

Circuit: * comparator-offset-mc @ fs_125c_2.97v -- generated by sim/harness, do not edit

Doing analysis at TEMP = 125.000000 and TNOM = 27.000000

Using SPARSE 1.3 as Direct Linear Solver

No. of Data Rows : 6
voa = -7.286534526e-04
ddc = 1.1096910475e-07
dde = -1.091271154e-07
Reset re-loads circuit * comparator-offset-mc @ fs_125c_2.97v -- generated by sim/harness, do not edit

Circuit: * comparator-offset-mc @ fs_125c_2.97v -- generated by sim/harness, do not edit

Doing analysis at TEMP = 125.000000 and TNOM = 27.000000

Using SPARSE 1.3 as Direct Linear Solver
 Reference value :  2.00000e-03
No. of Data Rows : 6
voa = 6.1004616874e-04
ddc = -7.300319440e-08
dde = 7.2060783031e-08
Reset re-loads circuit * comparator-offset-mc @ fs_125c_2.97v -- generated by sim/harness, do not edit

Circuit: * comparator-offset-mc @ fs_125c_2.97v -- generated by sim/harness, do not edit

Doing analysis at TEMP = 125.000000 and TNOM = 27.000000

Using SPARSE 1.3 as Direct Linear Solver

No. of Data Rows : 6
voa = 1.0016503429e-06
ddc = -1.406683853e-08
dde = 1.3789593480e-08
Reset re-loads circuit * comparator-offset-mc @ fs_125c_2.97v -- generated by sim/harness, do not edit

Circuit: * comparator-offset-mc @ fs_125c_2.97v -- generated by sim/harness, do not edit

Doing analysis at TEMP = 125.000000 and TNOM = 27.000000

Using SPARSE 1.3 as Direct Linear Solver

No. of Data Rows : 6
voa = -1.432332126e-03
ddc = 1.9502477701e-07
dde = -2.354395810e-07
Reset re-loads circuit * comparator-offset-mc @ fs_125c_2.97v -- generated by sim/harness, do not edit

Circuit: * comparator-offset-mc @ fs_125c_2.97v -- generated by sim/harness, do not edit

Doing analysis at TEMP = 125.000000 and TNOM = 27.000000

Using SPARSE 1.3 as Direct Linear Solver

No. of Data Rows : 6
voa = -1.084836313e-03
ddc = 1.8319617690e-07
dde = -1.800925480e-07
Reset re-loads circuit * comparator-offset-mc @ fs_125c_2.97v -- generated by sim/harness, do not edit

Circuit: * comparator-offset-mc @ fs_125c_2.97v -- generated by sim/harness, do not edit

Doing analysis at TEMP = 125.000000 and TNOM = 27.000000

Using SPARSE 1.3 as Direct Linear Solver

No. of Data Rows : 6
voa = -5.584616557e-04
ddc = 1.0238946220e-07
dde = -1.004848950e-07
Reset re-loads circuit * comparator-offset-mc @ fs_125c_2.97v -- generated by sim/harness, do not edit

Circuit: * comparator-offset-mc @ fs_125c_2.97v -- generated by sim/harness, do not edit

Doing analysis at TEMP = 125.000000 and TNOM = 27.000000

Using SPARSE 1.3 as Direct Linear Solver

No. of Data Rows : 6
voa = 1.0414397820e-04
ddc = -2.749432241e-09
dde = 5.0260369331e-09
Reset re-loads circuit * comparator-offset-mc @ fs_125c_2.97v -- generated by sim/harness, do not edit

Circuit: * comparator-offset-mc @ fs_125c_2.97v -- generated by sim/harness, do not edit

Doing analysis at TEMP = 125.000000 and TNOM = 27.000000

Using SPARSE 1.3 as Direct Linear Solver
 Reference value :  0.00000e+00
No. of Data Rows : 6
voa = -2.064527843e-04
ddc = 1.3986815288e-08
dde = -1.384542546e-08
Reset re-loads circuit * comparator-offset-mc @ fs_125c_2.97v -- generated by sim/harness, do not edit

Circuit: * comparator-offset-mc @ fs_125c_2.97v -- generated by sim/harness, do not edit

Doing analysis at TEMP = 125.000000 and TNOM = 27.000000

Using SPARSE 1.3 as Direct Linear Solver

No. of Data Rows : 6
voa = 2.3446674562e-04
ddc = -2.281308701e-08
dde = 2.2535122279e-08
Reset re-loads circuit * comparator-offset-mc @ fs_125c_2.97v -- generated by sim/harness, do not edit

Circuit: * comparator-offset-mc @ fs_125c_2.97v -- generated by sim/harness, do not edit

Doing analysis at TEMP = 125.000000 and TNOM = 27.000000

Using SPARSE 1.3 as Direct Linear Solver

No. of Data Rows : 6
voa = 1.8523685662e-03
ddc = -3.044294733e-07
dde = 2.9922699949e-07
Reset re-loads circuit * comparator-offset-mc @ fs_125c_2.97v -- generated by sim/harness, do not edit

Circuit: * comparator-offset-mc @ fs_125c_2.97v -- generated by sim/harness, do not edit

Doing analysis at TEMP = 125.000000 and TNOM = 27.000000

Using SPARSE 1.3 as Direct Linear Solver

No. of Data Rows : 6
voa = -9.958821948e-04
ddc = 1.4054235114e-07
dde = -1.390135527e-07
Reset re-loads circuit * comparator-offset-mc @ fs_125c_2.97v -- generated by sim/harness, do not edit

Circuit: * comparator-offset-mc @ fs_125c_2.97v -- generated by sim/harness, do not edit

Doing analysis at TEMP = 125.000000 and TNOM = 27.000000

Using SPARSE 1.3 as Direct Linear Solver

No. of Data Rows : 6
voa = 4.5556494538e-04
ddc = -6.537992222e-08
dde = 6.7618683240e-08
Reset re-loads circuit * comparator-offset-mc @ fs_125c_2.97v -- generated by sim/harness, do not edit

Circuit: * comparator-offset-mc @ fs_125c_2.97v -- generated by sim/harness, do not edit

Doing analysis at TEMP = 125.000000 and TNOM = 27.000000

Using SPARSE 1.3 as Direct Linear Solver

No. of Data Rows : 6
voa = -1.533857991e-04
ddc = 1.6569637001e-08
dde = -1.638885305e-08
Reset re-loads circuit * comparator-offset-mc @ fs_125c_2.97v -- generated by sim/harness, do not edit

Circuit: * comparator-offset-mc @ fs_125c_2.97v -- generated by sim/harness, do not edit

Doing analysis at TEMP = 125.000000 and TNOM = 27.000000

Using SPARSE 1.3 as Direct Linear Solver

No. of Data Rows : 6
voa = 2.3507757729e-03
ddc = -3.294034863e-07
dde = 3.2414578743e-07
Reset re-loads circuit * comparator-offset-mc @ fs_125c_2.97v -- generated by sim/harness, do not edit

Circuit: * comparator-offset-mc @ fs_125c_2.97v -- generated by sim/harness, do not edit

Doing analysis at TEMP = 125.000000 and TNOM = 27.000000

Using SPARSE 1.3 as Direct Linear Solver
 Reference value :  0.00000e+00
No. of Data Rows : 6
voa = -3.812322911e-04
ddc = 6.7397853588e-08
dde = -6.629148143e-08
Reset re-loads circuit * comparator-offset-mc @ fs_125c_2.97v -- generated by sim/harness, do not edit

Circuit: * comparator-offset-mc @ fs_125c_2.97v -- generated by sim/harness, do not edit

Doing analysis at TEMP = 125.000000 and TNOM = 27.000000

Using SPARSE 1.3 as Direct Linear Solver

No. of Data Rows : 6
voa = 3.0455767498e-04
ddc = -3.044493339e-08
dde = 3.0321342641e-08
Reset re-loads circuit * comparator-offset-mc @ fs_125c_2.97v -- generated by sim/harness, do not edit

Circuit: * comparator-offset-mc @ fs_125c_2.97v -- generated by sim/harness, do not edit

Doing analysis at TEMP = 125.000000 and TNOM = 27.000000

Using SPARSE 1.3 as Direct Linear Solver

No. of Data Rows : 6
voa = 9.4836000548e-04
ddc = -1.506585170e-07
dde = 1.4800922446e-07
Reset re-loads circuit * comparator-offset-mc @ fs_125c_2.97v -- generated by sim/harness, do not edit

Circuit: * comparator-offset-mc @ fs_125c_2.97v -- generated by sim/harness, do not edit

Doing analysis at TEMP = 125.000000 and TNOM = 27.000000

Using SPARSE 1.3 as Direct Linear Solver

No. of Data Rows : 6
voa = 6.9993593487e-04
ddc = -1.083321376e-07
dde = 1.0675724003e-07
Reset re-loads circuit * comparator-offset-mc @ fs_125c_2.97v -- generated by sim/harness, do not edit

Circuit: * comparator-offset-mc @ fs_125c_2.97v -- generated by sim/harness, do not edit

Doing analysis at TEMP = 125.000000 and TNOM = 27.000000

Using SPARSE 1.3 as Direct Linear Solver

No. of Data Rows : 6
voa = -1.781384294e-03
ddc = 2.8345490893e-07
dde = -2.788088810e-07
Reset re-loads circuit * comparator-offset-mc @ fs_125c_2.97v -- generated by sim/harness, do not edit

Circuit: * comparator-offset-mc @ fs_125c_2.97v -- generated by sim/harness, do not edit

Doing analysis at TEMP = 125.000000 and TNOM = 27.000000

Using SPARSE 1.3 as Direct Linear Solver

No. of Data Rows : 6
voa = -4.885230765e-04
ddc = 7.8112366261e-08
dde = -7.672604495e-08
Reset re-loads circuit * comparator-offset-mc @ fs_125c_2.97v -- generated by sim/harness, do not edit

Circuit: * comparator-offset-mc @ fs_125c_2.97v -- generated by sim/harness, do not edit

Doing analysis at TEMP = 125.000000 and TNOM = 27.000000

Using SPARSE 1.3 as Direct Linear Solver
 Reference value :  2.00000e-03
No. of Data Rows : 6
voa = 8.6311403307e-04
ddc = -1.069852384e-07
dde = 1.0547543160e-07
Reset re-loads circuit * comparator-offset-mc @ fs_125c_2.97v -- generated by sim/harness, do not edit

Circuit: * comparator-offset-mc @ fs_125c_2.97v -- generated by sim/harness, do not edit

Doing analysis at TEMP = 125.000000 and TNOM = 27.000000

Using SPARSE 1.3 as Direct Linear Solver

No. of Data Rows : 6
voa = -9.042127992e-04
ddc = 1.4382325860e-07
dde = -1.415123853e-07
Reset re-loads circuit * comparator-offset-mc @ fs_125c_2.97v -- generated by sim/harness, do not edit

Circuit: * comparator-offset-mc @ fs_125c_2.97v -- generated by sim/harness, do not edit

Doing analysis at TEMP = 125.000000 and TNOM = 27.000000

Using SPARSE 1.3 as Direct Linear Solver

No. of Data Rows : 6
voa = -1.178279858e-03
ddc = 1.8060563333e-07
dde = -1.901719944e-07
Reset re-loads circuit * comparator-offset-mc @ fs_125c_2.97v -- generated by sim/harness, do not edit

Circuit: * comparator-offset-mc @ fs_125c_2.97v -- generated by sim/harness, do not edit

Doing analysis at TEMP = 125.000000 and TNOM = 27.000000

Using SPARSE 1.3 as Direct Linear Solver

No. of Data Rows : 6
voa = -1.386497169e-03
ddc = 2.0614125102e-07
dde = -2.158753630e-07
Reset re-loads circuit * comparator-offset-mc @ fs_125c_2.97v -- generated by sim/harness, do not edit

Circuit: * comparator-offset-mc @ fs_125c_2.97v -- generated by sim/harness, do not edit

Doing analysis at TEMP = 125.000000 and TNOM = 27.000000

Using SPARSE 1.3 as Direct Linear Solver

No. of Data Rows : 6
voa = 2.7173379469e-03
ddc = -3.810028729e-07
dde = 3.7592347705e-07
Reset re-loads circuit * comparator-offset-mc @ fs_125c_2.97v -- generated by sim/harness, do not edit

Circuit: * comparator-offset-mc @ fs_125c_2.97v -- generated by sim/harness, do not edit

Doing analysis at TEMP = 125.000000 and TNOM = 27.000000

Using SPARSE 1.3 as Direct Linear Solver

No. of Data Rows : 6
voa = -2.438345105e-04
ddc = 1.3273896203e-08
dde = -1.347603165e-08
Reset re-loads circuit * comparator-offset-mc @ fs_125c_2.97v -- generated by sim/harness, do not edit

Circuit: * comparator-offset-mc @ fs_125c_2.97v -- generated by sim/harness, do not edit

Doing analysis at TEMP = 125.000000 and TNOM = 27.000000

Using SPARSE 1.3 as Direct Linear Solver

No. of Data Rows : 6
voa = 1.1048132906e-03
ddc = -1.692654837e-07
dde = 1.6639815026e-07
Reset re-loads circuit * comparator-offset-mc @ fs_125c_2.97v -- generated by sim/harness, do not edit

Circuit: * comparator-offset-mc @ fs_125c_2.97v -- generated by sim/harness, do not edit

Doing analysis at TEMP = 125.000000 and TNOM = 27.000000

Using SPARSE 1.3 as Direct Linear Solver
 Reference value :  2.00000e-03
No. of Data Rows : 6
voa = -4.361398032e-04
ddc = 7.9952196890e-08
dde = -7.848691082e-08
Reset re-loads circuit * comparator-offset-mc @ fs_125c_2.97v -- generated by sim/harness, do not edit

Circuit: * comparator-offset-mc @ fs_125c_2.97v -- generated by sim/harness, do not edit

Doing analysis at TEMP = 125.000000 and TNOM = 27.000000

Using SPARSE 1.3 as Direct Linear Solver

No. of Data Rows : 6
voa = 8.0691989010e-05
ddc = 5.1451895950e-09
dde = -4.905877125e-09
Reset re-loads circuit * comparator-offset-mc @ fs_125c_2.97v -- generated by sim/harness, do not edit

Circuit: * comparator-offset-mc @ fs_125c_2.97v -- generated by sim/harness, do not edit

Doing analysis at TEMP = 125.000000 and TNOM = 27.000000

Using SPARSE 1.3 as Direct Linear Solver

No. of Data Rows : 6
voa = -4.920961395e-04
ddc = 1.0154849090e-07
dde = -9.952650317e-08
Reset re-loads circuit * comparator-offset-mc @ fs_125c_2.97v -- generated by sim/harness, do not edit

Circuit: * comparator-offset-mc @ fs_125c_2.97v -- generated by sim/harness, do not edit

Doing analysis at TEMP = 125.000000 and TNOM = 27.000000

Using SPARSE 1.3 as Direct Linear Solver

No. of Data Rows : 6
voa = -3.656638982e-04
ddc = 5.8610612716e-08
dde = -5.767375680e-08
Reset re-loads circuit * comparator-offset-mc @ fs_125c_2.97v -- generated by sim/harness, do not edit

Circuit: * comparator-offset-mc @ fs_125c_2.97v -- generated by sim/harness, do not edit

Doing analysis at TEMP = 125.000000 and TNOM = 27.000000

Using SPARSE 1.3 as Direct Linear Solver

No. of Data Rows : 6
voa = 1.0303909327e-03
ddc = -1.660111256e-07
dde = 1.6314771017e-07
Reset re-loads circuit * comparator-offset-mc @ fs_125c_2.97v -- generated by sim/harness, do not edit

Circuit: * comparator-offset-mc @ fs_125c_2.97v -- generated by sim/harness, do not edit

Doing analysis at TEMP = 125.000000 and TNOM = 27.000000

Using SPARSE 1.3 as Direct Linear Solver

No. of Data Rows : 6
voa = 5.9995225234e-04
ddc = -9.525764132e-08
dde = 9.3549366201e-08
Reset re-loads circuit * comparator-offset-mc @ fs_125c_2.97v -- generated by sim/harness, do not edit

Circuit: * comparator-offset-mc @ fs_125c_2.97v -- generated by sim/harness, do not edit

Doing analysis at TEMP = 125.000000 and TNOM = 27.000000

Using SPARSE 1.3 as Direct Linear Solver
 Reference value :  0.00000e+00
No. of Data Rows : 6
voa = -2.318597902e-04
ddc = 1.4325447061e-08
dde = -1.439124180e-08
Reset re-loads circuit * comparator-offset-mc @ fs_125c_2.97v -- generated by sim/harness, do not edit

Circuit: * comparator-offset-mc @ fs_125c_2.97v -- generated by sim/harness, do not edit

Doing analysis at TEMP = 125.000000 and TNOM = 27.000000

Using SPARSE 1.3 as Direct Linear Solver

No. of Data Rows : 6
voa = -6.533154385e-04
ddc = 9.9518074642e-08
dde = -9.786059632e-08
Reset re-loads circuit * comparator-offset-mc @ fs_125c_2.97v -- generated by sim/harness, do not edit

Circuit: * comparator-offset-mc @ fs_125c_2.97v -- generated by sim/harness, do not edit

Doing analysis at TEMP = 125.000000 and TNOM = 27.000000

Using SPARSE 1.3 as Direct Linear Solver

No. of Data Rows : 6
voa = -2.778929200e-04
ddc = 5.8340928985e-08
dde = -5.721553291e-08
Reset re-loads circuit * comparator-offset-mc @ fs_125c_2.97v -- generated by sim/harness, do not edit

Circuit: * comparator-offset-mc @ fs_125c_2.97v -- generated by sim/harness, do not edit

Doing analysis at TEMP = 125.000000 and TNOM = 27.000000

Using SPARSE 1.3 as Direct Linear Solver

No. of Data Rows : 6
voa = 4.4016276534e-04
ddc = -6.574112038e-08
dde = 6.4616507192e-08
Reset re-loads circuit * comparator-offset-mc @ fs_125c_2.97v -- generated by sim/harness, do not edit

Circuit: * comparator-offset-mc @ fs_125c_2.97v -- generated by sim/harness, do not edit

Doing analysis at TEMP = 125.000000 and TNOM = 27.000000

Using SPARSE 1.3 as Direct Linear Solver

No. of Data Rows : 6
voa = -4.081426382e-04
ddc = 8.6412185394e-08
dde = -8.484936047e-08
Reset re-loads circuit * comparator-offset-mc @ fs_125c_2.97v -- generated by sim/harness, do not edit

Circuit: * comparator-offset-mc @ fs_125c_2.97v -- generated by sim/harness, do not edit

Doing analysis at TEMP = 125.000000 and TNOM = 27.000000

Using SPARSE 1.3 as Direct Linear Solver

No. of Data Rows : 6
voa = -8.746723043e-04
ddc = 1.4434808416e-07
dde = -1.418050859e-07
Reset re-loads circuit * comparator-offset-mc @ fs_125c_2.97v -- generated by sim/harness, do not edit

Circuit: * comparator-offset-mc @ fs_125c_2.97v -- generated by sim/harness, do not edit

Doing analysis at TEMP = 125.000000 and TNOM = 27.000000

Using SPARSE 1.3 as Direct Linear Solver
 Reference value :  2.00000e-03
No. of Data Rows : 6
voa = 2.7045084691e-05
ddc = 1.5406576321e-08
dde = -1.494424828e-08
Reset re-loads circuit * comparator-offset-mc @ fs_125c_2.97v -- generated by sim/harness, do not edit

Circuit: * comparator-offset-mc @ fs_125c_2.97v -- generated by sim/harness, do not edit

Doing analysis at TEMP = 125.000000 and TNOM = 27.000000

Using SPARSE 1.3 as Direct Linear Solver

No. of Data Rows : 6
voa = 1.6129340371e-03
ddc = -2.267587498e-07
dde = 2.2321211835e-07
Reset re-loads circuit * comparator-offset-mc @ fs_125c_2.97v -- generated by sim/harness, do not edit

Circuit: * comparator-offset-mc @ fs_125c_2.97v -- generated by sim/harness, do not edit

Doing analysis at TEMP = 125.000000 and TNOM = 27.000000

Using SPARSE 1.3 as Direct Linear Solver

No. of Data Rows : 6
voa = -1.794099041e-03
ddc = 2.9749587974e-07
dde = -2.922250800e-07
Reset re-loads circuit * comparator-offset-mc @ fs_125c_2.97v -- generated by sim/harness, do not edit

Circuit: * comparator-offset-mc @ fs_125c_2.97v -- generated by sim/harness, do not edit

Doing analysis at TEMP = 125.000000 and TNOM = 27.000000

Using SPARSE 1.3 as Direct Linear Solver

No. of Data Rows : 6
voa = 9.8860349343e-04
ddc = -1.465691018e-07
dde = 1.4417777028e-07
Reset re-loads circuit * comparator-offset-mc @ fs_125c_2.97v -- generated by sim/harness, do not edit

Circuit: * comparator-offset-mc @ fs_125c_2.97v -- generated by sim/harness, do not edit

Doing analysis at TEMP = 125.000000 and TNOM = 27.000000

Using SPARSE 1.3 as Direct Linear Solver

No. of Data Rows : 6
voa = -3.929875876e-04
ddc = 7.2038155735e-08
dde = -7.058258813e-08
Reset re-loads circuit * comparator-offset-mc @ fs_125c_2.97v -- generated by sim/harness, do not edit

Circuit: * comparator-offset-mc @ fs_125c_2.97v -- generated by sim/harness, do not edit

Doing analysis at TEMP = 125.000000 and TNOM = 27.000000

Using SPARSE 1.3 as Direct Linear Solver

No. of Data Rows : 6
voa = 1.0124076880e-04
ddc = 6.7190037473e-09
dde = -6.352969341e-09
Reset re-loads circuit * comparator-offset-mc @ fs_125c_2.97v -- generated by sim/harness, do not edit

Circuit: * comparator-offset-mc @ fs_125c_2.97v -- generated by sim/harness, do not edit

Doing analysis at TEMP = 125.000000 and TNOM = 27.000000

Using SPARSE 1.3 as Direct Linear Solver
 Reference value :  0.00000e+00
No. of Data Rows : 6
voa = -1.713904132e-04
ddc = 2.0198683690e-08
dde = -1.984652308e-08
Reset re-loads circuit * comparator-offset-mc @ fs_125c_2.97v -- generated by sim/harness, do not edit

Circuit: * comparator-offset-mc @ fs_125c_2.97v -- generated by sim/harness, do not edit

Doing analysis at TEMP = 125.000000 and TNOM = 27.000000

Using SPARSE 1.3 as Direct Linear Solver

No. of Data Rows : 6
voa = 3.7267405387e-04
ddc = -6.165936858e-08
dde = 6.0477618012e-08
Reset re-loads circuit * comparator-offset-mc @ fs_125c_2.97v -- generated by sim/harness, do not edit

Circuit: * comparator-offset-mc @ fs_125c_2.97v -- generated by sim/harness, do not edit

Doing analysis at TEMP = 125.000000 and TNOM = 27.000000

Using SPARSE 1.3 as Direct Linear Solver

No. of Data Rows : 6
voa = -1.266066037e-04
ddc = 1.5533645513e-08
dde = -1.517601218e-08
Reset re-loads circuit * comparator-offset-mc @ fs_125c_2.97v -- generated by sim/harness, do not edit

Circuit: * comparator-offset-mc @ fs_125c_2.97v -- generated by sim/harness, do not edit

Doing analysis at TEMP = 125.000000 and TNOM = 27.000000

Using SPARSE 1.3 as Direct Linear Solver

No. of Data Rows : 6
voa = -1.032778785e-03
ddc = 1.6323422821e-07
dde = -1.605462844e-07
Reset re-loads circuit * comparator-offset-mc @ fs_125c_2.97v -- generated by sim/harness, do not edit

Circuit: * comparator-offset-mc @ fs_125c_2.97v -- generated by sim/harness, do not edit

Doing analysis at TEMP = 125.000000 and TNOM = 27.000000

Using SPARSE 1.3 as Direct Linear Solver

No. of Data Rows : 6
voa = 1.1576498678e-03
ddc = -1.746020474e-07
dde = 1.7164884734e-07
Reset re-loads circuit * comparator-offset-mc @ fs_125c_2.97v -- generated by sim/harness, do not edit

Circuit: * comparator-offset-mc @ fs_125c_2.97v -- generated by sim/harness, do not edit

Doing analysis at TEMP = 125.000000 and TNOM = 27.000000

Using SPARSE 1.3 as Direct Linear Solver
 Reference value :  0.00000e+00
No. of Data Rows : 6
voa = 5.8892757648e-05
ddc = 2.8399657497e-09
dde = -2.723409079e-09
Reset re-loads circuit * comparator-offset-mc @ fs_125c_2.97v -- generated by sim/harness, do not edit

Circuit: * comparator-offset-mc @ fs_125c_2.97v -- generated by sim/harness, do not edit

Doing analysis at TEMP = 125.000000 and TNOM = 27.000000

Using SPARSE 1.3 as Direct Linear Solver

No. of Data Rows : 6
voa = 3.9361670211e-04
ddc = -4.265606809e-08
dde = 4.2060729786e-08
Reset re-loads circuit * comparator-offset-mc @ fs_125c_2.97v -- generated by sim/harness, do not edit

Circuit: * comparator-offset-mc @ fs_125c_2.97v -- generated by sim/harness, do not edit

Doing analysis at TEMP = 125.000000 and TNOM = 27.000000

Using SPARSE 1.3 as Direct Linear Solver

No. of Data Rows : 6
voa = 3.3637734256e-05
ddc = 4.6755249703e-09
dde = -4.538326002e-09
Reset re-loads circuit * comparator-offset-mc @ fs_125c_2.97v -- generated by sim/harness, do not edit

Circuit: * comparator-offset-mc @ fs_125c_2.97v -- generated by sim/harness, do not edit

Doing analysis at TEMP = 125.000000 and TNOM = 27.000000

Using SPARSE 1.3 as Direct Linear Solver

No. of Data Rows : 6
voa = -1.267145626e-03
ddc = 2.0248420303e-07
dde = -1.988719886e-07
Reset re-loads circuit * comparator-offset-mc @ fs_125c_2.97v -- generated by sim/harness, do not edit

Circuit: * comparator-offset-mc @ fs_125c_2.97v -- generated by sim/harness, do not edit

Doing analysis at TEMP = 125.000000 and TNOM = 27.000000

Using SPARSE 1.3 as Direct Linear Solver

No. of Data Rows : 6
voa = 9.5130700658e-05
ddc = -4.284789259e-08
dde = 4.1891333857e-08
Reset re-loads circuit * comparator-offset-mc @ fs_125c_2.97v -- generated by sim/harness, do not edit

Circuit: * comparator-offset-mc @ fs_125c_2.97v -- generated by sim/harness, do not edit

Doing analysis at TEMP = 125.000000 and TNOM = 27.000000

Using SPARSE 1.3 as Direct Linear Solver

No. of Data Rows : 6
voa = 1.1020517182e-03
ddc = -1.679726273e-07
dde = 1.6520077972e-07
Reset re-loads circuit * comparator-offset-mc @ fs_125c_2.97v -- generated by sim/harness, do not edit

Circuit: * comparator-offset-mc @ fs_125c_2.97v -- generated by sim/harness, do not edit

Doing analysis at TEMP = 125.000000 and TNOM = 27.000000

Using SPARSE 1.3 as Direct Linear Solver
 Reference value :  0.00000e+00
No. of Data Rows : 6
voa = -4.705073846e-04
ddc = 6.3405785736e-08
dde = -6.246366911e-08
Reset re-loads circuit * comparator-offset-mc @ fs_125c_2.97v -- generated by sim/harness, do not edit

Circuit: * comparator-offset-mc @ fs_125c_2.97v -- generated by sim/harness, do not edit

Doing analysis at TEMP = 125.000000 and TNOM = 27.000000

Using SPARSE 1.3 as Direct Linear Solver

No. of Data Rows : 6
voa = 2.0052338087e-04
ddc = -3.502091491e-08
dde = 3.4282330692e-08
Reset re-loads circuit * comparator-offset-mc @ fs_125c_2.97v -- generated by sim/harness, do not edit

Circuit: * comparator-offset-mc @ fs_125c_2.97v -- generated by sim/harness, do not edit

Doing analysis at TEMP = 125.000000 and TNOM = 27.000000

Using SPARSE 1.3 as Direct Linear Solver

No. of Data Rows : 6
voa = -4.252078807e-04
ddc = 4.9165717472e-08
dde = -4.855574736e-08
Reset re-loads circuit * comparator-offset-mc @ fs_125c_2.97v -- generated by sim/harness, do not edit

Circuit: * comparator-offset-mc @ fs_125c_2.97v -- generated by sim/harness, do not edit

Doing analysis at TEMP = 125.000000 and TNOM = 27.000000

Using SPARSE 1.3 as Direct Linear Solver

No. of Data Rows : 6
voa = 1.3934377391e-04
ddc = -7.969315065e-09
dde = 7.9405470858e-09
Reset re-loads circuit * comparator-offset-mc @ fs_125c_2.97v -- generated by sim/harness, do not edit

Circuit: * comparator-offset-mc @ fs_125c_2.97v -- generated by sim/harness, do not edit

Doing analysis at TEMP = 125.000000 and TNOM = 27.000000

Using SPARSE 1.3 as Direct Linear Solver

No. of Data Rows : 6
voa = 8.9546088089e-04
ddc = -1.204052564e-07
dde = 1.1858931119e-07
Reset re-loads circuit * comparator-offset-mc @ fs_125c_2.97v -- generated by sim/harness, do not edit

Circuit: * comparator-offset-mc @ fs_125c_2.97v -- generated by sim/harness, do not edit

Doing analysis at TEMP = 125.000000 and TNOM = 27.000000

Using SPARSE 1.3 as Direct Linear Solver

No. of Data Rows : 6
voa = -2.626021400e-04
ddc = 4.8513006372e-08
dde = -4.773143939e-08
Reset re-loads circuit * comparator-offset-mc @ fs_125c_2.97v -- generated by sim/harness, do not edit

Circuit: * comparator-offset-mc @ fs_125c_2.97v -- generated by sim/harness, do not edit

Doing analysis at TEMP = 125.000000 and TNOM = 27.000000

Using SPARSE 1.3 as Direct Linear Solver
 Reference value :  0.00000e+00
No. of Data Rows : 6
voa = 1.0730749332e-03
ddc = -1.727288923e-07
dde = 1.6963215044e-07
Reset re-loads circuit * comparator-offset-mc @ fs_125c_2.97v -- generated by sim/harness, do not edit

Circuit: * comparator-offset-mc @ fs_125c_2.97v -- generated by sim/harness, do not edit

Doing analysis at TEMP = 125.000000 and TNOM = 27.000000

Using SPARSE 1.3 as Direct Linear Solver

No. of Data Rows : 6
voa = 7.8226377796e-04
ddc = -1.043435406e-07
dde = 1.0265935517e-07
Reset re-loads circuit * comparator-offset-mc @ fs_125c_2.97v -- generated by sim/harness, do not edit

Circuit: * comparator-offset-mc @ fs_125c_2.97v -- generated by sim/harness, do not edit

Doing analysis at TEMP = 125.000000 and TNOM = 27.000000

Using SPARSE 1.3 as Direct Linear Solver

No. of Data Rows : 6
voa = 4.8446542230e-04
ddc = -7.158066126e-08
dde = 7.0396715244e-08
Reset re-loads circuit * comparator-offset-mc @ fs_125c_2.97v -- generated by sim/harness, do not edit

Circuit: * comparator-offset-mc @ fs_125c_2.97v -- generated by sim/harness, do not edit

Doing analysis at TEMP = 125.000000 and TNOM = 27.000000

Using SPARSE 1.3 as Direct Linear Solver

No. of Data Rows : 6
voa = 7.7939909163e-04
ddc = -1.349815077e-07
dde = 1.3264072773e-07
Reset re-loads circuit * comparator-offset-mc @ fs_125c_2.97v -- generated by sim/harness, do not edit

Circuit: * comparator-offset-mc @ fs_125c_2.97v -- generated by sim/harness, do not edit

Doing analysis at TEMP = 125.000000 and TNOM = 27.000000

Using SPARSE 1.3 as Direct Linear Solver

No. of Data Rows : 6
voa = 1.7655620282e-05
ddc = 6.9371658106e-09
dde = -6.720770155e-09
Reset re-loads circuit * comparator-offset-mc @ fs_125c_2.97v -- generated by sim/harness, do not edit

Circuit: * comparator-offset-mc @ fs_125c_2.97v -- generated by sim/harness, do not edit

Doing analysis at TEMP = 125.000000 and TNOM = 27.000000

Using SPARSE 1.3 as Direct Linear Solver

No. of Data Rows : 6
voa = -1.463560702e-03
ddc = 2.1880079836e-07
dde = -2.171114320e-07
Reset re-loads circuit * comparator-offset-mc @ fs_125c_2.97v -- generated by sim/harness, do not edit

Circuit: * comparator-offset-mc @ fs_125c_2.97v -- generated by sim/harness, do not edit

Doing analysis at TEMP = 125.000000 and TNOM = 27.000000

Using SPARSE 1.3 as Direct Linear Solver
 Reference value :  0.00000e+00
No. of Data Rows : 6
voa = 1.0433769017e-03
ddc = -1.545284313e-07
dde = 1.5190128139e-07
Reset re-loads circuit * comparator-offset-mc @ fs_125c_2.97v -- generated by sim/harness, do not edit

Circuit: * comparator-offset-mc @ fs_125c_2.97v -- generated by sim/harness, do not edit

Doing analysis at TEMP = 125.000000 and TNOM = 27.000000

Using SPARSE 1.3 as Direct Linear Solver

No. of Data Rows : 6
voa = -1.639298732e-03
ddc = 2.0593706071e-07
dde = -2.032383062e-07
Reset re-loads circuit * comparator-offset-mc @ fs_125c_2.97v -- generated by sim/harness, do not edit

Circuit: * comparator-offset-mc @ fs_125c_2.97v -- generated by sim/harness, do not edit

Doing analysis at TEMP = 125.000000 and TNOM = 27.000000

Using SPARSE 1.3 as Direct Linear Solver

No. of Data Rows : 6
voa = 2.4152577701e-03
ddc = -3.765903899e-07
dde = 3.7010306804e-07
Reset re-loads circuit * comparator-offset-mc @ fs_125c_2.97v -- generated by sim/harness, do not edit

Circuit: * comparator-offset-mc @ fs_125c_2.97v -- generated by sim/harness, do not edit

Doing analysis at TEMP = 125.000000 and TNOM = 27.000000

Using SPARSE 1.3 as Direct Linear Solver

No. of Data Rows : 6
voa = -1.449014582e-04
ddc = 3.2042524941e-08
dde = -3.142664249e-08
Reset re-loads circuit * comparator-offset-mc @ fs_125c_2.97v -- generated by sim/harness, do not edit

Circuit: * comparator-offset-mc @ fs_125c_2.97v -- generated by sim/harness, do not edit

Doing analysis at TEMP = 125.000000 and TNOM = 27.000000

Using SPARSE 1.3 as Direct Linear Solver

No. of Data Rows : 6
voa = -4.293007681e-04
ddc = 4.2056422961e-08
dde = -4.156582844e-08
Reset re-loads circuit * comparator-offset-mc @ fs_125c_2.97v -- generated by sim/harness, do not edit

Circuit: * comparator-offset-mc @ fs_125c_2.97v -- generated by sim/harness, do not edit

Doing analysis at TEMP = 125.000000 and TNOM = 27.000000

Using SPARSE 1.3 as Direct Linear Solver

No. of Data Rows : 6
voa = -6.150123600e-04
ddc = 8.9227752856e-08
dde = -8.770463571e-08
Reset re-loads circuit * comparator-offset-mc @ fs_125c_2.97v -- generated by sim/harness, do not edit

Circuit: * comparator-offset-mc @ fs_125c_2.97v -- generated by sim/harness, do not edit

Doing analysis at TEMP = 125.000000 and TNOM = 27.000000

Using SPARSE 1.3 as Direct Linear Solver

No. of Data Rows : 6
voa = -1.763081670e-03
ddc = 2.5635300713e-07
dde = -2.471108017e-07
Reset re-loads circuit * comparator-offset-mc @ fs_125c_2.97v -- generated by sim/harness, do not edit

Circuit: * comparator-offset-mc @ fs_125c_2.97v -- generated by sim/harness, do not edit

Doing analysis at TEMP = 125.000000 and TNOM = 27.000000

Using SPARSE 1.3 as Direct Linear Solver
 Reference value :  0.00000e+00
No. of Data Rows : 6
voa = -4.096713258e-04
ddc = 6.1776923594e-08
dde = -6.080664077e-08
Reset re-loads circuit * comparator-offset-mc @ fs_125c_2.97v -- generated by sim/harness, do not edit

Circuit: * comparator-offset-mc @ fs_125c_2.97v -- generated by sim/harness, do not edit

Doing analysis at TEMP = 125.000000 and TNOM = 27.000000

Using SPARSE 1.3 as Direct Linear Solver

No. of Data Rows : 6
voa = -8.452718083e-05
ddc = 1.1972355342e-08
dde = -1.186047123e-08
Reset re-loads circuit * comparator-offset-mc @ fs_125c_2.97v -- generated by sim/harness, do not edit

Circuit: * comparator-offset-mc @ fs_125c_2.97v -- generated by sim/harness, do not edit

Doing analysis at TEMP = 125.000000 and TNOM = 27.000000

Using SPARSE 1.3 as Direct Linear Solver

No. of Data Rows : 6
voa = 1.6143436854e-03
ddc = -2.543864278e-07
dde = 2.5003080290e-07
Reset re-loads circuit * comparator-offset-mc @ fs_125c_2.97v -- generated by sim/harness, do not edit

Circuit: * comparator-offset-mc @ fs_125c_2.97v -- generated by sim/harness, do not edit

Doing analysis at TEMP = 125.000000 and TNOM = 27.000000

Using SPARSE 1.3 as Direct Linear Solver

No. of Data Rows : 6
voa = -1.605237129e-04
ddc = 5.1400771855e-08
dde = -5.038982087e-08
Reset re-loads circuit * comparator-offset-mc @ fs_125c_2.97v -- generated by sim/harness, do not edit

Circuit: * comparator-offset-mc @ fs_125c_2.97v -- generated by sim/harness, do not edit

Doing analysis at TEMP = 125.000000 and TNOM = 27.000000

Using SPARSE 1.3 as Direct Linear Solver

No. of Data Rows : 6
voa = -7.255645545e-04
ddc = 1.1092652878e-07
dde = -1.092236309e-07
Reset re-loads circuit * comparator-offset-mc @ fs_125c_2.97v -- generated by sim/harness, do not edit

Circuit: * comparator-offset-mc @ fs_125c_2.97v -- generated by sim/harness, do not edit

Doing analysis at TEMP = 125.000000 and TNOM = 27.000000

Using SPARSE 1.3 as Direct Linear Solver
 Reference value :  0.00000e+00
No. of Data Rows : 6
voa = -8.126812491e-04
ddc = 1.1092097514e-07
dde = -1.092464865e-07
Reset re-loads circuit * comparator-offset-mc @ fs_125c_2.97v -- generated by sim/harness, do not edit

Circuit: * comparator-offset-mc @ fs_125c_2.97v -- generated by sim/harness, do not edit

Doing analysis at TEMP = 125.000000 and TNOM = 27.000000

Using SPARSE 1.3 as Direct Linear Solver

No. of Data Rows : 6
voa = -5.421664718e-04
ddc = 8.9381186590e-08
dde = -8.779826865e-08
Reset re-loads circuit * comparator-offset-mc @ fs_125c_2.97v -- generated by sim/harness, do not edit

Circuit: * comparator-offset-mc @ fs_125c_2.97v -- generated by sim/harness, do not edit

Doing analysis at TEMP = 125.000000 and TNOM = 27.000000

Using SPARSE 1.3 as Direct Linear Solver

No. of Data Rows : 6
voa = 8.3512050996e-04
ddc = -1.261654684e-07
dde = 1.2411887410e-07
Reset re-loads circuit * comparator-offset-mc @ fs_125c_2.97v -- generated by sim/harness, do not edit

Circuit: * comparator-offset-mc @ fs_125c_2.97v -- generated by sim/harness, do not edit

Doing analysis at TEMP = 125.000000 and TNOM = 27.000000

Using SPARSE 1.3 as Direct Linear Solver

No. of Data Rows : 6
voa = -1.777864431e-04
ddc = 3.8415327559e-08
dde = -3.753470573e-08
Reset re-loads circuit * comparator-offset-mc @ fs_125c_2.97v -- generated by sim/harness, do not edit

Circuit: * comparator-offset-mc @ fs_125c_2.97v -- generated by sim/harness, do not edit

Doing analysis at TEMP = 125.000000 and TNOM = 27.000000

Using SPARSE 1.3 as Direct Linear Solver

No. of Data Rows : 6
voa = 9.9430931979e-04
ddc = -1.667996040e-07
dde = 1.6386440927e-07
Reset re-loads circuit * comparator-offset-mc @ fs_125c_2.97v -- generated by sim/harness, do not edit

Circuit: * comparator-offset-mc @ fs_125c_2.97v -- generated by sim/harness, do not edit

Doing analysis at TEMP = 125.000000 and TNOM = 27.000000

Using SPARSE 1.3 as Direct Linear Solver
 Reference value :  2.00000e-03
No. of Data Rows : 6
voa = 6.0782178624e-04
ddc = -1.005188512e-07
dde = 9.8775472941e-08
Reset re-loads circuit * comparator-offset-mc @ fs_125c_2.97v -- generated by sim/harness, do not edit

Circuit: * comparator-offset-mc @ fs_125c_2.97v -- generated by sim/harness, do not edit

Doing analysis at TEMP = 125.000000 and TNOM = 27.000000

Using SPARSE 1.3 as Direct Linear Solver

No. of Data Rows : 6
voa = -2.218784755e-04
ddc = 4.8449073185e-08
dde = -4.732466464e-08
Reset re-loads circuit * comparator-offset-mc @ fs_125c_2.97v -- generated by sim/harness, do not edit

Circuit: * comparator-offset-mc @ fs_125c_2.97v -- generated by sim/harness, do not edit

Doing analysis at TEMP = 125.000000 and TNOM = 27.000000

Using SPARSE 1.3 as Direct Linear Solver

No. of Data Rows : 6
voa = 2.3005382035e-03
ddc = -3.230878176e-07
dde = 3.1789304334e-07
Reset re-loads circuit * comparator-offset-mc @ fs_125c_2.97v -- generated by sim/harness, do not edit

Circuit: * comparator-offset-mc @ fs_125c_2.97v -- generated by sim/harness, do not edit

Doing analysis at TEMP = 125.000000 and TNOM = 27.000000

Using SPARSE 1.3 as Direct Linear Solver

No. of Data Rows : 6
voa = -6.227349330e-04
ddc = 1.1223293140e-07
dde = -1.102390447e-07
Reset re-loads circuit * comparator-offset-mc @ fs_125c_2.97v -- generated by sim/harness, do not edit

Circuit: * comparator-offset-mc @ fs_125c_2.97v -- generated by sim/harness, do not edit

Doing analysis at TEMP = 125.000000 and TNOM = 27.000000

Using SPARSE 1.3 as Direct Linear Solver

No. of Data Rows : 6
voa = 2.3330301888e-04
ddc = -2.892820750e-08
dde = 2.8493299508e-08
Reset re-loads circuit * comparator-offset-mc @ fs_125c_2.97v -- generated by sim/harness, do not edit

Circuit: * comparator-offset-mc @ fs_125c_2.97v -- generated by sim/harness, do not edit

Doing analysis at TEMP = 125.000000 and TNOM = 27.000000

Using SPARSE 1.3 as Direct Linear Solver

No. of Data Rows : 6
voa = 3.5094544419e-04
ddc = -4.143286729e-08
dde = 4.1100131733e-08
Reset re-loads circuit * comparator-offset-mc @ fs_125c_2.97v -- generated by sim/harness, do not edit

Circuit: * comparator-offset-mc @ fs_125c_2.97v -- generated by sim/harness, do not edit

Doing analysis at TEMP = 125.000000 and TNOM = 27.000000

Using SPARSE 1.3 as Direct Linear Solver
 Reference value :  0.00000e+00
No. of Data Rows : 6
voa = 5.1066913725e-04
ddc = -8.438738601e-08
dde = 8.2931162765e-08
Reset re-loads circuit * comparator-offset-mc @ fs_125c_2.97v -- generated by sim/harness, do not edit

Circuit: * comparator-offset-mc @ fs_125c_2.97v -- generated by sim/harness, do not edit

Doing analysis at TEMP = 125.000000 and TNOM = 27.000000

Using SPARSE 1.3 as Direct Linear Solver

No. of Data Rows : 6
voa = 1.8451677599e-03
ddc = -2.812433198e-07
dde = 2.7644600500e-07
Reset re-loads circuit * comparator-offset-mc @ fs_125c_2.97v -- generated by sim/harness, do not edit

Circuit: * comparator-offset-mc @ fs_125c_2.97v -- generated by sim/harness, do not edit

Doing analysis at TEMP = 125.000000 and TNOM = 27.000000

Using SPARSE 1.3 as Direct Linear Solver

No. of Data Rows : 6
voa = -8.904243944e-04
ddc = 1.4095475739e-07
dde = -1.386135736e-07
Reset re-loads circuit * comparator-offset-mc @ fs_125c_2.97v -- generated by sim/harness, do not edit

Circuit: * comparator-offset-mc @ fs_125c_2.97v -- generated by sim/harness, do not edit

Doing analysis at TEMP = 125.000000 and TNOM = 27.000000

Using SPARSE 1.3 as Direct Linear Solver

No. of Data Rows : 6
voa = 9.9057701805e-04
ddc = -1.705781411e-07
dde = 1.6753763458e-07
Reset re-loads circuit * comparator-offset-mc @ fs_125c_2.97v -- generated by sim/harness, do not edit

Circuit: * comparator-offset-mc @ fs_125c_2.97v -- generated by sim/harness, do not edit

Doing analysis at TEMP = 125.000000 and TNOM = 27.000000

Using SPARSE 1.3 as Direct Linear Solver

No. of Data Rows : 6
voa = 9.0647265719e-04
ddc = -1.486388213e-07
dde = 1.4606698672e-07
Reset re-loads circuit * comparator-offset-mc @ fs_125c_2.97v -- generated by sim/harness, do not edit

Circuit: * comparator-offset-mc @ fs_125c_2.97v -- generated by sim/harness, do not edit

Doing analysis at TEMP = 125.000000 and TNOM = 27.000000

Using SPARSE 1.3 as Direct Linear Solver

No. of Data Rows : 6
voa = 2.4077294457e-04
ddc = -3.786549111e-08
dde = 3.7258039292e-08
Reset re-loads circuit * comparator-offset-mc @ fs_125c_2.97v -- generated by sim/harness, do not edit

Circuit: * comparator-offset-mc @ fs_125c_2.97v -- generated by sim/harness, do not edit

Doing analysis at TEMP = 125.000000 and TNOM = 27.000000

Using SPARSE 1.3 as Direct Linear Solver
 Reference value :  0.00000e+00
No. of Data Rows : 6
voa = 5.0084240786e-04
ddc = -5.449255766e-08
dde = 5.3770666041e-08
Reset re-loads circuit * comparator-offset-mc @ fs_125c_2.97v -- generated by sim/harness, do not edit

Circuit: * comparator-offset-mc @ fs_125c_2.97v -- generated by sim/harness, do not edit

Doing analysis at TEMP = 125.000000 and TNOM = 27.000000

Using SPARSE 1.3 as Direct Linear Solver

No. of Data Rows : 6
voa = 5.6530608912e-04
ddc = -1.060161888e-07
dde = 1.0402466032e-07
Reset re-loads circuit * comparator-offset-mc @ fs_125c_2.97v -- generated by sim/harness, do not edit

Circuit: * comparator-offset-mc @ fs_125c_2.97v -- generated by sim/harness, do not edit

Doing analysis at TEMP = 125.000000 and TNOM = 27.000000

Using SPARSE 1.3 as Direct Linear Solver

No. of Data Rows : 6
voa = 1.7436141844e-03
ddc = -2.418658090e-07
dde = 2.3795174737e-07
Reset re-loads circuit * comparator-offset-mc @ fs_125c_2.97v -- generated by sim/harness, do not edit

Circuit: * comparator-offset-mc @ fs_125c_2.97v -- generated by sim/harness, do not edit

Doing analysis at TEMP = 125.000000 and TNOM = 27.000000

Using SPARSE 1.3 as Direct Linear Solver

No. of Data Rows : 6
voa = -1.469532518e-03
ddc = 1.9946847218e-07
dde = -1.976493145e-07
Reset re-loads circuit * comparator-offset-mc @ fs_125c_2.97v -- generated by sim/harness, do not edit

Circuit: * comparator-offset-mc @ fs_125c_2.97v -- generated by sim/harness, do not edit

Doing analysis at TEMP = 125.000000 and TNOM = 27.000000

Using SPARSE 1.3 as Direct Linear Solver

No. of Data Rows : 6
voa = -5.579175541e-05
ddc = 5.2525063623e-09
dde = -5.597876805e-09
Reset re-loads circuit * comparator-offset-mc @ fs_125c_2.97v -- generated by sim/harness, do not edit

Circuit: * comparator-offset-mc @ fs_125c_2.97v -- generated by sim/harness, do not edit

Doing analysis at TEMP = 125.000000 and TNOM = 27.000000

Using SPARSE 1.3 as Direct Linear Solver

No. of Data Rows : 6
voa = -4.974693290e-04
ddc = 6.1848466161e-08
dde = -6.090391974e-08
Reset re-loads circuit * comparator-offset-mc @ fs_125c_2.97v -- generated by sim/harness, do not edit

Circuit: * comparator-offset-mc @ fs_125c_2.97v -- generated by sim/harness, do not edit

Doing analysis at TEMP = 125.000000 and TNOM = 27.000000

Using SPARSE 1.3 as Direct Linear Solver
 Reference value :  0.00000e+00
No. of Data Rows : 6
voa = -1.812505619e-03
ddc = 2.6025358059e-07
dde = -2.604560030e-07
Reset re-loads circuit * comparator-offset-mc @ fs_125c_2.97v -- generated by sim/harness, do not edit

Circuit: * comparator-offset-mc @ fs_125c_2.97v -- generated by sim/harness, do not edit

Doing analysis at TEMP = 125.000000 and TNOM = 27.000000

Using SPARSE 1.3 as Direct Linear Solver

No. of Data Rows : 6
voa = 7.8745019165e-04
ddc = -1.140722983e-07
dde = 1.1220850112e-07
Reset re-loads circuit * comparator-offset-mc @ fs_125c_2.97v -- generated by sim/harness, do not edit

Circuit: * comparator-offset-mc @ fs_125c_2.97v -- generated by sim/harness, do not edit

Doing analysis at TEMP = 125.000000 and TNOM = 27.000000

Using SPARSE 1.3 as Direct Linear Solver

No. of Data Rows : 6
voa = -3.690972264e-04
ddc = 1.8369128966e-08
dde = -1.851768369e-08
Reset re-loads circuit * comparator-offset-mc @ fs_125c_2.97v -- generated by sim/harness, do not edit

Circuit: * comparator-offset-mc @ fs_125c_2.97v -- generated by sim/harness, do not edit

Doing analysis at TEMP = 125.000000 and TNOM = 27.000000

Using SPARSE 1.3 as Direct Linear Solver

No. of Data Rows : 6
voa = 2.2866069690e-04
ddc = -2.160172090e-08
dde = 2.1343091858e-08
Reset re-loads circuit * comparator-offset-mc @ fs_125c_2.97v -- generated by sim/harness, do not edit

Circuit: * comparator-offset-mc @ fs_125c_2.97v -- generated by sim/harness, do not edit

Doing analysis at TEMP = 125.000000 and TNOM = 27.000000

Using SPARSE 1.3 as Direct Linear Solver

No. of Data Rows : 6
voa = -1.722152611e-03
ddc = 2.6785658893e-07
dde = -2.631623708e-07
Reset re-loads circuit * comparator-offset-mc @ fs_125c_2.97v -- generated by sim/harness, do not edit

Circuit: * comparator-offset-mc @ fs_125c_2.97v -- generated by sim/harness, do not edit

Doing analysis at TEMP = 125.000000 and TNOM = 27.000000

Using SPARSE 1.3 as Direct Linear Solver
 Reference value :  0.00000e+00
No. of Data Rows : 6
voa = -5.934340277e-04
ddc = 7.3069331773e-08
dde = -7.209242989e-08
Reset re-loads circuit * comparator-offset-mc @ fs_125c_2.97v -- generated by sim/harness, do not edit

Circuit: * comparator-offset-mc @ fs_125c_2.97v -- generated by sim/harness, do not edit

Doing analysis at TEMP = 125.000000 and TNOM = 27.000000

Using SPARSE 1.3 as Direct Linear Solver

No. of Data Rows : 6
voa = 9.6259748264e-04
ddc = -1.599448013e-07
dde = 1.5717388171e-07
Reset re-loads circuit * comparator-offset-mc @ fs_125c_2.97v -- generated by sim/harness, do not edit

Circuit: * comparator-offset-mc @ fs_125c_2.97v -- generated by sim/harness, do not edit

Doing analysis at TEMP = 125.000000 and TNOM = 27.000000

Using SPARSE 1.3 as Direct Linear Solver

No. of Data Rows : 6
voa = 1.4038413315e-03
ddc = -2.013435376e-07
dde = 1.9804503576e-07
Reset re-loads circuit * comparator-offset-mc @ fs_125c_2.97v -- generated by sim/harness, do not edit

Circuit: * comparator-offset-mc @ fs_125c_2.97v -- generated by sim/harness, do not edit

Doing analysis at TEMP = 125.000000 and TNOM = 27.000000

Using SPARSE 1.3 as Direct Linear Solver

No. of Data Rows : 6
voa = -1.369883630e-04
ddc = 2.6291215277e-08
dde = -2.578205630e-08
Reset re-loads circuit * comparator-offset-mc @ fs_125c_2.97v -- generated by sim/harness, do not edit

Circuit: * comparator-offset-mc @ fs_125c_2.97v -- generated by sim/harness, do not edit

Doing analysis at TEMP = 125.000000 and TNOM = 27.000000

Using SPARSE 1.3 as Direct Linear Solver

No. of Data Rows : 6
voa = -2.213804040e-04
ddc = 3.0610502189e-08
dde = -3.019679805e-08
Reset re-loads circuit * comparator-offset-mc @ fs_125c_2.97v -- generated by sim/harness, do not edit

Circuit: * comparator-offset-mc @ fs_125c_2.97v -- generated by sim/harness, do not edit

Doing analysis at TEMP = 125.000000 and TNOM = 27.000000

Using SPARSE 1.3 as Direct Linear Solver
 Reference value :  0.00000e+00
No. of Data Rows : 6
voa = 4.5310323348e-04
ddc = -6.933282770e-08
dde = 6.8137768670e-08
Reset re-loads circuit * comparator-offset-mc @ fs_125c_2.97v -- generated by sim/harness, do not edit

Circuit: * comparator-offset-mc @ fs_125c_2.97v -- generated by sim/harness, do not edit

Doing analysis at TEMP = 125.000000 and TNOM = 27.000000

Using SPARSE 1.3 as Direct Linear Solver

No. of Data Rows : 6
voa = 7.7069755881e-04
ddc = -1.122953785e-07
dde = 1.1046678444e-07
Reset re-loads circuit * comparator-offset-mc @ fs_125c_2.97v -- generated by sim/harness, do not edit

Circuit: * comparator-offset-mc @ fs_125c_2.97v -- generated by sim/harness, do not edit

Doing analysis at TEMP = 125.000000 and TNOM = 27.000000

Using SPARSE 1.3 as Direct Linear Solver

No. of Data Rows : 6
voa = -7.030249750e-04
ddc = 1.1425475235e-07
dde = -1.128948022e-07
Reset re-loads circuit * comparator-offset-mc @ fs_125c_2.97v -- generated by sim/harness, do not edit

Circuit: * comparator-offset-mc @ fs_125c_2.97v -- generated by sim/harness, do not edit

Doing analysis at TEMP = 125.000000 and TNOM = 27.000000

Using SPARSE 1.3 as Direct Linear Solver

No. of Data Rows : 6
voa = -7.330057730e-05
ddc = -1.045621034e-08
dde = 1.0128647791e-08
Reset re-loads circuit * comparator-offset-mc @ fs_125c_2.97v -- generated by sim/harness, do not edit

Circuit: * comparator-offset-mc @ fs_125c_2.97v -- generated by sim/harness, do not edit

Doing analysis at TEMP = 125.000000 and TNOM = 27.000000

Using SPARSE 1.3 as Direct Linear Solver

No. of Data Rows : 6
voa = -4.243708674e-05
ddc = 1.9099013969e-08
dde = -1.864497118e-08
Reset re-loads circuit * comparator-offset-mc @ fs_125c_2.97v -- generated by sim/harness, do not edit

Circuit: * comparator-offset-mc @ fs_125c_2.97v -- generated by sim/harness, do not edit

Doing analysis at TEMP = 125.000000 and TNOM = 27.000000

Using SPARSE 1.3 as Direct Linear Solver
 Reference value :  2.00000e-03
No. of Data Rows : 6
voa = -3.409582101e-04
ddc = 7.1774941052e-08
dde = -7.046870477e-08
Reset re-loads circuit * comparator-offset-mc @ fs_125c_2.97v -- generated by sim/harness, do not edit

Circuit: * comparator-offset-mc @ fs_125c_2.97v -- generated by sim/harness, do not edit

Doing analysis at TEMP = 125.000000 and TNOM = 27.000000

Using SPARSE 1.3 as Direct Linear Solver

No. of Data Rows : 6
voa = -2.290107988e-04
ddc = 3.5554937439e-08
dde = -3.488950622e-08
Reset re-loads circuit * comparator-offset-mc @ fs_125c_2.97v -- generated by sim/harness, do not edit

Circuit: * comparator-offset-mc @ fs_125c_2.97v -- generated by sim/harness, do not edit

Doing analysis at TEMP = 125.000000 and TNOM = 27.000000

Using SPARSE 1.3 as Direct Linear Solver

No. of Data Rows : 6
voa = -1.620778676e-03
ddc = 1.9369213469e-07
dde = -2.813336636e-07
Reset re-loads circuit * comparator-offset-mc @ fs_125c_2.97v -- generated by sim/harness, do not edit

Circuit: * comparator-offset-mc @ fs_125c_2.97v -- generated by sim/harness, do not edit

Doing analysis at TEMP = 125.000000 and TNOM = 27.000000

Using SPARSE 1.3 as Direct Linear Solver

No. of Data Rows : 6
voa = 1.0426518397e-03
ddc = -1.129638730e-07
dde = 1.3857816602e-07
Reset re-loads circuit * comparator-offset-mc @ fs_125c_2.97v -- generated by sim/harness, do not edit

Circuit: * comparator-offset-mc @ fs_125c_2.97v -- generated by sim/harness, do not edit

Doing analysis at TEMP = 125.000000 and TNOM = 27.000000

Using SPARSE 1.3 as Direct Linear Solver

No. of Data Rows : 6
voa = 1.2881669703e-03
ddc = -1.780722822e-07
dde = 1.7526227460e-07
Reset re-loads circuit * comparator-offset-mc @ fs_125c_2.97v -- generated by sim/harness, do not edit

Circuit: * comparator-offset-mc @ fs_125c_2.97v -- generated by sim/harness, do not edit

Doing analysis at TEMP = 125.000000 and TNOM = 27.000000

Using SPARSE 1.3 as Direct Linear Solver

No. of Data Rows : 6
voa = 2.0804588740e-04
ddc = -4.069091858e-08
dde = 3.9818899586e-08
Reset re-loads circuit * comparator-offset-mc @ fs_125c_2.97v -- generated by sim/harness, do not edit

Circuit: * comparator-offset-mc @ fs_125c_2.97v -- generated by sim/harness, do not edit

Doing analysis at TEMP = 125.000000 and TNOM = 27.000000

Using SPARSE 1.3 as Direct Linear Solver

No. of Data Rows : 6
voa = -4.661276009e-04
ddc = 8.3302728740e-08
dde = -8.507966848e-08
Reset re-loads circuit * comparator-offset-mc @ fs_125c_2.97v -- generated by sim/harness, do not edit

Circuit: * comparator-offset-mc @ fs_125c_2.97v -- generated by sim/harness, do not edit

Doing analysis at TEMP = 125.000000 and TNOM = 27.000000

Using SPARSE 1.3 as Direct Linear Solver

No. of Data Rows : 6
voa = 1.1244279596e-03
ddc = -1.788014144e-07
dde = 1.7575414741e-07
Reset re-loads circuit * comparator-offset-mc @ fs_125c_2.97v -- generated by sim/harness, do not edit

Circuit: * comparator-offset-mc @ fs_125c_2.97v -- generated by sim/harness, do not edit

Doing analysis at TEMP = 125.000000 and TNOM = 27.000000

Using SPARSE 1.3 as Direct Linear Solver
 Reference value :  0.00000e+00
No. of Data Rows : 6
voa = 4.0634676922e-04
ddc = -7.239989435e-08
dde = 7.1152089938e-08
Reset re-loads circuit * comparator-offset-mc @ fs_125c_2.97v -- generated by sim/harness, do not edit

Circuit: * comparator-offset-mc @ fs_125c_2.97v -- generated by sim/harness, do not edit

Doing analysis at TEMP = 125.000000 and TNOM = 27.000000

Using SPARSE 1.3 as Direct Linear Solver

No. of Data Rows : 6
voa = 2.4982053735e-04
ddc = -3.041103381e-08
dde = 3.0150424433e-08
Reset re-loads circuit * comparator-offset-mc @ fs_125c_2.97v -- generated by sim/harness, do not edit

Circuit: * comparator-offset-mc @ fs_125c_2.97v -- generated by sim/harness, do not edit

Doing analysis at TEMP = 125.000000 and TNOM = 27.000000

Using SPARSE 1.3 as Direct Linear Solver

No. of Data Rows : 6
voa = -6.727197680e-04
ddc = 9.2027127886e-08
dde = -9.077061172e-08
Reset re-loads circuit * comparator-offset-mc @ fs_125c_2.97v -- generated by sim/harness, do not edit

Circuit: * comparator-offset-mc @ fs_125c_2.97v -- generated by sim/harness, do not edit

Doing analysis at TEMP = 125.000000 and TNOM = 27.000000

Using SPARSE 1.3 as Direct Linear Solver

No. of Data Rows : 6
voa = -1.880612865e-03
ddc = 2.9555240843e-07
dde = -2.905598497e-07
Reset re-loads circuit * comparator-offset-mc @ fs_125c_2.97v -- generated by sim/harness, do not edit

Circuit: * comparator-offset-mc @ fs_125c_2.97v -- generated by sim/harness, do not edit

Doing analysis at TEMP = 125.000000 and TNOM = 27.000000

Using SPARSE 1.3 as Direct Linear Solver

No. of Data Rows : 6
voa = -2.151309605e-04
ddc = 3.0852261854e-08
dde = -3.026722608e-08
Reset re-loads circuit * comparator-offset-mc @ fs_125c_2.97v -- generated by sim/harness, do not edit

Circuit: * comparator-offset-mc @ fs_125c_2.97v -- generated by sim/harness, do not edit

Doing analysis at TEMP = 125.000000 and TNOM = 27.000000

Using SPARSE 1.3 as Direct Linear Solver

No. of Data Rows : 6
voa = 5.5272988980e-05
ddc = 2.7279471955e-08
dde = -2.640629214e-08
Reset re-loads circuit * comparator-offset-mc @ fs_125c_2.97v -- generated by sim/harness, do not edit

Circuit: * comparator-offset-mc @ fs_125c_2.97v -- generated by sim/harness, do not edit

Doing analysis at TEMP = 125.000000 and TNOM = 27.000000

Using SPARSE 1.3 as Direct Linear Solver

No. of Data Rows : 6
voa = -8.616934055e-04
ddc = 1.3650063979e-07
dde = -1.358121445e-07
Reset re-loads circuit * comparator-offset-mc @ fs_125c_2.97v -- generated by sim/harness, do not edit

Circuit: * comparator-offset-mc @ fs_125c_2.97v -- generated by sim/harness, do not edit

Doing analysis at TEMP = 125.000000 and TNOM = 27.000000

Using SPARSE 1.3 as Direct Linear Solver

No. of Data Rows : 6
voa = -8.438098908e-04
ddc = 1.4032010128e-07
dde = -1.377727041e-07
Reset re-loads circuit * comparator-offset-mc @ fs_125c_2.97v -- generated by sim/harness, do not edit

Circuit: * comparator-offset-mc @ fs_125c_2.97v -- generated by sim/harness, do not edit

Doing analysis at TEMP = 125.000000 and TNOM = 27.000000

Using SPARSE 1.3 as Direct Linear Solver
 Reference value :  2.00000e-03
No. of Data Rows : 6
voa = 1.3100064003e-03
ddc = -1.988081698e-07
dde = 1.9551471358e-07
Reset re-loads circuit * comparator-offset-mc @ fs_125c_2.97v -- generated by sim/harness, do not edit

Circuit: * comparator-offset-mc @ fs_125c_2.97v -- generated by sim/harness, do not edit

Doing analysis at TEMP = 125.000000 and TNOM = 27.000000

Using SPARSE 1.3 as Direct Linear Solver

No. of Data Rows : 6
voa = -8.086232048e-04
ddc = 1.2604312945e-07
dde = -1.242252395e-07
Reset re-loads circuit * comparator-offset-mc @ fs_125c_2.97v -- generated by sim/harness, do not edit

Circuit: * comparator-offset-mc @ fs_125c_2.97v -- generated by sim/harness, do not edit

Doing analysis at TEMP = 125.000000 and TNOM = 27.000000

Using SPARSE 1.3 as Direct Linear Solver

No. of Data Rows : 6
voa = 5.1342948795e-04
ddc = -4.934430099e-08
dde = 4.9294792789e-08
Reset re-loads circuit * comparator-offset-mc @ fs_125c_2.97v -- generated by sim/harness, do not edit

Circuit: * comparator-offset-mc @ fs_125c_2.97v -- generated by sim/harness, do not edit

Doing analysis at TEMP = 125.000000 and TNOM = 27.000000

Using SPARSE 1.3 as Direct Linear Solver

No. of Data Rows : 6
voa = -4.540700835e-04
ddc = 6.3821125515e-08
dde = -7.694406858e-08
Reset re-loads circuit * comparator-offset-mc @ fs_125c_2.97v -- generated by sim/harness, do not edit

Circuit: * comparator-offset-mc @ fs_125c_2.97v -- generated by sim/harness, do not edit

Doing analysis at TEMP = 125.000000 and TNOM = 27.000000

Using SPARSE 1.3 as Direct Linear Solver

No. of Data Rows : 6
voa = -2.035123194e-03
ddc = 3.2280247859e-07
dde = -3.173861278e-07
Reset re-loads circuit * comparator-offset-mc @ fs_125c_2.97v -- generated by sim/harness, do not edit

Circuit: * comparator-offset-mc @ fs_125c_2.97v -- generated by sim/harness, do not edit

Doing analysis at TEMP = 125.000000 and TNOM = 27.000000

Using SPARSE 1.3 as Direct Linear Solver
 Reference value :  2.00000e-03
No. of Data Rows : 6
voa = -8.603542788e-04
ddc = 1.4389265034e-07
dde = -1.416283066e-07
Reset re-loads circuit * comparator-offset-mc @ fs_125c_2.97v -- generated by sim/harness, do not edit

Circuit: * comparator-offset-mc @ fs_125c_2.97v -- generated by sim/harness, do not edit

Doing analysis at TEMP = 125.000000 and TNOM = 27.000000

Using SPARSE 1.3 as Direct Linear Solver

No. of Data Rows : 6
voa = 8.5407894838e-04
ddc = -1.235522423e-07
dde = 1.2167542812e-07
Reset re-loads circuit * comparator-offset-mc @ fs_125c_2.97v -- generated by sim/harness, do not edit

Circuit: * comparator-offset-mc @ fs_125c_2.97v -- generated by sim/harness, do not edit

Doing analysis at TEMP = 125.000000 and TNOM = 27.000000

Using SPARSE 1.3 as Direct Linear Solver

No. of Data Rows : 6
voa = -7.455656507e-04
ddc = 8.2876348144e-08
dde = -8.173767399e-08
Reset re-loads circuit * comparator-offset-mc @ fs_125c_2.97v -- generated by sim/harness, do not edit

Circuit: * comparator-offset-mc @ fs_125c_2.97v -- generated by sim/harness, do not edit

Doing analysis at TEMP = 125.000000 and TNOM = 27.000000

Using SPARSE 1.3 as Direct Linear Solver

No. of Data Rows : 6
voa = -4.614470472e-04
ddc = 1.0123417239e-07
dde = -9.908427395e-08
Reset re-loads circuit * comparator-offset-mc @ fs_125c_2.97v -- generated by sim/harness, do not edit

Circuit: * comparator-offset-mc @ fs_125c_2.97v -- generated by sim/harness, do not edit

Doing analysis at TEMP = 125.000000 and TNOM = 27.000000

Using SPARSE 1.3 as Direct Linear Solver

No. of Data Rows : 6
voa = -1.877474205e-04
ddc = 3.5084907475e-08
dde = -3.441945859e-08
Reset re-loads circuit * comparator-offset-mc @ fs_125c_2.97v -- generated by sim/harness, do not edit

Circuit: * comparator-offset-mc @ fs_125c_2.97v -- generated by sim/harness, do not edit

Doing analysis at TEMP = 125.000000 and TNOM = 27.000000

Using SPARSE 1.3 as Direct Linear Solver
 Reference value :  0.00000e+00
No. of Data Rows : 6
voa = 5.0649023689e-04
ddc = -7.866988063e-08
dde = 7.7752598497e-08
Reset re-loads circuit * comparator-offset-mc @ fs_125c_2.97v -- generated by sim/harness, do not edit

Circuit: * comparator-offset-mc @ fs_125c_2.97v -- generated by sim/harness, do not edit

Doing analysis at TEMP = 125.000000 and TNOM = 27.000000

Using SPARSE 1.3 as Direct Linear Solver

No. of Data Rows : 6
voa = 5.4752593803e-04
ddc = -8.979026711e-08
dde = 8.8326000176e-08
Reset re-loads circuit * comparator-offset-mc @ fs_125c_2.97v -- generated by sim/harness, do not edit

Circuit: * comparator-offset-mc @ fs_125c_2.97v -- generated by sim/harness, do not edit

Doing analysis at TEMP = 125.000000 and TNOM = 27.000000

Using SPARSE 1.3 as Direct Linear Solver

No. of Data Rows : 6
voa = 7.3658602215e-04
ddc = -1.116628055e-07
dde = 1.0974597999e-07
Reset re-loads circuit * comparator-offset-mc @ fs_125c_2.97v -- generated by sim/harness, do not edit

Circuit: * comparator-offset-mc @ fs_125c_2.97v -- generated by sim/harness, do not edit

Doing analysis at TEMP = 125.000000 and TNOM = 27.000000

Using SPARSE 1.3 as Direct Linear Solver

No. of Data Rows : 6
voa = -1.379317042e-03
ddc = 2.1203173384e-07
dde = -2.086198516e-07
Reset re-loads circuit * comparator-offset-mc @ fs_125c_2.97v -- generated by sim/harness, do not edit

Circuit: * comparator-offset-mc @ fs_125c_2.97v -- generated by sim/harness, do not edit

Doing analysis at TEMP = 125.000000 and TNOM = 27.000000

Using SPARSE 1.3 as Direct Linear Solver

No. of Data Rows : 6
voa = -1.251222028e-03
ddc = 1.9547147698e-07
dde = -1.936191446e-07
Reset re-loads circuit * comparator-offset-mc @ fs_125c_2.97v -- generated by sim/harness, do not edit

Circuit: * comparator-offset-mc @ fs_125c_2.97v -- generated by sim/harness, do not edit

Doing analysis at TEMP = 125.000000 and TNOM = 27.000000

Using SPARSE 1.3 as Direct Linear Solver

No. of Data Rows : 6
voa = 1.1420387782e-04
ddc = -7.006690884e-09
dde = 6.9581688090e-09
Reset re-loads circuit * comparator-offset-mc @ fs_125c_2.97v -- generated by sim/harness, do not edit

Circuit: * comparator-offset-mc @ fs_125c_2.97v -- generated by sim/harness, do not edit

Doing analysis at TEMP = 125.000000 and TNOM = 27.000000

Using SPARSE 1.3 as Direct Linear Solver
 Reference value :  0.00000e+00
No. of Data Rows : 6
voa = 7.3849301819e-04
ddc = -1.330073758e-07
dde = 1.3053253475e-07
Reset re-loads circuit * comparator-offset-mc @ fs_125c_2.97v -- generated by sim/harness, do not edit

Circuit: * comparator-offset-mc @ fs_125c_2.97v -- generated by sim/harness, do not edit

Doing analysis at TEMP = 125.000000 and TNOM = 27.000000

Using SPARSE 1.3 as Direct Linear Solver

No. of Data Rows : 6
voa = -5.086129217e-04
ddc = 8.0973781798e-08
dde = -7.993253609e-08
Reset re-loads circuit * comparator-offset-mc @ fs_125c_2.97v -- generated by sim/harness, do not edit

Circuit: * comparator-offset-mc @ fs_125c_2.97v -- generated by sim/harness, do not edit

Doing analysis at TEMP = 125.000000 and TNOM = 27.000000

Using SPARSE 1.3 as Direct Linear Solver

No. of Data Rows : 6
voa = 7.5589687900e-04
ddc = -9.854449950e-08
dde = 9.7056748840e-08
Reset re-loads circuit * comparator-offset-mc @ fs_125c_2.97v -- generated by sim/harness, do not edit

Circuit: * comparator-offset-mc @ fs_125c_2.97v -- generated by sim/harness, do not edit

Doing analysis at TEMP = 125.000000 and TNOM = 27.000000

Using SPARSE 1.3 as Direct Linear Solver

No. of Data Rows : 6
voa = 1.3556142325e-03
ddc = -2.032479720e-07
dde = 1.9993838335e-07
Reset re-loads circuit * comparator-offset-mc @ fs_125c_2.97v -- generated by sim/harness, do not edit

Circuit: * comparator-offset-mc @ fs_125c_2.97v -- generated by sim/harness, do not edit

Doing analysis at TEMP = 125.000000 and TNOM = 27.000000

Using SPARSE 1.3 as Direct Linear Solver

No. of Data Rows : 6
voa = -1.748437560e-04
ddc = 1.0110920643e-08
dde = -1.026645373e-08
Reset re-loads circuit * comparator-offset-mc @ fs_125c_2.97v -- generated by sim/harness, do not edit

Circuit: * comparator-offset-mc @ fs_125c_2.97v -- generated by sim/harness, do not edit

Doing analysis at TEMP = 125.000000 and TNOM = 27.000000

Using SPARSE 1.3 as Direct Linear Solver

No. of Data Rows : 6
voa = -1.095323061e-03
ddc = 1.6431526559e-07
dde = -1.613985897e-07
Reset re-loads circuit * comparator-offset-mc @ fs_125c_2.97v -- generated by sim/harness, do not edit

Circuit: * comparator-offset-mc @ fs_125c_2.97v -- generated by sim/harness, do not edit

Doing analysis at TEMP = 125.000000 and TNOM = 27.000000

Using SPARSE 1.3 as Direct Linear Solver

No. of Data Rows : 6
voa = -3.766107478e-04
ddc = 5.8041600045e-08
dde = -5.697959558e-08
Reset re-loads circuit * comparator-offset-mc @ fs_125c_2.97v -- generated by sim/harness, do not edit

Circuit: * comparator-offset-mc @ fs_125c_2.97v -- generated by sim/harness, do not edit

Doing analysis at TEMP = 125.000000 and TNOM = 27.000000

Using SPARSE 1.3 as Direct Linear Solver
 Reference value :  2.00000e-03
No. of Data Rows : 6
voa = 2.5383779504e-03
ddc = -4.047112090e-07
dde = 3.9772501798e-07
Reset re-loads circuit * comparator-offset-mc @ fs_125c_2.97v -- generated by sim/harness, do not edit

Circuit: * comparator-offset-mc @ fs_125c_2.97v -- generated by sim/harness, do not edit

Doing analysis at TEMP = 125.000000 and TNOM = 27.000000

Using SPARSE 1.3 as Direct Linear Solver

No. of Data Rows : 6
voa = 1.6882905561e-04
ddc = -7.032562416e-09
dde = 7.0750700659e-09
Reset re-loads circuit * comparator-offset-mc @ fs_125c_2.97v -- generated by sim/harness, do not edit

Circuit: * comparator-offset-mc @ fs_125c_2.97v -- generated by sim/harness, do not edit

Doing analysis at TEMP = 125.000000 and TNOM = 27.000000

Using SPARSE 1.3 as Direct Linear Solver

No. of Data Rows : 6
voa = 6.4411230549e-04
ddc = -1.118220055e-07
dde = 1.0989413733e-07
Reset re-loads circuit * comparator-offset-mc @ fs_125c_2.97v -- generated by sim/harness, do not edit

Circuit: * comparator-offset-mc @ fs_125c_2.97v -- generated by sim/harness, do not edit

Doing analysis at TEMP = 125.000000 and TNOM = 27.000000

Using SPARSE 1.3 as Direct Linear Solver

No. of Data Rows : 6
voa = -1.233418970e-03
ddc = 1.9276615250e-07
dde = -1.895348396e-07
Reset re-loads circuit * comparator-offset-mc @ fs_125c_2.97v -- generated by sim/harness, do not edit

Circuit: * comparator-offset-mc @ fs_125c_2.97v -- generated by sim/harness, do not edit

Doing analysis at TEMP = 125.000000 and TNOM = 27.000000

Using SPARSE 1.3 as Direct Linear Solver

No. of Data Rows : 6
voa = -3.171374727e-04
ddc = 6.5442319830e-08
dde = -6.411982148e-08
Reset re-loads circuit * comparator-offset-mc @ fs_125c_2.97v -- generated by sim/harness, do not edit

Circuit: * comparator-offset-mc @ fs_125c_2.97v -- generated by sim/harness, do not edit

Doing analysis at TEMP = 125.000000 and TNOM = 27.000000

Using SPARSE 1.3 as Direct Linear Solver

No. of Data Rows : 6
voa = -7.817534887e-04
ddc = 1.2221691383e-07
dde = -1.203942973e-07
Reset re-loads circuit * comparator-offset-mc @ fs_125c_2.97v -- generated by sim/harness, do not edit

Circuit: * comparator-offset-mc @ fs_125c_2.97v -- generated by sim/harness, do not edit

Doing analysis at TEMP = 125.000000 and TNOM = 27.000000

Using SPARSE 1.3 as Direct Linear Solver
 Reference value :  0.00000e+00
No. of Data Rows : 6
voa = -1.294747779e-03
ddc = 1.9632484382e-07
dde = -1.934269972e-07
Reset re-loads circuit * comparator-offset-mc @ fs_125c_2.97v -- generated by sim/harness, do not edit

Circuit: * comparator-offset-mc @ fs_125c_2.97v -- generated by sim/harness, do not edit

Doing analysis at TEMP = 125.000000 and TNOM = 27.000000

Using SPARSE 1.3 as Direct Linear Solver

No. of Data Rows : 6
voa = 1.4131960112e-03
ddc = -2.211593575e-07
dde = 2.1745681922e-07
Reset re-loads circuit * comparator-offset-mc @ fs_125c_2.97v -- generated by sim/harness, do not edit

Circuit: * comparator-offset-mc @ fs_125c_2.97v -- generated by sim/harness, do not edit

Doing analysis at TEMP = 125.000000 and TNOM = 27.000000

Using SPARSE 1.3 as Direct Linear Solver

No. of Data Rows : 6
voa = 8.6959203807e-04
ddc = -1.274775510e-07
dde = 1.2540033906e-07
Reset re-loads circuit * comparator-offset-mc @ fs_125c_2.97v -- generated by sim/harness, do not edit

Circuit: * comparator-offset-mc @ fs_125c_2.97v -- generated by sim/harness, do not edit

Doing analysis at TEMP = 125.000000 and TNOM = 27.000000

Using SPARSE 1.3 as Direct Linear Solver

No. of Data Rows : 6
voa = 4.4767231974e-05
ddc = -2.031321714e-08
dde = 1.9833995708e-08
Reset re-loads circuit * comparator-offset-mc @ fs_125c_2.97v -- generated by sim/harness, do not edit

Circuit: * comparator-offset-mc @ fs_125c_2.97v -- generated by sim/harness, do not edit

Doing analysis at TEMP = 125.000000 and TNOM = 27.000000

Using SPARSE 1.3 as Direct Linear Solver

No. of Data Rows : 6
voa = 7.8505212817e-04
ddc = -1.241522691e-07
dde = 1.2189667204e-07
Reset re-loads circuit * comparator-offset-mc @ fs_125c_2.97v -- generated by sim/harness, do not edit

Circuit: * comparator-offset-mc @ fs_125c_2.97v -- generated by sim/harness, do not edit

Doing analysis at TEMP = 125.000000 and TNOM = 27.000000

Using SPARSE 1.3 as Direct Linear Solver
 Reference value :  2.00000e-03
No. of Data Rows : 6
voa = -2.327172719e-06
ddc = -2.502750995e-09
dde = 2.3928791164e-09
Reset re-loads circuit * comparator-offset-mc @ fs_125c_2.97v -- generated by sim/harness, do not edit

Circuit: * comparator-offset-mc @ fs_125c_2.97v -- generated by sim/harness, do not edit

Doing analysis at TEMP = 125.000000 and TNOM = 27.000000

Using SPARSE 1.3 as Direct Linear Solver

No. of Data Rows : 6
voa = 9.0473305301e-04
ddc = -1.271508346e-07
dde = 1.2513864794e-07
Reset re-loads circuit * comparator-offset-mc @ fs_125c_2.97v -- generated by sim/harness, do not edit

Circuit: * comparator-offset-mc @ fs_125c_2.97v -- generated by sim/harness, do not edit

Doing analysis at TEMP = 125.000000 and TNOM = 27.000000

Using SPARSE 1.3 as Direct Linear Solver

No. of Data Rows : 6
voa = 3.8524786403e-04
ddc = -5.359703726e-08
dde = 5.2717266600e-08
Reset re-loads circuit * comparator-offset-mc @ fs_125c_2.97v -- generated by sim/harness, do not edit

Circuit: * comparator-offset-mc @ fs_125c_2.97v -- generated by sim/harness, do not edit

Doing analysis at TEMP = 125.000000 and TNOM = 27.000000

Using SPARSE 1.3 as Direct Linear Solver

No. of Data Rows : 6
voa = 1.7918707198e-03
ddc = -2.587294923e-07
dde = 2.5450540368e-07
Reset re-loads circuit * comparator-offset-mc @ fs_125c_2.97v -- generated by sim/harness, do not edit

Circuit: * comparator-offset-mc @ fs_125c_2.97v -- generated by sim/harness, do not edit

Doing analysis at TEMP = 125.000000 and TNOM = 27.000000

Using SPARSE 1.3 as Direct Linear Solver
 Reference value :  2.00000e-03
No. of Data Rows : 6
voa = -3.840747296e-04
ddc = 8.7170176335e-08
dde = -8.546064720e-08
Reset re-loads circuit * comparator-offset-mc @ fs_125c_2.97v -- generated by sim/harness, do not edit

Circuit: * comparator-offset-mc @ fs_125c_2.97v -- generated by sim/harness, do not edit

Doing analysis at TEMP = 125.000000 and TNOM = 27.000000

Using SPARSE 1.3 as Direct Linear Solver

No. of Data Rows : 6
voa = 3.7479201034e-04
ddc = -4.499178763e-08
dde = 4.5035855402e-08
Reset re-loads circuit * comparator-offset-mc @ fs_125c_2.97v -- generated by sim/harness, do not edit

Circuit: * comparator-offset-mc @ fs_125c_2.97v -- generated by sim/harness, do not edit

Doing analysis at TEMP = 125.000000 and TNOM = 27.000000

Using SPARSE 1.3 as Direct Linear Solver

No. of Data Rows : 6
voa = -5.142308666e-04
ddc = 7.4062707548e-08
dde = -7.290857871e-08
Reset re-loads circuit * comparator-offset-mc @ fs_125c_2.97v -- generated by sim/harness, do not edit

Circuit: * comparator-offset-mc @ fs_125c_2.97v -- generated by sim/harness, do not edit

Doing analysis at TEMP = 125.000000 and TNOM = 27.000000

Using SPARSE 1.3 as Direct Linear Solver

No. of Data Rows : 6
voa = 3.2956399298e-04
ddc = -5.865484550e-08
dde = 5.7675934172e-08
Reset re-loads circuit * comparator-offset-mc @ fs_125c_2.97v -- generated by sim/harness, do not edit

Circuit: * comparator-offset-mc @ fs_125c_2.97v -- generated by sim/harness, do not edit

Doing analysis at TEMP = 125.000000 and TNOM = 27.000000

Using SPARSE 1.3 as Direct Linear Solver

No. of Data Rows : 6
voa = -6.775132459e-05
ddc = 2.4433440177e-08
dde = -2.380070606e-08
Reset re-loads circuit * comparator-offset-mc @ fs_125c_2.97v -- generated by sim/harness, do not edit

Circuit: * comparator-offset-mc @ fs_125c_2.97v -- generated by sim/harness, do not edit

Doing analysis at TEMP = 125.000000 and TNOM = 27.000000

Using SPARSE 1.3 as Direct Linear Solver
 Reference value :  0.00000e+00
No. of Data Rows : 6
voa = -2.151172520e-04
ddc = 2.6229124246e-08
dde = -2.581763684e-08
Reset re-loads circuit * comparator-offset-mc @ fs_125c_2.97v -- generated by sim/harness, do not edit

Circuit: * comparator-offset-mc @ fs_125c_2.97v -- generated by sim/harness, do not edit

Doing analysis at TEMP = 125.000000 and TNOM = 27.000000

Using SPARSE 1.3 as Direct Linear Solver

No. of Data Rows : 6
voa = 1.2491798931e-03
ddc = -1.985992817e-07
dde = 1.9516528196e-07
m_n_samples = 2.0000000000e+02
m_sig_vos_mv = 9.3426071183e-01
m_vos_3sig_mv = 2.8027821355e+00
m_mean_vos_uv = 7.1255015153e+01
m_mean_vos_sem = 1.0786047999e+00
m_sig_dvos_dn_uv = 1.4119770179e-01
m_sig_dvos_up_uv = 1.4040955070e-01
m_mean_dvos_dn_uv = -8.441670335e-03
m_mean_dvos_up_uv = 7.5611652651e-03
m_av_mean = 1.4115182158e+01
m_av_sigma_pct = 4.3465134667e-01
m_sig_rpair_uv = 0.0000000000e+00
m_vbias_anchor_mv = 8.9953004774e+02
Note: Simulation executed from .control section 

Warning: m=xx on .subckt line will override multiplier m hierarchy!

Note: Starting dynamic gmin stepping
Note: Dynamic gmin stepping completed
Note: Starting dynamic gmin stepping
Note: Dynamic gmin stepping completed
Note: Starting dynamic gmin stepping
Note: Dynamic gmin stepping completed
Note: Starting dynamic gmin stepping
Note: Dynamic gmin stepping completed
Note: Starting dynamic gmin stepping
Note: Dynamic gmin stepping completed
Note: Starting dynamic gmin stepping
Note: Dynamic gmin stepping completed
Note: Starting dynamic gmin stepping
Note: Dynamic gmin stepping completed
Note: Starting dynamic gmin stepping
Note: Dynamic gmin stepping completed
Note: Starting dynamic gmin stepping
Note: Dynamic gmin stepping completed
Note: Starting dynamic gmin stepping
Note: Dynamic gmin stepping completed
Note: Starting dynamic gmin stepping
Note: Dynamic gmin stepping completed
Note: Starting dynamic gmin stepping
Note: Dynamic gmin stepping completed
Note: Starting dynamic gmin stepping
Note: Dynamic gmin stepping completed
Note: Starting dynamic gmin stepping
Note: Dynamic gmin stepping completed
Note: Starting dynamic gmin stepping
Note: Dynamic gmin stepping completed
Note: Starting dynamic gmin stepping
Note: Dynamic gmin stepping completed
Note: Starting dynamic gmin stepping
Note: Dynamic gmin stepping completed
Note: Starting dynamic gmin stepping
Note: Dynamic gmin stepping completed
Note: Starting dynamic gmin stepping
Note: Dynamic gmin stepping completed
Note: Starting dynamic gmin stepping
Note: Dynamic gmin stepping completed
Note: Starting dynamic gmin stepping
Note: Dynamic gmin stepping completed
Note: Starting dynamic gmin stepping
Note: Dynamic gmin stepping completed
Note: Starting dynamic gmin stepping
Note: Dynamic gmin stepping completed
Note: Starting dynamic gmin stepping
Note: Dynamic gmin stepping completed
Note: Starting dynamic gmin stepping
Note: Dynamic gmin stepping completed
Note: Starting dynamic gmin stepping
Note: Dynamic gmin stepping completed
Note: Starting dynamic gmin stepping
Note: Dynamic gmin stepping completed
Note: Starting dynamic gmin stepping
Note: Dynamic gmin stepping completed
Note: Starting dynamic gmin stepping
Note: Dynamic gmin stepping completed
Note: Starting dynamic gmin stepping
Note: Dynamic gmin stepping completed
Note: Starting dynamic gmin stepping
Note: Dynamic gmin stepping completed
Note: Starting dynamic gmin stepping
Note: Dynamic gmin stepping completed
Note: Starting dynamic gmin stepping
Note: Dynamic gmin stepping completed
Note: Starting dynamic gmin stepping
Note: Dynamic gmin stepping completed
Note: Starting dynamic gmin stepping
Note: Dynamic gmin stepping completed
Note: Starting dynamic gmin stepping
Note: Dynamic gmin stepping completed
Note: Starting dynamic gmin stepping
Note: Dynamic gmin stepping completed
Note: Starting dynamic gmin stepping
Note: Dynamic gmin stepping completed
Note: Starting dynamic gmin stepping
Note: Dynamic gmin stepping completed
Note: Starting dynamic gmin stepping
Note: Dynamic gmin stepping completed
Note: Starting dynamic gmin stepping
Note: Dynamic gmin stepping completed
Note: Starting dynamic gmin stepping
Note: Dynamic gmin stepping completed
Note: Starting dynamic gmin stepping
Note: Dynamic gmin stepping completed
Note: Starting dynamic gmin stepping
Note: Dynamic gmin stepping completed
Note: Starting dynamic gmin stepping
Note: Dynamic gmin stepping completed
Note: Starting dynamic gmin stepping
Note: Dynamic gmin stepping completed
Note: Starting dynamic gmin stepping
Note: Dynamic gmin stepping completed
Note: Starting dynamic gmin stepping
Note: Dynamic gmin stepping completed
Note: Starting dynamic gmin stepping
Note: Dynamic gmin stepping completed
Note: Starting dynamic gmin stepping
Note: Dynamic gmin stepping completed
Note: Starting dynamic gmin stepping
Note: Dynamic gmin stepping completed
Note: Starting dynamic gmin stepping
Note: Dynamic gmin stepping completed
Note: Starting dynamic gmin stepping
Note: Dynamic gmin stepping completed
Note: Starting dynamic gmin stepping
Note: Dynamic gmin stepping completed
Note: Starting dynamic gmin stepping
Note: Dynamic gmin stepping completed
Note: Starting dynamic gmin stepping
Note: Dynamic gmin stepping completed
Note: Starting dynamic gmin stepping
Note: Dynamic gmin stepping completed
Note: Starting dynamic gmin stepping
Note: Dynamic gmin stepping completed
Note: Starting dynamic gmin stepping
Note: Dynamic gmin stepping completed
Note: Starting dynamic gmin stepping
Note: Dynamic gmin stepping completed
Note: Starting dynamic gmin stepping
Note: Dynamic gmin stepping completed
Note: Starting dynamic gmin stepping
Note: Dynamic gmin stepping completed
Note: Starting dynamic gmin stepping
Note: Dynamic gmin stepping completed
Note: Starting dynamic gmin stepping
Note: Dynamic gmin stepping completed
Note: Starting dynamic gmin stepping
Note: Dynamic gmin stepping completed
Note: Starting dynamic gmin stepping
Note: Dynamic gmin stepping completed
Note: Starting dynamic gmin stepping
Note: Dynamic gmin stepping completed
Note: Starting dynamic gmin stepping
Note: Dynamic gmin stepping completed
Note: Starting dynamic gmin stepping
Note: Dynamic gmin stepping completed
Note: Starting dynamic gmin stepping
Note: Dynamic gmin stepping completed
Note: Starting dynamic gmin stepping
Note: Dynamic gmin stepping completed
Note: Starting dynamic gmin stepping
Note: Dynamic gmin stepping completed
Note: Starting dynamic gmin stepping
Note: Dynamic gmin stepping completed
Note: Starting dynamic gmin stepping
Note: Dynamic gmin stepping completed
Note: Starting dynamic gmin stepping
Note: Dynamic gmin stepping completed
Note: Starting dynamic gmin stepping
Note: Dynamic gmin stepping completed
Note: Starting dynamic gmin stepping
Note: Dynamic gmin stepping completed
Note: Starting dynamic gmin stepping
Note: Dynamic gmin stepping completed
Note: Starting dynamic gmin stepping
Note: Dynamic gmin stepping completed
Note: Starting dynamic gmin stepping
Note: Dynamic gmin stepping completed
Note: Starting dynamic gmin stepping
Note: Dynamic gmin stepping completed
Note: Starting dynamic gmin stepping
Note: Dynamic gmin stepping completed
Note: Starting dynamic gmin stepping
Note: Dynamic gmin stepping completed
Note: Starting dynamic gmin stepping
Note: Dynamic gmin stepping completed
Note: Starting dynamic gmin stepping
Note: Dynamic gmin stepping completed
Note: Starting dynamic gmin stepping
Note: Dynamic gmin stepping completed
Note: Starting dynamic gmin stepping
Note: Dynamic gmin stepping completed
Note: Starting dynamic gmin stepping
Note: Dynamic gmin stepping completed
Note: Starting dynamic gmin stepping
Note: Dynamic gmin stepping completed
Note: Starting dynamic gmin stepping
Note: Dynamic gmin stepping completed
Note: Starting dynamic gmin stepping
Note: Dynamic gmin stepping completed
Note: Starting dynamic gmin stepping
Note: Dynamic gmin stepping completed
Note: Starting dynamic gmin stepping
Note: Dynamic gmin stepping completed
Note: Starting dynamic gmin stepping
Note: Dynamic gmin stepping completed
Note: Starting dynamic gmin stepping
Note: Dynamic gmin stepping completed
Note: Starting dynamic gmin stepping
Note: Dynamic gmin stepping completed
Note: Starting dynamic gmin stepping
Note: Dynamic gmin stepping completed
Note: Starting dynamic gmin stepping
Note: Dynamic gmin stepping completed
Note: Starting dynamic gmin stepping
Note: Dynamic gmin stepping completed
Note: Starting dynamic gmin stepping
Note: Dynamic gmin stepping completed
Note: Starting dynamic gmin stepping
Note: Dynamic gmin stepping completed
Note: Starting dynamic gmin stepping
Note: Dynamic gmin stepping completed
Note: Starting dynamic gmin stepping
Note: Dynamic gmin stepping completed
Note: Starting dynamic gmin stepping
Note: Dynamic gmin stepping completed
Note: Starting dynamic gmin stepping
Note: Dynamic gmin stepping completed
Note: Starting dynamic gmin stepping
Note: Dynamic gmin stepping completed
Note: Starting dynamic gmin stepping
Note: Dynamic gmin stepping completed
Note: Starting dynamic gmin stepping
Note: Dynamic gmin stepping completed
Note: Starting dynamic gmin stepping
Note: Dynamic gmin stepping completed
Note: Starting dynamic gmin stepping
Note: Dynamic gmin stepping completed
Note: Starting dynamic gmin stepping
Note: Dynamic gmin stepping completed
Note: Starting dynamic gmin stepping
Note: Dynamic gmin stepping completed
Note: Starting dynamic gmin stepping
Note: Dynamic gmin stepping completed
Note: Starting dynamic gmin stepping
Note: Dynamic gmin stepping completed
Note: Starting dynamic gmin stepping
Note: Dynamic gmin stepping completed
Note: Starting dynamic gmin stepping
Note: Dynamic gmin stepping completed
Note: Starting dynamic gmin stepping
Note: Dynamic gmin stepping completed
Note: Starting dynamic gmin stepping
Note: Dynamic gmin stepping completed
Note: Starting dynamic gmin stepping
Note: Dynamic gmin stepping completed
Note: Starting dynamic gmin stepping
Note: Dynamic gmin stepping completed
Note: Starting dynamic gmin stepping
Note: Dynamic gmin stepping completed
Note: Starting dynamic gmin stepping
Note: Dynamic gmin stepping completed
Note: Starting dynamic gmin stepping
Note: Dynamic gmin stepping completed
Note: Starting dynamic gmin stepping
Note: Dynamic gmin stepping completed
Note: Starting dynamic gmin stepping
Note: Dynamic gmin stepping completed
Note: Starting dynamic gmin stepping
Note: Dynamic gmin stepping completed
Note: Starting dynamic gmin stepping
Note: Dynamic gmin stepping completed
Note: Starting dynamic gmin stepping
Note: Dynamic gmin stepping completed
Note: Starting dynamic gmin stepping
Note: Dynamic gmin stepping completed
Note: Starting dynamic gmin stepping
Note: Dynamic gmin stepping completed
Note: Starting dynamic gmin stepping
Note: Dynamic gmin stepping completed
Note: Starting dynamic gmin stepping
Note: Dynamic gmin stepping completed
Note: Starting dynamic gmin stepping
Note: Dynamic gmin stepping completed
Note: Starting dynamic gmin stepping
Note: Dynamic gmin stepping completed
Note: Starting dynamic gmin stepping
Note: Dynamic gmin stepping completed
Note: Starting dynamic gmin stepping
Note: Dynamic gmin stepping completed
Note: Starting dynamic gmin stepping
Note: Dynamic gmin stepping completed
Note: Starting dynamic gmin stepping
Note: Dynamic gmin stepping completed
Note: Starting dynamic gmin stepping
Note: Dynamic gmin stepping completed
Note: Starting dynamic gmin stepping
Note: Dynamic gmin stepping completed
Note: Starting dynamic gmin stepping
Note: Dynamic gmin stepping completed
Note: Starting dynamic gmin stepping
Note: Dynamic gmin stepping completed
Note: Starting dynamic gmin stepping
Note: Dynamic gmin stepping completed
Note: Starting dynamic gmin stepping
Note: Dynamic gmin stepping completed
Note: Starting dynamic gmin stepping
Note: Dynamic gmin stepping completed
Note: Starting dynamic gmin stepping
Note: Dynamic gmin stepping completed
Note: Starting dynamic gmin stepping
Note: Dynamic gmin stepping completed
Note: Starting dynamic gmin stepping
Note: Dynamic gmin stepping completed
Note: Starting dynamic gmin stepping
Note: Dynamic gmin stepping completed
Note: Starting dynamic gmin stepping
Note: Dynamic gmin stepping completed
Note: Starting dynamic gmin stepping
Note: Dynamic gmin stepping completed
Note: Starting dynamic gmin stepping
Note: Dynamic gmin stepping completed
Note: Starting dynamic gmin stepping
Note: Dynamic gmin stepping completed
Note: Starting dynamic gmin stepping
Note: Dynamic gmin stepping completed
Note: Starting dynamic gmin stepping
Note: Dynamic gmin stepping completed
Note: Starting dynamic gmin stepping
Note: Dynamic gmin stepping completed
Note: Starting dynamic gmin stepping
Note: Dynamic gmin stepping completed
Note: Starting dynamic gmin stepping
Note: Dynamic gmin stepping completed
Note: Starting dynamic gmin stepping
Note: Dynamic gmin stepping completed
Note: Starting dynamic gmin stepping
Note: Dynamic gmin stepping completed
Note: Starting dynamic gmin stepping
Note: Dynamic gmin stepping completed
Note: Starting dynamic gmin stepping
Note: Dynamic gmin stepping completed
Note: Starting dynamic gmin stepping
Note: Dynamic gmin stepping completed
Note: Starting dynamic gmin stepping
Note: Dynamic gmin stepping completed
Note: Starting dynamic gmin stepping
Note: Dynamic gmin stepping completed
Note: Starting dynamic gmin stepping
Note: Dynamic gmin stepping completed
Note: Starting dynamic gmin stepping
Note: Dynamic gmin stepping completed
Note: Starting dynamic gmin stepping
Note: Dynamic gmin stepping completed
Note: Starting dynamic gmin stepping
Note: Dynamic gmin stepping completed
Note: Starting dynamic gmin stepping
Note: Dynamic gmin stepping completed
Note: Starting dynamic gmin stepping
Note: Dynamic gmin stepping completed
Note: Starting dynamic gmin stepping
Note: Dynamic gmin stepping completed
Note: Starting dynamic gmin stepping
Note: Dynamic gmin stepping completed
Note: Starting dynamic gmin stepping
Note: Dynamic gmin stepping completed
Note: Starting dynamic gmin stepping
Note: Dynamic gmin stepping completed
Note: Starting dynamic gmin stepping
Note: Dynamic gmin stepping completed
Note: Starting dynamic gmin stepping
Note: Dynamic gmin stepping completed
Note: Starting dynamic gmin stepping
Note: Dynamic gmin stepping completed
Note: Starting dynamic gmin stepping
Note: Dynamic gmin stepping completed
Note: Starting dynamic gmin stepping
Note: Dynamic gmin stepping completed
Note: Starting dynamic gmin stepping
Note: Dynamic gmin stepping completed
Note: Starting dynamic gmin stepping
Note: Dynamic gmin stepping completed
Note: Starting dynamic gmin stepping
Note: Dynamic gmin stepping completed
Note: Starting dynamic gmin stepping
Note: Dynamic gmin stepping completed
Note: Starting dynamic gmin stepping
Note: Dynamic gmin stepping completed
Note: Starting dynamic gmin stepping
Note: Dynamic gmin stepping completed
Note: Starting dynamic gmin stepping
Note: Dynamic gmin stepping completed
Note: Starting dynamic gmin stepping
Note: Dynamic gmin stepping completed
Note: Starting dynamic gmin stepping
Note: Dynamic gmin stepping completed
Note: Starting dynamic gmin stepping
Note: Dynamic gmin stepping completed
Note: Starting dynamic gmin stepping
Note: Dynamic gmin stepping completed
Note: Starting dynamic gmin stepping
Note: Dynamic gmin stepping completed
Note: Starting dynamic gmin stepping
Note: Dynamic gmin stepping completed
Note: Starting dynamic gmin stepping
Note: Dynamic gmin stepping completed
Note: Starting dynamic gmin stepping
Note: Dynamic gmin stepping completed
Note: Starting dynamic gmin stepping
Note: Dynamic gmin stepping completed
Note: Starting dynamic gmin stepping
Note: Dynamic gmin stepping completed
Note: Starting dynamic gmin stepping
Note: Dynamic gmin stepping completed
Note: Starting dynamic gmin stepping
Note: Dynamic gmin stepping completed
Note: Starting dynamic gmin stepping
Note: Dynamic gmin stepping completed
Note: Starting dynamic gmin stepping
Note: Dynamic gmin stepping completed
Note: Starting dynamic gmin stepping
Note: Dynamic gmin stepping completed
Note: Starting dynamic gmin stepping
Note: Dynamic gmin stepping completed
Note: Starting dynamic gmin stepping
Note: Dynamic gmin stepping completed
Note: Starting dynamic gmin stepping
Note: Dynamic gmin stepping completed
Note: Starting dynamic gmin stepping
Note: Dynamic gmin stepping completed
Note: Starting dynamic gmin stepping
Note: Dynamic gmin stepping completed
Note: Starting dynamic gmin stepping
Note: Dynamic gmin stepping completed
Note: Starting dynamic gmin stepping
Note: Dynamic gmin stepping completed
Note: Starting dynamic gmin stepping
Note: Dynamic gmin stepping completed
Note: Starting dynamic gmin stepping
Note: Dynamic gmin stepping completed
Note: Starting dynamic gmin stepping
Note: Dynamic gmin stepping completed
Note: Starting dynamic gmin stepping
Note: Dynamic gmin stepping completed
Note: Starting dynamic gmin stepping
Note: Dynamic gmin stepping completed
Note: Starting dynamic gmin stepping
Note: Dynamic gmin stepping completed
Note: Starting dynamic gmin stepping
Note: Dynamic gmin stepping completed
Note: Starting dynamic gmin stepping
Note: Dynamic gmin stepping completed
Note: Starting dynamic gmin stepping
Note: Dynamic gmin stepping completed
Note: Starting dynamic gmin stepping
Note: Dynamic gmin stepping completed
Note: Starting dynamic gmin stepping
Note: Dynamic gmin stepping completed
Note: Starting dynamic gmin stepping
Note: Dynamic gmin stepping completed
Note: Starting dynamic gmin stepping
Note: Dynamic gmin stepping completed
Note: Starting dynamic gmin stepping
Note: Dynamic gmin stepping completed
Note: Starting dynamic gmin stepping
Note: Dynamic gmin stepping completed
Note: Starting dynamic gmin stepping
Note: Dynamic gmin stepping completed
Note: Starting dynamic gmin stepping
Note: Dynamic gmin stepping completed
Note: Starting dynamic gmin stepping
Note: Dynamic gmin stepping completed
Note: Starting dynamic gmin stepping
Note: Dynamic gmin stepping completed
Note: Starting dynamic gmin stepping
Note: Dynamic gmin stepping completed
Note: Starting dynamic gmin stepping
Note: Dynamic gmin stepping completed
Note: Starting dynamic gmin stepping
Note: Dynamic gmin stepping completed
Note: Starting dynamic gmin stepping
Note: Dynamic gmin stepping completed
Note: Starting dynamic gmin stepping
Note: Dynamic gmin stepping completed
Note: Starting dynamic gmin stepping
Note: Dynamic gmin stepping completed
Note: Starting dynamic gmin stepping
Note: Dynamic gmin stepping completed
Note: Starting dynamic gmin stepping
Note: Dynamic gmin stepping completed
Note: Starting dynamic gmin stepping
Note: Dynamic gmin stepping completed
Note: Starting dynamic gmin stepping
Note: Dynamic gmin stepping completed
Note: Starting dynamic gmin stepping
Note: Dynamic gmin stepping completed
Note: Starting dynamic gmin stepping
Note: Dynamic gmin stepping completed
Note: Starting dynamic gmin stepping
Note: Dynamic gmin stepping completed
Note: Starting dynamic gmin stepping
Note: Dynamic gmin stepping completed
Note: Starting dynamic gmin stepping
Note: Dynamic gmin stepping completed
Note: Starting dynamic gmin stepping
Note: Dynamic gmin stepping completed
Note: Starting dynamic gmin stepping
Note: Dynamic gmin stepping completed
Note: Starting dynamic gmin stepping
Note: Dynamic gmin stepping completed
Note: Starting dynamic gmin stepping
Note: Dynamic gmin stepping completed
Note: Starting dynamic gmin stepping
Note: Dynamic gmin stepping completed
Note: Starting dynamic gmin stepping
Note: Dynamic gmin stepping completed
Note: Starting dynamic gmin stepping
Note: Dynamic gmin stepping completed
Note: Starting dynamic gmin stepping
Note: Dynamic gmin stepping completed
Note: Starting dynamic gmin stepping
Note: Dynamic gmin stepping completed
Note: Starting dynamic gmin stepping
Note: Dynamic gmin stepping completed
Note: Starting dynamic gmin stepping
Note: Dynamic gmin stepping completed
Note: Starting dynamic gmin stepping
Note: Dynamic gmin stepping completed
Note: Starting dynamic gmin stepping
Note: Dynamic gmin stepping completed
Note: Starting dynamic gmin stepping
Note: Dynamic gmin stepping completed
Note: Starting dynamic gmin stepping
Note: Dynamic gmin stepping completed
Note: Starting dynamic gmin stepping
Note: Dynamic gmin stepping completed
Note: Starting dynamic gmin stepping
Note: Dynamic gmin stepping completed
Note: Starting dynamic gmin stepping
Note: Dynamic gmin stepping completed
Note: Starting dynamic gmin stepping
Note: Dynamic gmin stepping completed
Note: Starting dynamic gmin stepping
Note: Dynamic gmin stepping completed
Note: Starting dynamic gmin stepping
Note: Dynamic gmin stepping completed
Note: Starting dynamic gmin stepping
Note: Dynamic gmin stepping completed
Note: Starting dynamic gmin stepping
Note: Dynamic gmin stepping completed
Note: Starting dynamic gmin stepping
Note: Dynamic gmin stepping completed
Note: Starting dynamic gmin stepping
Note: Dynamic gmin stepping completed
Note: Starting dynamic gmin stepping
Note: Dynamic gmin stepping completed
Note: Starting dynamic gmin stepping
Note: Dynamic gmin stepping completed
Note: Starting dynamic gmin stepping
Note: Dynamic gmin stepping completed
Note: Starting dynamic gmin stepping
Note: Dynamic gmin stepping completed
Note: Starting dynamic gmin stepping
Note: Dynamic gmin stepping completed
Note: Starting dynamic gmin stepping
Note: Dynamic gmin stepping completed
Note: Starting dynamic gmin stepping
Note: Dynamic gmin stepping completed
Note: Starting dynamic gmin stepping
Note: Dynamic gmin stepping completed
Note: Starting dynamic gmin stepping
Note: Dynamic gmin stepping completed
Note: Starting dynamic gmin stepping
Note: Dynamic gmin stepping completed
Note: Starting dynamic gmin stepping
Note: Dynamic gmin stepping completed
Note: Starting dynamic gmin stepping
Note: Dynamic gmin stepping completed
Note: Starting dynamic gmin stepping
Note: Dynamic gmin stepping completed
Note: Starting dynamic gmin stepping
Note: Dynamic gmin stepping completed
Note: Starting dynamic gmin stepping
Note: Dynamic gmin stepping completed
Note: Starting dynamic gmin stepping
Note: Dynamic gmin stepping completed
Note: Starting dynamic gmin stepping
Note: Dynamic gmin stepping completed
Note: Starting dynamic gmin stepping
Note: Dynamic gmin stepping completed
Note: Starting dynamic gmin stepping
Note: Dynamic gmin stepping completed
Note: Starting dynamic gmin stepping
Note: Dynamic gmin stepping completed
Note: Starting dynamic gmin stepping
Note: Dynamic gmin stepping completed
Note: Starting dynamic gmin stepping
Note: Dynamic gmin stepping completed
Note: Starting dynamic gmin stepping
Note: Dynamic gmin stepping completed
Note: Starting dynamic gmin stepping
Note: Dynamic gmin stepping completed
Note: Starting dynamic gmin stepping
Note: Dynamic gmin stepping completed
Note: Starting dynamic gmin stepping
Note: Dynamic gmin stepping completed
Note: Starting dynamic gmin stepping
Note: Dynamic gmin stepping completed
Note: Starting dynamic gmin stepping
Note: Dynamic gmin stepping completed
Note: Starting dynamic gmin stepping
Note: Dynamic gmin stepping completed
Note: Starting dynamic gmin stepping
Note: Dynamic gmin stepping completed
Note: Starting dynamic gmin stepping
Note: Dynamic gmin stepping completed
Note: Starting dynamic gmin stepping
Note: Dynamic gmin stepping completed
Note: Starting dynamic gmin stepping
Note: Dynamic gmin stepping completed
Note: Starting dynamic gmin stepping
Note: Dynamic gmin stepping completed
Note: Starting dynamic gmin stepping
Note: Dynamic gmin stepping completed
Note: Starting dynamic gmin stepping
Note: Dynamic gmin stepping completed
Note: Starting dynamic gmin stepping
Note: Dynamic gmin stepping completed
Note: Starting dynamic gmin stepping
Note: Dynamic gmin stepping completed
Note: Starting dynamic gmin stepping
Note: Dynamic gmin stepping completed
Note: Starting dynamic gmin stepping
Note: Dynamic gmin stepping completed
Note: Starting dynamic gmin stepping
Note: Dynamic gmin stepping completed
Note: Starting dynamic gmin stepping
Note: Dynamic gmin stepping completed
Note: Starting dynamic gmin stepping
Note: Dynamic gmin stepping completed
Note: Starting dynamic gmin stepping
Note: Dynamic gmin stepping completed
Note: Starting dynamic gmin stepping
Note: Dynamic gmin stepping completed
Note: Starting dynamic gmin stepping
Note: Dynamic gmin stepping completed
Note: Starting dynamic gmin stepping
Note: Dynamic gmin stepping completed
Note: Starting dynamic gmin stepping
Note: Dynamic gmin stepping completed
Note: Starting dynamic gmin stepping
Note: Dynamic gmin stepping completed
Note: Starting dynamic gmin stepping
Note: Dynamic gmin stepping completed
Note: Starting dynamic gmin stepping
Note: Dynamic gmin stepping completed
Note: Starting dynamic gmin stepping
Note: Dynamic gmin stepping completed
Note: Starting dynamic gmin stepping
Note: Dynamic gmin stepping completed
Note: Starting dynamic gmin stepping
Note: Dynamic gmin stepping completed
Note: Starting dynamic gmin stepping
Note: Dynamic gmin stepping completed
Note: Starting dynamic gmin stepping
Note: Dynamic gmin stepping completed
Note: Starting dynamic gmin stepping
Note: Dynamic gmin stepping completed
Note: Starting dynamic gmin stepping
Note: Dynamic gmin stepping completed
Note: Starting dynamic gmin stepping
Note: Dynamic gmin stepping completed
Note: Starting dynamic gmin stepping
Note: Dynamic gmin stepping completed
Note: Starting dynamic gmin stepping
Note: Dynamic gmin stepping completed
Note: Starting dynamic gmin stepping
Note: Dynamic gmin stepping completed
Note: Starting dynamic gmin stepping
Note: Dynamic gmin stepping completed
Note: Starting dynamic gmin stepping
Note: Dynamic gmin stepping completed
Note: Starting dynamic gmin stepping
Note: Dynamic gmin stepping completed
Note: Starting dynamic gmin stepping
Note: Dynamic gmin stepping completed
Note: Starting dynamic gmin stepping
Note: Dynamic gmin stepping completed
Note: Starting dynamic gmin stepping
Note: Dynamic gmin stepping completed
Note: Starting dynamic gmin stepping
Note: Dynamic gmin stepping completed
Note: Starting dynamic gmin stepping
Note: Dynamic gmin stepping completed
Note: Starting dynamic gmin stepping
Note: Dynamic gmin stepping completed
Note: Starting dynamic gmin stepping
Note: Dynamic gmin stepping completed
Note: Starting dynamic gmin stepping
Note: Dynamic gmin stepping completed
Note: Starting dynamic gmin stepping
Note: Dynamic gmin stepping completed
Note: Starting dynamic gmin stepping
Note: Dynamic gmin stepping completed
Note: Starting dynamic gmin stepping
Note: Dynamic gmin stepping completed
Note: Starting dynamic gmin stepping
Note: Dynamic gmin stepping completed
Note: Starting dynamic gmin stepping
Note: Dynamic gmin stepping completed
Note: Starting dynamic gmin stepping
Note: Dynamic gmin stepping completed
Note: Starting dynamic gmin stepping
Note: Dynamic gmin stepping completed
Note: Starting dynamic gmin stepping
Note: Dynamic gmin stepping completed
Note: Starting dynamic gmin stepping
Note: Dynamic gmin stepping completed
Note: Starting dynamic gmin stepping
Note: Dynamic gmin stepping completed
Note: Starting dynamic gmin stepping
Note: Dynamic gmin stepping completed
Note: Starting dynamic gmin stepping
Note: Dynamic gmin stepping completed
Note: Starting dynamic gmin stepping
Note: Dynamic gmin stepping completed
Note: Starting dynamic gmin stepping
Note: Dynamic gmin stepping completed
Note: Starting dynamic gmin stepping
Note: Dynamic gmin stepping completed
Note: Starting dynamic gmin stepping
Note: Dynamic gmin stepping completed
Note: Starting dynamic gmin stepping
Note: Dynamic gmin stepping completed
Note: Starting dynamic gmin stepping
Note: Dynamic gmin stepping completed
Note: Starting dynamic gmin stepping
Note: Dynamic gmin stepping completed
Note: Starting dynamic gmin stepping
Note: Dynamic gmin stepping completed
Note: Starting dynamic gmin stepping
Note: Dynamic gmin stepping completed
Note: Starting dynamic gmin stepping
Note: Dynamic gmin stepping completed
Note: Starting dynamic gmin stepping
Note: Dynamic gmin stepping completed
Note: Starting dynamic gmin stepping
Note: Dynamic gmin stepping completed
Note: Starting dynamic gmin stepping
Note: Dynamic gmin stepping completed
Note: Starting dynamic gmin stepping
Note: Dynamic gmin stepping completed
Note: Starting dynamic gmin stepping
Note: Dynamic gmin stepping completed
Note: Starting dynamic gmin stepping
Note: Dynamic gmin stepping completed
Note: Starting dynamic gmin stepping
Note: Dynamic gmin stepping completed
Note: Starting dynamic gmin stepping
Note: Dynamic gmin stepping completed
Note: Starting dynamic gmin stepping
Note: Dynamic gmin stepping completed
Note: Starting dynamic gmin stepping
Note: Dynamic gmin stepping completed
Note: Starting dynamic gmin stepping
Note: Dynamic gmin stepping completed
Note: Starting dynamic gmin stepping
Note: Dynamic gmin stepping completed
Note: Starting dynamic gmin stepping
Note: Dynamic gmin stepping completed
Note: Starting dynamic gmin stepping
Note: Dynamic gmin stepping completed
Note: Starting dynamic gmin stepping
Note: Dynamic gmin stepping completed
Note: Starting dynamic gmin stepping
Note: Dynamic gmin stepping completed
Note: Starting dynamic gmin stepping
Note: Dynamic gmin stepping completed
Note: Starting dynamic gmin stepping
Note: Dynamic gmin stepping completed
Note: Starting dynamic gmin stepping
Note: Dynamic gmin stepping completed
Note: Starting dynamic gmin stepping
Note: Dynamic gmin stepping completed
Note: Starting dynamic gmin stepping
Note: Dynamic gmin stepping completed
Note: Starting dynamic gmin stepping
Note: Dynamic gmin stepping completed
Note: Starting dynamic gmin stepping
Note: Dynamic gmin stepping completed
Note: Starting dynamic gmin stepping
Note: Dynamic gmin stepping completed
Note: Starting dynamic gmin stepping
Note: Dynamic gmin stepping completed
Note: Starting dynamic gmin stepping
Note: Dynamic gmin stepping completed
Note: Starting dynamic gmin stepping
Note: Dynamic gmin stepping completed
Note: Starting dynamic gmin stepping
Note: Dynamic gmin stepping completed
Note: Starting dynamic gmin stepping
Note: Dynamic gmin stepping completed
Note: Starting dynamic gmin stepping
Note: Dynamic gmin stepping completed
Note: Starting dynamic gmin stepping
Note: Dynamic gmin stepping completed
Note: Starting dynamic gmin stepping
Note: Dynamic gmin stepping completed
Note: Starting dynamic gmin stepping
Note: Dynamic gmin stepping completed
Note: Starting dynamic gmin stepping
Note: Dynamic gmin stepping completed
Note: Starting dynamic gmin stepping
Note: Dynamic gmin stepping completed
Note: Starting dynamic gmin stepping
Note: Dynamic gmin stepping completed
Note: Starting dynamic gmin stepping
Note: Dynamic gmin stepping completed
Note: Starting dynamic gmin stepping
Note: Dynamic gmin stepping completed
Note: Starting dynamic gmin stepping
Note: Dynamic gmin stepping completed
Note: Starting dynamic gmin stepping
Note: Dynamic gmin stepping completed
Note: Starting dynamic gmin stepping
Note: Dynamic gmin stepping completed
Note: Starting dynamic gmin stepping
Note: Dynamic gmin stepping completed
Note: Starting dynamic gmin stepping
Note: Dynamic gmin stepping completed
Note: Starting dynamic gmin stepping
Note: Dynamic gmin stepping completed
Note: Starting dynamic gmin stepping
Note: Dynamic gmin stepping completed
Note: Starting dynamic gmin stepping
Note: Dynamic gmin stepping completed
Note: Starting dynamic gmin stepping
Note: Dynamic gmin stepping completed
Note: Starting dynamic gmin stepping
Note: Dynamic gmin stepping completed
Note: Starting dynamic gmin stepping
Note: Dynamic gmin stepping completed
Note: Starting dynamic gmin stepping
Note: Dynamic gmin stepping completed
Note: Starting dynamic gmin stepping
Note: Dynamic gmin stepping completed
Note: Starting dynamic gmin stepping
Note: Dynamic gmin stepping completed
Note: Starting dynamic gmin stepping
Note: Dynamic gmin stepping completed
Note: Starting dynamic gmin stepping
Note: Dynamic gmin stepping completed
Note: Starting dynamic gmin stepping
Note: Dynamic gmin stepping completed
Note: Starting dynamic gmin stepping
Note: Dynamic gmin stepping completed
Note: Starting dynamic gmin stepping
Note: Dynamic gmin stepping completed
Note: Starting dynamic gmin stepping
Note: Dynamic gmin stepping completed
Note: Starting dynamic gmin stepping
Note: Dynamic gmin stepping completed
Note: Starting dynamic gmin stepping
Note: Dynamic gmin stepping completed
Note: Starting dynamic gmin stepping
Note: Dynamic gmin stepping completed
Note: Starting dynamic gmin stepping
Note: Dynamic gmin stepping completed
Note: Starting dynamic gmin stepping
Note: Dynamic gmin stepping completed
Note: Starting dynamic gmin stepping
Note: Dynamic gmin stepping completed
Note: Starting dynamic gmin stepping
Note: Dynamic gmin stepping completed
Note: Starting dynamic gmin stepping
Note: Dynamic gmin stepping completed
Note: Starting dynamic gmin stepping
Note: Dynamic gmin stepping completed
Note: Starting dynamic gmin stepping
Note: Dynamic gmin stepping completed
Note: Starting dynamic gmin stepping
Note: Dynamic gmin stepping completed
Note: Starting dynamic gmin stepping
Note: Dynamic gmin stepping completed
Note: Starting dynamic gmin stepping
Note: Dynamic gmin stepping completed
Note: Starting dynamic gmin stepping
Note: Dynamic gmin stepping completed
Note: Starting dynamic gmin stepping
Note: Dynamic gmin stepping completed
Note: Starting dynamic gmin stepping
Note: Dynamic gmin stepping completed
Note: Starting dynamic gmin stepping
Note: Dynamic gmin stepping completed
Note: Starting dynamic gmin stepping
Note: Dynamic gmin stepping completed
Note: Starting dynamic gmin stepping
Note: Dynamic gmin stepping completed
Note: Starting dynamic gmin stepping
Note: Dynamic gmin stepping completed
Note: Starting dynamic gmin stepping
Note: Dynamic gmin stepping completed
Note: Starting dynamic gmin stepping
Note: Dynamic gmin stepping completed
Note: Starting dynamic gmin stepping
Note: Dynamic gmin stepping completed
Note: Starting dynamic gmin stepping
Note: Dynamic gmin stepping completed
Note: Starting dynamic gmin stepping
Note: Dynamic gmin stepping completed
Note: Starting dynamic gmin stepping
Note: Dynamic gmin stepping completed
Note: Starting dynamic gmin stepping
Note: Dynamic gmin stepping completed
Note: Starting dynamic gmin stepping
Note: Dynamic gmin stepping completed
Note: Starting dynamic gmin stepping
Note: Dynamic gmin stepping completed
Note: Starting dynamic gmin stepping
Note: Dynamic gmin stepping completed
Note: Starting dynamic gmin stepping
Note: Dynamic gmin stepping completed
Note: Starting dynamic gmin stepping
Note: Dynamic gmin stepping completed
Note: Starting dynamic gmin stepping
Note: Dynamic gmin stepping completed
Note: Starting dynamic gmin stepping
Note: Dynamic gmin stepping completed
Note: Starting dynamic gmin stepping
Note: Dynamic gmin stepping completed
Note: Starting dynamic gmin stepping
Note: Dynamic gmin stepping completed
Note: Starting dynamic gmin stepping
Note: Dynamic gmin stepping completed
Note: Starting dynamic gmin stepping
Note: Dynamic gmin stepping completed
Note: Starting dynamic gmin stepping
Note: Dynamic gmin stepping completed
Note: Starting dynamic gmin stepping
Note: Dynamic gmin stepping completed
Note: Starting dynamic gmin stepping
Note: Dynamic gmin stepping completed
Note: Starting dynamic gmin stepping
Note: Dynamic gmin stepping completed
Note: Starting dynamic gmin stepping
Note: Dynamic gmin stepping completed
Note: Starting dynamic gmin stepping
Note: Dynamic gmin stepping completed
Note: Starting dynamic gmin stepping
Note: Dynamic gmin stepping completed
Note: Starting dynamic gmin stepping
Note: Dynamic gmin stepping completed
Note: Starting dynamic gmin stepping
Note: Dynamic gmin stepping completed
Note: Starting dynamic gmin stepping
Note: Dynamic gmin stepping completed
Note: Starting dynamic gmin stepping
Note: Dynamic gmin stepping completed
Note: Starting dynamic gmin stepping
Note: Dynamic gmin stepping completed
Note: Starting dynamic gmin stepping
Note: Dynamic gmin stepping completed
Note: Starting dynamic gmin stepping
Note: Dynamic gmin stepping completed
Note: Starting dynamic gmin stepping
Note: Dynamic gmin stepping completed
Note: Starting dynamic gmin stepping
Note: Dynamic gmin stepping completed
Note: Starting dynamic gmin stepping
Note: Dynamic gmin stepping completed
Note: Starting dynamic gmin stepping
Note: Dynamic gmin stepping completed
Note: Starting dynamic gmin stepping
Note: Dynamic gmin stepping completed
Note: Starting dynamic gmin stepping
Note: Dynamic gmin stepping completed
Note: Starting dynamic gmin stepping
Note: Dynamic gmin stepping completed
Note: Starting dynamic gmin stepping
Note: Dynamic gmin stepping completed
Note: Starting dynamic gmin stepping
Note: Dynamic gmin stepping completed
Note: Starting dynamic gmin stepping
Note: Dynamic gmin stepping completed
Note: Starting dynamic gmin stepping
Note: Dynamic gmin stepping completed
Note: Starting dynamic gmin stepping
Note: Dynamic gmin stepping completed
Note: Starting dynamic gmin stepping
Note: Dynamic gmin stepping completed
Note: Starting dynamic gmin stepping
Note: Dynamic gmin stepping completed
Note: Starting dynamic gmin stepping
Note: Dynamic gmin stepping completed
Note: Starting dynamic gmin stepping
Note: Dynamic gmin stepping completed
Note: Starting dynamic gmin stepping
Note: Dynamic gmin stepping completed
Note: Starting dynamic gmin stepping
Note: Dynamic gmin stepping completed
Note: Starting dynamic gmin stepping
Note: Dynamic gmin stepping completed
Note: Starting dynamic gmin stepping
Note: Dynamic gmin stepping completed
Note: Starting dynamic gmin stepping
Note: Dynamic gmin stepping completed
Note: Starting dynamic gmin stepping
Note: Dynamic gmin stepping completed
Note: Starting dynamic gmin stepping
Note: Dynamic gmin stepping completed
Note: Starting dynamic gmin stepping
Note: Dynamic gmin stepping completed
Note: Starting dynamic gmin stepping
Note: Dynamic gmin stepping completed
Note: Starting dynamic gmin stepping
Note: Dynamic gmin stepping completed
Note: Starting dynamic gmin stepping
Note: Dynamic gmin stepping completed
Note: Starting dynamic gmin stepping
Note: Dynamic gmin stepping completed
Note: Starting dynamic gmin stepping
Note: Dynamic gmin stepping completed
Note: Starting dynamic gmin stepping
Note: Dynamic gmin stepping completed
Note: Starting dynamic gmin stepping
Note: Dynamic gmin stepping completed
Note: Starting dynamic gmin stepping
Note: Dynamic gmin stepping completed
Note: Starting dynamic gmin stepping
Note: Dynamic gmin stepping completed
Note: Starting dynamic gmin stepping
Note: Dynamic gmin stepping completed
Note: Starting dynamic gmin stepping
Note: Dynamic gmin stepping completed
Note: Starting dynamic gmin stepping
Note: Dynamic gmin stepping completed
Note: Starting dynamic gmin stepping
Note: Dynamic gmin stepping completed
Note: Starting dynamic gmin stepping
Note: Dynamic gmin stepping completed
Note: Starting dynamic gmin stepping
Note: Dynamic gmin stepping completed
Note: Starting dynamic gmin stepping
Note: Dynamic gmin stepping completed
Note: Starting dynamic gmin stepping
Note: Dynamic gmin stepping completed
Note: Starting dynamic gmin stepping
Note: Dynamic gmin stepping completed
Note: Starting dynamic gmin stepping
Note: Dynamic gmin stepping completed
Note: Starting dynamic gmin stepping
Note: Dynamic gmin stepping completed
Note: Starting dynamic gmin stepping
Note: Dynamic gmin stepping completed
Note: Starting dynamic gmin stepping
Note: Dynamic gmin stepping completed
Note: Starting dynamic gmin stepping
Note: Dynamic gmin stepping completed
Note: Starting dynamic gmin stepping
Note: Dynamic gmin stepping completed
Note: Starting dynamic gmin stepping
Note: Dynamic gmin stepping completed
Note: Starting dynamic gmin stepping
Note: Dynamic gmin stepping completed
Note: Starting dynamic gmin stepping
Note: Dynamic gmin stepping completed
Note: Starting dynamic gmin stepping
Note: Dynamic gmin stepping completed
Note: Starting dynamic gmin stepping
Note: Dynamic gmin stepping completed
Note: Starting dynamic gmin stepping
Note: Dynamic gmin stepping completed
Note: Starting dynamic gmin stepping
Note: Dynamic gmin stepping completed
Note: Starting dynamic gmin stepping
Note: Dynamic gmin stepping completed
Note: Starting dynamic gmin stepping
Note: Dynamic gmin stepping completed
Note: Starting dynamic gmin stepping
Note: Dynamic gmin stepping completed
Note: Starting dynamic gmin stepping
Note: Dynamic gmin stepping completed
Note: Starting dynamic gmin stepping
Note: Dynamic gmin stepping completed
Note: Starting dynamic gmin stepping
Note: Dynamic gmin stepping completed
Note: Starting dynamic gmin stepping
Note: Dynamic gmin stepping completed
Note: Starting dynamic gmin stepping
Note: Dynamic gmin stepping completed
Note: Starting dynamic gmin stepping
Note: Dynamic gmin stepping completed
Note: Starting dynamic gmin stepping
Note: Dynamic gmin stepping completed
Note: Starting dynamic gmin stepping
Note: Dynamic gmin stepping completed
Note: Starting dynamic gmin stepping
Note: Dynamic gmin stepping completed
Note: Starting dynamic gmin stepping
Note: Dynamic gmin stepping completed
Note: Starting dynamic gmin stepping
Note: Dynamic gmin stepping completed
Note: Starting dynamic gmin stepping
Note: Dynamic gmin stepping completed
Note: Starting dynamic gmin stepping
Note: Dynamic gmin stepping completed
Note: Starting dynamic gmin stepping
Note: Dynamic gmin stepping completed
Note: Starting dynamic gmin stepping
Note: Dynamic gmin stepping completed
Note: Starting dynamic gmin stepping
Note: Dynamic gmin stepping completed
Note: Starting dynamic gmin stepping
Note: Dynamic gmin stepping completed
Note: Starting dynamic gmin stepping
Note: Dynamic gmin stepping completed
Note: Starting dynamic gmin stepping
Note: Dynamic gmin stepping completed
Note: Starting dynamic gmin stepping
Note: Dynamic gmin stepping completed
Note: Starting dynamic gmin stepping
Note: Dynamic gmin stepping completed
Note: Starting dynamic gmin stepping
Note: Dynamic gmin stepping completed
Note: Starting dynamic gmin stepping
Note: Dynamic gmin stepping completed
Note: Starting dynamic gmin stepping
Note: Dynamic gmin stepping completed
Note: Starting dynamic gmin stepping
Note: Dynamic gmin stepping completed
Note: Starting dynamic gmin stepping
Note: Dynamic gmin stepping completed
Note: Starting dynamic gmin stepping
Note: Dynamic gmin stepping completed
Note: Starting dynamic gmin stepping
Note: Dynamic gmin stepping completed
Note: Starting dynamic gmin stepping
Note: Dynamic gmin stepping completed
Note: Starting dynamic gmin stepping
Note: Dynamic gmin stepping completed
Note: Starting dynamic gmin stepping
Note: Dynamic gmin stepping completed
Note: Starting dynamic gmin stepping
Note: Dynamic gmin stepping completed
Note: Starting dynamic gmin stepping
Note: Dynamic gmin stepping completed
Note: Starting dynamic gmin stepping
Note: Dynamic gmin stepping completed
Note: Starting dynamic gmin stepping
Note: Dynamic gmin stepping completed
Note: Starting dynamic gmin stepping
Note: Dynamic gmin stepping completed
Note: Starting dynamic gmin stepping
Note: Dynamic gmin stepping completed
Note: Starting dynamic gmin stepping
Note: Dynamic gmin stepping completed
Note: Starting dynamic gmin stepping
Note: Dynamic gmin stepping completed
Note: Starting dynamic gmin stepping
Note: Dynamic gmin stepping completed
Note: Starting dynamic gmin stepping
Note: Dynamic gmin stepping completed
Note: Starting dynamic gmin stepping
Note: Dynamic gmin stepping completed
Note: Starting dynamic gmin stepping
Note: Dynamic gmin stepping completed
Note: Starting dynamic gmin stepping
Note: Dynamic gmin stepping completed
Note: Starting dynamic gmin stepping
Note: Dynamic gmin stepping completed
Note: Starting dynamic gmin stepping
Note: Dynamic gmin stepping completed
Note: Starting dynamic gmin stepping
Note: Dynamic gmin stepping completed
Note: Starting dynamic gmin stepping
Note: Dynamic gmin stepping completed
Note: Starting dynamic gmin stepping
Note: Dynamic gmin stepping completed
Note: Starting dynamic gmin stepping
Note: Dynamic gmin stepping completed
Note: Starting dynamic gmin stepping
Note: Dynamic gmin stepping completed
Note: Starting dynamic gmin stepping
Note: Dynamic gmin stepping completed
Note: Starting dynamic gmin stepping
Note: Dynamic gmin stepping completed
Note: Starting dynamic gmin stepping
Note: Dynamic gmin stepping completed
Note: Starting dynamic gmin stepping
Note: Dynamic gmin stepping completed
Note: Starting dynamic gmin stepping
Note: Dynamic gmin stepping completed
Note: Starting dynamic gmin stepping
Note: Dynamic gmin stepping completed
Note: Starting dynamic gmin stepping
Note: Dynamic gmin stepping completed
Note: Starting dynamic gmin stepping
Note: Dynamic gmin stepping completed
Note: Starting dynamic gmin stepping
Note: Dynamic gmin stepping completed
Note: Starting dynamic gmin stepping
Note: Dynamic gmin stepping completed
Note: Starting dynamic gmin stepping
Note: Dynamic gmin stepping completed
Note: Starting dynamic gmin stepping
Note: Dynamic gmin stepping completed
Note: Starting dynamic gmin stepping
Note: Dynamic gmin stepping completed
Note: Starting dynamic gmin stepping
Note: Dynamic gmin stepping completed
Note: Starting dynamic gmin stepping
Note: Dynamic gmin stepping completed
Note: Starting dynamic gmin stepping
Note: Dynamic gmin stepping completed
Note: Starting dynamic gmin stepping
Note: Dynamic gmin stepping completed
Note: Starting dynamic gmin stepping
Note: Dynamic gmin stepping completed
Note: Starting dynamic gmin stepping
Note: Dynamic gmin stepping completed
Note: Starting dynamic gmin stepping
Note: Dynamic gmin stepping completed
Note: Starting dynamic gmin stepping
Note: Dynamic gmin stepping completed
Note: Starting dynamic gmin stepping
Note: Dynamic gmin stepping completed
Note: Starting dynamic gmin stepping
Note: Dynamic gmin stepping completed
Note: Starting dynamic gmin stepping
Note: Dynamic gmin stepping completed
Note: Starting dynamic gmin stepping
Note: Dynamic gmin stepping completed
Note: Starting dynamic gmin stepping
Note: Dynamic gmin stepping completed
Note: Starting dynamic gmin stepping
Note: Dynamic gmin stepping completed
Note: Starting dynamic gmin stepping
Note: Dynamic gmin stepping completed
Note: Starting dynamic gmin stepping
Note: Dynamic gmin stepping completed
Note: Starting dynamic gmin stepping
Note: Dynamic gmin stepping completed
Note: Starting dynamic gmin stepping
Note: Dynamic gmin stepping completed
Note: Starting dynamic gmin stepping
Note: Dynamic gmin stepping completed
Note: Starting dynamic gmin stepping
Note: Dynamic gmin stepping completed
Note: Starting dynamic gmin stepping
Note: Dynamic gmin stepping completed
Note: Starting dynamic gmin stepping
Note: Dynamic gmin stepping completed
Note: Starting dynamic gmin stepping
Note: Dynamic gmin stepping completed
Note: Starting dynamic gmin stepping
Note: Dynamic gmin stepping completed
Note: Starting dynamic gmin stepping
Note: Dynamic gmin stepping completed
Note: Starting dynamic gmin stepping
Note: Dynamic gmin stepping completed
Note: Starting dynamic gmin stepping
Note: Dynamic gmin stepping completed
Note: Starting dynamic gmin stepping
Note: Dynamic gmin stepping completed
Note: Starting dynamic gmin stepping
Note: Dynamic gmin stepping completed
Note: Starting dynamic gmin stepping
Note: Dynamic gmin stepping completed
Note: Starting dynamic gmin stepping
Note: Dynamic gmin stepping completed
Note: Starting dynamic gmin stepping
Note: Dynamic gmin stepping completed
Note: Starting dynamic gmin stepping
Note: Dynamic gmin stepping completed
Note: Starting dynamic gmin stepping
Note: Dynamic gmin stepping completed
Note: Starting dynamic gmin stepping
Note: Dynamic gmin stepping completed
Note: Starting dynamic gmin stepping
Note: Dynamic gmin stepping completed
Note: Starting dynamic gmin stepping
Note: Dynamic gmin stepping completed
Note: Starting dynamic gmin stepping
Note: Dynamic gmin stepping completed
Note: Starting dynamic gmin stepping
Note: Dynamic gmin stepping completed
Note: Starting dynamic gmin stepping
Note: Dynamic gmin stepping completed
Note: Starting dynamic gmin stepping
Note: Dynamic gmin stepping completed
Note: Starting dynamic gmin stepping
Note: Dynamic gmin stepping completed
Note: Starting dynamic gmin stepping
Note: Dynamic gmin stepping completed
Note: Starting dynamic gmin stepping
Note: Dynamic gmin stepping completed
Note: Starting dynamic gmin stepping
Note: Dynamic gmin stepping completed
Note: Starting dynamic gmin stepping
Note: Dynamic gmin stepping completed
Note: Starting dynamic gmin stepping
Note: Dynamic gmin stepping completed
Note: Starting dynamic gmin stepping
Note: Dynamic gmin stepping completed
Note: Starting dynamic gmin stepping
Note: Dynamic gmin stepping completed
Note: Starting dynamic gmin stepping
Note: Dynamic gmin stepping completed
Note: Starting dynamic gmin stepping
Note: Dynamic gmin stepping completed
Note: Starting dynamic gmin stepping
Note: Dynamic gmin stepping completed
Note: Starting dynamic gmin stepping
Note: Dynamic gmin stepping completed
Note: Starting dynamic gmin stepping
Note: Dynamic gmin stepping completed
Note: Starting dynamic gmin stepping
Note: Dynamic gmin stepping completed
Note: Starting dynamic gmin stepping
Note: Dynamic gmin stepping completed
Note: Starting dynamic gmin stepping
Note: Dynamic gmin stepping completed
Note: Starting dynamic gmin stepping
Note: Dynamic gmin stepping completed
Note: Starting dynamic gmin stepping
Note: Dynamic gmin stepping completed
Note: Starting dynamic gmin stepping
Note: Dynamic gmin stepping completed
Note: Starting dynamic gmin stepping
Note: Dynamic gmin stepping completed
Note: Starting dynamic gmin stepping
Note: Dynamic gmin stepping completed
Note: Starting dynamic gmin stepping
Note: Dynamic gmin stepping completed
Note: Starting dynamic gmin stepping
Note: Dynamic gmin stepping completed
Note: Starting dynamic gmin stepping
Note: Dynamic gmin stepping completed
Note: Starting dynamic gmin stepping
Note: Dynamic gmin stepping completed
Note: Starting dynamic gmin stepping
Note: Dynamic gmin stepping completed
Note: Starting dynamic gmin stepping
Note: Dynamic gmin stepping completed
Note: Starting dynamic gmin stepping
Note: Dynamic gmin stepping completed
Note: Starting dynamic gmin stepping
Note: Dynamic gmin stepping completed
Note: Starting dynamic gmin stepping
Note: Dynamic gmin stepping completed
Note: Starting dynamic gmin stepping
Note: Dynamic gmin stepping completed
Note: Starting dynamic gmin stepping
Note: Dynamic gmin stepping completed
Note: Starting dynamic gmin stepping
Note: Dynamic gmin stepping completed
Note: Starting dynamic gmin stepping
Note: Dynamic gmin stepping completed
Note: Starting dynamic gmin stepping
Note: Dynamic gmin stepping completed
Note: Starting dynamic gmin stepping
Note: Dynamic gmin stepping completed
Note: Starting dynamic gmin stepping
Note: Dynamic gmin stepping completed
Note: Starting dynamic gmin stepping
Note: Dynamic gmin stepping completed
Note: Starting dynamic gmin stepping
Note: Dynamic gmin stepping completed
Note: Starting dynamic gmin stepping
Note: Dynamic gmin stepping completed
Note: Starting dynamic gmin stepping
Note: Dynamic gmin stepping completed
Note: Starting dynamic gmin stepping
Note: Dynamic gmin stepping completed
Note: Starting dynamic gmin stepping
Note: Dynamic gmin stepping completed
Note: Starting dynamic gmin stepping
Note: Dynamic gmin stepping completed
Note: Starting dynamic gmin stepping
Note: Dynamic gmin stepping completed
Note: Starting dynamic gmin stepping
Note: Dynamic gmin stepping completed
Note: Starting dynamic gmin stepping
Note: Dynamic gmin stepping completed
Note: Starting dynamic gmin stepping
Note: Dynamic gmin stepping completed
Note: Starting dynamic gmin stepping
Note: Dynamic gmin stepping completed
Note: Starting dynamic gmin stepping
Note: Dynamic gmin stepping completed
Note: Starting dynamic gmin stepping
Note: Dynamic gmin stepping completed
Note: Starting dynamic gmin stepping
Note: Dynamic gmin stepping completed
Note: Starting dynamic gmin stepping
Note: Dynamic gmin stepping completed
Note: Starting dynamic gmin stepping
Note: Dynamic gmin stepping completed
Note: Starting dynamic gmin stepping
Note: Dynamic gmin stepping completed
Note: Starting dynamic gmin stepping
Note: Dynamic gmin stepping completed
Note: Starting dynamic gmin stepping
Note: Dynamic gmin stepping completed
Note: Starting dynamic gmin stepping
Note: Dynamic gmin stepping completed
Note: Starting dynamic gmin stepping
Note: Dynamic gmin stepping completed
Note: Starting dynamic gmin stepping
Note: Dynamic gmin stepping completed
Note: Starting dynamic gmin stepping
Note: Dynamic gmin stepping completed
Note: Starting dynamic gmin stepping
Note: Dynamic gmin stepping completed
Note: Starting dynamic gmin stepping
Note: Dynamic gmin stepping completed
Note: Starting dynamic gmin stepping
Note: Dynamic gmin stepping completed
Note: Starting dynamic gmin stepping
Note: Dynamic gmin stepping completed
Note: Starting dynamic gmin stepping
Note: Dynamic gmin stepping completed
Note: Starting dynamic gmin stepping
Note: Dynamic gmin stepping completed
Note: Starting dynamic gmin stepping
Note: Dynamic gmin stepping completed
Note: Starting dynamic gmin stepping
Note: Dynamic gmin stepping completed
Note: Starting dynamic gmin stepping
Note: Dynamic gmin stepping completed
Note: Starting dynamic gmin stepping
Note: Dynamic gmin stepping completed
Note: Starting dynamic gmin stepping
Note: Dynamic gmin stepping completed
Note: Starting dynamic gmin stepping
Note: Dynamic gmin stepping completed
Note: Starting dynamic gmin stepping
Note: Dynamic gmin stepping completed
Note: Starting dynamic gmin stepping
Note: Dynamic gmin stepping completed
Note: Starting dynamic gmin stepping
Note: Dynamic gmin stepping completed
Note: Starting dynamic gmin stepping
Note: Dynamic gmin stepping completed
Note: Starting dynamic gmin stepping
Note: Dynamic gmin stepping completed
Note: Starting dynamic gmin stepping
Note: Dynamic gmin stepping completed
Note: Starting dynamic gmin stepping
Note: Dynamic gmin stepping completed
Note: Starting dynamic gmin stepping
Note: Dynamic gmin stepping completed
Note: Starting dynamic gmin stepping
Note: Dynamic gmin stepping completed
Note: Starting dynamic gmin stepping
Note: Dynamic gmin stepping completed
Note: Starting dynamic gmin stepping
Note: Dynamic gmin stepping completed
Note: Starting dynamic gmin stepping
Note: Dynamic gmin stepping completed
Note: Starting dynamic gmin stepping
Note: Dynamic gmin stepping completed
Note: Starting dynamic gmin stepping
Note: Dynamic gmin stepping completed
Note: Starting dynamic gmin stepping
Note: Dynamic gmin stepping completed
Note: Starting dynamic gmin stepping
Note: Dynamic gmin stepping completed
Note: Starting dynamic gmin stepping
Note: Dynamic gmin stepping completed
Note: Starting dynamic gmin stepping
Note: Dynamic gmin stepping completed
Note: Starting dynamic gmin stepping
Note: Dynamic gmin stepping completed
Note: Starting dynamic gmin stepping
Note: Dynamic gmin stepping completed
Note: Starting dynamic gmin stepping
Note: Dynamic gmin stepping completed
Note: Starting dynamic gmin stepping
Note: Dynamic gmin stepping completed
Note: Starting dynamic gmin stepping
Note: Dynamic gmin stepping completed
Note: Starting dynamic gmin stepping
Note: Dynamic gmin stepping completed
Note: Starting dynamic gmin stepping
Note: Dynamic gmin stepping completed
Note: Starting dynamic gmin stepping
Note: Dynamic gmin stepping completed
Note: Starting dynamic gmin stepping
Note: Dynamic gmin stepping completed
Note: Starting dynamic gmin stepping
Note: Dynamic gmin stepping completed
Note: Starting dynamic gmin stepping
Note: Dynamic gmin stepping completed
Note: Starting dynamic gmin stepping
Note: Dynamic gmin stepping completed
Note: Starting dynamic gmin stepping
Note: Dynamic gmin stepping completed
