
Note: Compatibility modes selected: hs a


Circuit: * comparator-offset-mc @ sf_27c_3.63v -- generated by sim/harness, do not edit

Reset re-loads circuit * comparator-offset-mc @ sf_27c_3.63v -- generated by sim/harness, do not edit

Circuit: * comparator-offset-mc @ sf_27c_3.63v -- generated by sim/harness, do not edit

Doing analysis at TEMP = 27.000000 and TNOM = 27.000000

Using SPARSE 1.3 as Direct Linear Solver

No. of Data Rows : 6
voa = -4.097160905e-04
ddc = 1.0838973185e-07
dde = -1.069480117e-07
Reset re-loads circuit * comparator-offset-mc @ sf_27c_3.63v -- generated by sim/harness, do not edit

Circuit: * comparator-offset-mc @ sf_27c_3.63v -- generated by sim/harness, do not edit

Doing analysis at TEMP = 27.000000 and TNOM = 27.000000

Using SPARSE 1.3 as Direct Linear Solver

No. of Data Rows : 6
voa = 1.8060128889e-03
ddc = -3.187314423e-07
dde = 3.1196355420e-07
Reset re-loads circuit * comparator-offset-mc @ sf_27c_3.63v -- generated by sim/harness, do not edit

Circuit: * comparator-offset-mc @ sf_27c_3.63v -- generated by sim/harness, do not edit

Doing analysis at TEMP = 27.000000 and TNOM = 27.000000

Using SPARSE 1.3 as Direct Linear Solver

No. of Data Rows : 6
voa = 1.4531183936e-03
ddc = -3.147768476e-07
dde = 3.0944681620e-07
Reset re-loads circuit * comparator-offset-mc @ sf_27c_3.63v -- generated by sim/harness, do not edit

Circuit: * comparator-offset-mc @ sf_27c_3.63v -- generated by sim/harness, do not edit

Doing analysis at TEMP = 27.000000 and TNOM = 27.000000

Using SPARSE 1.3 as Direct Linear Solver

No. of Data Rows : 6
voa = -1.114773204e-05
ddc = 2.1711224664e-08
dde = -2.161451924e-08
Reset re-loads circuit * comparator-offset-mc @ sf_27c_3.63v -- generated by sim/harness, do not edit

Circuit: * comparator-offset-mc @ sf_27c_3.63v -- generated by sim/harness, do not edit

Doing analysis at TEMP = 27.000000 and TNOM = 27.000000

Using SPARSE 1.3 as Direct Linear Solver
 Reference value :  2.00000e-03
No. of Data Rows : 6
voa = 1.8218536782e-03
ddc = -3.545185635e-07
dde = 3.4769722406e-07
Reset re-loads circuit * comparator-offset-mc @ sf_27c_3.63v -- generated by sim/harness, do not edit

Circuit: * comparator-offset-mc @ sf_27c_3.63v -- generated by sim/harness, do not edit

Doing analysis at TEMP = 27.000000 and TNOM = 27.000000

Using SPARSE 1.3 as Direct Linear Solver

No. of Data Rows : 6
voa = -2.814394441e-04
ddc = 8.4389491823e-08
dde = -8.349185239e-08
Reset re-loads circuit * comparator-offset-mc @ sf_27c_3.63v -- generated by sim/harness, do not edit

Circuit: * comparator-offset-mc @ sf_27c_3.63v -- generated by sim/harness, do not edit

Doing analysis at TEMP = 27.000000 and TNOM = 27.000000

Using SPARSE 1.3 as Direct Linear Solver

No. of Data Rows : 6
voa = -1.952088608e-04
ddc = 5.2347961618e-08
dde = -5.163186065e-08
Reset re-loads circuit * comparator-offset-mc @ sf_27c_3.63v -- generated by sim/harness, do not edit

Circuit: * comparator-offset-mc @ sf_27c_3.63v -- generated by sim/harness, do not edit

Doing analysis at TEMP = 27.000000 and TNOM = 27.000000

Using SPARSE 1.3 as Direct Linear Solver

No. of Data Rows : 6
voa = -2.672949055e-04
ddc = 5.5446782765e-08
dde = -5.431272641e-08
Reset re-loads circuit * comparator-offset-mc @ sf_27c_3.63v -- generated by sim/harness, do not edit

Circuit: * comparator-offset-mc @ sf_27c_3.63v -- generated by sim/harness, do not edit

Doing analysis at TEMP = 27.000000 and TNOM = 27.000000

Using SPARSE 1.3 as Direct Linear Solver

No. of Data Rows : 6
voa = 9.6144103158e-04
ddc = -2.353050032e-07
dde = 2.3177062695e-07
Reset re-loads circuit * comparator-offset-mc @ sf_27c_3.63v -- generated by sim/harness, do not edit

Circuit: * comparator-offset-mc @ sf_27c_3.63v -- generated by sim/harness, do not edit

Doing analysis at TEMP = 27.000000 and TNOM = 27.000000

Using SPARSE 1.3 as Direct Linear Solver

No. of Data Rows : 6
voa = 1.0077816561e-03
ddc = -2.333597531e-07
dde = 2.2976030041e-07
Reset re-loads circuit * comparator-offset-mc @ sf_27c_3.63v -- generated by sim/harness, do not edit

Circuit: * comparator-offset-mc @ sf_27c_3.63v -- generated by sim/harness, do not edit

Doing analysis at TEMP = 27.000000 and TNOM = 27.000000

Using SPARSE 1.3 as Direct Linear Solver

No. of Data Rows : 6
voa = -9.384519323e-04
ddc = 1.9311824865e-07
dde = -1.897986115e-07
Reset re-loads circuit * comparator-offset-mc @ sf_27c_3.63v -- generated by sim/harness, do not edit

Circuit: * comparator-offset-mc @ sf_27c_3.63v -- generated by sim/harness, do not edit

Doing analysis at TEMP = 27.000000 and TNOM = 27.000000

Using SPARSE 1.3 as Direct Linear Solver

No. of Data Rows : 6
voa = 4.4869043902e-04
ddc = -9.342235514e-08
dde = 9.1651186794e-08
Reset re-loads circuit * comparator-offset-mc @ sf_27c_3.63v -- generated by sim/harness, do not edit

Circuit: * comparator-offset-mc @ sf_27c_3.63v -- generated by sim/harness, do not edit

Doing analysis at TEMP = 27.000000 and TNOM = 27.000000

Using SPARSE 1.3 as Direct Linear Solver

No. of Data Rows : 6
voa = -7.699020898e-04
ddc = 1.4727217284e-07
dde = -1.443936605e-07
Reset re-loads circuit * comparator-offset-mc @ sf_27c_3.63v -- generated by sim/harness, do not edit

Circuit: * comparator-offset-mc @ sf_27c_3.63v -- generated by sim/harness, do not edit

Doing analysis at TEMP = 27.000000 and TNOM = 27.000000

Using SPARSE 1.3 as Direct Linear Solver

No. of Data Rows : 6
voa = 2.3307267066e-04
ddc = 8.7601536651e-09
dde = -9.502643705e-09
Reset re-loads circuit * comparator-offset-mc @ sf_27c_3.63v -- generated by sim/harness, do not edit

Circuit: * comparator-offset-mc @ sf_27c_3.63v -- generated by sim/harness, do not edit

Doing analysis at TEMP = 27.000000 and TNOM = 27.000000

Using SPARSE 1.3 as Direct Linear Solver
 Reference value :  2.00000e-03
No. of Data Rows : 6
voa = 1.3360929467e-03
ddc = -2.696370844e-07
dde = 2.6472080591e-07
Reset re-loads circuit * comparator-offset-mc @ sf_27c_3.63v -- generated by sim/harness, do not edit

Circuit: * comparator-offset-mc @ sf_27c_3.63v -- generated by sim/harness, do not edit

Doing analysis at TEMP = 27.000000 and TNOM = 27.000000

Using SPARSE 1.3 as Direct Linear Solver

No. of Data Rows : 6
voa = -1.313206525e-03
ddc = 2.9198284265e-07
dde = -2.874132377e-07
Reset re-loads circuit * comparator-offset-mc @ sf_27c_3.63v -- generated by sim/harness, do not edit

Circuit: * comparator-offset-mc @ sf_27c_3.63v -- generated by sim/harness, do not edit

Doing analysis at TEMP = 27.000000 and TNOM = 27.000000

Using SPARSE 1.3 as Direct Linear Solver

No. of Data Rows : 6
voa = 5.6751545463e-04
ddc = -1.139211494e-07
dde = 1.1189763632e-07
Reset re-loads circuit * comparator-offset-mc @ sf_27c_3.63v -- generated by sim/harness, do not edit

Circuit: * comparator-offset-mc @ sf_27c_3.63v -- generated by sim/harness, do not edit

Doing analysis at TEMP = 27.000000 and TNOM = 27.000000

Using SPARSE 1.3 as Direct Linear Solver

No. of Data Rows : 6
voa = -8.302859236e-05
ddc = 9.3218417873e-09
dde = -9.047027482e-09
Reset re-loads circuit * comparator-offset-mc @ sf_27c_3.63v -- generated by sim/harness, do not edit

Circuit: * comparator-offset-mc @ sf_27c_3.63v -- generated by sim/harness, do not edit

Doing analysis at TEMP = 27.000000 and TNOM = 27.000000

Using SPARSE 1.3 as Direct Linear Solver

No. of Data Rows : 6
voa = -5.243900038e-04
ddc = 1.2806468837e-07
dde = -1.261406993e-07
Reset re-loads circuit * comparator-offset-mc @ sf_27c_3.63v -- generated by sim/harness, do not edit

Circuit: * comparator-offset-mc @ sf_27c_3.63v -- generated by sim/harness, do not edit

Doing analysis at TEMP = 27.000000 and TNOM = 27.000000

Using SPARSE 1.3 as Direct Linear Solver

No. of Data Rows : 6
voa = 1.2547304697e-03
ddc = -2.185630647e-07
dde = 2.1396296621e-07
Reset re-loads circuit * comparator-offset-mc @ sf_27c_3.63v -- generated by sim/harness, do not edit

Circuit: * comparator-offset-mc @ sf_27c_3.63v -- generated by sim/harness, do not edit

Doing analysis at TEMP = 27.000000 and TNOM = 27.000000

Using SPARSE 1.3 as Direct Linear Solver

No. of Data Rows : 6
voa = -3.580333019e-04
ddc = 6.7321208776e-08
dde = -6.582921087e-08
Reset re-loads circuit * comparator-offset-mc @ sf_27c_3.63v -- generated by sim/harness, do not edit

Circuit: * comparator-offset-mc @ sf_27c_3.63v -- generated by sim/harness, do not edit

Doing analysis at TEMP = 27.000000 and TNOM = 27.000000

Using SPARSE 1.3 as Direct Linear Solver

No. of Data Rows : 6
voa = -7.293947814e-04
ddc = 1.4921063974e-07
dde = -1.464526736e-07
Reset re-loads circuit * comparator-offset-mc @ sf_27c_3.63v -- generated by sim/harness, do not edit

Circuit: * comparator-offset-mc @ sf_27c_3.63v -- generated by sim/harness, do not edit

Doing analysis at TEMP = 27.000000 and TNOM = 27.000000

Using SPARSE 1.3 as Direct Linear Solver

No. of Data Rows : 6
voa = 5.9565211074e-04
ddc = -8.589921099e-08
dde = 8.3777871457e-08
Reset re-loads circuit * comparator-offset-mc @ sf_27c_3.63v -- generated by sim/harness, do not edit

Circuit: * comparator-offset-mc @ sf_27c_3.63v -- generated by sim/harness, do not edit

Doing analysis at TEMP = 27.000000 and TNOM = 27.000000

Using SPARSE 1.3 as Direct Linear Solver

No. of Data Rows : 6
voa = 1.1763953967e-05
ddc = -2.833473252e-08
dde = 2.8317318312e-08
Reset re-loads circuit * comparator-offset-mc @ sf_27c_3.63v -- generated by sim/harness, do not edit

Circuit: * comparator-offset-mc @ sf_27c_3.63v -- generated by sim/harness, do not edit

Doing analysis at TEMP = 27.000000 and TNOM = 27.000000

Using SPARSE 1.3 as Direct Linear Solver

No. of Data Rows : 6
voa = -1.432173848e-03
ddc = 2.8975702143e-07
dde = -2.522192659e-07
Reset re-loads circuit * comparator-offset-mc @ sf_27c_3.63v -- generated by sim/harness, do not edit

Circuit: * comparator-offset-mc @ sf_27c_3.63v -- generated by sim/harness, do not edit

Doing analysis at TEMP = 27.000000 and TNOM = 27.000000

Using SPARSE 1.3 as Direct Linear Solver
 Reference value :  0.00000e+00
No. of Data Rows : 6
voa = -1.099515405e-03
ddc = 2.5779574236e-07
dde = -2.538225876e-07
Reset re-loads circuit * comparator-offset-mc @ sf_27c_3.63v -- generated by sim/harness, do not edit

Circuit: * comparator-offset-mc @ sf_27c_3.63v -- generated by sim/harness, do not edit

Doing analysis at TEMP = 27.000000 and TNOM = 27.000000

Using SPARSE 1.3 as Direct Linear Solver

No. of Data Rows : 6
voa = -5.722499737e-04
ddc = 1.4855780142e-07
dde = -1.464311927e-07
Reset re-loads circuit * comparator-offset-mc @ sf_27c_3.63v -- generated by sim/harness, do not edit

Circuit: * comparator-offset-mc @ sf_27c_3.63v -- generated by sim/harness, do not edit

Doing analysis at TEMP = 27.000000 and TNOM = 27.000000

Using SPARSE 1.3 as Direct Linear Solver

No. of Data Rows : 6
voa = 9.5123607186e-05
ddc = 2.3371733503e-09
dde = -2.737988391e-09
Reset re-loads circuit * comparator-offset-mc @ sf_27c_3.63v -- generated by sim/harness, do not edit

Circuit: * comparator-offset-mc @ sf_27c_3.63v -- generated by sim/harness, do not edit

Doing analysis at TEMP = 27.000000 and TNOM = 27.000000

Using SPARSE 1.3 as Direct Linear Solver

No. of Data Rows : 6
voa = -1.932148761e-04
ddc = 7.3262633322e-09
dde = -6.575225998e-09
Reset re-loads circuit * comparator-offset-mc @ sf_27c_3.63v -- generated by sim/harness, do not edit

Circuit: * comparator-offset-mc @ sf_27c_3.63v -- generated by sim/harness, do not edit

Doing analysis at TEMP = 27.000000 and TNOM = 27.000000

Using SPARSE 1.3 as Direct Linear Solver

No. of Data Rows : 6
voa = 2.2483151213e-04
ddc = -2.237731394e-08
dde = 2.1500877186e-08
Reset re-loads circuit * comparator-offset-mc @ sf_27c_3.63v -- generated by sim/harness, do not edit

Circuit: * comparator-offset-mc @ sf_27c_3.63v -- generated by sim/harness, do not edit

Doing analysis at TEMP = 27.000000 and TNOM = 27.000000

Using SPARSE 1.3 as Direct Linear Solver

No. of Data Rows : 6
voa = 1.8711918374e-03
ddc = -4.244485934e-07
dde = 4.1759350282e-07
Reset re-loads circuit * comparator-offset-mc @ sf_27c_3.63v -- generated by sim/harness, do not edit

Circuit: * comparator-offset-mc @ sf_27c_3.63v -- generated by sim/harness, do not edit

Doing analysis at TEMP = 27.000000 and TNOM = 27.000000

Using SPARSE 1.3 as Direct Linear Solver

No. of Data Rows : 6
voa = -9.882671434e-04
ddc = 1.8192476986e-07
dde = -1.782066026e-07
Reset re-loads circuit * comparator-offset-mc @ sf_27c_3.63v -- generated by sim/harness, do not edit

Circuit: * comparator-offset-mc @ sf_27c_3.63v -- generated by sim/harness, do not edit

Doing analysis at TEMP = 27.000000 and TNOM = 27.000000

Using SPARSE 1.3 as Direct Linear Solver

No. of Data Rows : 6
voa = 4.5441681641e-04
ddc = -8.893154416e-08
dde = 8.7275629927e-08
Reset re-loads circuit * comparator-offset-mc @ sf_27c_3.63v -- generated by sim/harness, do not edit

Circuit: * comparator-offset-mc @ sf_27c_3.63v -- generated by sim/harness, do not edit

Doing analysis at TEMP = 27.000000 and TNOM = 27.000000

Using SPARSE 1.3 as Direct Linear Solver
 Reference value :  2.00000e-03
No. of Data Rows : 6
voa = -1.483165297e-04
ddc = 1.7840234425e-08
dde = -1.733878652e-08
Reset re-loads circuit * comparator-offset-mc @ sf_27c_3.63v -- generated by sim/harness, do not edit

Circuit: * comparator-offset-mc @ sf_27c_3.63v -- generated by sim/harness, do not edit

Doing analysis at TEMP = 27.000000 and TNOM = 27.000000

Using SPARSE 1.3 as Direct Linear Solver

No. of Data Rows : 6
voa = 2.3314122051e-03
ddc = -4.252987407e-07
dde = 4.1670180062e-07
Reset re-loads circuit * comparator-offset-mc @ sf_27c_3.63v -- generated by sim/harness, do not edit

Circuit: * comparator-offset-mc @ sf_27c_3.63v -- generated by sim/harness, do not edit

Doing analysis at TEMP = 27.000000 and TNOM = 27.000000

Using SPARSE 1.3 as Direct Linear Solver

No. of Data Rows : 6
voa = -3.887936218e-04
ddc = 9.6834738190e-08
dde = -9.542076574e-08
Reset re-loads circuit * comparator-offset-mc @ sf_27c_3.63v -- generated by sim/harness, do not edit

Circuit: * comparator-offset-mc @ sf_27c_3.63v -- generated by sim/harness, do not edit

Doing analysis at TEMP = 27.000000 and TNOM = 27.000000

Using SPARSE 1.3 as Direct Linear Solver

No. of Data Rows : 6
voa = 2.9272948347e-04
ddc = -3.090553790e-08
dde = 2.9826390972e-08
Reset re-loads circuit * comparator-offset-mc @ sf_27c_3.63v -- generated by sim/harness, do not edit

Circuit: * comparator-offset-mc @ sf_27c_3.63v -- generated by sim/harness, do not edit

Doing analysis at TEMP = 27.000000 and TNOM = 27.000000

Using SPARSE 1.3 as Direct Linear Solver

No. of Data Rows : 6
voa = 9.5407150550e-04
ddc = -2.067623303e-07
dde = 2.0330400928e-07
Reset re-loads circuit * comparator-offset-mc @ sf_27c_3.63v -- generated by sim/harness, do not edit

Circuit: * comparator-offset-mc @ sf_27c_3.63v -- generated by sim/harness, do not edit

Doing analysis at TEMP = 27.000000 and TNOM = 27.000000

Using SPARSE 1.3 as Direct Linear Solver

No. of Data Rows : 6
voa = 7.0183707448e-04
ddc = -1.471276301e-07
dde = 1.4454677475e-07
Reset re-loads circuit * comparator-offset-mc @ sf_27c_3.63v -- generated by sim/harness, do not edit

Circuit: * comparator-offset-mc @ sf_27c_3.63v -- generated by sim/harness, do not edit

Doing analysis at TEMP = 27.000000 and TNOM = 27.000000

Using SPARSE 1.3 as Direct Linear Solver

No. of Data Rows : 6
voa = -1.791632247e-03
ddc = 3.8761438883e-07
dde = -3.812001532e-07
Reset re-loads circuit * comparator-offset-mc @ sf_27c_3.63v -- generated by sim/harness, do not edit

Circuit: * comparator-offset-mc @ sf_27c_3.63v -- generated by sim/harness, do not edit

Doing analysis at TEMP = 27.000000 and TNOM = 27.000000

Using SPARSE 1.3 as Direct Linear Solver

No. of Data Rows : 6
voa = -4.917545636e-04
ddc = 1.0723465203e-07
dde = -1.055699752e-07
Reset re-loads circuit * comparator-offset-mc @ sf_27c_3.63v -- generated by sim/harness, do not edit

Circuit: * comparator-offset-mc @ sf_27c_3.63v -- generated by sim/harness, do not edit

Doing analysis at TEMP = 27.000000 and TNOM = 27.000000

Using SPARSE 1.3 as Direct Linear Solver

No. of Data Rows : 6
voa = 8.4570088056e-04
ddc = -1.292730338e-07
dde = 1.2610298332e-07
Reset re-loads circuit * comparator-offset-mc @ sf_27c_3.63v -- generated by sim/harness, do not edit

Circuit: * comparator-offset-mc @ sf_27c_3.63v -- generated by sim/harness, do not edit

Doing analysis at TEMP = 27.000000 and TNOM = 27.000000

Using SPARSE 1.3 as Direct Linear Solver
 Reference value :  0.00000e+00
No. of Data Rows : 6
voa = -9.101437570e-04
ddc = 1.9733641394e-07
dde = -1.933496700e-07
Reset re-loads circuit * comparator-offset-mc @ sf_27c_3.63v -- generated by sim/harness, do not edit

Circuit: * comparator-offset-mc @ sf_27c_3.63v -- generated by sim/harness, do not edit

Doing analysis at TEMP = 27.000000 and TNOM = 27.000000

Using SPARSE 1.3 as Direct Linear Solver

No. of Data Rows : 6
voa = -1.185304402e-03
ddc = 2.5572404181e-07
dde = -2.513781291e-07
Reset re-loads circuit * comparator-offset-mc @ sf_27c_3.63v -- generated by sim/harness, do not edit

Circuit: * comparator-offset-mc @ sf_27c_3.63v -- generated by sim/harness, do not edit

Doing analysis at TEMP = 27.000000 and TNOM = 27.000000

Using SPARSE 1.3 as Direct Linear Solver

No. of Data Rows : 6
voa = -1.388724177e-03
ddc = 2.8635054344e-07
dde = -2.744013947e-07
Reset re-loads circuit * comparator-offset-mc @ sf_27c_3.63v -- generated by sim/harness, do not edit

Circuit: * comparator-offset-mc @ sf_27c_3.63v -- generated by sim/harness, do not edit

Doing analysis at TEMP = 27.000000 and TNOM = 27.000000

Using SPARSE 1.3 as Direct Linear Solver

No. of Data Rows : 6
voa = 2.6953328929e-03
ddc = -4.925812762e-07
dde = 4.8284572242e-07
Reset re-loads circuit * comparator-offset-mc @ sf_27c_3.63v -- generated by sim/harness, do not edit

Circuit: * comparator-offset-mc @ sf_27c_3.63v -- generated by sim/harness, do not edit

Doing analysis at TEMP = 27.000000 and TNOM = 27.000000

Using SPARSE 1.3 as Direct Linear Solver

No. of Data Rows : 6
voa = -2.258914782e-04
ddc = 2.6996574066e-09
dde = -1.917419638e-09
Reset re-loads circuit * comparator-offset-mc @ sf_27c_3.63v -- generated by sim/harness, do not edit

Circuit: * comparator-offset-mc @ sf_27c_3.63v -- generated by sim/harness, do not edit

Doing analysis at TEMP = 27.000000 and TNOM = 27.000000

Using SPARSE 1.3 as Direct Linear Solver

No. of Data Rows : 6
voa = 1.1062991877e-03
ddc = -2.282432312e-07
dde = 2.2431383628e-07
Reset re-loads circuit * comparator-offset-mc @ sf_27c_3.63v -- generated by sim/harness, do not edit

Circuit: * comparator-offset-mc @ sf_27c_3.63v -- generated by sim/harness, do not edit

Doing analysis at TEMP = 27.000000 and TNOM = 27.000000

Using SPARSE 1.3 as Direct Linear Solver

No. of Data Rows : 6
voa = -4.469273920e-04
ddc = 1.1605779913e-07
dde = -1.144295811e-07
Reset re-loads circuit * comparator-offset-mc @ sf_27c_3.63v -- generated by sim/harness, do not edit

Circuit: * comparator-offset-mc @ sf_27c_3.63v -- generated by sim/harness, do not edit

Doing analysis at TEMP = 27.000000 and TNOM = 27.000000

Using SPARSE 1.3 as Direct Linear Solver

No. of Data Rows : 6
voa = 6.7365404322e-05
ddc = 1.8364737953e-08
dde = -1.866010942e-08
Reset re-loads circuit * comparator-offset-mc @ sf_27c_3.63v -- generated by sim/harness, do not edit

Circuit: * comparator-offset-mc @ sf_27c_3.63v -- generated by sim/harness, do not edit

Doing analysis at TEMP = 27.000000 and TNOM = 27.000000

Using SPARSE 1.3 as Direct Linear Solver

No. of Data Rows : 6
voa = -5.128430390e-04
ddc = 1.5363253956e-07
dde = -1.517263412e-07
Reset re-loads circuit * comparator-offset-mc @ sf_27c_3.63v -- generated by sim/harness, do not edit

Circuit: * comparator-offset-mc @ sf_27c_3.63v -- generated by sim/harness, do not edit

Doing analysis at TEMP = 27.000000 and TNOM = 27.000000

Using SPARSE 1.3 as Direct Linear Solver

No. of Data Rows : 6
voa = -3.683059846e-04
ddc = 8.0761446383e-08
dde = -7.931395884e-08
Reset re-loads circuit * comparator-offset-mc @ sf_27c_3.63v -- generated by sim/harness, do not edit

Circuit: * comparator-offset-mc @ sf_27c_3.63v -- generated by sim/harness, do not edit

Doing analysis at TEMP = 27.000000 and TNOM = 27.000000

Using SPARSE 1.3 as Direct Linear Solver

No. of Data Rows : 6
voa = 1.0386115178e-03
ddc = -2.293361504e-07
dde = 2.2546306536e-07
Reset re-loads circuit * comparator-offset-mc @ sf_27c_3.63v -- generated by sim/harness, do not edit

Circuit: * comparator-offset-mc @ sf_27c_3.63v -- generated by sim/harness, do not edit

Doing analysis at TEMP = 27.000000 and TNOM = 27.000000

Using SPARSE 1.3 as Direct Linear Solver

No. of Data Rows : 6
voa = 6.0346058780e-04
ddc = -1.306220843e-07
dde = 1.2845560556e-07
Reset re-loads circuit * comparator-offset-mc @ sf_27c_3.63v -- generated by sim/harness, do not edit

Circuit: * comparator-offset-mc @ sf_27c_3.63v -- generated by sim/harness, do not edit

Doing analysis at TEMP = 27.000000 and TNOM = 27.000000

Using SPARSE 1.3 as Direct Linear Solver

No. of Data Rows : 6
voa = -2.162930689e-04
ddc = 6.4328312173e-09
dde = -5.733371342e-09
Reset re-loads circuit * comparator-offset-mc @ sf_27c_3.63v -- generated by sim/harness, do not edit

Circuit: * comparator-offset-mc @ sf_27c_3.63v -- generated by sim/harness, do not edit

Doing analysis at TEMP = 27.000000 and TNOM = 27.000000

Using SPARSE 1.3 as Direct Linear Solver
 Reference value :  0.00000e+00
No. of Data Rows : 6
voa = -6.540844357e-04
ddc = 1.3390324508e-07
dde = -1.314389238e-07
Reset re-loads circuit * comparator-offset-mc @ sf_27c_3.63v -- generated by sim/harness, do not edit

Circuit: * comparator-offset-mc @ sf_27c_3.63v -- generated by sim/harness, do not edit

Doing analysis at TEMP = 27.000000 and TNOM = 27.000000

Using SPARSE 1.3 as Direct Linear Solver

No. of Data Rows : 6
voa = -2.903833019e-04
ddc = 8.8741149688e-08
dde = -8.762088631e-08
Reset re-loads circuit * comparator-offset-mc @ sf_27c_3.63v -- generated by sim/harness, do not edit

Circuit: * comparator-offset-mc @ sf_27c_3.63v -- generated by sim/harness, do not edit

Doing analysis at TEMP = 27.000000 and TNOM = 27.000000

Using SPARSE 1.3 as Direct Linear Solver

No. of Data Rows : 6
voa = 4.3959976970e-04
ddc = -8.753431334e-08
dde = 8.5880132319e-08
Reset re-loads circuit * comparator-offset-mc @ sf_27c_3.63v -- generated by sim/harness, do not edit

Circuit: * comparator-offset-mc @ sf_27c_3.63v -- generated by sim/harness, do not edit

Doing analysis at TEMP = 27.000000 and TNOM = 27.000000

Using SPARSE 1.3 as Direct Linear Solver

No. of Data Rows : 6
voa = -4.271630338e-04
ddc = 1.3253587172e-07
dde = -1.309235847e-07
Reset re-loads circuit * comparator-offset-mc @ sf_27c_3.63v -- generated by sim/harness, do not edit

Circuit: * comparator-offset-mc @ sf_27c_3.63v -- generated by sim/harness, do not edit

Doing analysis at TEMP = 27.000000 and TNOM = 27.000000

Using SPARSE 1.3 as Direct Linear Solver

No. of Data Rows : 6
voa = -8.841315000e-04
ddc = 2.0088603982e-07
dde = -1.977732390e-07
Reset re-loads circuit * comparator-offset-mc @ sf_27c_3.63v -- generated by sim/harness, do not edit

Circuit: * comparator-offset-mc @ sf_27c_3.63v -- generated by sim/harness, do not edit

Doing analysis at TEMP = 27.000000 and TNOM = 27.000000

Using SPARSE 1.3 as Direct Linear Solver

No. of Data Rows : 6
voa = 1.1806420098e-05
ddc = 3.4559185611e-08
dde = -3.462680731e-08
Reset re-loads circuit * comparator-offset-mc @ sf_27c_3.63v -- generated by sim/harness, do not edit

Circuit: * comparator-offset-mc @ sf_27c_3.63v -- generated by sim/harness, do not edit

Doing analysis at TEMP = 27.000000 and TNOM = 27.000000

Using SPARSE 1.3 as Direct Linear Solver

No. of Data Rows : 6
voa = 1.6000232078e-03
ddc = -2.932049605e-07
dde = 2.8716398641e-07
Reset re-loads circuit * comparator-offset-mc @ sf_27c_3.63v -- generated by sim/harness, do not edit

Circuit: * comparator-offset-mc @ sf_27c_3.63v -- generated by sim/harness, do not edit

Doing analysis at TEMP = 27.000000 and TNOM = 27.000000

Using SPARSE 1.3 as Direct Linear Solver

No. of Data Rows : 6
voa = -1.814337269e-03
ddc = 4.1403669163e-07
dde = -4.075052061e-07
Reset re-loads circuit * comparator-offset-mc @ sf_27c_3.63v -- generated by sim/harness, do not edit

Circuit: * comparator-offset-mc @ sf_27c_3.63v -- generated by sim/harness, do not edit

Doing analysis at TEMP = 27.000000 and TNOM = 27.000000

Using SPARSE 1.3 as Direct Linear Solver

No. of Data Rows : 6
voa = 9.8601140985e-04
ddc = -1.942100265e-07
dde = 1.9059975184e-07
Reset re-loads circuit * comparator-offset-mc @ sf_27c_3.63v -- generated by sim/harness, do not edit

Circuit: * comparator-offset-mc @ sf_27c_3.63v -- generated by sim/harness, do not edit

Doing analysis at TEMP = 27.000000 and TNOM = 27.000000

Using SPARSE 1.3 as Direct Linear Solver

No. of Data Rows : 6
voa = -4.025609756e-04
ddc = 1.0447187535e-07
dde = -1.029757071e-07
Reset re-loads circuit * comparator-offset-mc @ sf_27c_3.63v -- generated by sim/harness, do not edit

Circuit: * comparator-offset-mc @ sf_27c_3.63v -- generated by sim/harness, do not edit

Doing analysis at TEMP = 27.000000 and TNOM = 27.000000

Using SPARSE 1.3 as Direct Linear Solver

No. of Data Rows : 6
voa = 8.4248857422e-05
ddc = 2.4050785477e-08
dde = -2.433115038e-08
Reset re-loads circuit * comparator-offset-mc @ sf_27c_3.63v -- generated by sim/harness, do not edit

Circuit: * comparator-offset-mc @ sf_27c_3.63v -- generated by sim/harness, do not edit

Doing analysis at TEMP = 27.000000 and TNOM = 27.000000

Using SPARSE 1.3 as Direct Linear Solver
 Reference value :  2.00000e-03
No. of Data Rows : 6
voa = -1.669886976e-04
ddc = 2.3304249471e-08
dde = -2.249469700e-08
Reset re-loads circuit * comparator-offset-mc @ sf_27c_3.63v -- generated by sim/harness, do not edit

Circuit: * comparator-offset-mc @ sf_27c_3.63v -- generated by sim/harness, do not edit

Doing analysis at TEMP = 27.000000 and TNOM = 27.000000

Using SPARSE 1.3 as Direct Linear Solver

No. of Data Rows : 6
voa = 3.7658379626e-04
ddc = -8.614899217e-08
dde = 8.4804030561e-08
Reset re-loads circuit * comparator-offset-mc @ sf_27c_3.63v -- generated by sim/harness, do not edit

Circuit: * comparator-offset-mc @ sf_27c_3.63v -- generated by sim/harness, do not edit

Doing analysis at TEMP = 27.000000 and TNOM = 27.000000

Using SPARSE 1.3 as Direct Linear Solver

No. of Data Rows : 6
voa = -1.237602952e-04
ddc = 1.8215802547e-08
dde = -1.776151169e-08
Reset re-loads circuit * comparator-offset-mc @ sf_27c_3.63v -- generated by sim/harness, do not edit

Circuit: * comparator-offset-mc @ sf_27c_3.63v -- generated by sim/harness, do not edit

Doing analysis at TEMP = 27.000000 and TNOM = 27.000000

Using SPARSE 1.3 as Direct Linear Solver

No. of Data Rows : 6
voa = -1.038623997e-03
ddc = 2.2322637464e-07
dde = -2.195791124e-07
Reset re-loads circuit * comparator-offset-mc @ sf_27c_3.63v -- generated by sim/harness, do not edit

Circuit: * comparator-offset-mc @ sf_27c_3.63v -- generated by sim/harness, do not edit

Doing analysis at TEMP = 27.000000 and TNOM = 27.000000

Using SPARSE 1.3 as Direct Linear Solver

No. of Data Rows : 6
voa = 1.1573086988e-03
ddc = -2.337710345e-07
dde = 2.2960352520e-07
Reset re-loads circuit * comparator-offset-mc @ sf_27c_3.63v -- generated by sim/harness, do not edit

Circuit: * comparator-offset-mc @ sf_27c_3.63v -- generated by sim/harness, do not edit

Doing analysis at TEMP = 27.000000 and TNOM = 27.000000

Using SPARSE 1.3 as Direct Linear Solver

No. of Data Rows : 6
voa = 4.9869648526e-05
ddc = 1.1562816452e-08
dde = -1.175734189e-08
Reset re-loads circuit * comparator-offset-mc @ sf_27c_3.63v -- generated by sim/harness, do not edit

Circuit: * comparator-offset-mc @ sf_27c_3.63v -- generated by sim/harness, do not edit

Doing analysis at TEMP = 27.000000 and TNOM = 27.000000

Using SPARSE 1.3 as Direct Linear Solver

No. of Data Rows : 6
voa = 3.8080285537e-04
ddc = -4.631559492e-08
dde = 4.4933334021e-08
Reset re-loads circuit * comparator-offset-mc @ sf_27c_3.63v -- generated by sim/harness, do not edit

Circuit: * comparator-offset-mc @ sf_27c_3.63v -- generated by sim/harness, do not edit

Doing analysis at TEMP = 27.000000 and TNOM = 27.000000

Using SPARSE 1.3 as Direct Linear Solver

No. of Data Rows : 6
voa = 2.6120142107e-05
ddc = 1.2773784619e-08
dde = -1.296037541e-08
Reset re-loads circuit * comparator-offset-mc @ sf_27c_3.63v -- generated by sim/harness, do not edit

Circuit: * comparator-offset-mc @ sf_27c_3.63v -- generated by sim/harness, do not edit

Doing analysis at TEMP = 27.000000 and TNOM = 27.000000

Using SPARSE 1.3 as Direct Linear Solver

No. of Data Rows : 6
voa = -1.275354101e-03
ddc = 2.7765402106e-07
dde = -2.729575756e-07
Reset re-loads circuit * comparator-offset-mc @ sf_27c_3.63v -- generated by sim/harness, do not edit

Circuit: * comparator-offset-mc @ sf_27c_3.63v -- generated by sim/harness, do not edit

Doing analysis at TEMP = 27.000000 and TNOM = 27.000000

Using SPARSE 1.3 as Direct Linear Solver
 Reference value :  0.00000e+00
No. of Data Rows : 6
voa = 1.1712540133e-04
ddc = -7.674582080e-08
dde = 7.6323482702e-08
Reset re-loads circuit * comparator-offset-mc @ sf_27c_3.63v -- generated by sim/harness, do not edit

Circuit: * comparator-offset-mc @ sf_27c_3.63v -- generated by sim/harness, do not edit

Doing analysis at TEMP = 27.000000 and TNOM = 27.000000

Using SPARSE 1.3 as Direct Linear Solver

No. of Data Rows : 6
voa = 1.1034232557e-03
ddc = -2.264000687e-07
dde = 2.2236825887e-07
Reset re-loads circuit * comparator-offset-mc @ sf_27c_3.63v -- generated by sim/harness, do not edit

Circuit: * comparator-offset-mc @ sf_27c_3.63v -- generated by sim/harness, do not edit

Doing analysis at TEMP = 27.000000 and TNOM = 27.000000

Using SPARSE 1.3 as Direct Linear Solver

No. of Data Rows : 6
voa = -4.649102907e-04
ddc = 8.0356062148e-08
dde = -7.880255579e-08
Reset re-loads circuit * comparator-offset-mc @ sf_27c_3.63v -- generated by sim/harness, do not edit

Circuit: * comparator-offset-mc @ sf_27c_3.63v -- generated by sim/harness, do not edit

Doing analysis at TEMP = 27.000000 and TNOM = 27.000000

Using SPARSE 1.3 as Direct Linear Solver

No. of Data Rows : 6
voa = 2.0411401128e-04
ddc = -5.003231020e-08
dde = 4.9139537798e-08
Reset re-loads circuit * comparator-offset-mc @ sf_27c_3.63v -- generated by sim/harness, do not edit

Circuit: * comparator-offset-mc @ sf_27c_3.63v -- generated by sim/harness, do not edit

Doing analysis at TEMP = 27.000000 and TNOM = 27.000000

Using SPARSE 1.3 as Direct Linear Solver

No. of Data Rows : 6
voa = -4.138290303e-04
ddc = 5.6351024666e-08
dde = -5.486549908e-08
Reset re-loads circuit * comparator-offset-mc @ sf_27c_3.63v -- generated by sim/harness, do not edit

Circuit: * comparator-offset-mc @ sf_27c_3.63v -- generated by sim/harness, do not edit

Doing analysis at TEMP = 27.000000 and TNOM = 27.000000

Using SPARSE 1.3 as Direct Linear Solver

No. of Data Rows : 6
voa = 1.2940005141e-04
ddc = -2.397387098e-09
dde = 1.8719818628e-09
Reset re-loads circuit * comparator-offset-mc @ sf_27c_3.63v -- generated by sim/harness, do not edit

Circuit: * comparator-offset-mc @ sf_27c_3.63v -- generated by sim/harness, do not edit

Doing analysis at TEMP = 27.000000 and TNOM = 27.000000

Using SPARSE 1.3 as Direct Linear Solver

No. of Data Rows : 6
voa = 8.8372541898e-04
ddc = -1.510867418e-07
dde = 1.4787737996e-07
Reset re-loads circuit * comparator-offset-mc @ sf_27c_3.63v -- generated by sim/harness, do not edit

Circuit: * comparator-offset-mc @ sf_27c_3.63v -- generated by sim/harness, do not edit

Doing analysis at TEMP = 27.000000 and TNOM = 27.000000

Using SPARSE 1.3 as Direct Linear Solver

No. of Data Rows : 6
voa = -2.694302318e-04
ddc = 7.0825053421e-08
dde = -6.977146988e-08
Reset re-loads circuit * comparator-offset-mc @ sf_27c_3.63v -- generated by sim/harness, do not edit

Circuit: * comparator-offset-mc @ sf_27c_3.63v -- generated by sim/harness, do not edit

Doing analysis at TEMP = 27.000000 and TNOM = 27.000000

Using SPARSE 1.3 as Direct Linear Solver
 Reference value :  0.00000e+00
No. of Data Rows : 6
voa = 1.0813625036e-03
ddc = -2.385035547e-07
dde = 2.3448249780e-07
Reset re-loads circuit * comparator-offset-mc @ sf_27c_3.63v -- generated by sim/harness, do not edit

Circuit: * comparator-offset-mc @ sf_27c_3.63v -- generated by sim/harness, do not edit

Doing analysis at TEMP = 27.000000 and TNOM = 27.000000

Using SPARSE 1.3 as Direct Linear Solver

No. of Data Rows : 6
voa = 7.7182625104e-04
ddc = -1.310610610e-07
dde = 1.2823734004e-07
Reset re-loads circuit * comparator-offset-mc @ sf_27c_3.63v -- generated by sim/harness, do not edit

Circuit: * comparator-offset-mc @ sf_27c_3.63v -- generated by sim/harness, do not edit

Doing analysis at TEMP = 27.000000 and TNOM = 27.000000

Using SPARSE 1.3 as Direct Linear Solver

No. of Data Rows : 6
voa = 4.8323765111e-04
ddc = -9.494103515e-08
dde = 9.3066141131e-08
Reset re-loads circuit * comparator-offset-mc @ sf_27c_3.63v -- generated by sim/harness, do not edit

Circuit: * comparator-offset-mc @ sf_27c_3.63v -- generated by sim/harness, do not edit

Doing analysis at TEMP = 27.000000 and TNOM = 27.000000

Using SPARSE 1.3 as Direct Linear Solver

No. of Data Rows : 6
voa = 7.9255215022e-04
ddc = -1.927150529e-07
dde = 1.8978689550e-07
Reset re-loads circuit * comparator-offset-mc @ sf_27c_3.63v -- generated by sim/harness, do not edit

Circuit: * comparator-offset-mc @ sf_27c_3.63v -- generated by sim/harness, do not edit

Doing analysis at TEMP = 27.000000 and TNOM = 27.000000

Using SPARSE 1.3 as Direct Linear Solver

No. of Data Rows : 6
voa = 1.0277508777e-05
ddc = 1.5715080106e-08
dde = -1.560617330e-08
Reset re-loads circuit * comparator-offset-mc @ sf_27c_3.63v -- generated by sim/harness, do not edit

Circuit: * comparator-offset-mc @ sf_27c_3.63v -- generated by sim/harness, do not edit

Doing analysis at TEMP = 27.000000 and TNOM = 27.000000

Using SPARSE 1.3 as Direct Linear Solver

No. of Data Rows : 6
voa = -1.462463320e-03
ddc = 2.9291016483e-07
dde = -2.873646259e-07
Reset re-loads circuit * comparator-offset-mc @ sf_27c_3.63v -- generated by sim/harness, do not edit

Circuit: * comparator-offset-mc @ sf_27c_3.63v -- generated by sim/harness, do not edit

Doing analysis at TEMP = 27.000000 and TNOM = 27.000000

Using SPARSE 1.3 as Direct Linear Solver

No. of Data Rows : 6
voa = 1.0413149213e-03
ddc = -2.054201722e-07
dde = 2.0162414781e-07
Reset re-loads circuit * comparator-offset-mc @ sf_27c_3.63v -- generated by sim/harness, do not edit

Circuit: * comparator-offset-mc @ sf_27c_3.63v -- generated by sim/harness, do not edit

Doing analysis at TEMP = 27.000000 and TNOM = 27.000000

Using SPARSE 1.3 as Direct Linear Solver

No. of Data Rows : 6
voa = -1.607429117e-03
ddc = 2.4806582690e-07
dde = -2.423934960e-07
Reset re-loads circuit * comparator-offset-mc @ sf_27c_3.63v -- generated by sim/harness, do not edit

Circuit: * comparator-offset-mc @ sf_27c_3.63v -- generated by sim/harness, do not edit

Doing analysis at TEMP = 27.000000 and TNOM = 27.000000

Using SPARSE 1.3 as Direct Linear Solver

No. of Data Rows : 6
voa = 2.4243099212e-03
ddc = -5.124255499e-07
dde = 5.0344045273e-07
Reset re-loads circuit * comparator-offset-mc @ sf_27c_3.63v -- generated by sim/harness, do not edit

Circuit: * comparator-offset-mc @ sf_27c_3.63v -- generated by sim/harness, do not edit

Doing analysis at TEMP = 27.000000 and TNOM = 27.000000

Using SPARSE 1.3 as Direct Linear Solver

No. of Data Rows : 6
voa = -1.527081448e-04
ddc = 4.9667886837e-08
dde = -4.918975903e-08
Reset re-loads circuit * comparator-offset-mc @ sf_27c_3.63v -- generated by sim/harness, do not edit

Circuit: * comparator-offset-mc @ sf_27c_3.63v -- generated by sim/harness, do not edit

Doing analysis at TEMP = 27.000000 and TNOM = 27.000000

Using SPARSE 1.3 as Direct Linear Solver
 Reference value :  0.00000e+00
No. of Data Rows : 6
voa = -4.122889444e-04
ddc = 4.2532725847e-08
dde = -4.085372850e-08
Reset re-loads circuit * comparator-offset-mc @ sf_27c_3.63v -- generated by sim/harness, do not edit

Circuit: * comparator-offset-mc @ sf_27c_3.63v -- generated by sim/harness, do not edit

Doing analysis at TEMP = 27.000000 and TNOM = 27.000000

Using SPARSE 1.3 as Direct Linear Solver

No. of Data Rows : 6
voa = -6.121631856e-04
ddc = 1.1691608768e-07
dde = -1.148248126e-07
Reset re-loads circuit * comparator-offset-mc @ sf_27c_3.63v -- generated by sim/harness, do not edit

Circuit: * comparator-offset-mc @ sf_27c_3.63v -- generated by sim/harness, do not edit

Doing analysis at TEMP = 27.000000 and TNOM = 27.000000

Using SPARSE 1.3 as Direct Linear Solver

No. of Data Rows : 6
voa = -1.753601089e-03
ddc = 3.3097598642e-07
dde = -3.243840901e-07
Reset re-loads circuit * comparator-offset-mc @ sf_27c_3.63v -- generated by sim/harness, do not edit

Circuit: * comparator-offset-mc @ sf_27c_3.63v -- generated by sim/harness, do not edit

Doing analysis at TEMP = 27.000000 and TNOM = 27.000000

Using SPARSE 1.3 as Direct Linear Solver

No. of Data Rows : 6
voa = -4.094926481e-04
ddc = 8.2682313026e-08
dde = -8.106185886e-08
Reset re-loads circuit * comparator-offset-mc @ sf_27c_3.63v -- generated by sim/harness, do not edit

Circuit: * comparator-offset-mc @ sf_27c_3.63v -- generated by sim/harness, do not edit

Doing analysis at TEMP = 27.000000 and TNOM = 27.000000

Using SPARSE 1.3 as Direct Linear Solver

No. of Data Rows : 6
voa = -8.395500055e-05
ddc = 1.5661630223e-08
dde = -1.517149474e-08
Reset re-loads circuit * comparator-offset-mc @ sf_27c_3.63v -- generated by sim/harness, do not edit

Circuit: * comparator-offset-mc @ sf_27c_3.63v -- generated by sim/harness, do not edit

Doing analysis at TEMP = 27.000000 and TNOM = 27.000000

Using SPARSE 1.3 as Direct Linear Solver

No. of Data Rows : 6
voa = 1.6222028274e-03
ddc = -3.480468095e-07
dde = 3.4203546975e-07
Reset re-loads circuit * comparator-offset-mc @ sf_27c_3.63v -- generated by sim/harness, do not edit

Circuit: * comparator-offset-mc @ sf_27c_3.63v -- generated by sim/harness, do not edit

Doing analysis at TEMP = 27.000000 and TNOM = 27.000000

Using SPARSE 1.3 as Direct Linear Solver

No. of Data Rows : 6
voa = -1.815548760e-04
ddc = 8.7482818741e-08
dde = -8.689589181e-08
Reset re-loads circuit * comparator-offset-mc @ sf_27c_3.63v -- generated by sim/harness, do not edit

Circuit: * comparator-offset-mc @ sf_27c_3.63v -- generated by sim/harness, do not edit

Doing analysis at TEMP = 27.000000 and TNOM = 27.000000

Using SPARSE 1.3 as Direct Linear Solver

No. of Data Rows : 6
voa = -7.265498193e-04
ddc = 1.4931042291e-07
dde = -1.467579977e-07
Reset re-loads circuit * comparator-offset-mc @ sf_27c_3.63v -- generated by sim/harness, do not edit

Circuit: * comparator-offset-mc @ sf_27c_3.63v -- generated by sim/harness, do not edit

Doing analysis at TEMP = 27.000000 and TNOM = 27.000000

Using SPARSE 1.3 as Direct Linear Solver

No. of Data Rows : 6
voa = -8.037959207e-04
ddc = 1.4093690819e-07
dde = -1.380737309e-07
Reset re-loads circuit * comparator-offset-mc @ sf_27c_3.63v -- generated by sim/harness, do not edit

Circuit: * comparator-offset-mc @ sf_27c_3.63v -- generated by sim/harness, do not edit

Doing analysis at TEMP = 27.000000 and TNOM = 27.000000

Using SPARSE 1.3 as Direct Linear Solver

No. of Data Rows : 6
voa = -5.478733429e-04
ddc = 1.2470690951e-07
dde = -1.224571626e-07
Reset re-loads circuit * comparator-offset-mc @ sf_27c_3.63v -- generated by sim/harness, do not edit

Circuit: * comparator-offset-mc @ sf_27c_3.63v -- generated by sim/harness, do not edit

Doing analysis at TEMP = 27.000000 and TNOM = 27.000000

Using SPARSE 1.3 as Direct Linear Solver

No. of Data Rows : 6
voa = 8.3507966628e-04
ddc = -1.691805711e-07
dde = 1.6611981531e-07
Reset re-loads circuit * comparator-offset-mc @ sf_27c_3.63v -- generated by sim/harness, do not edit

Circuit: * comparator-offset-mc @ sf_27c_3.63v -- generated by sim/harness, do not edit

Doing analysis at TEMP = 27.000000 and TNOM = 27.000000

Using SPARSE 1.3 as Direct Linear Solver

No. of Data Rows : 6
voa = -1.866000828e-04
ddc = 5.9087435634e-08
dde = -5.823359721e-08
Reset re-loads circuit * comparator-offset-mc @ sf_27c_3.63v -- generated by sim/harness, do not edit

Circuit: * comparator-offset-mc @ sf_27c_3.63v -- generated by sim/harness, do not edit

Doing analysis at TEMP = 27.000000 and TNOM = 27.000000

Using SPARSE 1.3 as Direct Linear Solver
 Reference value :  0.00000e+00
No. of Data Rows : 6
voa = 1.0068254724e-03
ddc = -2.348605767e-07
dde = 2.3111880347e-07
Reset re-loads circuit * comparator-offset-mc @ sf_27c_3.63v -- generated by sim/harness, do not edit

Circuit: * comparator-offset-mc @ sf_27c_3.63v -- generated by sim/harness, do not edit

Doing analysis at TEMP = 27.000000 and TNOM = 27.000000

Using SPARSE 1.3 as Direct Linear Solver

No. of Data Rows : 6
voa = 6.1436387610e-04
ddc = -1.405683056e-07
dde = 1.3836372529e-07
Reset re-loads circuit * comparator-offset-mc @ sf_27c_3.63v -- generated by sim/harness, do not edit

Circuit: * comparator-offset-mc @ sf_27c_3.63v -- generated by sim/harness, do not edit

Doing analysis at TEMP = 27.000000 and TNOM = 27.000000

Using SPARSE 1.3 as Direct Linear Solver

No. of Data Rows : 6
voa = -2.332998452e-04
ddc = 7.4655700906e-08
dde = -7.373359475e-08
Reset re-loads circuit * comparator-offset-mc @ sf_27c_3.63v -- generated by sim/harness, do not edit

Circuit: * comparator-offset-mc @ sf_27c_3.63v -- generated by sim/harness, do not edit

Doing analysis at TEMP = 27.000000 and TNOM = 27.000000

Using SPARSE 1.3 as Direct Linear Solver

No. of Data Rows : 6
voa = 2.2820348037e-03
ddc = -4.174073700e-07
dde = 4.0916882811e-07
Reset re-loads circuit * comparator-offset-mc @ sf_27c_3.63v -- generated by sim/harness, do not edit

Circuit: * comparator-offset-mc @ sf_27c_3.63v -- generated by sim/harness, do not edit

Doing analysis at TEMP = 27.000000 and TNOM = 27.000000

Using SPARSE 1.3 as Direct Linear Solver

No. of Data Rows : 6
voa = -6.366424738e-04
ddc = 1.6249089053e-07
dde = -1.601785258e-07
Reset re-loads circuit * comparator-offset-mc @ sf_27c_3.63v -- generated by sim/harness, do not edit

Circuit: * comparator-offset-mc @ sf_27c_3.63v -- generated by sim/harness, do not edit

Doing analysis at TEMP = 27.000000 and TNOM = 27.000000

Using SPARSE 1.3 as Direct Linear Solver

No. of Data Rows : 6
voa = 2.2866602949e-04
ddc = -3.511559265e-08
dde = 3.4163576267e-08
Reset re-loads circuit * comparator-offset-mc @ sf_27c_3.63v -- generated by sim/harness, do not edit

Circuit: * comparator-offset-mc @ sf_27c_3.63v -- generated by sim/harness, do not edit

Doing analysis at TEMP = 27.000000 and TNOM = 27.000000

Using SPARSE 1.3 as Direct Linear Solver

No. of Data Rows : 6
voa = 3.4220241096e-04
ddc = -4.831228051e-08
dde = 4.7103986160e-08
Reset re-loads circuit * comparator-offset-mc @ sf_27c_3.63v -- generated by sim/harness, do not edit

Circuit: * comparator-offset-mc @ sf_27c_3.63v -- generated by sim/harness, do not edit

Doing analysis at TEMP = 27.000000 and TNOM = 27.000000

Using SPARSE 1.3 as Direct Linear Solver

No. of Data Rows : 6
voa = 5.1630948428e-04
ddc = -1.177209510e-07
dde = 1.1579740188e-07
Reset re-loads circuit * comparator-offset-mc @ sf_27c_3.63v -- generated by sim/harness, do not edit

Circuit: * comparator-offset-mc @ sf_27c_3.63v -- generated by sim/harness, do not edit

Doing analysis at TEMP = 27.000000 and TNOM = 27.000000

Using SPARSE 1.3 as Direct Linear Solver
 Reference value :  0.00000e+00
No. of Data Rows : 6
voa = 1.8467063460e-03
ddc = -3.784999320e-07
dde = 3.7157400570e-07
Reset re-loads circuit * comparator-offset-mc @ sf_27c_3.63v -- generated by sim/harness, do not edit

Circuit: * comparator-offset-mc @ sf_27c_3.63v -- generated by sim/harness, do not edit

Doing analysis at TEMP = 27.000000 and TNOM = 27.000000

Using SPARSE 1.3 as Direct Linear Solver

No. of Data Rows : 6
voa = -8.954676491e-04
ddc = 1.9301744360e-07
dde = -1.896739787e-07
Reset re-loads circuit * comparator-offset-mc @ sf_27c_3.63v -- generated by sim/harness, do not edit

Circuit: * comparator-offset-mc @ sf_27c_3.63v -- generated by sim/harness, do not edit

Doing analysis at TEMP = 27.000000 and TNOM = 27.000000

Using SPARSE 1.3 as Direct Linear Solver

No. of Data Rows : 6
voa = 1.0066274555e-03
ddc = -2.425125581e-07
dde = 2.3886574098e-07
Reset re-loads circuit * comparator-offset-mc @ sf_27c_3.63v -- generated by sim/harness, do not edit

Circuit: * comparator-offset-mc @ sf_27c_3.63v -- generated by sim/harness, do not edit

Doing analysis at TEMP = 27.000000 and TNOM = 27.000000

Using SPARSE 1.3 as Direct Linear Solver

No. of Data Rows : 6
voa = 9.1554711657e-04
ddc = -2.068187121e-07
dde = 2.0343567063e-07
Reset re-loads circuit * comparator-offset-mc @ sf_27c_3.63v -- generated by sim/harness, do not edit

Circuit: * comparator-offset-mc @ sf_27c_3.63v -- generated by sim/harness, do not edit

Doing analysis at TEMP = 27.000000 and TNOM = 27.000000

Using SPARSE 1.3 as Direct Linear Solver

No. of Data Rows : 6
voa = 2.4178135823e-04
ddc = -5.164942297e-08
dde = 5.0765174781e-08
Reset re-loads circuit * comparator-offset-mc @ sf_27c_3.63v -- generated by sim/harness, do not edit

Circuit: * comparator-offset-mc @ sf_27c_3.63v -- generated by sim/harness, do not edit

Doing analysis at TEMP = 27.000000 and TNOM = 27.000000

Using SPARSE 1.3 as Direct Linear Solver

No. of Data Rows : 6
voa = 4.8492287092e-04
ddc = -5.986892555e-08
dde = 5.8174328550e-08
Reset re-loads circuit * comparator-offset-mc @ sf_27c_3.63v -- generated by sim/harness, do not edit

Circuit: * comparator-offset-mc @ sf_27c_3.63v -- generated by sim/harness, do not edit

Doing analysis at TEMP = 27.000000 and TNOM = 27.000000

Using SPARSE 1.3 as Direct Linear Solver

No. of Data Rows : 6
voa = 5.8111752874e-04
ddc = -1.555514795e-07
dde = 1.5351772460e-07
Reset re-loads circuit * comparator-offset-mc @ sf_27c_3.63v -- generated by sim/harness, do not edit

Circuit: * comparator-offset-mc @ sf_27c_3.63v -- generated by sim/harness, do not edit

Doing analysis at TEMP = 27.000000 and TNOM = 27.000000

Using SPARSE 1.3 as Direct Linear Solver

No. of Data Rows : 6
voa = 1.7272631474e-03
ddc = -3.104964314e-07
dde = 3.0406374196e-07
Reset re-loads circuit * comparator-offset-mc @ sf_27c_3.63v -- generated by sim/harness, do not edit

Circuit: * comparator-offset-mc @ sf_27c_3.63v -- generated by sim/harness, do not edit

Doing analysis at TEMP = 27.000000 and TNOM = 27.000000

Using SPARSE 1.3 as Direct Linear Solver
 Reference value :  0.00000e+00
No. of Data Rows : 6
voa = -1.452090556e-03
ddc = 2.5220034199e-07
dde = -2.466074710e-07
Reset re-loads circuit * comparator-offset-mc @ sf_27c_3.63v -- generated by sim/harness, do not edit

Circuit: * comparator-offset-mc @ sf_27c_3.63v -- generated by sim/harness, do not edit

Doing analysis at TEMP = 27.000000 and TNOM = 27.000000

Using SPARSE 1.3 as Direct Linear Solver

No. of Data Rows : 6
voa = -5.347234764e-05
ddc = 5.2298169755e-09
dde = -5.096529638e-09
Reset re-loads circuit * comparator-offset-mc @ sf_27c_3.63v -- generated by sim/harness, do not edit

Circuit: * comparator-offset-mc @ sf_27c_3.63v -- generated by sim/harness, do not edit

Doing analysis at TEMP = 27.000000 and TNOM = 27.000000

Using SPARSE 1.3 as Direct Linear Solver

No. of Data Rows : 6
voa = -4.871123527e-04
ddc = 7.3888916130e-08
dde = -7.188423422e-08
Reset re-loads circuit * comparator-offset-mc @ sf_27c_3.63v -- generated by sim/harness, do not edit

Circuit: * comparator-offset-mc @ sf_27c_3.63v -- generated by sim/harness, do not edit

Doing analysis at TEMP = 27.000000 and TNOM = 27.000000

Using SPARSE 1.3 as Direct Linear Solver

No. of Data Rows : 6
voa = -1.804115398e-03
ddc = 3.4328350746e-07
dde = -3.366662523e-07
Reset re-loads circuit * comparator-offset-mc @ sf_27c_3.63v -- generated by sim/harness, do not edit

Circuit: * comparator-offset-mc @ sf_27c_3.63v -- generated by sim/harness, do not edit

Doing analysis at TEMP = 27.000000 and TNOM = 27.000000

Using SPARSE 1.3 as Direct Linear Solver

No. of Data Rows : 6
voa = 7.8378723876e-04
ddc = -1.498859454e-07
dde = 1.4697096601e-07
Reset re-loads circuit * comparator-offset-mc @ sf_27c_3.63v -- generated by sim/harness, do not edit

Circuit: * comparator-offset-mc @ sf_27c_3.63v -- generated by sim/harness, do not edit

Doing analysis at TEMP = 27.000000 and TNOM = 27.000000

Using SPARSE 1.3 as Direct Linear Solver

No. of Data Rows : 6
voa = -3.406661495e-04
ddc = 5.7453062170e-10
dde = 5.4892142145e-10
Reset re-loads circuit * comparator-offset-mc @ sf_27c_3.63v -- generated by sim/harness, do not edit

Circuit: * comparator-offset-mc @ sf_27c_3.63v -- generated by sim/harness, do not edit

Doing analysis at TEMP = 27.000000 and TNOM = 27.000000

Using SPARSE 1.3 as Direct Linear Solver

No. of Data Rows : 6
voa = 2.1860260666e-04
ddc = -2.000744137e-08
dde = 1.9267739223e-08
Reset re-loads circuit * comparator-offset-mc @ sf_27c_3.63v -- generated by sim/harness, do not edit

Circuit: * comparator-offset-mc @ sf_27c_3.63v -- generated by sim/harness, do not edit

Doing analysis at TEMP = 27.000000 and TNOM = 27.000000

Using SPARSE 1.3 as Direct Linear Solver

No. of Data Rows : 6
voa = -1.727922383e-03
ddc = 3.6267288745e-07
dde = -3.566372730e-07
Reset re-loads circuit * comparator-offset-mc @ sf_27c_3.63v -- generated by sim/harness, do not edit

Circuit: * comparator-offset-mc @ sf_27c_3.63v -- generated by sim/harness, do not edit

Doing analysis at TEMP = 27.000000 and TNOM = 27.000000

Using SPARSE 1.3 as Direct Linear Solver
 Reference value :  0.00000e+00
No. of Data Rows : 6
voa = -5.809655654e-04
ddc = 8.7359777416e-08
dde = -8.534236949e-08
Reset re-loads circuit * comparator-offset-mc @ sf_27c_3.63v -- generated by sim/harness, do not edit

Circuit: * comparator-offset-mc @ sf_27c_3.63v -- generated by sim/harness, do not edit

Doing analysis at TEMP = 27.000000 and TNOM = 27.000000

Using SPARSE 1.3 as Direct Linear Solver

No. of Data Rows : 6
voa = 9.7363395447e-04
ddc = -2.240894016e-07
dde = 2.2043733702e-07
Reset re-loads circuit * comparator-offset-mc @ sf_27c_3.63v -- generated by sim/harness, do not edit

Circuit: * comparator-offset-mc @ sf_27c_3.63v -- generated by sim/harness, do not edit

Doing analysis at TEMP = 27.000000 and TNOM = 27.000000

Using SPARSE 1.3 as Direct Linear Solver

No. of Data Rows : 6
voa = 1.3960933407e-03
ddc = -2.636352900e-07
dde = 2.5845747353e-07
Reset re-loads circuit * comparator-offset-mc @ sf_27c_3.63v -- generated by sim/harness, do not edit

Circuit: * comparator-offset-mc @ sf_27c_3.63v -- generated by sim/harness, do not edit

Doing analysis at TEMP = 27.000000 and TNOM = 27.000000

Using SPARSE 1.3 as Direct Linear Solver

No. of Data Rows : 6
voa = -1.412527196e-04
ddc = 3.8835764626e-08
dde = -3.845962699e-08
Reset re-loads circuit * comparator-offset-mc @ sf_27c_3.63v -- generated by sim/harness, do not edit

Circuit: * comparator-offset-mc @ sf_27c_3.63v -- generated by sim/harness, do not edit

Doing analysis at TEMP = 27.000000 and TNOM = 27.000000

Using SPARSE 1.3 as Direct Linear Solver

No. of Data Rows : 6
voa = -2.194039893e-04
ddc = 3.9400091481e-08
dde = -3.860475332e-08
Reset re-loads circuit * comparator-offset-mc @ sf_27c_3.63v -- generated by sim/harness, do not edit

Circuit: * comparator-offset-mc @ sf_27c_3.63v -- generated by sim/harness, do not edit

Doing analysis at TEMP = 27.000000 and TNOM = 27.000000

Using SPARSE 1.3 as Direct Linear Solver

No. of Data Rows : 6
voa = 4.5379925807e-04
ddc = -9.355312042e-08
dde = 9.1852812271e-08
Reset re-loads circuit * comparator-offset-mc @ sf_27c_3.63v -- generated by sim/harness, do not edit

Circuit: * comparator-offset-mc @ sf_27c_3.63v -- generated by sim/harness, do not edit

Doing analysis at TEMP = 27.000000 and TNOM = 27.000000

Using SPARSE 1.3 as Direct Linear Solver

No. of Data Rows : 6
voa = 7.6751604598e-04
ddc = -1.478130927e-07
dde = 1.4497512510e-07
Reset re-loads circuit * comparator-offset-mc @ sf_27c_3.63v -- generated by sim/harness, do not edit

Circuit: * comparator-offset-mc @ sf_27c_3.63v -- generated by sim/harness, do not edit

Doing analysis at TEMP = 27.000000 and TNOM = 27.000000

Using SPARSE 1.3 as Direct Linear Solver
 Reference value :  0.00000e+00
No. of Data Rows : 6
voa = -7.093230221e-04
ddc = 1.5889990259e-07
dde = -1.560591320e-07
Reset re-loads circuit * comparator-offset-mc @ sf_27c_3.63v -- generated by sim/harness, do not edit

Circuit: * comparator-offset-mc @ sf_27c_3.63v -- generated by sim/harness, do not edit

Doing analysis at TEMP = 27.000000 and TNOM = 27.000000

Using SPARSE 1.3 as Direct Linear Solver

No. of Data Rows : 6
voa = -5.682076770e-05
ddc = -2.821221784e-08
dde = 2.8301503223e-08
Reset re-loads circuit * comparator-offset-mc @ sf_27c_3.63v -- generated by sim/harness, do not edit

Circuit: * comparator-offset-mc @ sf_27c_3.63v -- generated by sim/harness, do not edit

Doing analysis at TEMP = 27.000000 and TNOM = 27.000000

Using SPARSE 1.3 as Direct Linear Solver

No. of Data Rows : 6
voa = -5.210953759e-05
ddc = 3.3622847267e-08
dde = -3.347697445e-08
Reset re-loads circuit * comparator-offset-mc @ sf_27c_3.63v -- generated by sim/harness, do not edit

Circuit: * comparator-offset-mc @ sf_27c_3.63v -- generated by sim/harness, do not edit

Doing analysis at TEMP = 27.000000 and TNOM = 27.000000

Using SPARSE 1.3 as Direct Linear Solver

No. of Data Rows : 6
voa = -3.565056070e-04
ddc = 1.0919701586e-07
dde = -1.079292056e-07
Reset re-loads circuit * comparator-offset-mc @ sf_27c_3.63v -- generated by sim/harness, do not edit

Circuit: * comparator-offset-mc @ sf_27c_3.63v -- generated by sim/harness, do not edit

Doing analysis at TEMP = 27.000000 and TNOM = 27.000000

Using SPARSE 1.3 as Direct Linear Solver

No. of Data Rows : 6
voa = -2.296571895e-04
ddc = 4.8198033100e-08
dde = -4.666378000e-08
Reset re-loads circuit * comparator-offset-mc @ sf_27c_3.63v -- generated by sim/harness, do not edit

Circuit: * comparator-offset-mc @ sf_27c_3.63v -- generated by sim/harness, do not edit

Doing analysis at TEMP = 27.000000 and TNOM = 27.000000

Using SPARSE 1.3 as Direct Linear Solver

No. of Data Rows : 6
voa = -1.616613725e-03
ddc = 3.1635441842e-07
dde = -3.103681401e-07
Reset re-loads circuit * comparator-offset-mc @ sf_27c_3.63v -- generated by sim/harness, do not edit

Circuit: * comparator-offset-mc @ sf_27c_3.63v -- generated by sim/harness, do not edit

Doing analysis at TEMP = 27.000000 and TNOM = 27.000000

Using SPARSE 1.3 as Direct Linear Solver

No. of Data Rows : 6
voa = 1.0193140063e-03
ddc = -1.502190263e-07
dde = 1.4649428192e-07
Reset re-loads circuit * comparator-offset-mc @ sf_27c_3.63v -- generated by sim/harness, do not edit

Circuit: * comparator-offset-mc @ sf_27c_3.63v -- generated by sim/harness, do not edit

Doing analysis at TEMP = 27.000000 and TNOM = 27.000000

Using SPARSE 1.3 as Direct Linear Solver
 Reference value :  0.00000e+00
No. of Data Rows : 6
voa = 1.2753968772e-03
ddc = -2.277432956e-07
dde = 2.2308257029e-07
Reset re-loads circuit * comparator-offset-mc @ sf_27c_3.63v -- generated by sim/harness, do not edit

Circuit: * comparator-offset-mc @ sf_27c_3.63v -- generated by sim/harness, do not edit

Doing analysis at TEMP = 27.000000 and TNOM = 27.000000

Using SPARSE 1.3 as Direct Linear Solver

No. of Data Rows : 6
voa = 2.1509974370e-04
ddc = -6.037469147e-08
dde = 5.9551765071e-08
Reset re-loads circuit * comparator-offset-mc @ sf_27c_3.63v -- generated by sim/harness, do not edit

Circuit: * comparator-offset-mc @ sf_27c_3.63v -- generated by sim/harness, do not edit

Doing analysis at TEMP = 27.000000 and TNOM = 27.000000

Using SPARSE 1.3 as Direct Linear Solver

No. of Data Rows : 6
voa = -4.772336932e-04
ddc = 1.2338955979e-07
dde = -1.216754451e-07
Reset re-loads circuit * comparator-offset-mc @ sf_27c_3.63v -- generated by sim/harness, do not edit

Circuit: * comparator-offset-mc @ sf_27c_3.63v -- generated by sim/harness, do not edit

Doing analysis at TEMP = 27.000000 and TNOM = 27.000000

Using SPARSE 1.3 as Direct Linear Solver

No. of Data Rows : 6
voa = 1.1312583994e-03
ddc = -2.456216503e-07
dde = 2.4141071137e-07
Reset re-loads circuit * comparator-offset-mc @ sf_27c_3.63v -- generated by sim/harness, do not edit

Circuit: * comparator-offset-mc @ sf_27c_3.63v -- generated by sim/harness, do not edit

Doing analysis at TEMP = 27.000000 and TNOM = 27.000000

Using SPARSE 1.3 as Direct Linear Solver

No. of Data Rows : 6
voa = 4.1483863582e-04
ddc = -1.042385907e-07
dde = 1.0275909197e-07
Reset re-loads circuit * comparator-offset-mc @ sf_27c_3.63v -- generated by sim/harness, do not edit

Circuit: * comparator-offset-mc @ sf_27c_3.63v -- generated by sim/harness, do not edit

Doing analysis at TEMP = 27.000000 and TNOM = 27.000000

Using SPARSE 1.3 as Direct Linear Solver

No. of Data Rows : 6
voa = 2.4444181427e-04
ddc = -3.650605917e-08
dde = 3.5614373242e-08
Reset re-loads circuit * comparator-offset-mc @ sf_27c_3.63v -- generated by sim/harness, do not edit

Circuit: * comparator-offset-mc @ sf_27c_3.63v -- generated by sim/harness, do not edit

Doing analysis at TEMP = 27.000000 and TNOM = 27.000000

Using SPARSE 1.3 as Direct Linear Solver

No. of Data Rows : 6
voa = -6.650770100e-04
ddc = 1.1654855924e-07
dde = -1.006671661e-07
Reset re-loads circuit * comparator-offset-mc @ sf_27c_3.63v -- generated by sim/harness, do not edit

Circuit: * comparator-offset-mc @ sf_27c_3.63v -- generated by sim/harness, do not edit

Doing analysis at TEMP = 27.000000 and TNOM = 27.000000

Using SPARSE 1.3 as Direct Linear Solver
 Reference value :  0.00000e+00
No. of Data Rows : 6
voa = -1.889178352e-03
ddc = 4.0167379517e-07
dde = -3.949624383e-07
Reset re-loads circuit * comparator-offset-mc @ sf_27c_3.63v -- generated by sim/harness, do not edit

Circuit: * comparator-offset-mc @ sf_27c_3.63v -- generated by sim/harness, do not edit

Doing analysis at TEMP = 27.000000 and TNOM = 27.000000

Using SPARSE 1.3 as Direct Linear Solver

No. of Data Rows : 6
voa = -2.137981206e-04
ddc = 4.0060447589e-08
dde = -3.936774577e-08
Reset re-loads circuit * comparator-offset-mc @ sf_27c_3.63v -- generated by sim/harness, do not edit

Circuit: * comparator-offset-mc @ sf_27c_3.63v -- generated by sim/harness, do not edit

Doing analysis at TEMP = 27.000000 and TNOM = 27.000000

Using SPARSE 1.3 as Direct Linear Solver

No. of Data Rows : 6
voa = 2.7979934752e-05
ddc = 5.9917745325e-08
dde = -5.986021033e-08
Reset re-loads circuit * comparator-offset-mc @ sf_27c_3.63v -- generated by sim/harness, do not edit

Circuit: * comparator-offset-mc @ sf_27c_3.63v -- generated by sim/harness, do not edit

Doing analysis at TEMP = 27.000000 and TNOM = 27.000000

Using SPARSE 1.3 as Direct Linear Solver

No. of Data Rows : 6
voa = -8.672467557e-04
ddc = 1.8842806235e-07
dde = -1.851369663e-07
Reset re-loads circuit * comparator-offset-mc @ sf_27c_3.63v -- generated by sim/harness, do not edit

Circuit: * comparator-offset-mc @ sf_27c_3.63v -- generated by sim/harness, do not edit

Doing analysis at TEMP = 27.000000 and TNOM = 27.000000

Using SPARSE 1.3 as Direct Linear Solver

No. of Data Rows : 6
voa = -8.536351332e-04
ddc = 1.9608948597e-07
dde = -1.927715873e-07
Reset re-loads circuit * comparator-offset-mc @ sf_27c_3.63v -- generated by sim/harness, do not edit

Circuit: * comparator-offset-mc @ sf_27c_3.63v -- generated by sim/harness, do not edit

Doing analysis at TEMP = 27.000000 and TNOM = 27.000000

Using SPARSE 1.3 as Direct Linear Solver

No. of Data Rows : 6
voa = 1.3108940286e-03
ddc = -2.673680595e-07
dde = 2.6252165853e-07
Reset re-loads circuit * comparator-offset-mc @ sf_27c_3.63v -- generated by sim/harness, do not edit

Circuit: * comparator-offset-mc @ sf_27c_3.63v -- generated by sim/harness, do not edit

Doing analysis at TEMP = 27.000000 and TNOM = 27.000000

Using SPARSE 1.3 as Direct Linear Solver

No. of Data Rows : 6
voa = -8.113281130e-04
ddc = 1.7130025067e-07
dde = -1.682345387e-07
Reset re-loads circuit * comparator-offset-mc @ sf_27c_3.63v -- generated by sim/harness, do not edit

Circuit: * comparator-offset-mc @ sf_27c_3.63v -- generated by sim/harness, do not edit

Doing analysis at TEMP = 27.000000 and TNOM = 27.000000

Using SPARSE 1.3 as Direct Linear Solver
 Reference value :  2.00000e-03
No. of Data Rows : 6
voa = 4.9229856724e-04
ddc = -4.897510933e-08
dde = 4.7252998960e-08
Reset re-loads circuit * comparator-offset-mc @ sf_27c_3.63v -- generated by sim/harness, do not edit

Circuit: * comparator-offset-mc @ sf_27c_3.63v -- generated by sim/harness, do not edit

Doing analysis at TEMP = 27.000000 and TNOM = 27.000000

Using SPARSE 1.3 as Direct Linear Solver

No. of Data Rows : 6
voa = -4.558490649e-04
ddc = 9.6608446961e-08
dde = -9.477273157e-08
Reset re-loads circuit * comparator-offset-mc @ sf_27c_3.63v -- generated by sim/harness, do not edit

Circuit: * comparator-offset-mc @ sf_27c_3.63v -- generated by sim/harness, do not edit

Doing analysis at TEMP = 27.000000 and TNOM = 27.000000

Using SPARSE 1.3 as Direct Linear Solver

No. of Data Rows : 6
voa = -2.046702509e-03
ddc = 4.4061949626e-07
dde = -3.911428259e-07
Reset re-loads circuit * comparator-offset-mc @ sf_27c_3.63v -- generated by sim/harness, do not edit

Circuit: * comparator-offset-mc @ sf_27c_3.63v -- generated by sim/harness, do not edit

Doing analysis at TEMP = 27.000000 and TNOM = 27.000000

Using SPARSE 1.3 as Direct Linear Solver

No. of Data Rows : 6
voa = -8.711405381e-04
ddc = 2.0143402602e-07
dde = -1.985416786e-07
Reset re-loads circuit * comparator-offset-mc @ sf_27c_3.63v -- generated by sim/harness, do not edit

Circuit: * comparator-offset-mc @ sf_27c_3.63v -- generated by sim/harness, do not edit

Doing analysis at TEMP = 27.000000 and TNOM = 27.000000

Using SPARSE 1.3 as Direct Linear Solver

No. of Data Rows : 6
voa = 8.4965201536e-04
ddc = -1.618578097e-07
dde = 1.5870493438e-07
Reset re-loads circuit * comparator-offset-mc @ sf_27c_3.63v -- generated by sim/harness, do not edit

Circuit: * comparator-offset-mc @ sf_27c_3.63v -- generated by sim/harness, do not edit

Doing analysis at TEMP = 27.000000 and TNOM = 27.000000

Using SPARSE 1.3 as Direct Linear Solver

No. of Data Rows : 6
voa = -7.233092507e-04
ddc = 9.2762727158e-08
dde = -9.009696593e-08
Reset re-loads circuit * comparator-offset-mc @ sf_27c_3.63v -- generated by sim/harness, do not edit

Circuit: * comparator-offset-mc @ sf_27c_3.63v -- generated by sim/harness, do not edit

Doing analysis at TEMP = 27.000000 and TNOM = 27.000000

Using SPARSE 1.3 as Direct Linear Solver

No. of Data Rows : 6
voa = -4.854295941e-04
ddc = 1.5566404803e-07
dde = -1.538299125e-07
Reset re-loads circuit * comparator-offset-mc @ sf_27c_3.63v -- generated by sim/harness, do not edit

Circuit: * comparator-offset-mc @ sf_27c_3.63v -- generated by sim/harness, do not edit

Doing analysis at TEMP = 27.000000 and TNOM = 27.000000

Using SPARSE 1.3 as Direct Linear Solver

No. of Data Rows : 6
voa = -1.928582304e-04
ddc = 5.1318153107e-08
dde = -5.054545054e-08
Reset re-loads circuit * comparator-offset-mc @ sf_27c_3.63v -- generated by sim/harness, do not edit

Circuit: * comparator-offset-mc @ sf_27c_3.63v -- generated by sim/harness, do not edit

Doing analysis at TEMP = 27.000000 and TNOM = 27.000000

Using SPARSE 1.3 as Direct Linear Solver
 Reference value :  0.00000e+00
No. of Data Rows : 6
voa = 5.0835686295e-04
ddc = -1.072787581e-07
dde = 1.0544457638e-07
Reset re-loads circuit * comparator-offset-mc @ sf_27c_3.63v -- generated by sim/harness, do not edit

Circuit: * comparator-offset-mc @ sf_27c_3.63v -- generated by sim/harness, do not edit

Doing analysis at TEMP = 27.000000 and TNOM = 27.000000

Using SPARSE 1.3 as Direct Linear Solver

No. of Data Rows : 6
voa = 5.5303399379e-04
ddc = -1.249796937e-07
dde = 1.2298640285e-07
Reset re-loads circuit * comparator-offset-mc @ sf_27c_3.63v -- generated by sim/harness, do not edit

Circuit: * comparator-offset-mc @ sf_27c_3.63v -- generated by sim/harness, do not edit

Doing analysis at TEMP = 27.000000 and TNOM = 27.000000

Using SPARSE 1.3 as Direct Linear Solver

No. of Data Rows : 6
voa = 7.3691755902e-04
ddc = -1.499873240e-07
dde = 1.4721139590e-07
Reset re-loads circuit * comparator-offset-mc @ sf_27c_3.63v -- generated by sim/harness, do not edit

Circuit: * comparator-offset-mc @ sf_27c_3.63v -- generated by sim/harness, do not edit

Doing analysis at TEMP = 27.000000 and TNOM = 27.000000

Using SPARSE 1.3 as Direct Linear Solver

No. of Data Rows : 6
voa = -1.382084850e-03
ddc = 2.8578469300e-07
dde = -2.809076247e-07
Reset re-loads circuit * comparator-offset-mc @ sf_27c_3.63v -- generated by sim/harness, do not edit

Circuit: * comparator-offset-mc @ sf_27c_3.63v -- generated by sim/harness, do not edit

Doing analysis at TEMP = 27.000000 and TNOM = 27.000000

Using SPARSE 1.3 as Direct Linear Solver

No. of Data Rows : 6
voa = -1.256635639e-03
ddc = 2.6694181311e-07
dde = -2.623071174e-07
Reset re-loads circuit * comparator-offset-mc @ sf_27c_3.63v -- generated by sim/harness, do not edit

Circuit: * comparator-offset-mc @ sf_27c_3.63v -- generated by sim/harness, do not edit

Doing analysis at TEMP = 27.000000 and TNOM = 27.000000

Using SPARSE 1.3 as Direct Linear Solver

No. of Data Rows : 6
voa = 1.0636192934e-04
ddc = -2.712436492e-09
dde = 2.3991525484e-09
Reset re-loads circuit * comparator-offset-mc @ sf_27c_3.63v -- generated by sim/harness, do not edit

Circuit: * comparator-offset-mc @ sf_27c_3.63v -- generated by sim/harness, do not edit

Doing analysis at TEMP = 27.000000 and TNOM = 27.000000

Using SPARSE 1.3 as Direct Linear Solver
 Reference value :  2.00000e-03
No. of Data Rows : 6
voa = 7.5493620205e-04
ddc = -1.921296784e-07
dde = 1.8937369839e-07
Reset re-loads circuit * comparator-offset-mc @ sf_27c_3.63v -- generated by sim/harness, do not edit

Circuit: * comparator-offset-mc @ sf_27c_3.63v -- generated by sim/harness, do not edit

Doing analysis at TEMP = 27.000000 and TNOM = 27.000000

Using SPARSE 1.3 as Direct Linear Solver

No. of Data Rows : 6
voa = -5.119296179e-04
ddc = 1.1150552706e-07
dde = -1.096045705e-07
Reset re-loads circuit * comparator-offset-mc @ sf_27c_3.63v -- generated by sim/harness, do not edit

Circuit: * comparator-offset-mc @ sf_27c_3.63v -- generated by sim/harness, do not edit

Doing analysis at TEMP = 27.000000 and TNOM = 27.000000

Using SPARSE 1.3 as Direct Linear Solver

No. of Data Rows : 6
voa = 7.4365483433e-04
ddc = -1.213869195e-07
dde = 1.1866234445e-07
Reset re-loads circuit * comparator-offset-mc @ sf_27c_3.63v -- generated by sim/harness, do not edit

Circuit: * comparator-offset-mc @ sf_27c_3.63v -- generated by sim/harness, do not edit

Doing analysis at TEMP = 27.000000 and TNOM = 27.000000

Using SPARSE 1.3 as Direct Linear Solver

No. of Data Rows : 6
voa = 1.3544964446e-03
ddc = -2.715769883e-07
dde = 2.6660881548e-07
Reset re-loads circuit * comparator-offset-mc @ sf_27c_3.63v -- generated by sim/harness, do not edit

Circuit: * comparator-offset-mc @ sf_27c_3.63v -- generated by sim/harness, do not edit

Doing analysis at TEMP = 27.000000 and TNOM = 27.000000

Using SPARSE 1.3 as Direct Linear Solver

No. of Data Rows : 6
voa = -1.625466629e-04
ddc = 3.3273644514e-09
dde = -2.820431526e-09
Reset re-loads circuit * comparator-offset-mc @ sf_27c_3.63v -- generated by sim/harness, do not edit

Circuit: * comparator-offset-mc @ sf_27c_3.63v -- generated by sim/harness, do not edit

Doing analysis at TEMP = 27.000000 and TNOM = 27.000000

Using SPARSE 1.3 as Direct Linear Solver

No. of Data Rows : 6
voa = -1.094313639e-03
ddc = 2.1862799706e-07
dde = -2.147707677e-07
Reset re-loads circuit * comparator-offset-mc @ sf_27c_3.63v -- generated by sim/harness, do not edit

Circuit: * comparator-offset-mc @ sf_27c_3.63v -- generated by sim/harness, do not edit

Doing analysis at TEMP = 27.000000 and TNOM = 27.000000

Using SPARSE 1.3 as Direct Linear Solver

No. of Data Rows : 6
voa = -3.774472543e-04
ddc = 7.8360746801e-08
dde = -7.710092969e-08
Reset re-loads circuit * comparator-offset-mc @ sf_27c_3.63v -- generated by sim/harness, do not edit

Circuit: * comparator-offset-mc @ sf_27c_3.63v -- generated by sim/harness, do not edit

Doing analysis at TEMP = 27.000000 and TNOM = 27.000000

Using SPARSE 1.3 as Direct Linear Solver
 Reference value :  2.00000e-03
No. of Data Rows : 6
voa = 2.5544237108e-03
ddc = -5.564694195e-07
dde = 5.4700025358e-07
Reset re-loads circuit * comparator-offset-mc @ sf_27c_3.63v -- generated by sim/harness, do not edit

Circuit: * comparator-offset-mc @ sf_27c_3.63v -- generated by sim/harness, do not edit

Doing analysis at TEMP = 27.000000 and TNOM = 27.000000

Using SPARSE 1.3 as Direct Linear Solver

No. of Data Rows : 6
voa = 1.5479076707e-04
ddc = 2.3601576341e-09
dde = -2.895384898e-09
Reset re-loads circuit * comparator-offset-mc @ sf_27c_3.63v -- generated by sim/harness, do not edit

Circuit: * comparator-offset-mc @ sf_27c_3.63v -- generated by sim/harness, do not edit

Doing analysis at TEMP = 27.000000 and TNOM = 27.000000

Using SPARSE 1.3 as Direct Linear Solver

No. of Data Rows : 6
voa = 6.5535421713e-04
ddc = -1.591980139e-07
dde = 1.5673698187e-07
Reset re-loads circuit * comparator-offset-mc @ sf_27c_3.63v -- generated by sim/harness, do not edit

Circuit: * comparator-offset-mc @ sf_27c_3.63v -- generated by sim/harness, do not edit

Doing analysis at TEMP = 27.000000 and TNOM = 27.000000

Using SPARSE 1.3 as Direct Linear Solver

No. of Data Rows : 6
voa = -1.238329187e-03
ddc = 2.6177537907e-07
dde = -2.572461567e-07
Reset re-loads circuit * comparator-offset-mc @ sf_27c_3.63v -- generated by sim/harness, do not edit

Circuit: * comparator-offset-mc @ sf_27c_3.63v -- generated by sim/harness, do not edit

Doing analysis at TEMP = 27.000000 and TNOM = 27.000000

Using SPARSE 1.3 as Direct Linear Solver

No. of Data Rows : 6
voa = -3.305143644e-04
ddc = 9.9139301928e-08
dde = -9.788838022e-08
Reset re-loads circuit * comparator-offset-mc @ sf_27c_3.63v -- generated by sim/harness, do not edit

Circuit: * comparator-offset-mc @ sf_27c_3.63v -- generated by sim/harness, do not edit

Doing analysis at TEMP = 27.000000 and TNOM = 27.000000

Using SPARSE 1.3 as Direct Linear Solver

No. of Data Rows : 6
voa = -7.847773884e-04
ddc = 1.6634153915e-07
dde = -1.635321411e-07
Reset re-loads circuit * comparator-offset-mc @ sf_27c_3.63v -- generated by sim/harness, do not edit

Circuit: * comparator-offset-mc @ sf_27c_3.63v -- generated by sim/harness, do not edit

Doing analysis at TEMP = 27.000000 and TNOM = 27.000000

Using SPARSE 1.3 as Direct Linear Solver

No. of Data Rows : 6
voa = -1.294989705e-03
ddc = 2.6297004675e-07
dde = -2.263364758e-07
Reset re-loads circuit * comparator-offset-mc @ sf_27c_3.63v -- generated by sim/harness, do not edit

Circuit: * comparator-offset-mc @ sf_27c_3.63v -- generated by sim/harness, do not edit

Doing analysis at TEMP = 27.000000 and TNOM = 27.000000

Using SPARSE 1.3 as Direct Linear Solver
 Reference value :  0.00000e+00
No. of Data Rows : 6
voa = 1.4191132535e-03
ddc = -3.016617141e-07
dde = 2.9637586269e-07
Reset re-loads circuit * comparator-offset-mc @ sf_27c_3.63v -- generated by sim/harness, do not edit

Circuit: * comparator-offset-mc @ sf_27c_3.63v -- generated by sim/harness, do not edit

Doing analysis at TEMP = 27.000000 and TNOM = 27.000000

Using SPARSE 1.3 as Direct Linear Solver

No. of Data Rows : 6
voa = 8.6615887896e-04
ddc = -1.678310203e-07
dde = 1.6467588871e-07
Reset re-loads circuit * comparator-offset-mc @ sf_27c_3.63v -- generated by sim/harness, do not edit

Circuit: * comparator-offset-mc @ sf_27c_3.63v -- generated by sim/harness, do not edit

Doing analysis at TEMP = 27.000000 and TNOM = 27.000000

Using SPARSE 1.3 as Direct Linear Solver

No. of Data Rows : 6
voa = 5.5181905780e-05
ddc = -3.609963837e-08
dde = 3.6054951919e-08
Reset re-loads circuit * comparator-offset-mc @ sf_27c_3.63v -- generated by sim/harness, do not edit

Circuit: * comparator-offset-mc @ sf_27c_3.63v -- generated by sim/harness, do not edit

Doing analysis at TEMP = 27.000000 and TNOM = 27.000000

Using SPARSE 1.3 as Direct Linear Solver

No. of Data Rows : 6
voa = 7.8945842867e-04
ddc = -1.700097443e-07
dde = 1.6712534564e-07
Reset re-loads circuit * comparator-offset-mc @ sf_27c_3.63v -- generated by sim/harness, do not edit

Circuit: * comparator-offset-mc @ sf_27c_3.63v -- generated by sim/harness, do not edit

Doing analysis at TEMP = 27.000000 and TNOM = 27.000000

Using SPARSE 1.3 as Direct Linear Solver

No. of Data Rows : 6
voa = -1.672999269e-07
ddc = -5.057684245e-09
dde = 5.2277118868e-09
Reset re-loads circuit * comparator-offset-mc @ sf_27c_3.63v -- generated by sim/harness, do not edit

Circuit: * comparator-offset-mc @ sf_27c_3.63v -- generated by sim/harness, do not edit

Doing analysis at TEMP = 27.000000 and TNOM = 27.000000

Using SPARSE 1.3 as Direct Linear Solver
 Reference value :  2.00000e-03
No. of Data Rows : 6
voa = 8.9773121463e-04
ddc = -1.647048205e-07
dde = 1.6135382270e-07
Reset re-loads circuit * comparator-offset-mc @ sf_27c_3.63v -- generated by sim/harness, do not edit

Circuit: * comparator-offset-mc @ sf_27c_3.63v -- generated by sim/harness, do not edit

Doing analysis at TEMP = 27.000000 and TNOM = 27.000000

Using SPARSE 1.3 as Direct Linear Solver

No. of Data Rows : 6
voa = 3.8168519137e-04
ddc = -6.880508501e-08
dde = 6.7330791158e-08
Reset re-loads circuit * comparator-offset-mc @ sf_27c_3.63v -- generated by sim/harness, do not edit

Circuit: * comparator-offset-mc @ sf_27c_3.63v -- generated by sim/harness, do not edit

Doing analysis at TEMP = 27.000000 and TNOM = 27.000000

Using SPARSE 1.3 as Direct Linear Solver

No. of Data Rows : 6
voa = 1.7832911390e-03
ddc = -3.399033375e-07
dde = 3.3323866415e-07
Reset re-loads circuit * comparator-offset-mc @ sf_27c_3.63v -- generated by sim/harness, do not edit

Circuit: * comparator-offset-mc @ sf_27c_3.63v -- generated by sim/harness, do not edit

Doing analysis at TEMP = 27.000000 and TNOM = 27.000000

Using SPARSE 1.3 as Direct Linear Solver

No. of Data Rows : 6
voa = -4.064514998e-04
ddc = 1.3603522503e-07
dde = -1.343970823e-07
Reset re-loads circuit * comparator-offset-mc @ sf_27c_3.63v -- generated by sim/harness, do not edit

Circuit: * comparator-offset-mc @ sf_27c_3.63v -- generated by sim/harness, do not edit

Doing analysis at TEMP = 27.000000 and TNOM = 27.000000

Using SPARSE 1.3 as Direct Linear Solver

No. of Data Rows : 6
voa = 3.6616248089e-04
ddc = -5.343232898e-08
dde = 5.2094448578e-08
Reset re-loads circuit * comparator-offset-mc @ sf_27c_3.63v -- generated by sim/harness, do not edit

Circuit: * comparator-offset-mc @ sf_27c_3.63v -- generated by sim/harness, do not edit

Doing analysis at TEMP = 27.000000 and TNOM = 27.000000

Using SPARSE 1.3 as Direct Linear Solver

No. of Data Rows : 6
voa = -5.112321191e-04
ddc = 9.6576230688e-08
dde = -9.146143358e-08
Reset re-loads circuit * comparator-offset-mc @ sf_27c_3.63v -- generated by sim/harness, do not edit

Circuit: * comparator-offset-mc @ sf_27c_3.63v -- generated by sim/harness, do not edit

Doing analysis at TEMP = 27.000000 and TNOM = 27.000000

Using SPARSE 1.3 as Direct Linear Solver

No. of Data Rows : 6
voa = 3.3637990663e-04
ddc = -8.457872016e-08
dde = 8.3298309513e-08
Reset re-loads circuit * comparator-offset-mc @ sf_27c_3.63v -- generated by sim/harness, do not edit

Circuit: * comparator-offset-mc @ sf_27c_3.63v -- generated by sim/harness, do not edit

Doing analysis at TEMP = 27.000000 and TNOM = 27.000000

Using SPARSE 1.3 as Direct Linear Solver
 Reference value :  0.00000e+00
No. of Data Rows : 6
voa = -7.856646640e-05
ddc = 4.1926795196e-08
dde = -4.154218434e-08
Reset re-loads circuit * comparator-offset-mc @ sf_27c_3.63v -- generated by sim/harness, do not edit

Circuit: * comparator-offset-mc @ sf_27c_3.63v -- generated by sim/harness, do not edit

Doing analysis at TEMP = 27.000000 and TNOM = 27.000000

Using SPARSE 1.3 as Direct Linear Solver

No. of Data Rows : 6
voa = -2.101743953e-04
ddc = 3.0761829319e-08
dde = -2.990721487e-08
Reset re-loads circuit * comparator-offset-mc @ sf_27c_3.63v -- generated by sim/harness, do not edit

Circuit: * comparator-offset-mc @ sf_27c_3.63v -- generated by sim/harness, do not edit

Doing analysis at TEMP = 27.000000 and TNOM = 27.000000

Using SPARSE 1.3 as Direct Linear Solver

No. of Data Rows : 6
voa = 1.2567112347e-03
ddc = -2.727517615e-07
dde = 2.6809101785e-07
m_n_samples = 2.0000000000e+02
m_sig_vos_mv = 9.3439431685e-01
m_vos_3sig_mv = 2.8031829506e+00
m_mean_vos_uv = 6.9208124629e+01
m_mean_vos_sem = 1.0474707167e+00
m_sig_dvos_dn_uv = 1.9126394604e-01
m_sig_dvos_up_uv = 1.8683331588e-01
m_mean_dvos_dn_uv = -9.241994023e-03
m_mean_dvos_up_uv = 9.6386667906e-03
m_av_mean = 1.7714873045e+01
m_av_sigma_pct = 5.3145438361e-01
m_sig_rpair_uv = 0.0000000000e+00
m_vbias_anchor_mv = 1.0886646343e+03
Note: Simulation executed from .control section 

Warning: m=xx on .subckt line will override multiplier m hierarchy!

Note: Starting dynamic gmin stepping
Note: Dynamic gmin stepping completed
Note: Starting dynamic gmin stepping
Note: Dynamic gmin stepping completed
Note: Starting dynamic gmin stepping
Note: Dynamic gmin stepping completed
Note: Starting dynamic gmin stepping
Note: Dynamic gmin stepping completed
Note: Starting dynamic gmin stepping
Note: Dynamic gmin stepping completed
Note: Starting dynamic gmin stepping
Note: Dynamic gmin stepping completed
Note: Starting dynamic gmin stepping
Note: Dynamic gmin stepping completed
Note: Starting dynamic gmin stepping
Note: Dynamic gmin stepping completed
Note: Starting dynamic gmin stepping
Note: Dynamic gmin stepping completed
Note: Starting dynamic gmin stepping
Note: Dynamic gmin stepping completed
Note: Starting dynamic gmin stepping
Note: Dynamic gmin stepping completed
Note: Starting dynamic gmin stepping
Note: Dynamic gmin stepping completed
Note: Starting dynamic gmin stepping
Note: Dynamic gmin stepping completed
Note: Starting dynamic gmin stepping
Note: Dynamic gmin stepping completed
Note: Starting dynamic gmin stepping
Note: Dynamic gmin stepping completed
Note: Starting dynamic gmin stepping
Note: Dynamic gmin stepping completed
Note: Starting dynamic gmin stepping
Note: Dynamic gmin stepping completed
Note: Starting dynamic gmin stepping
Note: Dynamic gmin stepping completed
Note: Starting dynamic gmin stepping
Note: Dynamic gmin stepping completed
Note: Starting dynamic gmin stepping
Note: Dynamic gmin stepping completed
Note: Starting dynamic gmin stepping
Note: Dynamic gmin stepping completed
Note: Starting dynamic gmin stepping
Note: Dynamic gmin stepping completed
Note: Starting dynamic gmin stepping
Note: Dynamic gmin stepping completed
Note: Starting dynamic gmin stepping
Note: Dynamic gmin stepping completed
Note: Starting dynamic gmin stepping
Note: Dynamic gmin stepping completed
Note: Starting dynamic gmin stepping
Note: Dynamic gmin stepping completed
Note: Starting dynamic gmin stepping
Note: Dynamic gmin stepping completed
Note: Starting dynamic gmin stepping
Note: Dynamic gmin stepping completed
Note: Starting dynamic gmin stepping
Note: Dynamic gmin stepping completed
Note: Starting dynamic gmin stepping
Note: Dynamic gmin stepping completed
Note: Starting dynamic gmin stepping
Note: Dynamic gmin stepping completed
Note: Starting dynamic gmin stepping
Note: Dynamic gmin stepping completed
Note: Starting dynamic gmin stepping
Note: Dynamic gmin stepping completed
Note: Starting dynamic gmin stepping
Note: Dynamic gmin stepping completed
Note: Starting dynamic gmin stepping
Note: Dynamic gmin stepping completed
Note: Starting dynamic gmin stepping
Note: Dynamic gmin stepping completed
Note: Starting dynamic gmin stepping
Note: Dynamic gmin stepping completed
Note: Starting dynamic gmin stepping
Note: Dynamic gmin stepping completed
Note: Starting dynamic gmin stepping
Note: Dynamic gmin stepping completed
Note: Starting dynamic gmin stepping
Note: Dynamic gmin stepping completed
Note: Starting dynamic gmin stepping
Note: Dynamic gmin stepping completed
Note: Starting dynamic gmin stepping
Note: Dynamic gmin stepping completed
Note: Starting dynamic gmin stepping
Note: Dynamic gmin stepping completed
Note: Starting dynamic gmin stepping
Note: Dynamic gmin stepping completed
Note: Starting dynamic gmin stepping
Note: Dynamic gmin stepping completed
Note: Starting dynamic gmin stepping
Note: Dynamic gmin stepping completed
Note: Starting dynamic gmin stepping
Note: Dynamic gmin stepping completed
Note: Starting dynamic gmin stepping
Note: Dynamic gmin stepping completed
Note: Starting dynamic gmin stepping
Note: Dynamic gmin stepping completed
Note: Starting dynamic gmin stepping
Note: Dynamic gmin stepping completed
Note: Starting dynamic gmin stepping
Note: Dynamic gmin stepping completed
Note: Starting dynamic gmin stepping
Note: Dynamic gmin stepping completed
Note: Starting dynamic gmin stepping
Note: Dynamic gmin stepping completed
Note: Starting dynamic gmin stepping
Note: Dynamic gmin stepping completed
Note: Starting dynamic gmin stepping
Note: Dynamic gmin stepping completed
Note: Starting dynamic gmin stepping
Note: Dynamic gmin stepping completed
Note: Starting dynamic gmin stepping
Note: Dynamic gmin stepping completed
Note: Starting dynamic gmin stepping
Note: Dynamic gmin stepping completed
Note: Starting dynamic gmin stepping
Note: Dynamic gmin stepping completed
Note: Starting dynamic gmin stepping
Note: Dynamic gmin stepping completed
Note: Starting dynamic gmin stepping
Note: Dynamic gmin stepping completed
Note: Starting dynamic gmin stepping
Note: Dynamic gmin stepping completed
Note: Starting dynamic gmin stepping
Note: Dynamic gmin stepping completed
Note: Starting dynamic gmin stepping
Note: Dynamic gmin stepping completed
Note: Starting dynamic gmin stepping
Note: Dynamic gmin stepping completed
Note: Starting dynamic gmin stepping
Note: Dynamic gmin stepping completed
Note: Starting dynamic gmin stepping
Note: Dynamic gmin stepping completed
Note: Starting dynamic gmin stepping
Note: Dynamic gmin stepping completed
Note: Starting dynamic gmin stepping
Note: Dynamic gmin stepping completed
Note: Starting dynamic gmin stepping
Note: Dynamic gmin stepping completed
Note: Starting dynamic gmin stepping
Note: Dynamic gmin stepping completed
Note: Starting dynamic gmin stepping
Note: Dynamic gmin stepping completed
Note: Starting dynamic gmin stepping
Note: Dynamic gmin stepping completed
Note: Starting dynamic gmin stepping
Note: Dynamic gmin stepping completed
Note: Starting dynamic gmin stepping
Note: Dynamic gmin stepping completed
Note: Starting dynamic gmin stepping
Note: Dynamic gmin stepping completed
Note: Starting dynamic gmin stepping
Note: Dynamic gmin stepping completed
Note: Starting dynamic gmin stepping
Note: Dynamic gmin stepping completed
Note: Starting dynamic gmin stepping
Note: Dynamic gmin stepping completed
Note: Starting dynamic gmin stepping
Note: Dynamic gmin stepping completed
Note: Starting dynamic gmin stepping
Note: Dynamic gmin stepping completed
Note: Starting dynamic gmin stepping
Note: Dynamic gmin stepping completed
Note: Starting dynamic gmin stepping
Note: Dynamic gmin stepping completed
Note: Starting dynamic gmin stepping
Note: Dynamic gmin stepping completed
Note: Starting dynamic gmin stepping
Note: Dynamic gmin stepping completed
Note: Starting dynamic gmin stepping
Note: Dynamic gmin stepping completed
Note: Starting dynamic gmin stepping
Note: Dynamic gmin stepping completed
Note: Starting dynamic gmin stepping
Note: Dynamic gmin stepping completed
Note: Starting dynamic gmin stepping
Note: Dynamic gmin stepping completed
Note: Starting dynamic gmin stepping
Note: Dynamic gmin stepping completed
Note: Starting dynamic gmin stepping
Note: Dynamic gmin stepping completed
Note: Starting dynamic gmin stepping
Note: Dynamic gmin stepping completed
Note: Starting dynamic gmin stepping
Note: Dynamic gmin stepping completed
Note: Starting dynamic gmin stepping
Note: Dynamic gmin stepping completed
Note: Starting dynamic gmin stepping
Note: Dynamic gmin stepping completed
Note: Starting dynamic gmin stepping
Note: Dynamic gmin stepping completed
Note: Starting dynamic gmin stepping
Note: Dynamic gmin stepping completed
Note: Starting dynamic gmin stepping
Note: Dynamic gmin stepping completed
Note: Starting dynamic gmin stepping
Note: Dynamic gmin stepping completed
Note: Starting dynamic gmin stepping
Note: Dynamic gmin stepping completed
Note: Starting dynamic gmin stepping
Note: Dynamic gmin stepping completed
Note: Starting dynamic gmin stepping
Note: Dynamic gmin stepping completed
Note: Starting dynamic gmin stepping
Note: Dynamic gmin stepping completed
Note: Starting dynamic gmin stepping
Note: Dynamic gmin stepping completed
Note: Starting dynamic gmin stepping
Note: Dynamic gmin stepping completed
Note: Starting dynamic gmin stepping
Note: Dynamic gmin stepping completed
Note: Starting dynamic gmin stepping
Note: Dynamic gmin stepping completed
Note: Starting dynamic gmin stepping
Note: Dynamic gmin stepping completed
Note: Starting dynamic gmin stepping
Note: Dynamic gmin stepping completed
Note: Starting dynamic gmin stepping
Note: Dynamic gmin stepping completed
Note: Starting dynamic gmin stepping
Note: Dynamic gmin stepping completed
Note: Starting dynamic gmin stepping
Note: Dynamic gmin stepping completed
Note: Starting dynamic gmin stepping
Note: Dynamic gmin stepping completed
Note: Starting dynamic gmin stepping
Note: Dynamic gmin stepping completed
Note: Starting dynamic gmin stepping
Note: Dynamic gmin stepping completed
Note: Starting dynamic gmin stepping
Note: Dynamic gmin stepping completed
Note: Starting dynamic gmin stepping
Note: Dynamic gmin stepping completed
Note: Starting dynamic gmin stepping
Note: Dynamic gmin stepping completed
Note: Starting dynamic gmin stepping
Note: Dynamic gmin stepping completed
Note: Starting dynamic gmin stepping
Note: Dynamic gmin stepping completed
Note: Starting dynamic gmin stepping
Note: Dynamic gmin stepping completed
Note: Starting dynamic gmin stepping
Note: Dynamic gmin stepping completed
Note: Starting dynamic gmin stepping
Note: Dynamic gmin stepping completed
Note: Starting dynamic gmin stepping
Note: Dynamic gmin stepping completed
Note: Starting dynamic gmin stepping
Note: Dynamic gmin stepping completed
Note: Starting dynamic gmin stepping
Note: Dynamic gmin stepping completed
Note: Starting dynamic gmin stepping
Note: Dynamic gmin stepping completed
Note: Starting dynamic gmin stepping
Note: Dynamic gmin stepping completed
Note: Starting dynamic gmin stepping
Note: Dynamic gmin stepping completed
Note: Starting dynamic gmin stepping
Note: Dynamic gmin stepping completed
Note: Starting dynamic gmin stepping
Note: Dynamic gmin stepping completed
Note: Starting dynamic gmin stepping
Note: Dynamic gmin stepping completed
Note: Starting dynamic gmin stepping
Note: Dynamic gmin stepping completed
Note: Starting dynamic gmin stepping
Note: Dynamic gmin stepping completed
Note: Starting dynamic gmin stepping
Note: Dynamic gmin stepping completed
Note: Starting dynamic gmin stepping
Note: Dynamic gmin stepping completed
Note: Starting dynamic gmin stepping
Note: Dynamic gmin stepping completed
Note: Starting dynamic gmin stepping
Note: Dynamic gmin stepping completed
Note: Starting dynamic gmin stepping
Note: Dynamic gmin stepping completed
Note: Starting dynamic gmin stepping
Note: Dynamic gmin stepping completed
Note: Starting dynamic gmin stepping
Note: Dynamic gmin stepping completed
Note: Starting dynamic gmin stepping
Note: Dynamic gmin stepping completed
Note: Starting dynamic gmin stepping
Note: Dynamic gmin stepping completed
Note: Starting dynamic gmin stepping
Note: Dynamic gmin stepping completed
Note: Starting dynamic gmin stepping
Note: Dynamic gmin stepping completed
Note: Starting dynamic gmin stepping
Note: Dynamic gmin stepping completed
Note: Starting dynamic gmin stepping
Note: Dynamic gmin stepping completed
Note: Starting dynamic gmin stepping
Note: Dynamic gmin stepping completed
Note: Starting dynamic gmin stepping
Note: Dynamic gmin stepping completed
Note: Starting dynamic gmin stepping
Note: Dynamic gmin stepping completed
Note: Starting dynamic gmin stepping
Note: Dynamic gmin stepping completed
Note: Starting dynamic gmin stepping
Note: Dynamic gmin stepping completed
Note: Starting dynamic gmin stepping
Note: Dynamic gmin stepping completed
Note: Starting dynamic gmin stepping
Note: Dynamic gmin stepping completed
Note: Starting dynamic gmin stepping
Note: Dynamic gmin stepping completed
Note: Starting dynamic gmin stepping
Note: Dynamic gmin stepping completed
Note: Starting dynamic gmin stepping
Note: Dynamic gmin stepping completed
Note: Starting dynamic gmin stepping
Note: Dynamic gmin stepping completed
Note: Starting dynamic gmin stepping
Note: Dynamic gmin stepping completed
Note: Starting dynamic gmin stepping
Note: Dynamic gmin stepping completed
Note: Starting dynamic gmin stepping
Note: Dynamic gmin stepping completed
Note: Starting dynamic gmin stepping
Note: Dynamic gmin stepping completed
Note: Starting dynamic gmin stepping
Note: Dynamic gmin stepping completed
Note: Starting dynamic gmin stepping
Note: Dynamic gmin stepping completed
Note: Starting dynamic gmin stepping
Note: Dynamic gmin stepping completed
Note: Starting dynamic gmin stepping
Note: Dynamic gmin stepping completed
Note: Starting dynamic gmin stepping
Note: Dynamic gmin stepping completed
Note: Starting dynamic gmin stepping
Note: Dynamic gmin stepping completed
Note: Starting dynamic gmin stepping
Note: Dynamic gmin stepping completed
Note: Starting dynamic gmin stepping
Note: Dynamic gmin stepping completed
Note: Starting dynamic gmin stepping
Note: Dynamic gmin stepping completed
Note: Starting dynamic gmin stepping
Note: Dynamic gmin stepping completed
Note: Starting dynamic gmin stepping
Note: Dynamic gmin stepping completed
Note: Starting dynamic gmin stepping
Note: Dynamic gmin stepping completed
Note: Starting dynamic gmin stepping
Note: Dynamic gmin stepping completed
Note: Starting dynamic gmin stepping
Note: Dynamic gmin stepping completed
Note: Starting dynamic gmin stepping
Note: Dynamic gmin stepping completed
Note: Starting dynamic gmin stepping
Note: Dynamic gmin stepping completed
Note: Starting dynamic gmin stepping
Note: Dynamic gmin stepping completed
Note: Starting dynamic gmin stepping
Note: Dynamic gmin stepping completed
Note: Starting dynamic gmin stepping
Note: Dynamic gmin stepping completed
Note: Starting dynamic gmin stepping
Note: Dynamic gmin stepping completed
Note: Starting dynamic gmin stepping
Note: Dynamic gmin stepping completed
Note: Starting dynamic gmin stepping
Note: Dynamic gmin stepping completed
Note: Starting dynamic gmin stepping
Note: Dynamic gmin stepping completed
Note: Starting dynamic gmin stepping
Note: Dynamic gmin stepping completed
Note: Starting dynamic gmin stepping
Note: Dynamic gmin stepping completed
Note: Starting dynamic gmin stepping
Note: Dynamic gmin stepping completed
Note: Starting dynamic gmin stepping
Note: Dynamic gmin stepping completed
Note: Starting dynamic gmin stepping
Note: Dynamic gmin stepping completed
Note: Starting dynamic gmin stepping
Note: Dynamic gmin stepping completed
Note: Starting dynamic gmin stepping
Note: Dynamic gmin stepping completed
Note: Starting dynamic gmin stepping
Note: Dynamic gmin stepping completed
Note: Starting dynamic gmin stepping
Note: Dynamic gmin stepping completed
Note: Starting dynamic gmin stepping
Note: Dynamic gmin stepping completed
Note: Starting dynamic gmin stepping
Note: Dynamic gmin stepping completed
Note: Starting dynamic gmin stepping
Note: Dynamic gmin stepping completed
Note: Starting dynamic gmin stepping
Note: Dynamic gmin stepping completed
Note: Starting dynamic gmin stepping
Note: Dynamic gmin stepping completed
Note: Starting dynamic gmin stepping
Note: Dynamic gmin stepping completed
Note: Starting dynamic gmin stepping
Note: Dynamic gmin stepping completed
Note: Starting dynamic gmin stepping
Note: Dynamic gmin stepping completed
Note: Starting dynamic gmin stepping
Note: Dynamic gmin stepping completed
Note: Starting dynamic gmin stepping
Note: Dynamic gmin stepping completed
Note: Starting dynamic gmin stepping
Note: Dynamic gmin stepping completed
Note: Starting dynamic gmin stepping
Note: Dynamic gmin stepping completed
Note: Starting dynamic gmin stepping
Note: Dynamic gmin stepping completed
Note: Starting dynamic gmin stepping
Note: Dynamic gmin stepping completed
Note: Starting dynamic gmin stepping
Note: Dynamic gmin stepping completed
Note: Starting dynamic gmin stepping
Note: Dynamic gmin stepping completed
Note: Starting dynamic gmin stepping
Note: Dynamic gmin stepping completed
Note: Starting dynamic gmin stepping
Note: Dynamic gmin stepping completed
Note: Starting dynamic gmin stepping
Note: Dynamic gmin stepping completed
Note: Starting dynamic gmin stepping
Note: Dynamic gmin stepping completed
Note: Starting dynamic gmin stepping
Note: Dynamic gmin stepping completed
Note: Starting dynamic gmin stepping
Note: Dynamic gmin stepping completed
Note: Starting dynamic gmin stepping
Note: Dynamic gmin stepping completed
Note: Starting dynamic gmin stepping
Note: Dynamic gmin stepping completed
Note: Starting dynamic gmin stepping
Note: Dynamic gmin stepping completed
Note: Starting dynamic gmin stepping
Note: Dynamic gmin stepping completed
Note: Starting dynamic gmin stepping
Note: Dynamic gmin stepping completed
Note: Starting dynamic gmin stepping
Note: Dynamic gmin stepping completed
Note: Starting dynamic gmin stepping
Note: Dynamic gmin stepping completed
Note: Starting dynamic gmin stepping
Note: Dynamic gmin stepping completed
Note: Starting dynamic gmin stepping
Note: Dynamic gmin stepping completed
Note: Starting dynamic gmin stepping
Note: Dynamic gmin stepping completed
Note: Starting dynamic gmin stepping
Note: Dynamic gmin stepping completed
Note: Starting dynamic gmin stepping
Note: Dynamic gmin stepping completed
Note: Starting dynamic gmin stepping
Note: Dynamic gmin stepping completed
Note: Starting dynamic gmin stepping
Note: Dynamic gmin stepping completed
Note: Starting dynamic gmin stepping
Note: Dynamic gmin stepping completed
Note: Starting dynamic gmin stepping
Note: Dynamic gmin stepping completed
Note: Starting dynamic gmin stepping
Note: Dynamic gmin stepping completed
Note: Starting dynamic gmin stepping
Note: Dynamic gmin stepping completed
Note: Starting dynamic gmin stepping
Note: Dynamic gmin stepping completed
Note: Starting dynamic gmin stepping
Note: Dynamic gmin stepping completed
Note: Starting dynamic gmin stepping
Note: Dynamic gmin stepping completed
Note: Starting dynamic gmin stepping
Note: Dynamic gmin stepping completed
Note: Starting dynamic gmin stepping
Note: Dynamic gmin stepping completed
Note: Starting dynamic gmin stepping
Note: Dynamic gmin stepping completed
Note: Starting dynamic gmin stepping
Note: Dynamic gmin stepping completed
Note: Starting dynamic gmin stepping
Note: Dynamic gmin stepping completed
Note: Starting dynamic gmin stepping
Note: Dynamic gmin stepping completed
Note: Starting dynamic gmin stepping
Note: Dynamic gmin stepping completed
Note: Starting dynamic gmin stepping
Note: Dynamic gmin stepping completed
Note: Starting dynamic gmin stepping
Note: Dynamic gmin stepping completed
Note: Starting dynamic gmin stepping
Note: Dynamic gmin stepping completed
Note: Starting dynamic gmin stepping
Note: Dynamic gmin stepping completed
Note: Starting dynamic gmin stepping
Note: Dynamic gmin stepping completed
Note: Starting dynamic gmin stepping
Note: Dynamic gmin stepping completed
Note: Starting dynamic gmin stepping
Note: Dynamic gmin stepping completed
Note: Starting dynamic gmin stepping
Note: Dynamic gmin stepping completed
Note: Starting dynamic gmin stepping
Note: Dynamic gmin stepping completed
Note: Starting dynamic gmin stepping
Note: Dynamic gmin stepping completed
Note: Starting dynamic gmin stepping
Note: Dynamic gmin stepping completed
Note: Starting dynamic gmin stepping
Note: Dynamic gmin stepping completed
Note: Starting dynamic gmin stepping
Note: Dynamic gmin stepping completed
Note: Starting dynamic gmin stepping
Note: Dynamic gmin stepping completed
Note: Starting dynamic gmin stepping
Note: Dynamic gmin stepping completed
Note: Starting dynamic gmin stepping
Note: Dynamic gmin stepping completed
Note: Starting dynamic gmin stepping
Note: Dynamic gmin stepping completed
Note: Starting dynamic gmin stepping
Note: Dynamic gmin stepping completed
Note: Starting dynamic gmin stepping
Note: Dynamic gmin stepping completed
Note: Starting dynamic gmin stepping
Note: Dynamic gmin stepping completed
Note: Starting dynamic gmin stepping
Note: Dynamic gmin stepping completed
Note: Starting dynamic gmin stepping
Note: Dynamic gmin stepping completed
Note: Starting dynamic gmin stepping
Note: Dynamic gmin stepping completed
Note: Starting dynamic gmin stepping
Note: Dynamic gmin stepping completed
Note: Starting dynamic gmin stepping
Note: Dynamic gmin stepping completed
Note: Starting dynamic gmin stepping
Note: Dynamic gmin stepping completed
Note: Starting dynamic gmin stepping
Note: Dynamic gmin stepping completed
Note: Starting dynamic gmin stepping
Note: Dynamic gmin stepping completed
Note: Starting dynamic gmin stepping
Note: Dynamic gmin stepping completed
Note: Starting dynamic gmin stepping
Note: Dynamic gmin stepping completed
Note: Starting dynamic gmin stepping
Note: Dynamic gmin stepping completed
Note: Starting dynamic gmin stepping
Note: Dynamic gmin stepping completed
Note: Starting dynamic gmin stepping
Note: Dynamic gmin stepping completed
Note: Starting dynamic gmin stepping
Note: Dynamic gmin stepping completed
Note: Starting dynamic gmin stepping
Note: Dynamic gmin stepping completed
Note: Starting dynamic gmin stepping
Note: Dynamic gmin stepping completed
Note: Starting dynamic gmin stepping
Note: Dynamic gmin stepping completed
Note: Starting dynamic gmin stepping
Note: Dynamic gmin stepping completed
Note: Starting dynamic gmin stepping
Note: Dynamic gmin stepping completed
Note: Starting dynamic gmin stepping
Note: Dynamic gmin stepping completed
Note: Starting dynamic gmin stepping
Note: Dynamic gmin stepping completed
Note: Starting dynamic gmin stepping
Note: Dynamic gmin stepping completed
Note: Starting dynamic gmin stepping
Note: Dynamic gmin stepping completed
Note: Starting dynamic gmin stepping
Note: Dynamic gmin stepping completed
Note: Starting dynamic gmin stepping
Note: Dynamic gmin stepping completed
Note: Starting dynamic gmin stepping
Note: Dynamic gmin stepping completed
Note: Starting dynamic gmin stepping
Note: Dynamic gmin stepping completed
Note: Starting dynamic gmin stepping
Note: Dynamic gmin stepping completed
Note: Starting dynamic gmin stepping
Note: Dynamic gmin stepping completed
Note: Starting dynamic gmin stepping
Note: Dynamic gmin stepping completed
Note: Starting dynamic gmin stepping
Note: Dynamic gmin stepping completed
Note: Starting dynamic gmin stepping
Note: Dynamic gmin stepping completed
Note: Starting dynamic gmin stepping
Note: Dynamic gmin stepping completed
Note: Starting dynamic gmin stepping
Note: Dynamic gmin stepping completed
Note: Starting dynamic gmin stepping
Note: Dynamic gmin stepping completed
Note: Starting dynamic gmin stepping
Note: Dynamic gmin stepping completed
Note: Starting dynamic gmin stepping
Note: Dynamic gmin stepping completed
Note: Starting dynamic gmin stepping
Note: Dynamic gmin stepping completed
Note: Starting dynamic gmin stepping
Note: Dynamic gmin stepping completed
Note: Starting dynamic gmin stepping
Note: Dynamic gmin stepping completed
Note: Starting dynamic gmin stepping
Note: Dynamic gmin stepping completed
Note: Starting dynamic gmin stepping
Note: Dynamic gmin stepping completed
Note: Starting dynamic gmin stepping
Note: Dynamic gmin stepping completed
Note: Starting dynamic gmin stepping
Note: Dynamic gmin stepping completed
Note: Starting dynamic gmin stepping
Note: Dynamic gmin stepping completed
Note: Starting dynamic gmin stepping
Note: Dynamic gmin stepping completed
Note: Starting dynamic gmin stepping
Note: Dynamic gmin stepping completed
Note: Starting dynamic gmin stepping
Note: Dynamic gmin stepping completed
Note: Starting dynamic gmin stepping
Note: Dynamic gmin stepping completed
Note: Starting dynamic gmin stepping
Note: Dynamic gmin stepping completed
Note: Starting dynamic gmin stepping
Note: Dynamic gmin stepping completed
Note: Starting dynamic gmin stepping
Note: Dynamic gmin stepping completed
Note: Starting dynamic gmin stepping
Note: Dynamic gmin stepping completed
Note: Starting dynamic gmin stepping
Note: Dynamic gmin stepping completed
Note: Starting dynamic gmin stepping
Note: Dynamic gmin stepping completed
Note: Starting dynamic gmin stepping
Note: Dynamic gmin stepping completed
Note: Starting dynamic gmin stepping
Note: Dynamic gmin stepping completed
Note: Starting dynamic gmin stepping
Note: Dynamic gmin stepping completed
Note: Starting dynamic gmin stepping
Note: Dynamic gmin stepping completed
Note: Starting dynamic gmin stepping
Note: Dynamic gmin stepping completed
Note: Starting dynamic gmin stepping
Note: Dynamic gmin stepping completed
Note: Starting dynamic gmin stepping
Note: Dynamic gmin stepping completed
Note: Starting dynamic gmin stepping
Note: Dynamic gmin stepping completed
Note: Starting dynamic gmin stepping
Note: Dynamic gmin stepping completed
Note: Starting dynamic gmin stepping
Note: Dynamic gmin stepping completed
Note: Starting dynamic gmin stepping
Note: Dynamic gmin stepping completed
Note: Starting dynamic gmin stepping
Note: Dynamic gmin stepping completed
Note: Starting dynamic gmin stepping
Note: Dynamic gmin stepping completed
Note: Starting dynamic gmin stepping
Note: Dynamic gmin stepping completed
Note: Starting dynamic gmin stepping
Note: Dynamic gmin stepping completed
Note: Starting dynamic gmin stepping
Note: Dynamic gmin stepping completed
Note: Starting dynamic gmin stepping
Note: Dynamic gmin stepping completed
Note: Starting dynamic gmin stepping
Note: Dynamic gmin stepping completed
Note: Starting dynamic gmin stepping
Note: Dynamic gmin stepping completed
Note: Starting dynamic gmin stepping
Note: Dynamic gmin stepping completed
Note: Starting dynamic gmin stepping
Note: Dynamic gmin stepping completed
Note: Starting dynamic gmin stepping
Note: Dynamic gmin stepping completed
Note: Starting dynamic gmin stepping
Note: Dynamic gmin stepping completed
Note: Starting dynamic gmin stepping
Note: Dynamic gmin stepping completed
Note: Starting dynamic gmin stepping
Note: Dynamic gmin stepping completed
Note: Starting dynamic gmin stepping
Note: Dynamic gmin stepping completed
Note: Starting dynamic gmin stepping
Note: Dynamic gmin stepping completed
Note: Starting dynamic gmin stepping
Note: Dynamic gmin stepping completed
Note: Starting dynamic gmin stepping
Note: Dynamic gmin stepping completed
Note: Starting dynamic gmin stepping
Note: Dynamic gmin stepping completed
Note: Starting dynamic gmin stepping
Note: Dynamic gmin stepping completed
Note: Starting dynamic gmin stepping
Note: Dynamic gmin stepping completed
Note: Starting dynamic gmin stepping
Note: Dynamic gmin stepping completed
Note: Starting dynamic gmin stepping
Note: Dynamic gmin stepping completed
Note: Starting dynamic gmin stepping
Note: Dynamic gmin stepping completed
Note: Starting dynamic gmin stepping
Note: Dynamic gmin stepping completed
Note: Starting dynamic gmin stepping
Note: Dynamic gmin stepping completed
Note: Starting dynamic gmin stepping
Note: Dynamic gmin stepping completed
Note: Starting dynamic gmin stepping
Note: Dynamic gmin stepping completed
Note: Starting dynamic gmin stepping
Note: Dynamic gmin stepping completed
Note: Starting dynamic gmin stepping
Note: Dynamic gmin stepping completed
Note: Starting dynamic gmin stepping
Note: Dynamic gmin stepping completed
Note: Starting dynamic gmin stepping
Note: Dynamic gmin stepping completed
Note: Starting dynamic gmin stepping
Note: Dynamic gmin stepping completed
Note: Starting dynamic gmin stepping
Note: Dynamic gmin stepping completed
Note: Starting dynamic gmin stepping
Note: Dynamic gmin stepping completed
Note: Starting dynamic gmin stepping
Note: Dynamic gmin stepping completed
Note: Starting dynamic gmin stepping
Note: Dynamic gmin stepping completed
Note: Starting dynamic gmin stepping
Note: Dynamic gmin stepping completed
Note: Starting dynamic gmin stepping
Note: Dynamic gmin stepping completed
Note: Starting dynamic gmin stepping
Note: Dynamic gmin stepping completed
Note: Starting dynamic gmin stepping
Note: Dynamic gmin stepping completed
Note: Starting dynamic gmin stepping
Note: Dynamic gmin stepping completed
Note: Starting dynamic gmin stepping
Note: Dynamic gmin stepping completed
Note: Starting dynamic gmin stepping
Note: Dynamic gmin stepping completed
Note: Starting dynamic gmin stepping
Note: Dynamic gmin stepping completed
Note: Starting dynamic gmin stepping
Note: Dynamic gmin stepping completed
Note: Starting dynamic gmin stepping
Note: Dynamic gmin stepping completed
Note: Starting dynamic gmin stepping
Note: Dynamic gmin stepping completed
Note: Starting dynamic gmin stepping
Note: Dynamic gmin stepping completed
Note: Starting dynamic gmin stepping
Note: Dynamic gmin stepping completed
Note: Starting dynamic gmin stepping
Note: Dynamic gmin stepping completed
Note: Starting dynamic gmin stepping
Note: Dynamic gmin stepping completed
Note: Starting dynamic gmin stepping
Note: Dynamic gmin stepping completed
Note: Starting dynamic gmin stepping
Note: Dynamic gmin stepping completed
Note: Starting dynamic gmin stepping
Note: Dynamic gmin stepping completed
Note: Starting dynamic gmin stepping
Note: Dynamic gmin stepping completed
Note: Starting dynamic gmin stepping
Note: Dynamic gmin stepping completed
Note: Starting dynamic gmin stepping
Note: Dynamic gmin stepping completed
Note: Starting dynamic gmin stepping
Note: Dynamic gmin stepping completed
Note: Starting dynamic gmin stepping
Note: Dynamic gmin stepping completed
Note: Starting dynamic gmin stepping
Note: Dynamic gmin stepping completed
Note: Starting dynamic gmin stepping
Note: Dynamic gmin stepping completed
Note: Starting dynamic gmin stepping
Note: Dynamic gmin stepping completed
Note: Starting dynamic gmin stepping
Note: Dynamic gmin stepping completed
Note: Starting dynamic gmin stepping
Note: Dynamic gmin stepping completed
Note: Starting dynamic gmin stepping
Note: Dynamic gmin stepping completed
Note: Starting dynamic gmin stepping
Note: Dynamic gmin stepping completed
Note: Starting dynamic gmin stepping
Note: Dynamic gmin stepping completed
Note: Starting dynamic gmin stepping
Note: Dynamic gmin stepping completed
Note: Starting dynamic gmin stepping
Note: Dynamic gmin stepping completed
Note: Starting dynamic gmin stepping
Note: Dynamic gmin stepping completed
Note: Starting dynamic gmin stepping
Note: Dynamic gmin stepping completed
Note: Starting dynamic gmin stepping
Note: Dynamic gmin stepping completed
Note: Starting dynamic gmin stepping
Note: Dynamic gmin stepping completed
Note: Starting dynamic gmin stepping
Note: Dynamic gmin stepping completed
Note: Starting dynamic gmin stepping
Note: Dynamic gmin stepping completed
Note: Starting dynamic gmin stepping
Note: Dynamic gmin stepping completed
Note: Starting dynamic gmin stepping
Note: Dynamic gmin stepping completed
Note: Starting dynamic gmin stepping
Note: Dynamic gmin stepping completed
Note: Starting dynamic gmin stepping
Note: Dynamic gmin stepping completed
Note: Starting dynamic gmin stepping
Note: Dynamic gmin stepping completed
Note: Starting dynamic gmin stepping
Note: Dynamic gmin stepping completed
Note: Starting dynamic gmin stepping
Note: Dynamic gmin stepping completed
Note: Starting dynamic gmin stepping
Note: Dynamic gmin stepping completed
Note: Starting dynamic gmin stepping
Note: Dynamic gmin stepping completed
Note: Starting dynamic gmin stepping
Note: Dynamic gmin stepping completed
Note: Starting dynamic gmin stepping
Note: Dynamic gmin stepping completed
Note: Starting dynamic gmin stepping
Note: Dynamic gmin stepping completed
Note: Starting dynamic gmin stepping
Note: Dynamic gmin stepping completed
Note: Starting dynamic gmin stepping
Note: Dynamic gmin stepping completed
Note: Starting dynamic gmin stepping
Note: Dynamic gmin stepping completed
Note: Starting dynamic gmin stepping
Note: Dynamic gmin stepping completed
Note: Starting dynamic gmin stepping
Note: Dynamic gmin stepping completed
Note: Starting dynamic gmin stepping
Note: Dynamic gmin stepping completed
Note: Starting dynamic gmin stepping
Note: Dynamic gmin stepping completed
Note: Starting dynamic gmin stepping
Note: Dynamic gmin stepping completed
Note: Starting dynamic gmin stepping
Note: Dynamic gmin stepping completed
Note: Starting dynamic gmin stepping
Note: Dynamic gmin stepping completed
Note: Starting dynamic gmin stepping
Note: Dynamic gmin stepping completed
Note: Starting dynamic gmin stepping
Note: Dynamic gmin stepping completed
Note: Starting dynamic gmin stepping
Note: Dynamic gmin stepping completed
Note: Starting dynamic gmin stepping
Note: Dynamic gmin stepping completed
Note: Starting dynamic gmin stepping
Note: Dynamic gmin stepping completed
Note: Starting dynamic gmin stepping
Note: Dynamic gmin stepping completed
Note: Starting dynamic gmin stepping
Note: Dynamic gmin stepping completed
Note: Starting dynamic gmin stepping
Note: Dynamic gmin stepping completed
Note: Starting dynamic gmin stepping
Note: Dynamic gmin stepping completed
Note: Starting dynamic gmin stepping
Note: Dynamic gmin stepping completed
Note: Starting dynamic gmin stepping
Note: Dynamic gmin stepping completed
Note: Starting dynamic gmin stepping
Note: Dynamic gmin stepping completed
Note: Starting dynamic gmin stepping
Note: Dynamic gmin stepping completed
Note: Starting dynamic gmin stepping
Note: Dynamic gmin stepping completed
Note: Starting dynamic gmin stepping
Note: Dynamic gmin stepping completed
Note: Starting dynamic gmin stepping
Note: Dynamic gmin stepping completed
Note: Starting dynamic gmin stepping
Note: Dynamic gmin stepping completed
Note: Starting dynamic gmin stepping
Note: Dynamic gmin stepping completed
Note: Starting dynamic gmin stepping
Note: Dynamic gmin stepping completed
Note: Starting dynamic gmin stepping
Note: Dynamic gmin stepping completed
Note: Starting dynamic gmin stepping
Note: Dynamic gmin stepping completed
Note: Starting dynamic gmin stepping
Note: Dynamic gmin stepping completed
Note: Starting dynamic gmin stepping
Note: Dynamic gmin stepping completed
Note: Starting dynamic gmin stepping
Note: Dynamic gmin stepping completed
Note: Starting dynamic gmin stepping
Note: Dynamic gmin stepping completed
Note: Starting dynamic gmin stepping
Note: Dynamic gmin stepping completed
Note: Starting dynamic gmin stepping
Note: Dynamic gmin stepping completed
Note: Starting dynamic gmin stepping
Note: Dynamic gmin stepping completed
Note: Starting dynamic gmin stepping
Note: Dynamic gmin stepping completed
Note: Starting dynamic gmin stepping
Note: Dynamic gmin stepping completed
Note: Starting dynamic gmin stepping
Note: Dynamic gmin stepping completed
Note: Starting dynamic gmin stepping
Note: Dynamic gmin stepping completed
Note: Starting dynamic gmin stepping
Note: Dynamic gmin stepping completed
Note: Starting dynamic gmin stepping
Note: Dynamic gmin stepping completed
Note: Starting dynamic gmin stepping
Note: Dynamic gmin stepping completed
Note: Starting dynamic gmin stepping
Note: Dynamic gmin stepping completed
Note: Starting dynamic gmin stepping
Note: Dynamic gmin stepping completed
Note: Starting dynamic gmin stepping
Note: Dynamic gmin stepping completed
Note: Starting dynamic gmin stepping
Note: Dynamic gmin stepping completed
Note: Starting dynamic gmin stepping
Note: Dynamic gmin stepping completed
Note: Starting dynamic gmin stepping
Note: Dynamic gmin stepping completed
Note: Starting dynamic gmin stepping
Note: Dynamic gmin stepping completed
Note: Starting dynamic gmin stepping
Note: Dynamic gmin stepping completed
Note: Starting dynamic gmin stepping
Note: Dynamic gmin stepping completed
Note: Starting dynamic gmin stepping
Note: Dynamic gmin stepping completed
Note: Starting dynamic gmin stepping
Note: Dynamic gmin stepping completed
Note: Starting dynamic gmin stepping
Note: Dynamic gmin stepping completed
Note: Starting dynamic gmin stepping
Note: Dynamic gmin stepping completed
Note: Starting dynamic gmin stepping
Note: Dynamic gmin stepping completed
Note: Starting dynamic gmin stepping
Note: Dynamic gmin stepping completed
Note: Starting dynamic gmin stepping
Note: Dynamic gmin stepping completed
Note: Starting dynamic gmin stepping
Note: Dynamic gmin stepping completed
Note: Starting dynamic gmin stepping
Note: Dynamic gmin stepping completed
Note: Starting dynamic gmin stepping
Note: Dynamic gmin stepping completed
Note: Starting dynamic gmin stepping
Note: Dynamic gmin stepping completed
Note: Starting dynamic gmin stepping
Note: Dynamic gmin stepping completed
Note: Starting dynamic gmin stepping
Note: Dynamic gmin stepping completed
Note: Starting dynamic gmin stepping
Note: Dynamic gmin stepping completed
Note: Starting dynamic gmin stepping
Note: Dynamic gmin stepping completed
Note: Starting dynamic gmin stepping
Note: Dynamic gmin stepping completed
Note: Starting dynamic gmin stepping
Note: Dynamic gmin stepping completed
Note: Starting dynamic gmin stepping
Note: Dynamic gmin stepping completed
Note: Starting dynamic gmin stepping
Note: Dynamic gmin stepping completed
Note: Starting dynamic gmin stepping
Note: Dynamic gmin stepping completed
Note: Starting dynamic gmin stepping
Note: Dynamic gmin stepping completed
Note: Starting dynamic gmin stepping
Note: Dynamic gmin stepping completed
Note: Starting dynamic gmin stepping
Note: Dynamic gmin stepping completed
Note: Starting dynamic gmin stepping
Note: Dynamic gmin stepping completed
Note: Starting dynamic gmin stepping
Note: Dynamic gmin stepping completed
Note: Starting dynamic gmin stepping
Note: Dynamic gmin stepping completed
Note: Starting dynamic gmin stepping
Note: Dynamic gmin stepping completed
Note: Starting dynamic gmin stepping
Note: Dynamic gmin stepping completed
Note: Starting dynamic gmin stepping
Note: Dynamic gmin stepping completed
Note: Starting dynamic gmin stepping
Note: Dynamic gmin stepping completed
Note: Starting dynamic gmin stepping
Note: Dynamic gmin stepping completed
Note: Starting dynamic gmin stepping
Note: Dynamic gmin stepping completed
Note: Starting dynamic gmin stepping
Note: Dynamic gmin stepping completed
Note: Starting dynamic gmin stepping
Note: Dynamic gmin stepping completed
Note: Starting dynamic gmin stepping
Note: Dynamic gmin stepping completed
Note: Starting dynamic gmin stepping
Note: Dynamic gmin stepping completed
Note: Starting dynamic gmin stepping
Note: Dynamic gmin stepping completed
Note: Starting dynamic gmin stepping
Note: Dynamic gmin stepping completed
Note: Starting dynamic gmin stepping
Note: Dynamic gmin stepping completed
Note: Starting dynamic gmin stepping
Note: Dynamic gmin stepping completed
Note: Starting dynamic gmin stepping
Note: Dynamic gmin stepping completed
Note: Starting dynamic gmin stepping
Note: Dynamic gmin stepping completed
Note: Starting dynamic gmin stepping
Note: Dynamic gmin stepping completed
Note: Starting dynamic gmin stepping
Note: Dynamic gmin stepping completed
Note: Starting dynamic gmin stepping
Note: Dynamic gmin stepping completed
Note: Starting dynamic gmin stepping
Note: Dynamic gmin stepping completed
Note: Starting dynamic gmin stepping
Note: Dynamic gmin stepping completed
Note: Starting dynamic gmin stepping
Note: Dynamic gmin stepping completed
Note: Starting dynamic gmin stepping
Note: Dynamic gmin stepping completed
Note: Starting dynamic gmin stepping
Note: Dynamic gmin stepping completed
Note: Starting dynamic gmin stepping
Note: Dynamic gmin stepping completed
Note: Starting dynamic gmin stepping
Note: Dynamic gmin stepping completed
Note: Starting dynamic gmin stepping
Note: Dynamic gmin stepping completed
Note: Starting dynamic gmin stepping
Note: Dynamic gmin stepping completed
Note: Starting dynamic gmin stepping
Note: Dynamic gmin stepping completed
Note: Starting dynamic gmin stepping
Note: Dynamic gmin stepping completed
Note: Starting dynamic gmin stepping
Note: Dynamic gmin stepping completed
Note: Starting dynamic gmin stepping
Note: Dynamic gmin stepping completed
Note: Starting dynamic gmin stepping
Note: Dynamic gmin stepping completed
Note: Starting dynamic gmin stepping
Note: Dynamic gmin stepping completed
Note: Starting dynamic gmin stepping
Note: Dynamic gmin stepping completed
Note: Starting dynamic gmin stepping
Note: Dynamic gmin stepping completed
Note: Starting dynamic gmin stepping
Note: Dynamic gmin stepping completed
Note: Starting dynamic gmin stepping
Note: Dynamic gmin stepping completed
Note: Starting dynamic gmin stepping
Note: Dynamic gmin stepping completed
Note: Starting dynamic gmin stepping
Note: Dynamic gmin stepping completed
Note: Starting dynamic gmin stepping
Note: Dynamic gmin stepping completed
Note: Starting dynamic gmin stepping
Note: Dynamic gmin stepping completed
Note: Starting dynamic gmin stepping
Note: Dynamic gmin stepping completed
Note: Starting dynamic gmin stepping
Note: Dynamic gmin stepping completed
Note: Starting dynamic gmin stepping
Note: Dynamic gmin stepping completed
Note: Starting dynamic gmin stepping
Note: Dynamic gmin stepping completed
Note: Starting dynamic gmin stepping
Note: Dynamic gmin stepping completed
Note: Starting dynamic gmin stepping
Note: Dynamic gmin stepping completed
Note: Starting dynamic gmin stepping
Note: Dynamic gmin stepping completed
Note: Starting dynamic gmin stepping
Note: Dynamic gmin stepping completed
Note: Starting dynamic gmin stepping
Note: Dynamic gmin stepping completed
Note: Starting dynamic gmin stepping
Note: Dynamic gmin stepping completed
Note: Starting dynamic gmin stepping
Note: Dynamic gmin stepping completed
Note: Starting dynamic gmin stepping
Note: Dynamic gmin stepping completed
Note: Starting dynamic gmin stepping
Note: Dynamic gmin stepping completed
Note: Starting dynamic gmin stepping
Note: Dynamic gmin stepping completed
Note: Starting dynamic gmin stepping
Note: Dynamic gmin stepping completed
Note: Starting dynamic gmin stepping
Note: Dynamic gmin stepping completed
Note: Starting dynamic gmin stepping
Note: Dynamic gmin stepping completed
Note: Starting dynamic gmin stepping
Note: Dynamic gmin stepping completed
Note: Starting dynamic gmin stepping
Note: Dynamic gmin stepping completed
Note: Starting dynamic gmin stepping
Note: Dynamic gmin stepping completed
Note: Starting dynamic gmin stepping
Note: Dynamic gmin stepping completed
Note: Starting dynamic gmin stepping
Note: Dynamic gmin stepping completed
Note: Starting dynamic gmin stepping
Note: Dynamic gmin stepping completed
Note: Starting dynamic gmin stepping
Note: Dynamic gmin stepping completed
Note: Starting dynamic gmin stepping
Note: Dynamic gmin stepping completed
Note: Starting dynamic gmin stepping
Note: Dynamic gmin stepping completed
Note: Starting dynamic gmin stepping
Note: Dynamic gmin stepping completed
Note: Starting dynamic gmin stepping
Note: Dynamic gmin stepping completed
Note: Starting dynamic gmin stepping
Note: Dynamic gmin stepping completed
Note: Starting dynamic gmin stepping
Note: Dynamic gmin stepping completed
Note: Starting dynamic gmin stepping
Note: Dynamic gmin stepping completed
Note: Starting dynamic gmin stepping
Note: Dynamic gmin stepping completed
Note: Starting dynamic gmin stepping
Note: Dynamic gmin stepping completed
Note: Starting dynamic gmin stepping
Note: Dynamic gmin stepping completed
Note: Starting dynamic gmin stepping
Note: Dynamic gmin stepping completed
Note: Starting dynamic gmin stepping
Note: Dynamic gmin stepping completed
Note: Starting dynamic gmin stepping
Note: Dynamic gmin stepping completed
Note: Starting dynamic gmin stepping
Note: Dynamic gmin stepping completed
Note: Starting dynamic gmin stepping
Note: Dynamic gmin stepping completed
Note: Starting dynamic gmin stepping
Note: Dynamic gmin stepping completed
Note: Starting dynamic gmin stepping
Note: Dynamic gmin stepping completed
Note: Starting dynamic gmin stepping
Note: Dynamic gmin stepping completed
Note: Starting dynamic gmin stepping
Note: Dynamic gmin stepping completed
Note: Starting dynamic gmin stepping
Note: Dynamic gmin stepping completed
Note: Starting dynamic gmin stepping
Note: Dynamic gmin stepping completed
Note: Starting dynamic gmin stepping
Note: Dynamic gmin stepping completed
Note: Starting dynamic gmin stepping
Note: Dynamic gmin stepping completed
Note: Starting dynamic gmin stepping
Note: Dynamic gmin stepping completed
Note: Starting dynamic gmin stepping
Note: Dynamic gmin stepping completed
Note: Starting dynamic gmin stepping
Note: Dynamic gmin stepping completed
Note: Starting dynamic gmin stepping
Note: Dynamic gmin stepping completed
Note: Starting dynamic gmin stepping
Note: Dynamic gmin stepping completed
Note: Starting dynamic gmin stepping
Note: Dynamic gmin stepping completed
Note: Starting dynamic gmin stepping
Note: Dynamic gmin stepping completed
Note: Starting dynamic gmin stepping
Note: Dynamic gmin stepping completed
Note: Starting dynamic gmin stepping
Note: Dynamic gmin stepping completed
Note: Starting dynamic gmin stepping
Note: Dynamic gmin stepping completed
Note: Starting dynamic gmin stepping
Note: Dynamic gmin stepping completed
Note: Starting dynamic gmin stepping
Note: Dynamic gmin stepping completed
