
Note: Compatibility modes selected: hs a


Circuit: * comparator-offset-mc @ sf_27c_3.30v -- generated by sim/harness, do not edit

Reset re-loads circuit * comparator-offset-mc @ sf_27c_3.30v -- generated by sim/harness, do not edit

Circuit: * comparator-offset-mc @ sf_27c_3.30v -- generated by sim/harness, do not edit

Doing analysis at TEMP = 27.000000 and TNOM = 27.000000

Using SPARSE 1.3 as Direct Linear Solver

No. of Data Rows : 6
voa = -4.097360823e-04
ddc = 1.0766361309e-07
dde = -1.062126405e-07
Reset re-loads circuit * comparator-offset-mc @ sf_27c_3.30v -- generated by sim/harness, do not edit

Circuit: * comparator-offset-mc @ sf_27c_3.30v -- generated by sim/harness, do not edit

Doing analysis at TEMP = 27.000000 and TNOM = 27.000000

Using SPARSE 1.3 as Direct Linear Solver
 Reference value :  0.00000e+00
No. of Data Rows : 6
voa = 1.8059698161e-03
ddc = -3.203369242e-07
dde = 3.1348151543e-07
Reset re-loads circuit * comparator-offset-mc @ sf_27c_3.30v -- generated by sim/harness, do not edit

Circuit: * comparator-offset-mc @ sf_27c_3.30v -- generated by sim/harness, do not edit

Doing analysis at TEMP = 27.000000 and TNOM = 27.000000

Using SPARSE 1.3 as Direct Linear Solver

No. of Data Rows : 6
voa = 1.4531322884e-03
ddc = -3.142535261e-07
dde = 3.0895049018e-07
Reset re-loads circuit * comparator-offset-mc @ sf_27c_3.30v -- generated by sim/harness, do not edit

Circuit: * comparator-offset-mc @ sf_27c_3.30v -- generated by sim/harness, do not edit

Doing analysis at TEMP = 27.000000 and TNOM = 27.000000

Using SPARSE 1.3 as Direct Linear Solver

No. of Data Rows : 6
voa = -1.116405886e-05
ddc = 2.1023091403e-08
dde = -2.113623202e-08
Reset re-loads circuit * comparator-offset-mc @ sf_27c_3.30v -- generated by sim/harness, do not edit

Circuit: * comparator-offset-mc @ sf_27c_3.30v -- generated by sim/harness, do not edit

Doing analysis at TEMP = 27.000000 and TNOM = 27.000000

Using SPARSE 1.3 as Direct Linear Solver

No. of Data Rows : 6
voa = 1.8218381152e-03
ddc = -3.550349613e-07
dde = 3.4824462785e-07
Reset re-loads circuit * comparator-offset-mc @ sf_27c_3.30v -- generated by sim/harness, do not edit

Circuit: * comparator-offset-mc @ sf_27c_3.30v -- generated by sim/harness, do not edit

Doing analysis at TEMP = 27.000000 and TNOM = 27.000000

Using SPARSE 1.3 as Direct Linear Solver

No. of Data Rows : 6
voa = -2.814615198e-04
ddc = 8.3800343578e-08
dde = -8.272548285e-08
Reset re-loads circuit * comparator-offset-mc @ sf_27c_3.30v -- generated by sim/harness, do not edit

Circuit: * comparator-offset-mc @ sf_27c_3.30v -- generated by sim/harness, do not edit

Doing analysis at TEMP = 27.000000 and TNOM = 27.000000

Using SPARSE 1.3 as Direct Linear Solver

No. of Data Rows : 6
voa = -1.952187374e-04
ddc = 5.1992944711e-08
dde = -5.140825056e-08
Reset re-loads circuit * comparator-offset-mc @ sf_27c_3.30v -- generated by sim/harness, do not edit

Circuit: * comparator-offset-mc @ sf_27c_3.30v -- generated by sim/harness, do not edit

Doing analysis at TEMP = 27.000000 and TNOM = 27.000000

Using SPARSE 1.3 as Direct Linear Solver

No. of Data Rows : 6
voa = -2.672951375e-04
ddc = 5.5400805160e-08
dde = -5.441801459e-08
Reset re-loads circuit * comparator-offset-mc @ sf_27c_3.30v -- generated by sim/harness, do not edit

Circuit: * comparator-offset-mc @ sf_27c_3.30v -- generated by sim/harness, do not edit

Doing analysis at TEMP = 27.000000 and TNOM = 27.000000

Using SPARSE 1.3 as Direct Linear Solver
 Reference value :  0.00000e+00
No. of Data Rows : 6
voa = 9.6147081668e-04
ddc = -2.341784014e-07
dde = 2.3072047459e-07
Reset re-loads circuit * comparator-offset-mc @ sf_27c_3.30v -- generated by sim/harness, do not edit

Circuit: * comparator-offset-mc @ sf_27c_3.30v -- generated by sim/harness, do not edit

Doing analysis at TEMP = 27.000000 and TNOM = 27.000000

Using SPARSE 1.3 as Direct Linear Solver

No. of Data Rows : 6
voa = 1.0078028603e-03
ddc = -2.326345093e-07
dde = 2.2892448712e-07
Reset re-loads circuit * comparator-offset-mc @ sf_27c_3.30v -- generated by sim/harness, do not edit

Circuit: * comparator-offset-mc @ sf_27c_3.30v -- generated by sim/harness, do not edit

Doing analysis at TEMP = 27.000000 and TNOM = 27.000000

Using SPARSE 1.3 as Direct Linear Solver

No. of Data Rows : 6
voa = -9.384513480e-04
ddc = 1.9339723308e-07
dde = -1.900460106e-07
Reset re-loads circuit * comparator-offset-mc @ sf_27c_3.30v -- generated by sim/harness, do not edit

Circuit: * comparator-offset-mc @ sf_27c_3.30v -- generated by sim/harness, do not edit

Doing analysis at TEMP = 27.000000 and TNOM = 27.000000

Using SPARSE 1.3 as Direct Linear Solver

No. of Data Rows : 6
voa = 4.4869159591e-04
ddc = -9.328069016e-08
dde = 9.1700175730e-08
Reset re-loads circuit * comparator-offset-mc @ sf_27c_3.30v -- generated by sim/harness, do not edit

Circuit: * comparator-offset-mc @ sf_27c_3.30v -- generated by sim/harness, do not edit

Doing analysis at TEMP = 27.000000 and TNOM = 27.000000

Using SPARSE 1.3 as Direct Linear Solver

No. of Data Rows : 6
voa = -7.698921439e-04
ddc = 1.4778039465e-07
dde = -1.447859714e-07
Reset re-loads circuit * comparator-offset-mc @ sf_27c_3.30v -- generated by sim/harness, do not edit

Circuit: * comparator-offset-mc @ sf_27c_3.30v -- generated by sim/harness, do not edit

Doing analysis at TEMP = 27.000000 and TNOM = 27.000000

Using SPARSE 1.3 as Direct Linear Solver

No. of Data Rows : 6
voa = 2.3302553240e-04
ddc = 7.0144934766e-09
dde = -7.946289468e-09
Reset re-loads circuit * comparator-offset-mc @ sf_27c_3.30v -- generated by sim/harness, do not edit

Circuit: * comparator-offset-mc @ sf_27c_3.30v -- generated by sim/harness, do not edit

Doing analysis at TEMP = 27.000000 and TNOM = 27.000000

Using SPARSE 1.3 as Direct Linear Solver
 Reference value :  0.00000e+00
No. of Data Rows : 6
voa = 1.3360893331e-03
ddc = -2.697970737e-07
dde = 2.6483802308e-07
Reset re-loads circuit * comparator-offset-mc @ sf_27c_3.30v -- generated by sim/harness, do not edit

Circuit: * comparator-offset-mc @ sf_27c_3.30v -- generated by sim/harness, do not edit

Doing analysis at TEMP = 27.000000 and TNOM = 27.000000

Using SPARSE 1.3 as Direct Linear Solver

No. of Data Rows : 6
voa = -1.313222857e-03
ddc = 2.9191043007e-07
dde = -2.872360701e-07
Reset re-loads circuit * comparator-offset-mc @ sf_27c_3.30v -- generated by sim/harness, do not edit

Circuit: * comparator-offset-mc @ sf_27c_3.30v -- generated by sim/harness, do not edit

Doing analysis at TEMP = 27.000000 and TNOM = 27.000000

Using SPARSE 1.3 as Direct Linear Solver

No. of Data Rows : 6
voa = 5.6751329789e-04
ddc = -1.140985448e-07
dde = 1.1192253380e-07
Reset re-loads circuit * comparator-offset-mc @ sf_27c_3.30v -- generated by sim/harness, do not edit

Circuit: * comparator-offset-mc @ sf_27c_3.30v -- generated by sim/harness, do not edit

Doing analysis at TEMP = 27.000000 and TNOM = 27.000000

Using SPARSE 1.3 as Direct Linear Solver

No. of Data Rows : 6
voa = -8.302191467e-05
ddc = 9.5510879361e-09
dde = -9.310453984e-09
Reset re-loads circuit * comparator-offset-mc @ sf_27c_3.30v -- generated by sim/harness, do not edit

Circuit: * comparator-offset-mc @ sf_27c_3.30v -- generated by sim/harness, do not edit

Doing analysis at TEMP = 27.000000 and TNOM = 27.000000

Using SPARSE 1.3 as Direct Linear Solver

No. of Data Rows : 6
voa = -5.244065073e-04
ddc = 1.2748894031e-07
dde = -1.256101235e-07
Reset re-loads circuit * comparator-offset-mc @ sf_27c_3.30v -- generated by sim/harness, do not edit

Circuit: * comparator-offset-mc @ sf_27c_3.30v -- generated by sim/harness, do not edit

Doing analysis at TEMP = 27.000000 and TNOM = 27.000000

Using SPARSE 1.3 as Direct Linear Solver

No. of Data Rows : 6
voa = 1.2546981684e-03
ddc = -2.197262358e-07
dde = 2.1504842127e-07
Reset re-loads circuit * comparator-offset-mc @ sf_27c_3.30v -- generated by sim/harness, do not edit

Circuit: * comparator-offset-mc @ sf_27c_3.30v -- generated by sim/harness, do not edit

Doing analysis at TEMP = 27.000000 and TNOM = 27.000000

Using SPARSE 1.3 as Direct Linear Solver

No. of Data Rows : 6
voa = -3.580277102e-04
ddc = 6.7390103020e-08
dde = -6.611713614e-08
Reset re-loads circuit * comparator-offset-mc @ sf_27c_3.30v -- generated by sim/harness, do not edit

Circuit: * comparator-offset-mc @ sf_27c_3.30v -- generated by sim/harness, do not edit

Doing analysis at TEMP = 27.000000 and TNOM = 27.000000

Using SPARSE 1.3 as Direct Linear Solver
 Reference value :  0.00000e+00
No. of Data Rows : 6
voa = -7.293935004e-04
ddc = 1.4924879565e-07
dde = -1.467879922e-07
Reset re-loads circuit * comparator-offset-mc @ sf_27c_3.30v -- generated by sim/harness, do not edit

Circuit: * comparator-offset-mc @ sf_27c_3.30v -- generated by sim/harness, do not edit

Doing analysis at TEMP = 27.000000 and TNOM = 27.000000

Using SPARSE 1.3 as Direct Linear Solver

No. of Data Rows : 6
voa = 5.9562142537e-04
ddc = -8.704159194e-08
dde = 8.4803479592e-08
Reset re-loads circuit * comparator-offset-mc @ sf_27c_3.30v -- generated by sim/harness, do not edit

Circuit: * comparator-offset-mc @ sf_27c_3.30v -- generated by sim/harness, do not edit

Doing analysis at TEMP = 27.000000 and TNOM = 27.000000

Using SPARSE 1.3 as Direct Linear Solver

No. of Data Rows : 6
voa = 1.1785357727e-05
ddc = -2.755501894e-08
dde = 2.7544861073e-08
Reset re-loads circuit * comparator-offset-mc @ sf_27c_3.30v -- generated by sim/harness, do not edit

Circuit: * comparator-offset-mc @ sf_27c_3.30v -- generated by sim/harness, do not edit

Doing analysis at TEMP = 27.000000 and TNOM = 27.000000

Using SPARSE 1.3 as Direct Linear Solver

No. of Data Rows : 6
voa = -1.432166895e-03
ddc = 2.9050036878e-07
dde = -2.853982288e-07
Reset re-loads circuit * comparator-offset-mc @ sf_27c_3.30v -- generated by sim/harness, do not edit

Circuit: * comparator-offset-mc @ sf_27c_3.30v -- generated by sim/harness, do not edit

Doing analysis at TEMP = 27.000000 and TNOM = 27.000000

Using SPARSE 1.3 as Direct Linear Solver

No. of Data Rows : 6
voa = -1.099540162e-03
ddc = 2.5713079609e-07
dde = -2.534024198e-07
Reset re-loads circuit * comparator-offset-mc @ sf_27c_3.30v -- generated by sim/harness, do not edit

Circuit: * comparator-offset-mc @ sf_27c_3.30v -- generated by sim/harness, do not edit

Doing analysis at TEMP = 27.000000 and TNOM = 27.000000

Using SPARSE 1.3 as Direct Linear Solver

No. of Data Rows : 6
voa = -5.722762419e-04
ddc = 1.4762640430e-07
dde = -1.457206745e-07
Reset re-loads circuit * comparator-offset-mc @ sf_27c_3.30v -- generated by sim/harness, do not edit

Circuit: * comparator-offset-mc @ sf_27c_3.30v -- generated by sim/harness, do not edit

Doing analysis at TEMP = 27.000000 and TNOM = 27.000000

Using SPARSE 1.3 as Direct Linear Solver
 Reference value :  2.00000e-03
No. of Data Rows : 6
voa = 9.5104934976e-05
ddc = 1.7858573773e-09
dde = -2.093298446e-09
Reset re-loads circuit * comparator-offset-mc @ sf_27c_3.30v -- generated by sim/harness, do not edit

Circuit: * comparator-offset-mc @ sf_27c_3.30v -- generated by sim/harness, do not edit

Doing analysis at TEMP = 27.000000 and TNOM = 27.000000

Using SPARSE 1.3 as Direct Linear Solver

No. of Data Rows : 6
voa = -1.931877928e-04
ddc = 8.3248263693e-09
dde = -7.434270600e-09
Reset re-loads circuit * comparator-offset-mc @ sf_27c_3.30v -- generated by sim/harness, do not edit

Circuit: * comparator-offset-mc @ sf_27c_3.30v -- generated by sim/harness, do not edit

Doing analysis at TEMP = 27.000000 and TNOM = 27.000000

Using SPARSE 1.3 as Direct Linear Solver

No. of Data Rows : 6
voa = 2.2481150111e-04
ddc = -2.167102623e-08
dde = 2.2295145016e-08
Reset re-loads circuit * comparator-offset-mc @ sf_27c_3.30v -- generated by sim/harness, do not edit

Circuit: * comparator-offset-mc @ sf_27c_3.30v -- generated by sim/harness, do not edit

Doing analysis at TEMP = 27.000000 and TNOM = 27.000000

Using SPARSE 1.3 as Direct Linear Solver

No. of Data Rows : 6
voa = 1.8712260071e-03
ddc = -4.232041765e-07
dde = 4.1638187637e-07
Reset re-loads circuit * comparator-offset-mc @ sf_27c_3.30v -- generated by sim/harness, do not edit

Circuit: * comparator-offset-mc @ sf_27c_3.30v -- generated by sim/harness, do not edit

Doing analysis at TEMP = 27.000000 and TNOM = 27.000000

Using SPARSE 1.3 as Direct Linear Solver

No. of Data Rows : 6
voa = -9.882482365e-04
ddc = 1.8284177081e-07
dde = -1.791298452e-07
Reset re-loads circuit * comparator-offset-mc @ sf_27c_3.30v -- generated by sim/harness, do not edit

Circuit: * comparator-offset-mc @ sf_27c_3.30v -- generated by sim/harness, do not edit

Doing analysis at TEMP = 27.000000 and TNOM = 27.000000

Using SPARSE 1.3 as Direct Linear Solver

No. of Data Rows : 6
voa = 4.5441329852e-04
ddc = -8.905128756e-08
dde = 8.7429147401e-08
Reset re-loads circuit * comparator-offset-mc @ sf_27c_3.30v -- generated by sim/harness, do not edit

Circuit: * comparator-offset-mc @ sf_27c_3.30v -- generated by sim/harness, do not edit

Doing analysis at TEMP = 27.000000 and TNOM = 27.000000

Using SPARSE 1.3 as Direct Linear Solver

No. of Data Rows : 6
voa = -1.483059534e-04
ddc = 1.8191183077e-08
dde = -1.768279673e-08
Reset re-loads circuit * comparator-offset-mc @ sf_27c_3.30v -- generated by sim/harness, do not edit

Circuit: * comparator-offset-mc @ sf_27c_3.30v -- generated by sim/harness, do not edit

Doing analysis at TEMP = 27.000000 and TNOM = 27.000000

Using SPARSE 1.3 as Direct Linear Solver

No. of Data Rows : 6
voa = 2.3313676361e-03
ddc = -4.270345102e-07
dde = 4.1831251864e-07
Reset re-loads circuit * comparator-offset-mc @ sf_27c_3.30v -- generated by sim/harness, do not edit

Circuit: * comparator-offset-mc @ sf_27c_3.30v -- generated by sim/harness, do not edit

Doing analysis at TEMP = 27.000000 and TNOM = 27.000000

Using SPARSE 1.3 as Direct Linear Solver
 Reference value :  0.00000e+00
No. of Data Rows : 6
voa = -3.888076625e-04
ddc = 9.6368266739e-08
dde = -9.499370401e-08
Reset re-loads circuit * comparator-offset-mc @ sf_27c_3.30v -- generated by sim/harness, do not edit

Circuit: * comparator-offset-mc @ sf_27c_3.30v -- generated by sim/harness, do not edit

Doing analysis at TEMP = 27.000000 and TNOM = 27.000000

Using SPARSE 1.3 as Direct Linear Solver

No. of Data Rows : 6
voa = 2.9270482318e-04
ddc = -3.181051660e-08
dde = 3.0682910037e-08
Reset re-loads circuit * comparator-offset-mc @ sf_27c_3.30v -- generated by sim/harness, do not edit

Circuit: * comparator-offset-mc @ sf_27c_3.30v -- generated by sim/harness, do not edit

Doing analysis at TEMP = 27.000000 and TNOM = 27.000000

Using SPARSE 1.3 as Direct Linear Solver

No. of Data Rows : 6
voa = 9.5408119391e-04
ddc = -2.064481914e-07
dde = 2.0293272053e-07
Reset re-loads circuit * comparator-offset-mc @ sf_27c_3.30v -- generated by sim/harness, do not edit

Circuit: * comparator-offset-mc @ sf_27c_3.30v -- generated by sim/harness, do not edit

Doing analysis at TEMP = 27.000000 and TNOM = 27.000000

Using SPARSE 1.3 as Direct Linear Solver

No. of Data Rows : 6
voa = 7.0183939609e-04
ddc = -1.470596208e-07
dde = 1.4448047240e-07
Reset re-loads circuit * comparator-offset-mc @ sf_27c_3.30v -- generated by sim/harness, do not edit

Circuit: * comparator-offset-mc @ sf_27c_3.30v -- generated by sim/harness, do not edit

Doing analysis at TEMP = 27.000000 and TNOM = 27.000000

Using SPARSE 1.3 as Direct Linear Solver

No. of Data Rows : 6
voa = -1.791643103e-03
ddc = 3.8795067310e-07
dde = -3.817158041e-07
Reset re-loads circuit * comparator-offset-mc @ sf_27c_3.30v -- generated by sim/harness, do not edit

Circuit: * comparator-offset-mc @ sf_27c_3.30v -- generated by sim/harness, do not edit

Doing analysis at TEMP = 27.000000 and TNOM = 27.000000

Using SPARSE 1.3 as Direct Linear Solver

No. of Data Rows : 6
voa = -4.917595024e-04
ddc = 1.0720553362e-07
dde = -1.054152537e-07
Reset re-loads circuit * comparator-offset-mc @ sf_27c_3.30v -- generated by sim/harness, do not edit

Circuit: * comparator-offset-mc @ sf_27c_3.30v -- generated by sim/harness, do not edit

Doing analysis at TEMP = 27.000000 and TNOM = 27.000000

Using SPARSE 1.3 as Direct Linear Solver
 Reference value :  0.00000e+00
No. of Data Rows : 6
voa = 8.4566311402e-04
ddc = -1.306175851e-07
dde = 1.2739498912e-07
Reset re-loads circuit * comparator-offset-mc @ sf_27c_3.30v -- generated by sim/harness, do not edit

Circuit: * comparator-offset-mc @ sf_27c_3.30v -- generated by sim/harness, do not edit

Doing analysis at TEMP = 27.000000 and TNOM = 27.000000

Using SPARSE 1.3 as Direct Linear Solver

No. of Data Rows : 6
voa = -9.101524940e-04
ddc = 1.9718050500e-07
dde = -1.939428186e-07
Reset re-loads circuit * comparator-offset-mc @ sf_27c_3.30v -- generated by sim/harness, do not edit

Circuit: * comparator-offset-mc @ sf_27c_3.30v -- generated by sim/harness, do not edit

Doing analysis at TEMP = 27.000000 and TNOM = 27.000000

Using SPARSE 1.3 as Direct Linear Solver

No. of Data Rows : 6
voa = -1.185313598e-03
ddc = 2.5587632016e-07
dde = -2.514648987e-07
Reset re-loads circuit * comparator-offset-mc @ sf_27c_3.30v -- generated by sim/harness, do not edit

Circuit: * comparator-offset-mc @ sf_27c_3.30v -- generated by sim/harness, do not edit

Doing analysis at TEMP = 27.000000 and TNOM = 27.000000

Using SPARSE 1.3 as Direct Linear Solver

No. of Data Rows : 6
voa = -1.388722290e-03
ddc = 2.8683834513e-07
dde = -2.817837982e-07
Reset re-loads circuit * comparator-offset-mc @ sf_27c_3.30v -- generated by sim/harness, do not edit

Circuit: * comparator-offset-mc @ sf_27c_3.30v -- generated by sim/harness, do not edit

Doing analysis at TEMP = 27.000000 and TNOM = 27.000000

Using SPARSE 1.3 as Direct Linear Solver

No. of Data Rows : 6
voa = 2.6952817220e-03
ddc = -4.814781225e-07
dde = 4.8472011832e-07
Reset re-loads circuit * comparator-offset-mc @ sf_27c_3.30v -- generated by sim/harness, do not edit

Circuit: * comparator-offset-mc @ sf_27c_3.30v -- generated by sim/harness, do not edit

Doing analysis at TEMP = 27.000000 and TNOM = 27.000000

Using SPARSE 1.3 as Direct Linear Solver

No. of Data Rows : 6
voa = -2.258545090e-04
ddc = 4.0313483655e-09
dde = -3.189875142e-09
Reset re-loads circuit * comparator-offset-mc @ sf_27c_3.30v -- generated by sim/harness, do not edit

Circuit: * comparator-offset-mc @ sf_27c_3.30v -- generated by sim/harness, do not edit

Doing analysis at TEMP = 27.000000 and TNOM = 27.000000

Using SPARSE 1.3 as Direct Linear Solver

No. of Data Rows : 6
voa = 1.1063000640e-03
ddc = -2.282302478e-07
dde = 2.2424511348e-07
Reset re-loads circuit * comparator-offset-mc @ sf_27c_3.30v -- generated by sim/harness, do not edit

Circuit: * comparator-offset-mc @ sf_27c_3.30v -- generated by sim/harness, do not edit

Doing analysis at TEMP = 27.000000 and TNOM = 27.000000

Using SPARSE 1.3 as Direct Linear Solver
 Reference value :  2.00000e-03
No. of Data Rows : 6
voa = -4.469479295e-04
ddc = 1.1526114911e-07
dde = -1.137924025e-07
Reset re-loads circuit * comparator-offset-mc @ sf_27c_3.30v -- generated by sim/harness, do not edit

Circuit: * comparator-offset-mc @ sf_27c_3.30v -- generated by sim/harness, do not edit

Doing analysis at TEMP = 27.000000 and TNOM = 27.000000

Using SPARSE 1.3 as Direct Linear Solver

No. of Data Rows : 6
voa = 6.7338463227e-05
ddc = 1.7394950657e-08
dde = -1.771187532e-08
Reset re-loads circuit * comparator-offset-mc @ sf_27c_3.30v -- generated by sim/harness, do not edit

Circuit: * comparator-offset-mc @ sf_27c_3.30v -- generated by sim/harness, do not edit

Doing analysis at TEMP = 27.000000 and TNOM = 27.000000

Using SPARSE 1.3 as Direct Linear Solver

No. of Data Rows : 6
voa = -5.128832306e-04
ddc = 1.5211980660e-07
dde = -1.505871105e-07
Reset re-loads circuit * comparator-offset-mc @ sf_27c_3.30v -- generated by sim/harness, do not edit

Circuit: * comparator-offset-mc @ sf_27c_3.30v -- generated by sim/harness, do not edit

Doing analysis at TEMP = 27.000000 and TNOM = 27.000000

Using SPARSE 1.3 as Direct Linear Solver

No. of Data Rows : 6
voa = -3.683101828e-04
ddc = 8.0649948071e-08
dde = -7.928812440e-08
Reset re-loads circuit * comparator-offset-mc @ sf_27c_3.30v -- generated by sim/harness, do not edit

Circuit: * comparator-offset-mc @ sf_27c_3.30v -- generated by sim/harness, do not edit

Doing analysis at TEMP = 27.000000 and TNOM = 27.000000

Using SPARSE 1.3 as Direct Linear Solver

No. of Data Rows : 6
voa = 1.0386262494e-03
ddc = -2.287785159e-07
dde = 2.2499986472e-07
Reset re-loads circuit * comparator-offset-mc @ sf_27c_3.30v -- generated by sim/harness, do not edit

Circuit: * comparator-offset-mc @ sf_27c_3.30v -- generated by sim/harness, do not edit

Doing analysis at TEMP = 27.000000 and TNOM = 27.000000

Using SPARSE 1.3 as Direct Linear Solver

No. of Data Rows : 6
voa = 6.0346639553e-04
ddc = -1.304809386e-07
dde = 1.2825306704e-07
Reset re-loads circuit * comparator-offset-mc @ sf_27c_3.30v -- generated by sim/harness, do not edit

Circuit: * comparator-offset-mc @ sf_27c_3.30v -- generated by sim/harness, do not edit

Doing analysis at TEMP = 27.000000 and TNOM = 27.000000

Using SPARSE 1.3 as Direct Linear Solver
 Reference value :  0.00000e+00
No. of Data Rows : 6
voa = -2.162603022e-04
ddc = 7.7049969025e-09
dde = -6.872441182e-09
Reset re-loads circuit * comparator-offset-mc @ sf_27c_3.30v -- generated by sim/harness, do not edit

Circuit: * comparator-offset-mc @ sf_27c_3.30v -- generated by sim/harness, do not edit

Doing analysis at TEMP = 27.000000 and TNOM = 27.000000

Using SPARSE 1.3 as Direct Linear Solver

No. of Data Rows : 6
voa = -6.540837166e-04
ddc = 1.3403663485e-07
dde = -1.314986238e-07
Reset re-loads circuit * comparator-offset-mc @ sf_27c_3.30v -- generated by sim/harness, do not edit

Circuit: * comparator-offset-mc @ sf_27c_3.30v -- generated by sim/harness, do not edit

Doing analysis at TEMP = 27.000000 and TNOM = 27.000000

Using SPARSE 1.3 as Direct Linear Solver

No. of Data Rows : 6
voa = -2.904076632e-04
ddc = 8.7867718204e-08
dde = -8.683848569e-08
Reset re-loads circuit * comparator-offset-mc @ sf_27c_3.30v -- generated by sim/harness, do not edit

Circuit: * comparator-offset-mc @ sf_27c_3.30v -- generated by sim/harness, do not edit

Doing analysis at TEMP = 27.000000 and TNOM = 27.000000

Using SPARSE 1.3 as Direct Linear Solver

No. of Data Rows : 6
voa = 4.3959756580e-04
ddc = -8.765001064e-08
dde = 8.5990320306e-08
Reset re-loads circuit * comparator-offset-mc @ sf_27c_3.30v -- generated by sim/harness, do not edit

Circuit: * comparator-offset-mc @ sf_27c_3.30v -- generated by sim/harness, do not edit

Doing analysis at TEMP = 27.000000 and TNOM = 27.000000

Using SPARSE 1.3 as Direct Linear Solver

No. of Data Rows : 6
voa = -4.271995595e-04
ddc = 1.3122029670e-07
dde = -1.297030472e-07
Reset re-loads circuit * comparator-offset-mc @ sf_27c_3.30v -- generated by sim/harness, do not edit

Circuit: * comparator-offset-mc @ sf_27c_3.30v -- generated by sim/harness, do not edit

Doing analysis at TEMP = 27.000000 and TNOM = 27.000000

Using SPARSE 1.3 as Direct Linear Solver

No. of Data Rows : 6
voa = -8.841475861e-04
ddc = 2.0063144125e-07
dde = -1.973907690e-07
Reset re-loads circuit * comparator-offset-mc @ sf_27c_3.30v -- generated by sim/harness, do not edit

Circuit: * comparator-offset-mc @ sf_27c_3.30v -- generated by sim/harness, do not edit

Doing analysis at TEMP = 27.000000 and TNOM = 27.000000

Using SPARSE 1.3 as Direct Linear Solver
 Reference value :  0.00000e+00
No. of Data Rows : 6
voa = 1.1776882880e-05
ddc = 3.3501664423e-08
dde = -3.365502121e-08
Reset re-loads circuit * comparator-offset-mc @ sf_27c_3.30v -- generated by sim/harness, do not edit

Circuit: * comparator-offset-mc @ sf_27c_3.30v -- generated by sim/harness, do not edit

Doing analysis at TEMP = 27.000000 and TNOM = 27.000000

Using SPARSE 1.3 as Direct Linear Solver

No. of Data Rows : 6
voa = 1.5999940570e-03
ddc = -2.942034834e-07
dde = 2.8819007367e-07
Reset re-loads circuit * comparator-offset-mc @ sf_27c_3.30v -- generated by sim/harness, do not edit

Circuit: * comparator-offset-mc @ sf_27c_3.30v -- generated by sim/harness, do not edit

Doing analysis at TEMP = 27.000000 and TNOM = 27.000000

Using SPARSE 1.3 as Direct Linear Solver

No. of Data Rows : 6
voa = -1.814368552e-03
ddc = 4.1361967431e-07
dde = -4.071531488e-07
Reset re-loads circuit * comparator-offset-mc @ sf_27c_3.30v -- generated by sim/harness, do not edit

Circuit: * comparator-offset-mc @ sf_27c_3.30v -- generated by sim/harness, do not edit

Doing analysis at TEMP = 27.000000 and TNOM = 27.000000

Using SPARSE 1.3 as Direct Linear Solver

No. of Data Rows : 6
voa = 9.8600447858e-04
ddc = -1.944942074e-07
dde = 1.9082225661e-07
Reset re-loads circuit * comparator-offset-mc @ sf_27c_3.30v -- generated by sim/harness, do not edit

Circuit: * comparator-offset-mc @ sf_27c_3.30v -- generated by sim/harness, do not edit

Doing analysis at TEMP = 27.000000 and TNOM = 27.000000

Using SPARSE 1.3 as Direct Linear Solver

No. of Data Rows : 6
voa = -4.025791536e-04
ddc = 1.0386209420e-07
dde = -1.023655383e-07
Reset re-loads circuit * comparator-offset-mc @ sf_27c_3.30v -- generated by sim/harness, do not edit

Circuit: * comparator-offset-mc @ sf_27c_3.30v -- generated by sim/harness, do not edit

Doing analysis at TEMP = 27.000000 and TNOM = 27.000000

Using SPARSE 1.3 as Direct Linear Solver

No. of Data Rows : 6
voa = 8.4215027587e-05
ddc = 2.2710319939e-08
dde = -2.324393154e-08
Reset re-loads circuit * comparator-offset-mc @ sf_27c_3.30v -- generated by sim/harness, do not edit

Circuit: * comparator-offset-mc @ sf_27c_3.30v -- generated by sim/harness, do not edit

Doing analysis at TEMP = 27.000000 and TNOM = 27.000000

Using SPARSE 1.3 as Direct Linear Solver

No. of Data Rows : 6
voa = -1.669793286e-04
ddc = 2.3625978848e-08
dde = -2.295034727e-08
Reset re-loads circuit * comparator-offset-mc @ sf_27c_3.30v -- generated by sim/harness, do not edit

Circuit: * comparator-offset-mc @ sf_27c_3.30v -- generated by sim/harness, do not edit

Doing analysis at TEMP = 27.000000 and TNOM = 27.000000

Using SPARSE 1.3 as Direct Linear Solver

No. of Data Rows : 6
voa = 3.7659057430e-04
ddc = -8.591872107e-08
dde = 8.4525848510e-08
Reset re-loads circuit * comparator-offset-mc @ sf_27c_3.30v -- generated by sim/harness, do not edit

Circuit: * comparator-offset-mc @ sf_27c_3.30v -- generated by sim/harness, do not edit

Doing analysis at TEMP = 27.000000 and TNOM = 27.000000

Using SPARSE 1.3 as Direct Linear Solver

No. of Data Rows : 6
voa = -1.237542929e-04
ddc = 1.8479207494e-08
dde = -1.790770767e-08
Reset re-loads circuit * comparator-offset-mc @ sf_27c_3.30v -- generated by sim/harness, do not edit

Circuit: * comparator-offset-mc @ sf_27c_3.30v -- generated by sim/harness, do not edit

Doing analysis at TEMP = 27.000000 and TNOM = 27.000000

Using SPARSE 1.3 as Direct Linear Solver

No. of Data Rows : 6
voa = -1.038631824e-03
ddc = 2.2328080992e-07
dde = -2.192934092e-07
Reset re-loads circuit * comparator-offset-mc @ sf_27c_3.30v -- generated by sim/harness, do not edit

Circuit: * comparator-offset-mc @ sf_27c_3.30v -- generated by sim/harness, do not edit

Doing analysis at TEMP = 27.000000 and TNOM = 27.000000

Using SPARSE 1.3 as Direct Linear Solver
 Reference value :  0.00000e+00
No. of Data Rows : 6
voa = 1.1573058381e-03
ddc = -2.339503526e-07
dde = 2.2961359870e-07
Reset re-loads circuit * comparator-offset-mc @ sf_27c_3.30v -- generated by sim/harness, do not edit

Circuit: * comparator-offset-mc @ sf_27c_3.30v -- generated by sim/harness, do not edit

Doing analysis at TEMP = 27.000000 and TNOM = 27.000000

Using SPARSE 1.3 as Direct Linear Solver

No. of Data Rows : 6
voa = 4.9851406027e-05
ddc = 1.0835712242e-08
dde = -1.112024435e-08
Reset re-loads circuit * comparator-offset-mc @ sf_27c_3.30v -- generated by sim/harness, do not edit

Circuit: * comparator-offset-mc @ sf_27c_3.30v -- generated by sim/harness, do not edit

Doing analysis at TEMP = 27.000000 and TNOM = 27.000000

Using SPARSE 1.3 as Direct Linear Solver

No. of Data Rows : 6
voa = 3.8077590951e-04
ddc = -4.737111361e-08
dde = 4.5914744193e-08
Reset re-loads circuit * comparator-offset-mc @ sf_27c_3.30v -- generated by sim/harness, do not edit

Circuit: * comparator-offset-mc @ sf_27c_3.30v -- generated by sim/harness, do not edit

Doing analysis at TEMP = 27.000000 and TNOM = 27.000000

Using SPARSE 1.3 as Direct Linear Solver

No. of Data Rows : 6
voa = 2.6105006897e-05
ddc = 1.2205064948e-08
dde = -1.235017741e-08
Reset re-loads circuit * comparator-offset-mc @ sf_27c_3.30v -- generated by sim/harness, do not edit

Circuit: * comparator-offset-mc @ sf_27c_3.30v -- generated by sim/harness, do not edit

Doing analysis at TEMP = 27.000000 and TNOM = 27.000000

Using SPARSE 1.3 as Direct Linear Solver

No. of Data Rows : 6
voa = -1.275364958e-03
ddc = 2.7768242131e-07
dde = -2.731090352e-07
Reset re-loads circuit * comparator-offset-mc @ sf_27c_3.30v -- generated by sim/harness, do not edit

Circuit: * comparator-offset-mc @ sf_27c_3.30v -- generated by sim/harness, do not edit

Doing analysis at TEMP = 27.000000 and TNOM = 27.000000

Using SPARSE 1.3 as Direct Linear Solver

No. of Data Rows : 6
voa = 1.1716874392e-04
ddc = -7.510400181e-08
dde = 7.4804509956e-08
Reset re-loads circuit * comparator-offset-mc @ sf_27c_3.30v -- generated by sim/harness, do not edit

Circuit: * comparator-offset-mc @ sf_27c_3.30v -- generated by sim/harness, do not edit

Doing analysis at TEMP = 27.000000 and TNOM = 27.000000

Using SPARSE 1.3 as Direct Linear Solver

No. of Data Rows : 6
voa = 1.1034237944e-03
ddc = -2.263486254e-07
dde = 2.2235314956e-07
Reset re-loads circuit * comparator-offset-mc @ sf_27c_3.30v -- generated by sim/harness, do not edit

Circuit: * comparator-offset-mc @ sf_27c_3.30v -- generated by sim/harness, do not edit

Doing analysis at TEMP = 27.000000 and TNOM = 27.000000

Using SPARSE 1.3 as Direct Linear Solver
 Reference value :  0.00000e+00
No. of Data Rows : 6
voa = -4.648971919e-04
ddc = 8.0950689633e-08
dde = -7.909801921e-08
Reset re-loads circuit * comparator-offset-mc @ sf_27c_3.30v -- generated by sim/harness, do not edit

Circuit: * comparator-offset-mc @ sf_27c_3.30v -- generated by sim/harness, do not edit

Doing analysis at TEMP = 27.000000 and TNOM = 27.000000

Using SPARSE 1.3 as Direct Linear Solver

No. of Data Rows : 6
voa = 2.0412071179e-04
ddc = -4.970604583e-08
dde = 4.8998928233e-08
Reset re-loads circuit * comparator-offset-mc @ sf_27c_3.30v -- generated by sim/harness, do not edit

Circuit: * comparator-offset-mc @ sf_27c_3.30v -- generated by sim/harness, do not edit

Doing analysis at TEMP = 27.000000 and TNOM = 27.000000

Using SPARSE 1.3 as Direct Linear Solver

No. of Data Rows : 6
voa = -4.138044320e-04
ddc = 5.7454601995e-08
dde = -5.567331062e-08
Reset re-loads circuit * comparator-offset-mc @ sf_27c_3.30v -- generated by sim/harness, do not edit

Circuit: * comparator-offset-mc @ sf_27c_3.30v -- generated by sim/harness, do not edit

Doing analysis at TEMP = 27.000000 and TNOM = 27.000000

Using SPARSE 1.3 as Direct Linear Solver

No. of Data Rows : 6
voa = 1.2937941058e-04
ddc = -3.069976830e-09
dde = 2.6174680131e-09
Reset re-loads circuit * comparator-offset-mc @ sf_27c_3.30v -- generated by sim/harness, do not edit

Circuit: * comparator-offset-mc @ sf_27c_3.30v -- generated by sim/harness, do not edit

Doing analysis at TEMP = 27.000000 and TNOM = 27.000000

Using SPARSE 1.3 as Direct Linear Solver

No. of Data Rows : 6
voa = 8.8370049601e-04
ddc = -1.520761937e-07
dde = 1.4874481446e-07
Reset re-loads circuit * comparator-offset-mc @ sf_27c_3.30v -- generated by sim/harness, do not edit

Circuit: * comparator-offset-mc @ sf_27c_3.30v -- generated by sim/harness, do not edit

Doing analysis at TEMP = 27.000000 and TNOM = 27.000000

Using SPARSE 1.3 as Direct Linear Solver
 Reference value :  0.00000e+00
No. of Data Rows : 6
voa = -2.694433680e-04
ddc = 7.0392933492e-08
dde = -6.934016562e-08
Reset re-loads circuit * comparator-offset-mc @ sf_27c_3.30v -- generated by sim/harness, do not edit

Circuit: * comparator-offset-mc @ sf_27c_3.30v -- generated by sim/harness, do not edit

Doing analysis at TEMP = 27.000000 and TNOM = 27.000000

Using SPARSE 1.3 as Direct Linear Solver

No. of Data Rows : 6
voa = 1.0813772114e-03
ddc = -2.379397912e-07
dde = 2.3397206397e-07
Reset re-loads circuit * comparator-offset-mc @ sf_27c_3.30v -- generated by sim/harness, do not edit

Circuit: * comparator-offset-mc @ sf_27c_3.30v -- generated by sim/harness, do not edit

Doing analysis at TEMP = 27.000000 and TNOM = 27.000000

Using SPARSE 1.3 as Direct Linear Solver

No. of Data Rows : 6
voa = 7.7180340136e-04
ddc = -1.319739015e-07
dde = 1.2903121206e-07
Reset re-loads circuit * comparator-offset-mc @ sf_27c_3.30v -- generated by sim/harness, do not edit

Circuit: * comparator-offset-mc @ sf_27c_3.30v -- generated by sim/harness, do not edit

Doing analysis at TEMP = 27.000000 and TNOM = 27.000000

Using SPARSE 1.3 as Direct Linear Solver

No. of Data Rows : 6
voa = 4.8323399742e-04
ddc = -9.160256534e-08
dde = 9.3283193134e-08
Reset re-loads circuit * comparator-offset-mc @ sf_27c_3.30v -- generated by sim/harness, do not edit

Circuit: * comparator-offset-mc @ sf_27c_3.30v -- generated by sim/harness, do not edit

Doing analysis at TEMP = 27.000000 and TNOM = 27.000000

Using SPARSE 1.3 as Direct Linear Solver

No. of Data Rows : 6
voa = 7.9257654046e-04
ddc = -1.918509233e-07
dde = 1.8894808186e-07
Reset re-loads circuit * comparator-offset-mc @ sf_27c_3.30v -- generated by sim/harness, do not edit

Circuit: * comparator-offset-mc @ sf_27c_3.30v -- generated by sim/harness, do not edit

Doing analysis at TEMP = 27.000000 and TNOM = 27.000000

Using SPARSE 1.3 as Direct Linear Solver
 Reference value :  2.00000e-03
No. of Data Rows : 6
voa = 1.0262722110e-05
ddc = 1.5057210378e-08
dde = -1.520499668e-08
Reset re-loads circuit * comparator-offset-mc @ sf_27c_3.30v -- generated by sim/harness, do not edit

Circuit: * comparator-offset-mc @ sf_27c_3.30v -- generated by sim/harness, do not edit

Doing analysis at TEMP = 27.000000 and TNOM = 27.000000

Using SPARSE 1.3 as Direct Linear Solver

No. of Data Rows : 6
voa = -1.462453795e-03
ddc = 2.9348004012e-07
dde = -2.885960985e-07
Reset re-loads circuit * comparator-offset-mc @ sf_27c_3.30v -- generated by sim/harness, do not edit

Circuit: * comparator-offset-mc @ sf_27c_3.30v -- generated by sim/harness, do not edit

Doing analysis at TEMP = 27.000000 and TNOM = 27.000000

Using SPARSE 1.3 as Direct Linear Solver

No. of Data Rows : 6
voa = 1.0413085245e-03
ddc = -2.056520823e-07
dde = 2.0186326094e-07
Reset re-loads circuit * comparator-offset-mc @ sf_27c_3.30v -- generated by sim/harness, do not edit

Circuit: * comparator-offset-mc @ sf_27c_3.30v -- generated by sim/harness, do not edit

Doing analysis at TEMP = 27.000000 and TNOM = 27.000000

Using SPARSE 1.3 as Direct Linear Solver

No. of Data Rows : 6
voa = -1.607356305e-03
ddc = 2.5148831676e-07
dde = -2.454271268e-07
Reset re-loads circuit * comparator-offset-mc @ sf_27c_3.30v -- generated by sim/harness, do not edit

Circuit: * comparator-offset-mc @ sf_27c_3.30v -- generated by sim/harness, do not edit

Doing analysis at TEMP = 27.000000 and TNOM = 27.000000

Using SPARSE 1.3 as Direct Linear Solver

No. of Data Rows : 6
voa = 2.4243228608e-03
ddc = -5.120215274e-07
dde = 5.0311277802e-07
Reset re-loads circuit * comparator-offset-mc @ sf_27c_3.30v -- generated by sim/harness, do not edit

Circuit: * comparator-offset-mc @ sf_27c_3.30v -- generated by sim/harness, do not edit

Doing analysis at TEMP = 27.000000 and TNOM = 27.000000

Using SPARSE 1.3 as Direct Linear Solver

No. of Data Rows : 6
voa = -1.527233748e-04
ddc = 4.9139033590e-08
dde = -4.863983198e-08
Reset re-loads circuit * comparator-offset-mc @ sf_27c_3.30v -- generated by sim/harness, do not edit

Circuit: * comparator-offset-mc @ sf_27c_3.30v -- generated by sim/harness, do not edit

Doing analysis at TEMP = 27.000000 and TNOM = 27.000000

Using SPARSE 1.3 as Direct Linear Solver

No. of Data Rows : 6
voa = -4.122523339e-04
ddc = 4.3850198054e-08
dde = -4.223780147e-08
Reset re-loads circuit * comparator-offset-mc @ sf_27c_3.30v -- generated by sim/harness, do not edit

Circuit: * comparator-offset-mc @ sf_27c_3.30v -- generated by sim/harness, do not edit

Doing analysis at TEMP = 27.000000 and TNOM = 27.000000

Using SPARSE 1.3 as Direct Linear Solver

No. of Data Rows : 6
voa = -6.121553955e-04
ddc = 1.0750865182e-07
dde = -1.151140864e-07
Reset re-loads circuit * comparator-offset-mc @ sf_27c_3.30v -- generated by sim/harness, do not edit

Circuit: * comparator-offset-mc @ sf_27c_3.30v -- generated by sim/harness, do not edit

Doing analysis at TEMP = 27.000000 and TNOM = 27.000000

Using SPARSE 1.3 as Direct Linear Solver

No. of Data Rows : 6
voa = -1.753572115e-03
ddc = 3.3274783541e-07
dde = -3.262541799e-07
Reset re-loads circuit * comparator-offset-mc @ sf_27c_3.30v -- generated by sim/harness, do not edit

Circuit: * comparator-offset-mc @ sf_27c_3.30v -- generated by sim/harness, do not edit

Doing analysis at TEMP = 27.000000 and TNOM = 27.000000

Using SPARSE 1.3 as Direct Linear Solver
 Reference value :  2.00000e-03
No. of Data Rows : 6
voa = -4.094909697e-04
ddc = 8.2687120018e-08
dde = -8.124884837e-08
Reset re-loads circuit * comparator-offset-mc @ sf_27c_3.30v -- generated by sim/harness, do not edit

Circuit: * comparator-offset-mc @ sf_27c_3.30v -- generated by sim/harness, do not edit

Doing analysis at TEMP = 27.000000 and TNOM = 27.000000

Using SPARSE 1.3 as Direct Linear Solver

No. of Data Rows : 6
voa = -8.395352015e-05
ddc = 1.5625765513e-08
dde = -1.535613357e-08
Reset re-loads circuit * comparator-offset-mc @ sf_27c_3.30v -- generated by sim/harness, do not edit

Circuit: * comparator-offset-mc @ sf_27c_3.30v -- generated by sim/harness, do not edit

Doing analysis at TEMP = 27.000000 and TNOM = 27.000000

Using SPARSE 1.3 as Direct Linear Solver

No. of Data Rows : 6
voa = 1.6222154474e-03
ddc = -3.475571952e-07
dde = 3.4158329777e-07
Reset re-loads circuit * comparator-offset-mc @ sf_27c_3.30v -- generated by sim/harness, do not edit

Circuit: * comparator-offset-mc @ sf_27c_3.30v -- generated by sim/harness, do not edit

Doing analysis at TEMP = 27.000000 and TNOM = 27.000000

Using SPARSE 1.3 as Direct Linear Solver

No. of Data Rows : 6
voa = -1.815960476e-04
ddc = 8.5954429080e-08
dde = -8.547916695e-08
Reset re-loads circuit * comparator-offset-mc @ sf_27c_3.30v -- generated by sim/harness, do not edit

Circuit: * comparator-offset-mc @ sf_27c_3.30v -- generated by sim/harness, do not edit

Doing analysis at TEMP = 27.000000 and TNOM = 27.000000

Using SPARSE 1.3 as Direct Linear Solver

No. of Data Rows : 6
voa = -7.265492305e-04
ddc = 1.4948783647e-07
dde = -1.469268339e-07
Reset re-loads circuit * comparator-offset-mc @ sf_27c_3.30v -- generated by sim/harness, do not edit

Circuit: * comparator-offset-mc @ sf_27c_3.30v -- generated by sim/harness, do not edit

Doing analysis at TEMP = 27.000000 and TNOM = 27.000000

Using SPARSE 1.3 as Direct Linear Solver

No. of Data Rows : 6
voa = -8.037747338e-04
ddc = 1.4181725371e-07
dde = -1.390882604e-07
Reset re-loads circuit * comparator-offset-mc @ sf_27c_3.30v -- generated by sim/harness, do not edit

Circuit: * comparator-offset-mc @ sf_27c_3.30v -- generated by sim/harness, do not edit

Doing analysis at TEMP = 27.000000 and TNOM = 27.000000

Using SPARSE 1.3 as Direct Linear Solver

No. of Data Rows : 6
voa = -5.478830101e-04
ddc = 1.2435379036e-07
dde = -1.223092210e-07
Reset re-loads circuit * comparator-offset-mc @ sf_27c_3.30v -- generated by sim/harness, do not edit

Circuit: * comparator-offset-mc @ sf_27c_3.30v -- generated by sim/harness, do not edit

Doing analysis at TEMP = 27.000000 and TNOM = 27.000000

Using SPARSE 1.3 as Direct Linear Solver

No. of Data Rows : 6
voa = 8.3507786887e-04
ddc = -1.692177690e-07
dde = 1.6616134490e-07
Reset re-loads circuit * comparator-offset-mc @ sf_27c_3.30v -- generated by sim/harness, do not edit

Circuit: * comparator-offset-mc @ sf_27c_3.30v -- generated by sim/harness, do not edit

Doing analysis at TEMP = 27.000000 and TNOM = 27.000000

Using SPARSE 1.3 as Direct Linear Solver
 Reference value :  0.00000e+00
No. of Data Rows : 6
voa = -1.866172322e-04
ddc = 5.8335156165e-08
dde = -5.775602491e-08
Reset re-loads circuit * comparator-offset-mc @ sf_27c_3.30v -- generated by sim/harness, do not edit

Circuit: * comparator-offset-mc @ sf_27c_3.30v -- generated by sim/harness, do not edit

Doing analysis at TEMP = 27.000000 and TNOM = 27.000000

Using SPARSE 1.3 as Direct Linear Solver

No. of Data Rows : 6
voa = 1.0068481646e-03
ddc = -2.339733078e-07
dde = 2.3038462206e-07
Reset re-loads circuit * comparator-offset-mc @ sf_27c_3.30v -- generated by sim/harness, do not edit

Circuit: * comparator-offset-mc @ sf_27c_3.30v -- generated by sim/harness, do not edit

Doing analysis at TEMP = 27.000000 and TNOM = 27.000000

Using SPARSE 1.3 as Direct Linear Solver

No. of Data Rows : 6
voa = 6.1437555273e-04
ddc = -1.401660623e-07
dde = 1.3792686093e-07
Reset re-loads circuit * comparator-offset-mc @ sf_27c_3.30v -- generated by sim/harness, do not edit

Circuit: * comparator-offset-mc @ sf_27c_3.30v -- generated by sim/harness, do not edit

Doing analysis at TEMP = 27.000000 and TNOM = 27.000000

Using SPARSE 1.3 as Direct Linear Solver

No. of Data Rows : 6
voa = -2.333221496e-04
ddc = 7.3820658908e-08
dde = -7.308867334e-08
Reset re-loads circuit * comparator-offset-mc @ sf_27c_3.30v -- generated by sim/harness, do not edit

Circuit: * comparator-offset-mc @ sf_27c_3.30v -- generated by sim/harness, do not edit

Doing analysis at TEMP = 27.000000 and TNOM = 27.000000

Using SPARSE 1.3 as Direct Linear Solver

No. of Data Rows : 6
voa = 2.2819924262e-03
ddc = -4.190951873e-07
dde = 4.1057456647e-07
Reset re-loads circuit * comparator-offset-mc @ sf_27c_3.30v -- generated by sim/harness, do not edit

Circuit: * comparator-offset-mc @ sf_27c_3.30v -- generated by sim/harness, do not edit

Doing analysis at TEMP = 27.000000 and TNOM = 27.000000

Using SPARSE 1.3 as Direct Linear Solver
 Reference value :  2.00000e-03
No. of Data Rows : 6
voa = -6.366682034e-04
ddc = 1.6162742652e-07
dde = -1.592205680e-07
Reset re-loads circuit * comparator-offset-mc @ sf_27c_3.30v -- generated by sim/harness, do not edit

Circuit: * comparator-offset-mc @ sf_27c_3.30v -- generated by sim/harness, do not edit

Doing analysis at TEMP = 27.000000 and TNOM = 27.000000

Using SPARSE 1.3 as Direct Linear Solver

No. of Data Rows : 6
voa = 2.2865568389e-04
ddc = -3.539169093e-08
dde = 3.4612382157e-08
Reset re-loads circuit * comparator-offset-mc @ sf_27c_3.30v -- generated by sim/harness, do not edit

Circuit: * comparator-offset-mc @ sf_27c_3.30v -- generated by sim/harness, do not edit

Doing analysis at TEMP = 27.000000 and TNOM = 27.000000

Using SPARSE 1.3 as Direct Linear Solver

No. of Data Rows : 6
voa = 3.4218394354e-04
ddc = -4.896716025e-08
dde = 4.7709843543e-08
Reset re-loads circuit * comparator-offset-mc @ sf_27c_3.30v -- generated by sim/harness, do not edit

Circuit: * comparator-offset-mc @ sf_27c_3.30v -- generated by sim/harness, do not edit

Doing analysis at TEMP = 27.000000 and TNOM = 27.000000

Using SPARSE 1.3 as Direct Linear Solver

No. of Data Rows : 6
voa = 5.1631986078e-04
ddc = -1.172842973e-07
dde = 1.1546988761e-07
Reset re-loads circuit * comparator-offset-mc @ sf_27c_3.30v -- generated by sim/harness, do not edit

Circuit: * comparator-offset-mc @ sf_27c_3.30v -- generated by sim/harness, do not edit

Doing analysis at TEMP = 27.000000 and TNOM = 27.000000

Using SPARSE 1.3 as Direct Linear Solver

No. of Data Rows : 6
voa = 1.8467058524e-03
ddc = -3.784467623e-07
dde = 3.7162096399e-07
Reset re-loads circuit * comparator-offset-mc @ sf_27c_3.30v -- generated by sim/harness, do not edit

Circuit: * comparator-offset-mc @ sf_27c_3.30v -- generated by sim/harness, do not edit

Doing analysis at TEMP = 27.000000 and TNOM = 27.000000

Using SPARSE 1.3 as Direct Linear Solver

No. of Data Rows : 6
voa = -8.954744283e-04
ddc = 1.9283094794e-07
dde = -1.896973429e-07
Reset re-loads circuit * comparator-offset-mc @ sf_27c_3.30v -- generated by sim/harness, do not edit

Circuit: * comparator-offset-mc @ sf_27c_3.30v -- generated by sim/harness, do not edit

Doing analysis at TEMP = 27.000000 and TNOM = 27.000000

Using SPARSE 1.3 as Direct Linear Solver
 Reference value :  0.00000e+00
No. of Data Rows : 6
voa = 1.0066576642e-03
ddc = -2.414428171e-07
dde = 2.3780296881e-07
Reset re-loads circuit * comparator-offset-mc @ sf_27c_3.30v -- generated by sim/harness, do not edit

Circuit: * comparator-offset-mc @ sf_27c_3.30v -- generated by sim/harness, do not edit

Doing analysis at TEMP = 27.000000 and TNOM = 27.000000

Using SPARSE 1.3 as Direct Linear Solver

No. of Data Rows : 6
voa = 9.1556376647e-04
ddc = -2.062004013e-07
dde = 2.0285837676e-07
Reset re-loads circuit * comparator-offset-mc @ sf_27c_3.30v -- generated by sim/harness, do not edit

Circuit: * comparator-offset-mc @ sf_27c_3.30v -- generated by sim/harness, do not edit

Doing analysis at TEMP = 27.000000 and TNOM = 27.000000

Using SPARSE 1.3 as Direct Linear Solver

No. of Data Rows : 6
voa = 2.4178279159e-04
ddc = -5.165424058e-08
dde = 5.0715185265e-08
Reset re-loads circuit * comparator-offset-mc @ sf_27c_3.30v -- generated by sim/harness, do not edit

Circuit: * comparator-offset-mc @ sf_27c_3.30v -- generated by sim/harness, do not edit

Doing analysis at TEMP = 27.000000 and TNOM = 27.000000

Using SPARSE 1.3 as Direct Linear Solver

No. of Data Rows : 6
voa = 4.8488906506e-04
ddc = -6.106341750e-08
dde = 5.9321086733e-08
Reset re-loads circuit * comparator-offset-mc @ sf_27c_3.30v -- generated by sim/harness, do not edit

Circuit: * comparator-offset-mc @ sf_27c_3.30v -- generated by sim/harness, do not edit

Doing analysis at TEMP = 27.000000 and TNOM = 27.000000

Using SPARSE 1.3 as Direct Linear Solver

No. of Data Rows : 6
voa = 5.8114826432e-04
ddc = -1.588971533e-07
dde = 1.5239493349e-07
Reset re-loads circuit * comparator-offset-mc @ sf_27c_3.30v -- generated by sim/harness, do not edit

Circuit: * comparator-offset-mc @ sf_27c_3.30v -- generated by sim/harness, do not edit

Doing analysis at TEMP = 27.000000 and TNOM = 27.000000

Using SPARSE 1.3 as Direct Linear Solver
 Reference value :  2.00000e-03
No. of Data Rows : 6
voa = 1.7272265425e-03
ddc = -3.117570353e-07
dde = 3.0535243776e-07
Reset re-loads circuit * comparator-offset-mc @ sf_27c_3.30v -- generated by sim/harness, do not edit

Circuit: * comparator-offset-mc @ sf_27c_3.30v -- generated by sim/harness, do not edit

Doing analysis at TEMP = 27.000000 and TNOM = 27.000000

Using SPARSE 1.3 as Direct Linear Solver

No. of Data Rows : 6
voa = -1.452049026e-03
ddc = 2.5401321965e-07
dde = -2.488001930e-07
Reset re-loads circuit * comparator-offset-mc @ sf_27c_3.30v -- generated by sim/harness, do not edit

Circuit: * comparator-offset-mc @ sf_27c_3.30v -- generated by sim/harness, do not edit

Doing analysis at TEMP = 27.000000 and TNOM = 27.000000

Using SPARSE 1.3 as Direct Linear Solver

No. of Data Rows : 6
voa = -5.346765841e-05
ddc = 5.4621607944e-09
dde = -5.133408987e-09
Reset re-loads circuit * comparator-offset-mc @ sf_27c_3.30v -- generated by sim/harness, do not edit

Circuit: * comparator-offset-mc @ sf_27c_3.30v -- generated by sim/harness, do not edit

Doing analysis at TEMP = 27.000000 and TNOM = 27.000000

Using SPARSE 1.3 as Direct Linear Solver

No. of Data Rows : 6
voa = -4.870900086e-04
ddc = 7.4661951232e-08
dde = -7.279299292e-08
Reset re-loads circuit * comparator-offset-mc @ sf_27c_3.30v -- generated by sim/harness, do not edit

Circuit: * comparator-offset-mc @ sf_27c_3.30v -- generated by sim/harness, do not edit

Doing analysis at TEMP = 27.000000 and TNOM = 27.000000

Using SPARSE 1.3 as Direct Linear Solver

No. of Data Rows : 6
voa = -1.804088002e-03
ddc = 3.4504336086e-07
dde = -3.385914288e-07
Reset re-loads circuit * comparator-offset-mc @ sf_27c_3.30v -- generated by sim/harness, do not edit

Circuit: * comparator-offset-mc @ sf_27c_3.30v -- generated by sim/harness, do not edit

Doing analysis at TEMP = 27.000000 and TNOM = 27.000000

Using SPARSE 1.3 as Direct Linear Solver

No. of Data Rows : 6
voa = 7.8377816060e-04
ddc = -1.502977657e-07
dde = 1.4727154501e-07
Reset re-loads circuit * comparator-offset-mc @ sf_27c_3.30v -- generated by sim/harness, do not edit

Circuit: * comparator-offset-mc @ sf_27c_3.30v -- generated by sim/harness, do not edit

Doing analysis at TEMP = 27.000000 and TNOM = 27.000000

Using SPARSE 1.3 as Direct Linear Solver
 Reference value :  0.00000e+00
No. of Data Rows : 6
voa = -3.406074395e-04
ddc = 2.7876978508e-09
dde = -1.441067356e-09
Reset re-loads circuit * comparator-offset-mc @ sf_27c_3.30v -- generated by sim/harness, do not edit

Circuit: * comparator-offset-mc @ sf_27c_3.30v -- generated by sim/harness, do not edit

Doing analysis at TEMP = 27.000000 and TNOM = 27.000000

Using SPARSE 1.3 as Direct Linear Solver

No. of Data Rows : 6
voa = 2.1858224413e-04
ddc = -2.085185428e-08
dde = 1.9975741831e-08
Reset re-loads circuit * comparator-offset-mc @ sf_27c_3.30v -- generated by sim/harness, do not edit

Circuit: * comparator-offset-mc @ sf_27c_3.30v -- generated by sim/harness, do not edit

Doing analysis at TEMP = 27.000000 and TNOM = 27.000000

Using SPARSE 1.3 as Direct Linear Solver

No. of Data Rows : 6
voa = -1.727924717e-03
ddc = 3.6321908954e-07
dde = -3.571988512e-07
Reset re-loads circuit * comparator-offset-mc @ sf_27c_3.30v -- generated by sim/harness, do not edit

Circuit: * comparator-offset-mc @ sf_27c_3.30v -- generated by sim/harness, do not edit

Doing analysis at TEMP = 27.000000 and TNOM = 27.000000

Using SPARSE 1.3 as Direct Linear Solver

No. of Data Rows : 6
voa = -5.809380059e-04
ddc = 8.8532165903e-08
dde = -8.640903983e-08
Reset re-loads circuit * comparator-offset-mc @ sf_27c_3.30v -- generated by sim/harness, do not edit

Circuit: * comparator-offset-mc @ sf_27c_3.30v -- generated by sim/harness, do not edit

Doing analysis at TEMP = 27.000000 and TNOM = 27.000000

Using SPARSE 1.3 as Direct Linear Solver

No. of Data Rows : 6
voa = 9.7365405456e-04
ddc = -2.233023686e-07
dde = 2.1976459247e-07
Reset re-loads circuit * comparator-offset-mc @ sf_27c_3.30v -- generated by sim/harness, do not edit

Circuit: * comparator-offset-mc @ sf_27c_3.30v -- generated by sim/harness, do not edit

Doing analysis at TEMP = 27.000000 and TNOM = 27.000000

Using SPARSE 1.3 as Direct Linear Solver
 Reference value :  0.00000e+00
No. of Data Rows : 6
voa = 1.3960745913e-03
ddc = -2.642354545e-07
dde = 2.5905413323e-07
Reset re-loads circuit * comparator-offset-mc @ sf_27c_3.30v -- generated by sim/harness, do not edit

Circuit: * comparator-offset-mc @ sf_27c_3.30v -- generated by sim/harness, do not edit

Doing analysis at TEMP = 27.000000 and TNOM = 27.000000

Using SPARSE 1.3 as Direct Linear Solver

No. of Data Rows : 6
voa = -1.412608949e-04
ddc = 3.8642618202e-08
dde = -3.810772841e-08
Reset re-loads circuit * comparator-offset-mc @ sf_27c_3.30v -- generated by sim/harness, do not edit

Circuit: * comparator-offset-mc @ sf_27c_3.30v -- generated by sim/harness, do not edit

Doing analysis at TEMP = 27.000000 and TNOM = 27.000000

Using SPARSE 1.3 as Direct Linear Solver

No. of Data Rows : 6
voa = -2.193991644e-04
ddc = 3.9619807205e-08
dde = -3.877444629e-08
Reset re-loads circuit * comparator-offset-mc @ sf_27c_3.30v -- generated by sim/harness, do not edit

Circuit: * comparator-offset-mc @ sf_27c_3.30v -- generated by sim/harness, do not edit

Doing analysis at TEMP = 27.000000 and TNOM = 27.000000

Using SPARSE 1.3 as Direct Linear Solver

No. of Data Rows : 6
voa = 4.5379955279e-04
ddc = -8.904540290e-08
dde = 9.1886888957e-08
Reset re-loads circuit * comparator-offset-mc @ sf_27c_3.30v -- generated by sim/harness, do not edit

Circuit: * comparator-offset-mc @ sf_27c_3.30v -- generated by sim/harness, do not edit

Doing analysis at TEMP = 27.000000 and TNOM = 27.000000

Using SPARSE 1.3 as Direct Linear Solver

No. of Data Rows : 6
voa = 7.6750798668e-04
ddc = -1.481149959e-07
dde = 1.4532800718e-07
Reset re-loads circuit * comparator-offset-mc @ sf_27c_3.30v -- generated by sim/harness, do not edit

Circuit: * comparator-offset-mc @ sf_27c_3.30v -- generated by sim/harness, do not edit

Doing analysis at TEMP = 27.000000 and TNOM = 27.000000

Using SPARSE 1.3 as Direct Linear Solver
 Reference value :  2.00000e-03
No. of Data Rows : 6
voa = -7.093330941e-04
ddc = 1.5853329264e-07
dde = -1.559724310e-07
Reset re-loads circuit * comparator-offset-mc @ sf_27c_3.30v -- generated by sim/harness, do not edit

Circuit: * comparator-offset-mc @ sf_27c_3.30v -- generated by sim/harness, do not edit

Doing analysis at TEMP = 27.000000 and TNOM = 27.000000

Using SPARSE 1.3 as Direct Linear Solver

No. of Data Rows : 6
voa = -5.678751558e-05
ddc = -2.688660716e-08
dde = 2.7172057700e-08
Reset re-loads circuit * comparator-offset-mc @ sf_27c_3.30v -- generated by sim/harness, do not edit

Circuit: * comparator-offset-mc @ sf_27c_3.30v -- generated by sim/harness, do not edit

Doing analysis at TEMP = 27.000000 and TNOM = 27.000000

Using SPARSE 1.3 as Direct Linear Solver

No. of Data Rows : 6
voa = -5.212914200e-05
ddc = 3.2902997010e-08
dde = -3.287309656e-08
Reset re-loads circuit * comparator-offset-mc @ sf_27c_3.30v -- generated by sim/harness, do not edit

Circuit: * comparator-offset-mc @ sf_27c_3.30v -- generated by sim/harness, do not edit

Doing analysis at TEMP = 27.000000 and TNOM = 27.000000

Using SPARSE 1.3 as Direct Linear Solver

No. of Data Rows : 6
voa = -3.565361681e-04
ddc = 1.0809045458e-07
dde = -1.070374593e-07
Reset re-loads circuit * comparator-offset-mc @ sf_27c_3.30v -- generated by sim/harness, do not edit

Circuit: * comparator-offset-mc @ sf_27c_3.30v -- generated by sim/harness, do not edit

Doing analysis at TEMP = 27.000000 and TNOM = 27.000000

Using SPARSE 1.3 as Direct Linear Solver

No. of Data Rows : 6
voa = -2.296577504e-04
ddc = 4.8050164182e-08
dde = -4.728996848e-08
Reset re-loads circuit * comparator-offset-mc @ sf_27c_3.30v -- generated by sim/harness, do not edit

Circuit: * comparator-offset-mc @ sf_27c_3.30v -- generated by sim/harness, do not edit

Doing analysis at TEMP = 27.000000 and TNOM = 27.000000

Using SPARSE 1.3 as Direct Linear Solver
 Reference value :  0.00000e+00
No. of Data Rows : 6
voa = -1.616596787e-03
ddc = 3.1742666489e-07
dde = -3.116169630e-07
Reset re-loads circuit * comparator-offset-mc @ sf_27c_3.30v -- generated by sim/harness, do not edit

Circuit: * comparator-offset-mc @ sf_27c_3.30v -- generated by sim/harness, do not edit

Doing analysis at TEMP = 27.000000 and TNOM = 27.000000

Using SPARSE 1.3 as Direct Linear Solver

No. of Data Rows : 6
voa = 1.0192644142e-03
ddc = -1.520392803e-07
dde = 1.4821107928e-07
Reset re-loads circuit * comparator-offset-mc @ sf_27c_3.30v -- generated by sim/harness, do not edit

Circuit: * comparator-offset-mc @ sf_27c_3.30v -- generated by sim/harness, do not edit

Doing analysis at TEMP = 27.000000 and TNOM = 27.000000

Using SPARSE 1.3 as Direct Linear Solver

No. of Data Rows : 6
voa = 1.2753687723e-03
ddc = -2.288601457e-07
dde = 2.2402924143e-07
Reset re-loads circuit * comparator-offset-mc @ sf_27c_3.30v -- generated by sim/harness, do not edit

Circuit: * comparator-offset-mc @ sf_27c_3.30v -- generated by sim/harness, do not edit

Doing analysis at TEMP = 27.000000 and TNOM = 27.000000

Using SPARSE 1.3 as Direct Linear Solver

No. of Data Rows : 6
voa = 2.1511353838e-04
ddc = -5.988637962e-08
dde = 5.9089382335e-08
Reset re-loads circuit * comparator-offset-mc @ sf_27c_3.30v -- generated by sim/harness, do not edit

Circuit: * comparator-offset-mc @ sf_27c_3.30v -- generated by sim/harness, do not edit

Doing analysis at TEMP = 27.000000 and TNOM = 27.000000

Using SPARSE 1.3 as Direct Linear Solver

No. of Data Rows : 6
voa = -4.772544166e-04
ddc = 1.2271958899e-07
dde = -1.210278466e-07
Reset re-loads circuit * comparator-offset-mc @ sf_27c_3.30v -- generated by sim/harness, do not edit

Circuit: * comparator-offset-mc @ sf_27c_3.30v -- generated by sim/harness, do not edit

Doing analysis at TEMP = 27.000000 and TNOM = 27.000000

Using SPARSE 1.3 as Direct Linear Solver

No. of Data Rows : 6
voa = 1.1312699361e-03
ddc = -2.452254651e-07
dde = 2.4103140295e-07
Reset re-loads circuit * comparator-offset-mc @ sf_27c_3.30v -- generated by sim/harness, do not edit

Circuit: * comparator-offset-mc @ sf_27c_3.30v -- generated by sim/harness, do not edit

Doing analysis at TEMP = 27.000000 and TNOM = 27.000000

Using SPARSE 1.3 as Direct Linear Solver
 Reference value :  0.00000e+00
No. of Data Rows : 6
voa = 4.1485486845e-04
ddc = -1.036167655e-07
dde = 1.0216186879e-07
Reset re-loads circuit * comparator-offset-mc @ sf_27c_3.30v -- generated by sim/harness, do not edit

Circuit: * comparator-offset-mc @ sf_27c_3.30v -- generated by sim/harness, do not edit

Doing analysis at TEMP = 27.000000 and TNOM = 27.000000

Using SPARSE 1.3 as Direct Linear Solver

No. of Data Rows : 6
voa = 2.4443005614e-04
ddc = -3.698582642e-08
dde = 3.5987513161e-08
Reset re-loads circuit * comparator-offset-mc @ sf_27c_3.30v -- generated by sim/harness, do not edit

Circuit: * comparator-offset-mc @ sf_27c_3.30v -- generated by sim/harness, do not edit

Doing analysis at TEMP = 27.000000 and TNOM = 27.000000

Using SPARSE 1.3 as Direct Linear Solver

No. of Data Rows : 6
voa = -6.650597734e-04
ddc = 1.1724241639e-07
dde = -1.147553245e-07
Reset re-loads circuit * comparator-offset-mc @ sf_27c_3.30v -- generated by sim/harness, do not edit

Circuit: * comparator-offset-mc @ sf_27c_3.30v -- generated by sim/harness, do not edit

Doing analysis at TEMP = 27.000000 and TNOM = 27.000000

Using SPARSE 1.3 as Direct Linear Solver

No. of Data Rows : 6
voa = -1.889184924e-03
ddc = 4.0242604260e-07
dde = -3.956481499e-07
Reset re-loads circuit * comparator-offset-mc @ sf_27c_3.30v -- generated by sim/harness, do not edit

Circuit: * comparator-offset-mc @ sf_27c_3.30v -- generated by sim/harness, do not edit

Doing analysis at TEMP = 27.000000 and TNOM = 27.000000

Using SPARSE 1.3 as Direct Linear Solver

No. of Data Rows : 6
voa = -2.137948390e-04
ddc = 4.0231890206e-08
dde = -3.949565458e-08
Reset re-loads circuit * comparator-offset-mc @ sf_27c_3.30v -- generated by sim/harness, do not edit

Circuit: * comparator-offset-mc @ sf_27c_3.30v -- generated by sim/harness, do not edit

Doing analysis at TEMP = 27.000000 and TNOM = 27.000000

Using SPARSE 1.3 as Direct Linear Solver
 Reference value :  0.00000e+00
No. of Data Rows : 6
voa = 2.7924841610e-05
ddc = 5.7812383875e-08
dde = -5.800700298e-08
Reset re-loads circuit * comparator-offset-mc @ sf_27c_3.30v -- generated by sim/harness, do not edit

Circuit: * comparator-offset-mc @ sf_27c_3.30v -- generated by sim/harness, do not edit

Doing analysis at TEMP = 27.000000 and TNOM = 27.000000

Using SPARSE 1.3 as Direct Linear Solver

No. of Data Rows : 6
voa = -8.672546588e-04
ddc = 1.8817349902e-07
dde = -1.851539567e-07
Reset re-loads circuit * comparator-offset-mc @ sf_27c_3.30v -- generated by sim/harness, do not edit

Circuit: * comparator-offset-mc @ sf_27c_3.30v -- generated by sim/harness, do not edit

Doing analysis at TEMP = 27.000000 and TNOM = 27.000000

Using SPARSE 1.3 as Direct Linear Solver

No. of Data Rows : 6
voa = -8.536517208e-04
ddc = 1.9555380859e-07
dde = -1.926121701e-07
Reset re-loads circuit * comparator-offset-mc @ sf_27c_3.30v -- generated by sim/harness, do not edit

Circuit: * comparator-offset-mc @ sf_27c_3.30v -- generated by sim/harness, do not edit

Doing analysis at TEMP = 27.000000 and TNOM = 27.000000

Using SPARSE 1.3 as Direct Linear Solver

No. of Data Rows : 6
voa = 1.3108932164e-03
ddc = -2.592365687e-07
dde = 2.6254880105e-07
Reset re-loads circuit * comparator-offset-mc @ sf_27c_3.30v -- generated by sim/harness, do not edit

Circuit: * comparator-offset-mc @ sf_27c_3.30v -- generated by sim/harness, do not edit

Doing analysis at TEMP = 27.000000 and TNOM = 27.000000

Using SPARSE 1.3 as Direct Linear Solver

No. of Data Rows : 6
voa = -8.113305201e-04
ddc = 1.7132244456e-07
dde = -1.684295658e-07
Reset re-loads circuit * comparator-offset-mc @ sf_27c_3.30v -- generated by sim/harness, do not edit

Circuit: * comparator-offset-mc @ sf_27c_3.30v -- generated by sim/harness, do not edit

Doing analysis at TEMP = 27.000000 and TNOM = 27.000000

Using SPARSE 1.3 as Direct Linear Solver
 Reference value :  0.00000e+00
No. of Data Rows : 6
voa = 4.9225394619e-04
ddc = -5.062408513e-08
dde = 4.8789596789e-08
Reset re-loads circuit * comparator-offset-mc @ sf_27c_3.30v -- generated by sim/harness, do not edit

Circuit: * comparator-offset-mc @ sf_27c_3.30v -- generated by sim/harness, do not edit

Doing analysis at TEMP = 27.000000 and TNOM = 27.000000

Using SPARSE 1.3 as Direct Linear Solver

No. of Data Rows : 6
voa = -4.558511112e-04
ddc = 9.6496798431e-08
dde = -9.486763901e-08
Reset re-loads circuit * comparator-offset-mc @ sf_27c_3.30v -- generated by sim/harness, do not edit

Circuit: * comparator-offset-mc @ sf_27c_3.30v -- generated by sim/harness, do not edit

Doing analysis at TEMP = 27.000000 and TNOM = 27.000000

Using SPARSE 1.3 as Direct Linear Solver

No. of Data Rows : 6
voa = -2.046713456e-03
ddc = 4.4130590371e-07
dde = -4.341993659e-07
Reset re-loads circuit * comparator-offset-mc @ sf_27c_3.30v -- generated by sim/harness, do not edit

Circuit: * comparator-offset-mc @ sf_27c_3.30v -- generated by sim/harness, do not edit

Doing analysis at TEMP = 27.000000 and TNOM = 27.000000

Using SPARSE 1.3 as Direct Linear Solver

No. of Data Rows : 6
voa = -8.711593150e-04
ddc = 2.0117462401e-07
dde = -1.981207803e-07
Reset re-loads circuit * comparator-offset-mc @ sf_27c_3.30v -- generated by sim/harness, do not edit

Circuit: * comparator-offset-mc @ sf_27c_3.30v -- generated by sim/harness, do not edit

Doing analysis at TEMP = 27.000000 and TNOM = 27.000000

Using SPARSE 1.3 as Direct Linear Solver

No. of Data Rows : 6
voa = 8.4964155434e-04
ddc = -1.622556407e-07
dde = 1.5910975441e-07
Reset re-loads circuit * comparator-offset-mc @ sf_27c_3.30v -- generated by sim/harness, do not edit

Circuit: * comparator-offset-mc @ sf_27c_3.30v -- generated by sim/harness, do not edit

Doing analysis at TEMP = 27.000000 and TNOM = 27.000000

Using SPARSE 1.3 as Direct Linear Solver
 Reference value :  0.00000e+00
No. of Data Rows : 6
voa = -7.232603414e-04
ddc = 9.4650546231e-08
dde = -9.200119400e-08
Reset re-loads circuit * comparator-offset-mc @ sf_27c_3.30v -- generated by sim/harness, do not edit

Circuit: * comparator-offset-mc @ sf_27c_3.30v -- generated by sim/harness, do not edit

Doing analysis at TEMP = 27.000000 and TNOM = 27.000000

Using SPARSE 1.3 as Direct Linear Solver

No. of Data Rows : 6
voa = -4.854767306e-04
ddc = 1.5405665914e-07
dde = -1.522442846e-07
Reset re-loads circuit * comparator-offset-mc @ sf_27c_3.30v -- generated by sim/harness, do not edit

Circuit: * comparator-offset-mc @ sf_27c_3.30v -- generated by sim/harness, do not edit

Doing analysis at TEMP = 27.000000 and TNOM = 27.000000

Using SPARSE 1.3 as Direct Linear Solver

No. of Data Rows : 6
voa = -1.928679289e-04
ddc = 5.0908265183e-08
dde = -5.025194700e-08
Reset re-loads circuit * comparator-offset-mc @ sf_27c_3.30v -- generated by sim/harness, do not edit

Circuit: * comparator-offset-mc @ sf_27c_3.30v -- generated by sim/harness, do not edit

Doing analysis at TEMP = 27.000000 and TNOM = 27.000000

Using SPARSE 1.3 as Direct Linear Solver

No. of Data Rows : 6
voa = 5.0835949645e-04
ddc = -1.142901129e-07
dde = 1.0530965216e-07
Reset re-loads circuit * comparator-offset-mc @ sf_27c_3.30v -- generated by sim/harness, do not edit

Circuit: * comparator-offset-mc @ sf_27c_3.30v -- generated by sim/harness, do not edit

Doing analysis at TEMP = 27.000000 and TNOM = 27.000000

Using SPARSE 1.3 as Direct Linear Solver

No. of Data Rows : 6
voa = 5.5304394813e-04
ddc = -1.246579836e-07
dde = 1.2263839664e-07
Reset re-loads circuit * comparator-offset-mc @ sf_27c_3.30v -- generated by sim/harness, do not edit

Circuit: * comparator-offset-mc @ sf_27c_3.30v -- generated by sim/harness, do not edit

Doing analysis at TEMP = 27.000000 and TNOM = 27.000000

Using SPARSE 1.3 as Direct Linear Solver
 Reference value :  0.00000e+00
No. of Data Rows : 6
voa = 7.3691661792e-04
ddc = -1.578558664e-07
dde = 1.4728460370e-07
Reset re-loads circuit * comparator-offset-mc @ sf_27c_3.30v -- generated by sim/harness, do not edit

Circuit: * comparator-offset-mc @ sf_27c_3.30v -- generated by sim/harness, do not edit

Doing analysis at TEMP = 27.000000 and TNOM = 27.000000

Using SPARSE 1.3 as Direct Linear Solver

No. of Data Rows : 6
voa = -1.382084025e-03
ddc = 2.8628882400e-07
dde = -2.813866452e-07
Reset re-loads circuit * comparator-offset-mc @ sf_27c_3.30v -- generated by sim/harness, do not edit

Circuit: * comparator-offset-mc @ sf_27c_3.30v -- generated by sim/harness, do not edit

Doing analysis at TEMP = 27.000000 and TNOM = 27.000000

Using SPARSE 1.3 as Direct Linear Solver

No. of Data Rows : 6
voa = -1.256640994e-03
ddc = 2.6705605259e-07
dde = -2.626607627e-07
Reset re-loads circuit * comparator-offset-mc @ sf_27c_3.30v -- generated by sim/harness, do not edit

Circuit: * comparator-offset-mc @ sf_27c_3.30v -- generated by sim/harness, do not edit

Doing analysis at TEMP = 27.000000 and TNOM = 27.000000

Using SPARSE 1.3 as Direct Linear Solver

No. of Data Rows : 6
voa = 1.0634572708e-04
ddc = -3.285893803e-09
dde = 2.9463179682e-09
Reset re-loads circuit * comparator-offset-mc @ sf_27c_3.30v -- generated by sim/harness, do not edit

Circuit: * comparator-offset-mc @ sf_27c_3.30v -- generated by sim/harness, do not edit

Doing analysis at TEMP = 27.000000 and TNOM = 27.000000

Using SPARSE 1.3 as Direct Linear Solver

No. of Data Rows : 6
voa = 7.5496802328e-04
ddc = -1.909520429e-07
dde = 1.8828010811e-07
Reset re-loads circuit * comparator-offset-mc @ sf_27c_3.30v -- generated by sim/harness, do not edit

Circuit: * comparator-offset-mc @ sf_27c_3.30v -- generated by sim/harness, do not edit

Doing analysis at TEMP = 27.000000 and TNOM = 27.000000

Using SPARSE 1.3 as Direct Linear Solver
 Reference value :  0.00000e+00
No. of Data Rows : 6
voa = -5.119346668e-04
ddc = 1.1152849574e-07
dde = -1.095818702e-07
Reset re-loads circuit * comparator-offset-mc @ sf_27c_3.30v -- generated by sim/harness, do not edit

Circuit: * comparator-offset-mc @ sf_27c_3.30v -- generated by sim/harness, do not edit

Doing analysis at TEMP = 27.000000 and TNOM = 27.000000

Using SPARSE 1.3 as Direct Linear Solver

No. of Data Rows : 6
voa = 7.4362892146e-04
ddc = -1.223308797e-07
dde = 1.1961211795e-07
Reset re-loads circuit * comparator-offset-mc @ sf_27c_3.30v -- generated by sim/harness, do not edit

Circuit: * comparator-offset-mc @ sf_27c_3.30v -- generated by sim/harness, do not edit

Doing analysis at TEMP = 27.000000 and TNOM = 27.000000

Using SPARSE 1.3 as Direct Linear Solver

No. of Data Rows : 6
voa = 1.3544915559e-03
ddc = -2.718203608e-07
dde = 2.6677733953e-07
Reset re-loads circuit * comparator-offset-mc @ sf_27c_3.30v -- generated by sim/harness, do not edit

Circuit: * comparator-offset-mc @ sf_27c_3.30v -- generated by sim/harness, do not edit

Doing analysis at TEMP = 27.000000 and TNOM = 27.000000

Using SPARSE 1.3 as Direct Linear Solver

No. of Data Rows : 6
voa = -1.625210008e-04
ddc = 4.4167643787e-09
dde = -3.751260682e-09
Reset re-loads circuit * comparator-offset-mc @ sf_27c_3.30v -- generated by sim/harness, do not edit

Circuit: * comparator-offset-mc @ sf_27c_3.30v -- generated by sim/harness, do not edit

Doing analysis at TEMP = 27.000000 and TNOM = 27.000000

Using SPARSE 1.3 as Direct Linear Solver

No. of Data Rows : 6
voa = -1.094307063e-03
ddc = 1.9207442718e-07
dde = -2.151347152e-07
Reset re-loads circuit * comparator-offset-mc @ sf_27c_3.30v -- generated by sim/harness, do not edit

Circuit: * comparator-offset-mc @ sf_27c_3.30v -- generated by sim/harness, do not edit

Doing analysis at TEMP = 27.000000 and TNOM = 27.000000

Using SPARSE 1.3 as Direct Linear Solver
 Reference value :  0.00000e+00
No. of Data Rows : 6
voa = -3.774477654e-04
ddc = 7.8395373666e-08
dde = -7.712291963e-08
Reset re-loads circuit * comparator-offset-mc @ sf_27c_3.30v -- generated by sim/harness, do not edit

Circuit: * comparator-offset-mc @ sf_27c_3.30v -- generated by sim/harness, do not edit

Doing analysis at TEMP = 27.000000 and TNOM = 27.000000

Using SPARSE 1.3 as Direct Linear Solver

No. of Data Rows : 6
voa = 2.5544500371e-03
ddc = -5.556185930e-07
dde = 5.4631718963e-07
Reset re-loads circuit * comparator-offset-mc @ sf_27c_3.30v -- generated by sim/harness, do not edit

Circuit: * comparator-offset-mc @ sf_27c_3.30v -- generated by sim/harness, do not edit

Doing analysis at TEMP = 27.000000 and TNOM = 27.000000

Using SPARSE 1.3 as Direct Linear Solver

No. of Data Rows : 6
voa = 1.5476174836e-04
ddc = 1.3258032860e-09
dde = -1.934134045e-09
Reset re-loads circuit * comparator-offset-mc @ sf_27c_3.30v -- generated by sim/harness, do not edit

Circuit: * comparator-offset-mc @ sf_27c_3.30v -- generated by sim/harness, do not edit

Doing analysis at TEMP = 27.000000 and TNOM = 27.000000

Using SPARSE 1.3 as Direct Linear Solver

No. of Data Rows : 6
voa = 6.5537584889e-04
ddc = -1.583913642e-07
dde = 1.5605122144e-07
Reset re-loads circuit * comparator-offset-mc @ sf_27c_3.30v -- generated by sim/harness, do not edit

Circuit: * comparator-offset-mc @ sf_27c_3.30v -- generated by sim/harness, do not edit

Doing analysis at TEMP = 27.000000 and TNOM = 27.000000

Using SPARSE 1.3 as Direct Linear Solver

No. of Data Rows : 6
voa = -1.238333765e-03
ddc = 2.6202591486e-07
dde = -2.574530752e-07
Reset re-loads circuit * comparator-offset-mc @ sf_27c_3.30v -- generated by sim/harness, do not edit

Circuit: * comparator-offset-mc @ sf_27c_3.30v -- generated by sim/harness, do not edit

Doing analysis at TEMP = 27.000000 and TNOM = 27.000000

Using SPARSE 1.3 as Direct Linear Solver

No. of Data Rows : 6
voa = -3.305402787e-04
ddc = 9.8206032099e-08
dde = -9.706309704e-08
Reset re-loads circuit * comparator-offset-mc @ sf_27c_3.30v -- generated by sim/harness, do not edit

Circuit: * comparator-offset-mc @ sf_27c_3.30v -- generated by sim/harness, do not edit

Doing analysis at TEMP = 27.000000 and TNOM = 27.000000

Using SPARSE 1.3 as Direct Linear Solver

No. of Data Rows : 6
voa = -7.847806122e-04
ddc = 1.6638191976e-07
dde = -1.635951485e-07
Reset re-loads circuit * comparator-offset-mc @ sf_27c_3.30v -- generated by sim/harness, do not edit

Circuit: * comparator-offset-mc @ sf_27c_3.30v -- generated by sim/harness, do not edit

Doing analysis at TEMP = 27.000000 and TNOM = 27.000000

Using SPARSE 1.3 as Direct Linear Solver

No. of Data Rows : 6
voa = -1.294984442e-03
ddc = 2.6345754314e-07
dde = -2.587782745e-07
Reset re-loads circuit * comparator-offset-mc @ sf_27c_3.30v -- generated by sim/harness, do not edit

Circuit: * comparator-offset-mc @ sf_27c_3.30v -- generated by sim/harness, do not edit

Doing analysis at TEMP = 27.000000 and TNOM = 27.000000

Using SPARSE 1.3 as Direct Linear Solver

No. of Data Rows : 6
voa = 1.4191224221e-03
ddc = -3.013147246e-07
dde = 2.9609866580e-07
Reset re-loads circuit * comparator-offset-mc @ sf_27c_3.30v -- generated by sim/harness, do not edit

Circuit: * comparator-offset-mc @ sf_27c_3.30v -- generated by sim/harness, do not edit

Doing analysis at TEMP = 27.000000 and TNOM = 27.000000

Using SPARSE 1.3 as Direct Linear Solver
 Reference value :  0.00000e+00
No. of Data Rows : 6
voa = 8.6615051178e-04
ddc = -1.681846430e-07
dde = 1.6493411041e-07
Reset re-loads circuit * comparator-offset-mc @ sf_27c_3.30v -- generated by sim/harness, do not edit

Circuit: * comparator-offset-mc @ sf_27c_3.30v -- generated by sim/harness, do not edit

Doing analysis at TEMP = 27.000000 and TNOM = 27.000000

Using SPARSE 1.3 as Direct Linear Solver

No. of Data Rows : 6
voa = 5.5202832835e-05
ddc = -3.543997993e-08
dde = 3.5216276732e-08
Reset re-loads circuit * comparator-offset-mc @ sf_27c_3.30v -- generated by sim/harness, do not edit

Circuit: * comparator-offset-mc @ sf_27c_3.30v -- generated by sim/harness, do not edit

Doing analysis at TEMP = 27.000000 and TNOM = 27.000000

Using SPARSE 1.3 as Direct Linear Solver

No. of Data Rows : 6
voa = 7.8946573011e-04
ddc = -1.697270721e-07
dde = 1.6684394579e-07
Reset re-loads circuit * comparator-offset-mc @ sf_27c_3.30v -- generated by sim/harness, do not edit

Circuit: * comparator-offset-mc @ sf_27c_3.30v -- generated by sim/harness, do not edit

Doing analysis at TEMP = 27.000000 and TNOM = 27.000000

Using SPARSE 1.3 as Direct Linear Solver

No. of Data Rows : 6
voa = -1.629162754e-07
ddc = -5.020546303e-09
dde = 5.0597722083e-09
Reset re-loads circuit * comparator-offset-mc @ sf_27c_3.30v -- generated by sim/harness, do not edit

Circuit: * comparator-offset-mc @ sf_27c_3.30v -- generated by sim/harness, do not edit

Doing analysis at TEMP = 27.000000 and TNOM = 27.000000

Using SPARSE 1.3 as Direct Linear Solver

No. of Data Rows : 6
voa = 8.9771492357e-04
ddc = -1.653098643e-07
dde = 1.6192076699e-07
Reset re-loads circuit * comparator-offset-mc @ sf_27c_3.30v -- generated by sim/harness, do not edit

Circuit: * comparator-offset-mc @ sf_27c_3.30v -- generated by sim/harness, do not edit

Doing analysis at TEMP = 27.000000 and TNOM = 27.000000

Using SPARSE 1.3 as Direct Linear Solver

No. of Data Rows : 6
voa = 3.8167713729e-04
ddc = -6.911084782e-08
dde = 6.7643924198e-08
Reset re-loads circuit * comparator-offset-mc @ sf_27c_3.30v -- generated by sim/harness, do not edit

Circuit: * comparator-offset-mc @ sf_27c_3.30v -- generated by sim/harness, do not edit

Doing analysis at TEMP = 27.000000 and TNOM = 27.000000

Using SPARSE 1.3 as Direct Linear Solver

No. of Data Rows : 6
voa = 1.7832698581e-03
ddc = -3.406139792e-07
dde = 3.3402184977e-07
Reset re-loads circuit * comparator-offset-mc @ sf_27c_3.30v -- generated by sim/harness, do not edit

Circuit: * comparator-offset-mc @ sf_27c_3.30v -- generated by sim/harness, do not edit

Doing analysis at TEMP = 27.000000 and TNOM = 27.000000

Using SPARSE 1.3 as Direct Linear Solver

No. of Data Rows : 6
voa = -4.064952144e-04
ddc = 1.3438843228e-07
dde = -1.331084990e-07
Reset re-loads circuit * comparator-offset-mc @ sf_27c_3.30v -- generated by sim/harness, do not edit

Circuit: * comparator-offset-mc @ sf_27c_3.30v -- generated by sim/harness, do not edit

Doing analysis at TEMP = 27.000000 and TNOM = 27.000000

Using SPARSE 1.3 as Direct Linear Solver

No. of Data Rows : 6
voa = 3.6614420738e-04
ddc = -5.409260443e-08
dde = 5.2686257267e-08
Reset re-loads circuit * comparator-offset-mc @ sf_27c_3.30v -- generated by sim/harness, do not edit

Circuit: * comparator-offset-mc @ sf_27c_3.30v -- generated by sim/harness, do not edit

Doing analysis at TEMP = 27.000000 and TNOM = 27.000000

Using SPARSE 1.3 as Direct Linear Solver
 Reference value :  0.00000e+00
No. of Data Rows : 6
voa = -5.112245587e-04
ddc = 9.6830353520e-08
dde = -9.498467920e-08
Reset re-loads circuit * comparator-offset-mc @ sf_27c_3.30v -- generated by sim/harness, do not edit

Circuit: * comparator-offset-mc @ sf_27c_3.30v -- generated by sim/harness, do not edit

Doing analysis at TEMP = 27.000000 and TNOM = 27.000000

Using SPARSE 1.3 as Direct Linear Solver

No. of Data Rows : 6
voa = 3.3639278498e-04
ddc = -8.413592821e-08
dde = 8.2885958936e-08
Reset re-loads circuit * comparator-offset-mc @ sf_27c_3.30v -- generated by sim/harness, do not edit

Circuit: * comparator-offset-mc @ sf_27c_3.30v -- generated by sim/harness, do not edit

Doing analysis at TEMP = 27.000000 and TNOM = 27.000000

Using SPARSE 1.3 as Direct Linear Solver

No. of Data Rows : 6
voa = -7.858804300e-05
ddc = 4.1143603643e-08
dde = -4.088956362e-08
Reset re-loads circuit * comparator-offset-mc @ sf_27c_3.30v -- generated by sim/harness, do not edit

Circuit: * comparator-offset-mc @ sf_27c_3.30v -- generated by sim/harness, do not edit

Doing analysis at TEMP = 27.000000 and TNOM = 27.000000

Using SPARSE 1.3 as Direct Linear Solver

No. of Data Rows : 6
voa = -2.101640325e-04
ddc = 3.1113842855e-08
dde = -3.034746556e-08
Reset re-loads circuit * comparator-offset-mc @ sf_27c_3.30v -- generated by sim/harness, do not edit

Circuit: * comparator-offset-mc @ sf_27c_3.30v -- generated by sim/harness, do not edit

Doing analysis at TEMP = 27.000000 and TNOM = 27.000000

Using SPARSE 1.3 as Direct Linear Solver

No. of Data Rows : 6
voa = 1.2567239119e-03
ddc = -2.722989004e-07
dde = 2.6768582661e-07
m_n_samples = 2.0000000000e+02
m_sig_vos_mv = 9.3439168353e-01
m_vos_3sig_mv = 2.8031750506e+00
m_mean_vos_uv = 6.9204544408e+01
m_mean_vos_sem = 1.0474194816e+00
m_sig_dvos_dn_uv = 1.9102791315e-01
m_sig_dvos_up_uv = 1.8801341133e-01
m_mean_dvos_dn_uv = -9.426294359e-03
m_mean_dvos_up_uv = 9.0043272432e-03
m_av_mean = 1.7712828377e+01
m_av_sigma_pct = 5.2709996304e-01
m_sig_rpair_uv = 0.0000000000e+00
m_vbias_anchor_mv = 1.0886646343e+03
Note: Simulation executed from .control section 

Warning: m=xx on .subckt line will override multiplier m hierarchy!

Note: Starting dynamic gmin stepping
Note: Dynamic gmin stepping completed
Note: Starting dynamic gmin stepping
Note: Dynamic gmin stepping completed
Note: Starting dynamic gmin stepping
Note: Dynamic gmin stepping completed
Note: Starting dynamic gmin stepping
Note: Dynamic gmin stepping completed
Note: Starting dynamic gmin stepping
Note: Dynamic gmin stepping completed
Note: Starting dynamic gmin stepping
Note: Dynamic gmin stepping completed
Note: Starting dynamic gmin stepping
Note: Dynamic gmin stepping completed
Note: Starting dynamic gmin stepping
Note: Dynamic gmin stepping completed
Note: Starting dynamic gmin stepping
Note: Dynamic gmin stepping completed
Note: Starting dynamic gmin stepping
Note: Dynamic gmin stepping completed
Note: Starting dynamic gmin stepping
Note: Dynamic gmin stepping completed
Note: Starting dynamic gmin stepping
Note: Dynamic gmin stepping completed
Note: Starting dynamic gmin stepping
Note: Dynamic gmin stepping completed
Note: Starting dynamic gmin stepping
Note: Dynamic gmin stepping completed
Note: Starting dynamic gmin stepping
Note: Dynamic gmin stepping completed
Note: Starting dynamic gmin stepping
Note: Dynamic gmin stepping completed
Note: Starting dynamic gmin stepping
Note: Dynamic gmin stepping completed
Note: Starting dynamic gmin stepping
Note: Dynamic gmin stepping completed
Note: Starting dynamic gmin stepping
Note: Dynamic gmin stepping completed
Note: Starting dynamic gmin stepping
Note: Dynamic gmin stepping completed
Note: Starting dynamic gmin stepping
Note: Dynamic gmin stepping completed
Note: Starting dynamic gmin stepping
Note: Dynamic gmin stepping completed
Note: Starting dynamic gmin stepping
Note: Dynamic gmin stepping completed
Note: Starting dynamic gmin stepping
Note: Dynamic gmin stepping completed
Note: Starting dynamic gmin stepping
Note: Dynamic gmin stepping completed
Note: Starting dynamic gmin stepping
Note: Dynamic gmin stepping completed
Note: Starting dynamic gmin stepping
Note: Dynamic gmin stepping completed
Note: Starting dynamic gmin stepping
Note: Dynamic gmin stepping completed
Note: Starting dynamic gmin stepping
Note: Dynamic gmin stepping completed
Note: Starting dynamic gmin stepping
Note: Dynamic gmin stepping completed
Note: Starting dynamic gmin stepping
Note: Dynamic gmin stepping completed
Note: Starting dynamic gmin stepping
Note: Dynamic gmin stepping completed
Note: Starting dynamic gmin stepping
Note: Dynamic gmin stepping completed
Note: Starting dynamic gmin stepping
Note: Dynamic gmin stepping completed
Note: Starting dynamic gmin stepping
Note: Dynamic gmin stepping completed
Note: Starting dynamic gmin stepping
Note: Dynamic gmin stepping completed
Note: Starting dynamic gmin stepping
Note: Dynamic gmin stepping completed
Note: Starting dynamic gmin stepping
Note: Dynamic gmin stepping completed
Note: Starting dynamic gmin stepping
Note: Dynamic gmin stepping completed
Note: Starting dynamic gmin stepping
Note: Dynamic gmin stepping completed
Note: Starting dynamic gmin stepping
Note: Dynamic gmin stepping completed
Note: Starting dynamic gmin stepping
Note: Dynamic gmin stepping completed
Note: Starting dynamic gmin stepping
Note: Dynamic gmin stepping completed
Note: Starting dynamic gmin stepping
Note: Dynamic gmin stepping completed
Note: Starting dynamic gmin stepping
Note: Dynamic gmin stepping completed
Note: Starting dynamic gmin stepping
Note: Dynamic gmin stepping completed
Note: Starting dynamic gmin stepping
Note: Dynamic gmin stepping completed
Note: Starting dynamic gmin stepping
Note: Dynamic gmin stepping completed
Note: Starting dynamic gmin stepping
Note: Dynamic gmin stepping completed
Note: Starting dynamic gmin stepping
Note: Dynamic gmin stepping completed
Note: Starting dynamic gmin stepping
Note: Dynamic gmin stepping completed
Note: Starting dynamic gmin stepping
Note: Dynamic gmin stepping completed
Note: Starting dynamic gmin stepping
Note: Dynamic gmin stepping completed
Note: Starting dynamic gmin stepping
Note: Dynamic gmin stepping completed
Note: Starting dynamic gmin stepping
Note: Dynamic gmin stepping completed
Note: Starting dynamic gmin stepping
Note: Dynamic gmin stepping completed
Note: Starting dynamic gmin stepping
Note: Dynamic gmin stepping completed
Note: Starting dynamic gmin stepping
Note: Dynamic gmin stepping completed
Note: Starting dynamic gmin stepping
Note: Dynamic gmin stepping completed
Note: Starting dynamic gmin stepping
Note: Dynamic gmin stepping completed
Note: Starting dynamic gmin stepping
Note: Dynamic gmin stepping completed
Note: Starting dynamic gmin stepping
Note: Dynamic gmin stepping completed
Note: Starting dynamic gmin stepping
Note: Dynamic gmin stepping completed
Note: Starting dynamic gmin stepping
Note: Dynamic gmin stepping completed
Note: Starting dynamic gmin stepping
Note: Dynamic gmin stepping completed
Note: Starting dynamic gmin stepping
Note: Dynamic gmin stepping completed
Note: Starting dynamic gmin stepping
Note: Dynamic gmin stepping completed
Note: Starting dynamic gmin stepping
Note: Dynamic gmin stepping completed
Note: Starting dynamic gmin stepping
Note: Dynamic gmin stepping completed
Note: Starting dynamic gmin stepping
Note: Dynamic gmin stepping completed
Note: Starting dynamic gmin stepping
Note: Dynamic gmin stepping completed
Note: Starting dynamic gmin stepping
Note: Dynamic gmin stepping completed
Note: Starting dynamic gmin stepping
Note: Dynamic gmin stepping completed
Note: Starting dynamic gmin stepping
Note: Dynamic gmin stepping completed
Note: Starting dynamic gmin stepping
Note: Dynamic gmin stepping completed
Note: Starting dynamic gmin stepping
Note: Dynamic gmin stepping completed
Note: Starting dynamic gmin stepping
Note: Dynamic gmin stepping completed
Note: Starting dynamic gmin stepping
Note: Dynamic gmin stepping completed
Note: Starting dynamic gmin stepping
Note: Dynamic gmin stepping completed
Note: Starting dynamic gmin stepping
Note: Dynamic gmin stepping completed
Note: Starting dynamic gmin stepping
Note: Dynamic gmin stepping completed
Note: Starting dynamic gmin stepping
Note: Dynamic gmin stepping completed
Note: Starting dynamic gmin stepping
Note: Dynamic gmin stepping completed
Note: Starting dynamic gmin stepping
Note: Dynamic gmin stepping completed
Note: Starting dynamic gmin stepping
Note: Dynamic gmin stepping completed
Note: Starting dynamic gmin stepping
Note: Dynamic gmin stepping completed
Note: Starting dynamic gmin stepping
Note: Dynamic gmin stepping completed
Note: Starting dynamic gmin stepping
Note: Dynamic gmin stepping completed
Note: Starting dynamic gmin stepping
Note: Dynamic gmin stepping completed
Note: Starting dynamic gmin stepping
Note: Dynamic gmin stepping completed
Note: Starting dynamic gmin stepping
Note: Dynamic gmin stepping completed
Note: Starting dynamic gmin stepping
Note: Dynamic gmin stepping completed
Note: Starting dynamic gmin stepping
Note: Dynamic gmin stepping completed
Note: Starting dynamic gmin stepping
Note: Dynamic gmin stepping completed
Note: Starting dynamic gmin stepping
Note: Dynamic gmin stepping completed
Note: Starting dynamic gmin stepping
Note: Dynamic gmin stepping completed
Note: Starting dynamic gmin stepping
Note: Dynamic gmin stepping completed
Note: Starting dynamic gmin stepping
Note: Dynamic gmin stepping completed
Note: Starting dynamic gmin stepping
Note: Dynamic gmin stepping completed
Note: Starting dynamic gmin stepping
Note: Dynamic gmin stepping completed
Note: Starting dynamic gmin stepping
Note: Dynamic gmin stepping completed
Note: Starting dynamic gmin stepping
Note: Dynamic gmin stepping completed
Note: Starting dynamic gmin stepping
Note: Dynamic gmin stepping completed
Note: Starting dynamic gmin stepping
Note: Dynamic gmin stepping completed
Note: Starting dynamic gmin stepping
Note: Dynamic gmin stepping completed
Note: Starting dynamic gmin stepping
Note: Dynamic gmin stepping completed
Note: Starting dynamic gmin stepping
Note: Dynamic gmin stepping completed
Note: Starting dynamic gmin stepping
Note: Dynamic gmin stepping completed
Note: Starting dynamic gmin stepping
Note: Dynamic gmin stepping completed
Note: Starting dynamic gmin stepping
Note: Dynamic gmin stepping completed
Note: Starting dynamic gmin stepping
Note: Dynamic gmin stepping completed
Note: Starting dynamic gmin stepping
Note: Dynamic gmin stepping completed
Note: Starting dynamic gmin stepping
Note: Dynamic gmin stepping completed
Note: Starting dynamic gmin stepping
Note: Dynamic gmin stepping completed
Note: Starting dynamic gmin stepping
Note: Dynamic gmin stepping completed
Note: Starting dynamic gmin stepping
Note: Dynamic gmin stepping completed
Note: Starting dynamic gmin stepping
Note: Dynamic gmin stepping completed
Note: Starting dynamic gmin stepping
Note: Dynamic gmin stepping completed
Note: Starting dynamic gmin stepping
Note: Dynamic gmin stepping completed
Note: Starting dynamic gmin stepping
Note: Dynamic gmin stepping completed
Note: Starting dynamic gmin stepping
Note: Dynamic gmin stepping completed
Note: Starting dynamic gmin stepping
Note: Dynamic gmin stepping completed
Note: Starting dynamic gmin stepping
Note: Dynamic gmin stepping completed
Note: Starting dynamic gmin stepping
Note: Dynamic gmin stepping completed
Note: Starting dynamic gmin stepping
Note: Dynamic gmin stepping completed
Note: Starting dynamic gmin stepping
Note: Dynamic gmin stepping completed
Note: Starting dynamic gmin stepping
Note: Dynamic gmin stepping completed
Note: Starting dynamic gmin stepping
Note: Dynamic gmin stepping completed
Note: Starting dynamic gmin stepping
Note: Dynamic gmin stepping completed
Note: Starting dynamic gmin stepping
Note: Dynamic gmin stepping completed
Note: Starting dynamic gmin stepping
Note: Dynamic gmin stepping completed
Note: Starting dynamic gmin stepping
Note: Dynamic gmin stepping completed
Note: Starting dynamic gmin stepping
Note: Dynamic gmin stepping completed
Note: Starting dynamic gmin stepping
Note: Dynamic gmin stepping completed
Note: Starting dynamic gmin stepping
Note: Dynamic gmin stepping completed
Note: Starting dynamic gmin stepping
Note: Dynamic gmin stepping completed
Note: Starting dynamic gmin stepping
Note: Dynamic gmin stepping completed
Note: Starting dynamic gmin stepping
Note: Dynamic gmin stepping completed
Note: Starting dynamic gmin stepping
Note: Dynamic gmin stepping completed
Note: Starting dynamic gmin stepping
Note: Dynamic gmin stepping completed
Note: Starting dynamic gmin stepping
Note: Dynamic gmin stepping completed
Note: Starting dynamic gmin stepping
Note: Dynamic gmin stepping completed
Note: Starting dynamic gmin stepping
Note: Dynamic gmin stepping completed
Note: Starting dynamic gmin stepping
Note: Dynamic gmin stepping completed
Note: Starting dynamic gmin stepping
Note: Dynamic gmin stepping completed
Note: Starting dynamic gmin stepping
Note: Dynamic gmin stepping completed
Note: Starting dynamic gmin stepping
Note: Dynamic gmin stepping completed
Note: Starting dynamic gmin stepping
Note: Dynamic gmin stepping completed
Note: Starting dynamic gmin stepping
Note: Dynamic gmin stepping completed
Note: Starting dynamic gmin stepping
Note: Dynamic gmin stepping completed
Note: Starting dynamic gmin stepping
Note: Dynamic gmin stepping completed
Note: Starting dynamic gmin stepping
Note: Dynamic gmin stepping completed
Note: Starting dynamic gmin stepping
Note: Dynamic gmin stepping completed
Note: Starting dynamic gmin stepping
Note: Dynamic gmin stepping completed
Note: Starting dynamic gmin stepping
Note: Dynamic gmin stepping completed
Note: Starting dynamic gmin stepping
Note: Dynamic gmin stepping completed
Note: Starting dynamic gmin stepping
Note: Dynamic gmin stepping completed
Note: Starting dynamic gmin stepping
Note: Dynamic gmin stepping completed
Note: Starting dynamic gmin stepping
Note: Dynamic gmin stepping completed
Note: Starting dynamic gmin stepping
Note: Dynamic gmin stepping completed
Note: Starting dynamic gmin stepping
Note: Dynamic gmin stepping completed
Note: Starting dynamic gmin stepping
Note: Dynamic gmin stepping completed
Note: Starting dynamic gmin stepping
Note: Dynamic gmin stepping completed
Note: Starting dynamic gmin stepping
Note: Dynamic gmin stepping completed
Note: Starting dynamic gmin stepping
Note: Dynamic gmin stepping completed
Note: Starting dynamic gmin stepping
Note: Dynamic gmin stepping completed
Note: Starting dynamic gmin stepping
Note: Dynamic gmin stepping completed
Note: Starting dynamic gmin stepping
Note: Dynamic gmin stepping completed
Note: Starting dynamic gmin stepping
Note: Dynamic gmin stepping completed
Note: Starting dynamic gmin stepping
Note: Dynamic gmin stepping completed
Note: Starting dynamic gmin stepping
Note: Dynamic gmin stepping completed
Note: Starting dynamic gmin stepping
Note: Dynamic gmin stepping completed
Note: Starting dynamic gmin stepping
Note: Dynamic gmin stepping completed
Note: Starting dynamic gmin stepping
Note: Dynamic gmin stepping completed
Note: Starting dynamic gmin stepping
Note: Dynamic gmin stepping completed
Note: Starting dynamic gmin stepping
Note: Dynamic gmin stepping completed
Note: Starting dynamic gmin stepping
Note: Dynamic gmin stepping completed
Note: Starting dynamic gmin stepping
Note: Dynamic gmin stepping completed
Note: Starting dynamic gmin stepping
Note: Dynamic gmin stepping completed
Note: Starting dynamic gmin stepping
Note: Dynamic gmin stepping completed
Note: Starting dynamic gmin stepping
Note: Dynamic gmin stepping completed
Note: Starting dynamic gmin stepping
Note: Dynamic gmin stepping completed
Note: Starting dynamic gmin stepping
Note: Dynamic gmin stepping completed
Note: Starting dynamic gmin stepping
Note: Dynamic gmin stepping completed
Note: Starting dynamic gmin stepping
Note: Dynamic gmin stepping completed
Note: Starting dynamic gmin stepping
Note: Dynamic gmin stepping completed
Note: Starting dynamic gmin stepping
Note: Dynamic gmin stepping completed
Note: Starting dynamic gmin stepping
Note: Dynamic gmin stepping completed
Note: Starting dynamic gmin stepping
Note: Dynamic gmin stepping completed
Note: Starting dynamic gmin stepping
Note: Dynamic gmin stepping completed
Note: Starting dynamic gmin stepping
Note: Dynamic gmin stepping completed
Note: Starting dynamic gmin stepping
Note: Dynamic gmin stepping completed
Note: Starting dynamic gmin stepping
Note: Dynamic gmin stepping completed
Note: Starting dynamic gmin stepping
Note: Dynamic gmin stepping completed
Note: Starting dynamic gmin stepping
Note: Dynamic gmin stepping completed
Note: Starting dynamic gmin stepping
Note: Dynamic gmin stepping completed
Note: Starting dynamic gmin stepping
Note: Dynamic gmin stepping completed
Note: Starting dynamic gmin stepping
Note: Dynamic gmin stepping completed
Note: Starting dynamic gmin stepping
Note: Dynamic gmin stepping completed
Note: Starting dynamic gmin stepping
Note: Dynamic gmin stepping completed
Note: Starting dynamic gmin stepping
Note: Dynamic gmin stepping completed
Note: Starting dynamic gmin stepping
Note: Dynamic gmin stepping completed
Note: Starting dynamic gmin stepping
Note: Dynamic gmin stepping completed
Note: Starting dynamic gmin stepping
Note: Dynamic gmin stepping completed
Note: Starting dynamic gmin stepping
Note: Dynamic gmin stepping completed
Note: Starting dynamic gmin stepping
Note: Dynamic gmin stepping completed
Note: Starting dynamic gmin stepping
Note: Dynamic gmin stepping completed
Note: Starting dynamic gmin stepping
Note: Dynamic gmin stepping completed
Note: Starting dynamic gmin stepping
Note: Dynamic gmin stepping completed
Note: Starting dynamic gmin stepping
Note: Dynamic gmin stepping completed
Note: Starting dynamic gmin stepping
Note: Dynamic gmin stepping completed
Note: Starting dynamic gmin stepping
Note: Dynamic gmin stepping completed
Note: Starting dynamic gmin stepping
Note: Dynamic gmin stepping completed
Note: Starting dynamic gmin stepping
Note: Dynamic gmin stepping completed
Note: Starting dynamic gmin stepping
Note: Dynamic gmin stepping completed
Note: Starting dynamic gmin stepping
Note: Dynamic gmin stepping completed
Note: Starting dynamic gmin stepping
Note: Dynamic gmin stepping completed
Note: Starting dynamic gmin stepping
Note: Dynamic gmin stepping completed
Note: Starting dynamic gmin stepping
Note: Dynamic gmin stepping completed
Note: Starting dynamic gmin stepping
Note: Dynamic gmin stepping completed
Note: Starting dynamic gmin stepping
Note: Dynamic gmin stepping completed
Note: Starting dynamic gmin stepping
Note: Dynamic gmin stepping completed
Note: Starting dynamic gmin stepping
Note: Dynamic gmin stepping completed
Note: Starting dynamic gmin stepping
Note: Dynamic gmin stepping completed
Note: Starting dynamic gmin stepping
Note: Dynamic gmin stepping completed
Note: Starting dynamic gmin stepping
Note: Dynamic gmin stepping completed
Note: Starting dynamic gmin stepping
Note: Dynamic gmin stepping completed
Note: Starting dynamic gmin stepping
Note: Dynamic gmin stepping completed
Note: Starting dynamic gmin stepping
Note: Dynamic gmin stepping completed
Note: Starting dynamic gmin stepping
Note: Dynamic gmin stepping completed
Note: Starting dynamic gmin stepping
Note: Dynamic gmin stepping completed
Note: Starting dynamic gmin stepping
Note: Dynamic gmin stepping completed
Note: Starting dynamic gmin stepping
Note: Dynamic gmin stepping completed
Note: Starting dynamic gmin stepping
Note: Dynamic gmin stepping completed
Note: Starting dynamic gmin stepping
Note: Dynamic gmin stepping completed
Note: Starting dynamic gmin stepping
Note: Dynamic gmin stepping completed
Note: Starting dynamic gmin stepping
Note: Dynamic gmin stepping completed
Note: Starting dynamic gmin stepping
Note: Dynamic gmin stepping completed
Note: Starting dynamic gmin stepping
Note: Dynamic gmin stepping completed
Note: Starting dynamic gmin stepping
Note: Dynamic gmin stepping completed
Note: Starting dynamic gmin stepping
Note: Dynamic gmin stepping completed
Note: Starting dynamic gmin stepping
Note: Dynamic gmin stepping completed
Note: Starting dynamic gmin stepping
Note: Dynamic gmin stepping completed
Note: Starting dynamic gmin stepping
Note: Dynamic gmin stepping completed
Note: Starting dynamic gmin stepping
Note: Dynamic gmin stepping completed
Note: Starting dynamic gmin stepping
Note: Dynamic gmin stepping completed
Note: Starting dynamic gmin stepping
Note: Dynamic gmin stepping completed
Note: Starting dynamic gmin stepping
Note: Dynamic gmin stepping completed
Note: Starting dynamic gmin stepping
Note: Dynamic gmin stepping completed
Note: Starting dynamic gmin stepping
Note: Dynamic gmin stepping completed
Note: Starting dynamic gmin stepping
Note: Dynamic gmin stepping completed
Note: Starting dynamic gmin stepping
Note: Dynamic gmin stepping completed
Note: Starting dynamic gmin stepping
Note: Dynamic gmin stepping completed
Note: Starting dynamic gmin stepping
Note: Dynamic gmin stepping completed
Note: Starting dynamic gmin stepping
Note: Dynamic gmin stepping completed
Note: Starting dynamic gmin stepping
Note: Dynamic gmin stepping completed
Note: Starting dynamic gmin stepping
Note: Dynamic gmin stepping completed
Note: Starting dynamic gmin stepping
Note: Dynamic gmin stepping completed
Note: Starting dynamic gmin stepping
Note: Dynamic gmin stepping completed
Note: Starting dynamic gmin stepping
Note: Dynamic gmin stepping completed
Note: Starting dynamic gmin stepping
Note: Dynamic gmin stepping completed
Note: Starting dynamic gmin stepping
Note: Dynamic gmin stepping completed
Note: Starting dynamic gmin stepping
Note: Dynamic gmin stepping completed
Note: Starting dynamic gmin stepping
Note: Dynamic gmin stepping completed
Note: Starting dynamic gmin stepping
Note: Dynamic gmin stepping completed
Note: Starting dynamic gmin stepping
Note: Dynamic gmin stepping completed
Note: Starting dynamic gmin stepping
Note: Dynamic gmin stepping completed
Note: Starting dynamic gmin stepping
Note: Dynamic gmin stepping completed
Note: Starting dynamic gmin stepping
Note: Dynamic gmin stepping completed
Note: Starting dynamic gmin stepping
Note: Dynamic gmin stepping completed
Note: Starting dynamic gmin stepping
Note: Dynamic gmin stepping completed
Note: Starting dynamic gmin stepping
Note: Dynamic gmin stepping completed
Note: Starting dynamic gmin stepping
Note: Dynamic gmin stepping completed
Note: Starting dynamic gmin stepping
Note: Dynamic gmin stepping completed
Note: Starting dynamic gmin stepping
Note: Dynamic gmin stepping completed
Note: Starting dynamic gmin stepping
Note: Dynamic gmin stepping completed
Note: Starting dynamic gmin stepping
Note: Dynamic gmin stepping completed
Note: Starting dynamic gmin stepping
Note: Dynamic gmin stepping completed
Note: Starting dynamic gmin stepping
Note: Dynamic gmin stepping completed
Note: Starting dynamic gmin stepping
Note: Dynamic gmin stepping completed
Note: Starting dynamic gmin stepping
Note: Dynamic gmin stepping completed
Note: Starting dynamic gmin stepping
Note: Dynamic gmin stepping completed
Note: Starting dynamic gmin stepping
Note: Dynamic gmin stepping completed
Note: Starting dynamic gmin stepping
Note: Dynamic gmin stepping completed
Note: Starting dynamic gmin stepping
Note: Dynamic gmin stepping completed
Note: Starting dynamic gmin stepping
Note: Dynamic gmin stepping completed
Note: Starting dynamic gmin stepping
Note: Dynamic gmin stepping completed
Note: Starting dynamic gmin stepping
Note: Dynamic gmin stepping completed
Note: Starting dynamic gmin stepping
Note: Dynamic gmin stepping completed
Note: Starting dynamic gmin stepping
Note: Dynamic gmin stepping completed
Note: Starting dynamic gmin stepping
Note: Dynamic gmin stepping completed
Note: Starting dynamic gmin stepping
Note: Dynamic gmin stepping completed
Note: Starting dynamic gmin stepping
Note: Dynamic gmin stepping completed
Note: Starting dynamic gmin stepping
Note: Dynamic gmin stepping completed
Note: Starting dynamic gmin stepping
Note: Dynamic gmin stepping completed
Note: Starting dynamic gmin stepping
Note: Dynamic gmin stepping completed
Note: Starting dynamic gmin stepping
Note: Dynamic gmin stepping completed
Note: Starting dynamic gmin stepping
Note: Dynamic gmin stepping completed
Note: Starting dynamic gmin stepping
Note: Dynamic gmin stepping completed
Note: Starting dynamic gmin stepping
Note: Dynamic gmin stepping completed
Note: Starting dynamic gmin stepping
Note: Dynamic gmin stepping completed
Note: Starting dynamic gmin stepping
Note: Dynamic gmin stepping completed
Note: Starting dynamic gmin stepping
Note: Dynamic gmin stepping completed
Note: Starting dynamic gmin stepping
Note: Dynamic gmin stepping completed
Note: Starting dynamic gmin stepping
Note: Dynamic gmin stepping completed
Note: Starting dynamic gmin stepping
Note: Dynamic gmin stepping completed
Note: Starting dynamic gmin stepping
Note: Dynamic gmin stepping completed
Note: Starting dynamic gmin stepping
Note: Dynamic gmin stepping completed
Note: Starting dynamic gmin stepping
Note: Dynamic gmin stepping completed
Note: Starting dynamic gmin stepping
Note: Dynamic gmin stepping completed
Note: Starting dynamic gmin stepping
Note: Dynamic gmin stepping completed
Note: Starting dynamic gmin stepping
Note: Dynamic gmin stepping completed
Note: Starting dynamic gmin stepping
Note: Dynamic gmin stepping completed
Note: Starting dynamic gmin stepping
Note: Dynamic gmin stepping completed
Note: Starting dynamic gmin stepping
Note: Dynamic gmin stepping completed
Note: Starting dynamic gmin stepping
Note: Dynamic gmin stepping completed
Note: Starting dynamic gmin stepping
Note: Dynamic gmin stepping completed
Note: Starting dynamic gmin stepping
Note: Dynamic gmin stepping completed
Note: Starting dynamic gmin stepping
Note: Dynamic gmin stepping completed
Note: Starting dynamic gmin stepping
Note: Dynamic gmin stepping completed
Note: Starting dynamic gmin stepping
Note: Dynamic gmin stepping completed
Note: Starting dynamic gmin stepping
Note: Dynamic gmin stepping completed
Note: Starting dynamic gmin stepping
Note: Dynamic gmin stepping completed
Note: Starting dynamic gmin stepping
Note: Dynamic gmin stepping completed
Note: Starting dynamic gmin stepping
Note: Dynamic gmin stepping completed
Note: Starting dynamic gmin stepping
Note: Dynamic gmin stepping completed
Note: Starting dynamic gmin stepping
Note: Dynamic gmin stepping completed
Note: Starting dynamic gmin stepping
Note: Dynamic gmin stepping completed
Note: Starting dynamic gmin stepping
Note: Dynamic gmin stepping completed
Note: Starting dynamic gmin stepping
Note: Dynamic gmin stepping completed
Note: Starting dynamic gmin stepping
Note: Dynamic gmin stepping completed
Note: Starting dynamic gmin stepping
Note: Dynamic gmin stepping completed
Note: Starting dynamic gmin stepping
Note: Dynamic gmin stepping completed
Note: Starting dynamic gmin stepping
Note: Dynamic gmin stepping completed
Note: Starting dynamic gmin stepping
Note: Dynamic gmin stepping completed
Note: Starting dynamic gmin stepping
Note: Dynamic gmin stepping completed
Note: Starting dynamic gmin stepping
Note: Dynamic gmin stepping completed
Note: Starting dynamic gmin stepping
Note: Dynamic gmin stepping completed
Note: Starting dynamic gmin stepping
Note: Dynamic gmin stepping completed
Note: Starting dynamic gmin stepping
Note: Dynamic gmin stepping completed
Note: Starting dynamic gmin stepping
Note: Dynamic gmin stepping completed
Note: Starting dynamic gmin stepping
Note: Dynamic gmin stepping completed
Note: Starting dynamic gmin stepping
Note: Dynamic gmin stepping completed
Note: Starting dynamic gmin stepping
Note: Dynamic gmin stepping completed
Note: Starting dynamic gmin stepping
Note: Dynamic gmin stepping completed
Note: Starting dynamic gmin stepping
Note: Dynamic gmin stepping completed
Note: Starting dynamic gmin stepping
Note: Dynamic gmin stepping completed
Note: Starting dynamic gmin stepping
Note: Dynamic gmin stepping completed
Note: Starting dynamic gmin stepping
Note: Dynamic gmin stepping completed
Note: Starting dynamic gmin stepping
Note: Dynamic gmin stepping completed
Note: Starting dynamic gmin stepping
Note: Dynamic gmin stepping completed
Note: Starting dynamic gmin stepping
Note: Dynamic gmin stepping completed
Note: Starting dynamic gmin stepping
Note: Dynamic gmin stepping completed
Note: Starting dynamic gmin stepping
Note: Dynamic gmin stepping completed
Note: Starting dynamic gmin stepping
Note: Dynamic gmin stepping completed
Note: Starting dynamic gmin stepping
Note: Dynamic gmin stepping completed
Note: Starting dynamic gmin stepping
Note: Dynamic gmin stepping completed
Note: Starting dynamic gmin stepping
Note: Dynamic gmin stepping completed
Note: Starting dynamic gmin stepping
Note: Dynamic gmin stepping completed
Note: Starting dynamic gmin stepping
Note: Dynamic gmin stepping completed
Note: Starting dynamic gmin stepping
Note: Dynamic gmin stepping completed
Note: Starting dynamic gmin stepping
Note: Dynamic gmin stepping completed
Note: Starting dynamic gmin stepping
Note: Dynamic gmin stepping completed
Note: Starting dynamic gmin stepping
Note: Dynamic gmin stepping completed
Note: Starting dynamic gmin stepping
Note: Dynamic gmin stepping completed
Note: Starting dynamic gmin stepping
Note: Dynamic gmin stepping completed
Note: Starting dynamic gmin stepping
Note: Dynamic gmin stepping completed
Note: Starting dynamic gmin stepping
Note: Dynamic gmin stepping completed
Note: Starting dynamic gmin stepping
Note: Dynamic gmin stepping completed
Note: Starting dynamic gmin stepping
Note: Dynamic gmin stepping completed
Note: Starting dynamic gmin stepping
Note: Dynamic gmin stepping completed
Note: Starting dynamic gmin stepping
Note: Dynamic gmin stepping completed
Note: Starting dynamic gmin stepping
Note: Dynamic gmin stepping completed
Note: Starting dynamic gmin stepping
Note: Dynamic gmin stepping completed
Note: Starting dynamic gmin stepping
Note: Dynamic gmin stepping completed
Note: Starting dynamic gmin stepping
Note: Dynamic gmin stepping completed
Note: Starting dynamic gmin stepping
Note: Dynamic gmin stepping completed
Note: Starting dynamic gmin stepping
Note: Dynamic gmin stepping completed
Note: Starting dynamic gmin stepping
Note: Dynamic gmin stepping completed
Note: Starting dynamic gmin stepping
Note: Dynamic gmin stepping completed
Note: Starting dynamic gmin stepping
Note: Dynamic gmin stepping completed
Note: Starting dynamic gmin stepping
Note: Dynamic gmin stepping completed
Note: Starting dynamic gmin stepping
Note: Dynamic gmin stepping completed
Note: Starting dynamic gmin stepping
Note: Dynamic gmin stepping completed
Note: Starting dynamic gmin stepping
Note: Dynamic gmin stepping completed
Note: Starting dynamic gmin stepping
Note: Dynamic gmin stepping completed
Note: Starting dynamic gmin stepping
Note: Dynamic gmin stepping completed
Note: Starting dynamic gmin stepping
Note: Dynamic gmin stepping completed
Note: Starting dynamic gmin stepping
Note: Dynamic gmin stepping completed
Note: Starting dynamic gmin stepping
Note: Dynamic gmin stepping completed
Note: Starting dynamic gmin stepping
Note: Dynamic gmin stepping completed
Note: Starting dynamic gmin stepping
Note: Dynamic gmin stepping completed
Note: Starting dynamic gmin stepping
Note: Dynamic gmin stepping completed
Note: Starting dynamic gmin stepping
Note: Dynamic gmin stepping completed
Note: Starting dynamic gmin stepping
Note: Dynamic gmin stepping completed
Note: Starting dynamic gmin stepping
Note: Dynamic gmin stepping completed
Note: Starting dynamic gmin stepping
Note: Dynamic gmin stepping completed
Note: Starting dynamic gmin stepping
Note: Dynamic gmin stepping completed
Note: Starting dynamic gmin stepping
Note: Dynamic gmin stepping completed
Note: Starting dynamic gmin stepping
Note: Dynamic gmin stepping completed
Note: Starting dynamic gmin stepping
Note: Dynamic gmin stepping completed
Note: Starting dynamic gmin stepping
Note: Dynamic gmin stepping completed
Note: Starting dynamic gmin stepping
Note: Dynamic gmin stepping completed
Note: Starting dynamic gmin stepping
Note: Dynamic gmin stepping completed
Note: Starting dynamic gmin stepping
Note: Dynamic gmin stepping completed
Note: Starting dynamic gmin stepping
Note: Dynamic gmin stepping completed
Note: Starting dynamic gmin stepping
Note: Dynamic gmin stepping completed
Note: Starting dynamic gmin stepping
Note: Dynamic gmin stepping completed
Note: Starting dynamic gmin stepping
Note: Dynamic gmin stepping completed
Note: Starting dynamic gmin stepping
Note: Dynamic gmin stepping completed
Note: Starting dynamic gmin stepping
Note: Dynamic gmin stepping completed
Note: Starting dynamic gmin stepping
Note: Dynamic gmin stepping completed
Note: Starting dynamic gmin stepping
Note: Dynamic gmin stepping completed
Note: Starting dynamic gmin stepping
Note: Dynamic gmin stepping completed
Note: Starting dynamic gmin stepping
Note: Dynamic gmin stepping completed
Note: Starting dynamic gmin stepping
Note: Dynamic gmin stepping completed
Note: Starting dynamic gmin stepping
Note: Dynamic gmin stepping completed
Note: Starting dynamic gmin stepping
Note: Dynamic gmin stepping completed
Note: Starting dynamic gmin stepping
Note: Dynamic gmin stepping completed
Note: Starting dynamic gmin stepping
Note: Dynamic gmin stepping completed
Note: Starting dynamic gmin stepping
Note: Dynamic gmin stepping completed
Note: Starting dynamic gmin stepping
Note: Dynamic gmin stepping completed
Note: Starting dynamic gmin stepping
Note: Dynamic gmin stepping completed
Note: Starting dynamic gmin stepping
Note: Dynamic gmin stepping completed
Note: Starting dynamic gmin stepping
Note: Dynamic gmin stepping completed
Note: Starting dynamic gmin stepping
Note: Dynamic gmin stepping completed
Note: Starting dynamic gmin stepping
Note: Dynamic gmin stepping completed
Note: Starting dynamic gmin stepping
Note: Dynamic gmin stepping completed
Note: Starting dynamic gmin stepping
Note: Dynamic gmin stepping completed
Note: Starting dynamic gmin stepping
Note: Dynamic gmin stepping completed
Note: Starting dynamic gmin stepping
Note: Dynamic gmin stepping completed
Note: Starting dynamic gmin stepping
Note: Dynamic gmin stepping completed
Note: Starting dynamic gmin stepping
Note: Dynamic gmin stepping completed
Note: Starting dynamic gmin stepping
Note: Dynamic gmin stepping completed
Note: Starting dynamic gmin stepping
Note: Dynamic gmin stepping completed
Note: Starting dynamic gmin stepping
Note: Dynamic gmin stepping completed
Note: Starting dynamic gmin stepping
Note: Dynamic gmin stepping completed
Note: Starting dynamic gmin stepping
Note: Dynamic gmin stepping completed
Note: Starting dynamic gmin stepping
Note: Dynamic gmin stepping completed
Note: Starting dynamic gmin stepping
Note: Dynamic gmin stepping completed
Note: Starting dynamic gmin stepping
Note: Dynamic gmin stepping completed
Note: Starting dynamic gmin stepping
Note: Dynamic gmin stepping completed
Note: Starting dynamic gmin stepping
Note: Dynamic gmin stepping completed
Note: Starting dynamic gmin stepping
Note: Dynamic gmin stepping completed
Note: Starting dynamic gmin stepping
Note: Dynamic gmin stepping completed
Note: Starting dynamic gmin stepping
Note: Dynamic gmin stepping completed
Note: Starting dynamic gmin stepping
Note: Dynamic gmin stepping completed
Note: Starting dynamic gmin stepping
Note: Dynamic gmin stepping completed
Note: Starting dynamic gmin stepping
Note: Dynamic gmin stepping completed
Note: Starting dynamic gmin stepping
Note: Dynamic gmin stepping completed
Note: Starting dynamic gmin stepping
Note: Dynamic gmin stepping completed
Note: Starting dynamic gmin stepping
Note: Dynamic gmin stepping completed
Note: Starting dynamic gmin stepping
Note: Dynamic gmin stepping completed
Note: Starting dynamic gmin stepping
Note: Dynamic gmin stepping completed
Note: Starting dynamic gmin stepping
Note: Dynamic gmin stepping completed
Note: Starting dynamic gmin stepping
Note: Dynamic gmin stepping completed
Note: Starting dynamic gmin stepping
Note: Dynamic gmin stepping completed
Note: Starting dynamic gmin stepping
Note: Dynamic gmin stepping completed
Note: Starting dynamic gmin stepping
Note: Dynamic gmin stepping completed
Note: Starting dynamic gmin stepping
Note: Dynamic gmin stepping completed
Note: Starting dynamic gmin stepping
Note: Dynamic gmin stepping completed
Note: Starting dynamic gmin stepping
Note: Dynamic gmin stepping completed
Note: Starting dynamic gmin stepping
Note: Dynamic gmin stepping completed
Note: Starting dynamic gmin stepping
Note: Dynamic gmin stepping completed
Note: Starting dynamic gmin stepping
Note: Dynamic gmin stepping completed
Note: Starting dynamic gmin stepping
Note: Dynamic gmin stepping completed
Note: Starting dynamic gmin stepping
Note: Dynamic gmin stepping completed
Note: Starting dynamic gmin stepping
Note: Dynamic gmin stepping completed
Note: Starting dynamic gmin stepping
Note: Dynamic gmin stepping completed
Note: Starting dynamic gmin stepping
Note: Dynamic gmin stepping completed
Note: Starting dynamic gmin stepping
Note: Dynamic gmin stepping completed
Note: Starting dynamic gmin stepping
Note: Dynamic gmin stepping completed
Note: Starting dynamic gmin stepping
Note: Dynamic gmin stepping completed
Note: Starting dynamic gmin stepping
Note: Dynamic gmin stepping completed
Note: Starting dynamic gmin stepping
Note: Dynamic gmin stepping completed
Note: Starting dynamic gmin stepping
Note: Dynamic gmin stepping completed
Note: Starting dynamic gmin stepping
Note: Dynamic gmin stepping completed
Note: Starting dynamic gmin stepping
Note: Dynamic gmin stepping completed
Note: Starting dynamic gmin stepping
Note: Dynamic gmin stepping completed
Note: Starting dynamic gmin stepping
Note: Dynamic gmin stepping completed
Note: Starting dynamic gmin stepping
Note: Dynamic gmin stepping completed
Note: Starting dynamic gmin stepping
Note: Dynamic gmin stepping completed
Note: Starting dynamic gmin stepping
Note: Dynamic gmin stepping completed
Note: Starting dynamic gmin stepping
Note: Dynamic gmin stepping completed
Note: Starting dynamic gmin stepping
Note: Dynamic gmin stepping completed
Note: Starting dynamic gmin stepping
Note: Dynamic gmin stepping completed
Note: Starting dynamic gmin stepping
Note: Dynamic gmin stepping completed
Note: Starting dynamic gmin stepping
Note: Dynamic gmin stepping completed
Note: Starting dynamic gmin stepping
Note: Dynamic gmin stepping completed
Note: Starting dynamic gmin stepping
Note: Dynamic gmin stepping completed
Note: Starting dynamic gmin stepping
Note: Dynamic gmin stepping completed
Note: Starting dynamic gmin stepping
Note: Dynamic gmin stepping completed
Note: Starting dynamic gmin stepping
Note: Dynamic gmin stepping completed
Note: Starting dynamic gmin stepping
Note: Dynamic gmin stepping completed
Note: Starting dynamic gmin stepping
Note: Dynamic gmin stepping completed
Note: Starting dynamic gmin stepping
Note: Dynamic gmin stepping completed
Note: Starting dynamic gmin stepping
Note: Dynamic gmin stepping completed
Note: Starting dynamic gmin stepping
Note: Dynamic gmin stepping completed
Note: Starting dynamic gmin stepping
Note: Dynamic gmin stepping completed
Note: Starting dynamic gmin stepping
Note: Dynamic gmin stepping completed
Note: Starting dynamic gmin stepping
Note: Dynamic gmin stepping completed
Note: Starting dynamic gmin stepping
Note: Dynamic gmin stepping completed
Note: Starting dynamic gmin stepping
Note: Dynamic gmin stepping completed
Note: Starting dynamic gmin stepping
Note: Dynamic gmin stepping completed
Note: Starting dynamic gmin stepping
Note: Dynamic gmin stepping completed
Note: Starting dynamic gmin stepping
Note: Dynamic gmin stepping completed
Note: Starting dynamic gmin stepping
Note: Dynamic gmin stepping completed
Note: Starting dynamic gmin stepping
Note: Dynamic gmin stepping completed
Note: Starting dynamic gmin stepping
Note: Dynamic gmin stepping completed
Note: Starting dynamic gmin stepping
Note: Dynamic gmin stepping completed
Note: Starting dynamic gmin stepping
Note: Dynamic gmin stepping completed
Note: Starting dynamic gmin stepping
Note: Dynamic gmin stepping completed
Note: Starting dynamic gmin stepping
Note: Dynamic gmin stepping completed
Note: Starting dynamic gmin stepping
Note: Dynamic gmin stepping completed
Note: Starting dynamic gmin stepping
Note: Dynamic gmin stepping completed
Note: Starting dynamic gmin stepping
Note: Dynamic gmin stepping completed
Note: Starting dynamic gmin stepping
Note: Dynamic gmin stepping completed
Note: Starting dynamic gmin stepping
Note: Dynamic gmin stepping completed
Note: Starting dynamic gmin stepping
Note: Dynamic gmin stepping completed
Note: Starting dynamic gmin stepping
Note: Dynamic gmin stepping completed
Note: Starting dynamic gmin stepping
Note: Dynamic gmin stepping completed
Note: Starting dynamic gmin stepping
Note: Dynamic gmin stepping completed
Note: Starting dynamic gmin stepping
Note: Dynamic gmin stepping completed
Note: Starting dynamic gmin stepping
Note: Dynamic gmin stepping completed
Note: Starting dynamic gmin stepping
Note: Dynamic gmin stepping completed
Note: Starting dynamic gmin stepping
Note: Dynamic gmin stepping completed
Note: Starting dynamic gmin stepping
Note: Dynamic gmin stepping completed
Note: Starting dynamic gmin stepping
Note: Dynamic gmin stepping completed
Note: Starting dynamic gmin stepping
Note: Dynamic gmin stepping completed
Note: Starting dynamic gmin stepping
Note: Dynamic gmin stepping completed
Note: Starting dynamic gmin stepping
Note: Dynamic gmin stepping completed
Note: Starting dynamic gmin stepping
Note: Dynamic gmin stepping completed
Note: Starting dynamic gmin stepping
Note: Dynamic gmin stepping completed
Note: Starting dynamic gmin stepping
Note: Dynamic gmin stepping completed
Note: Starting dynamic gmin stepping
Note: Dynamic gmin stepping completed
Note: Starting dynamic gmin stepping
Note: Dynamic gmin stepping completed
Note: Starting dynamic gmin stepping
Note: Dynamic gmin stepping completed
Note: Starting dynamic gmin stepping
Note: Dynamic gmin stepping completed
Note: Starting dynamic gmin stepping
Note: Dynamic gmin stepping completed
Note: Starting dynamic gmin stepping
Note: Dynamic gmin stepping completed
Note: Starting dynamic gmin stepping
Note: Dynamic gmin stepping completed
Note: Starting dynamic gmin stepping
Note: Dynamic gmin stepping completed
Note: Starting dynamic gmin stepping
Note: Dynamic gmin stepping completed
Note: Starting dynamic gmin stepping
Note: Dynamic gmin stepping completed
Note: Starting dynamic gmin stepping
Note: Dynamic gmin stepping completed
Note: Starting dynamic gmin stepping
Note: Dynamic gmin stepping completed
Note: Starting dynamic gmin stepping
Note: Dynamic gmin stepping completed
Note: Starting dynamic gmin stepping
Note: Dynamic gmin stepping completed
Note: Starting dynamic gmin stepping
Note: Dynamic gmin stepping completed
Note: Starting dynamic gmin stepping
Note: Dynamic gmin stepping completed
Note: Starting dynamic gmin stepping
Note: Dynamic gmin stepping completed
Note: Starting dynamic gmin stepping
Note: Dynamic gmin stepping completed
Note: Starting dynamic gmin stepping
Note: Dynamic gmin stepping completed
Note: Starting dynamic gmin stepping
Note: Dynamic gmin stepping completed
Note: Starting dynamic gmin stepping
Note: Dynamic gmin stepping completed
Note: Starting dynamic gmin stepping
Note: Dynamic gmin stepping completed
Note: Starting dynamic gmin stepping
Note: Dynamic gmin stepping completed
Note: Starting dynamic gmin stepping
Note: Dynamic gmin stepping completed
Note: Starting dynamic gmin stepping
Note: Dynamic gmin stepping completed
Note: Starting dynamic gmin stepping
Note: Dynamic gmin stepping completed
Note: Starting dynamic gmin stepping
Note: Dynamic gmin stepping completed
Note: Starting dynamic gmin stepping
Note: Dynamic gmin stepping completed
Note: Starting dynamic gmin stepping
Note: Dynamic gmin stepping completed
Note: Starting dynamic gmin stepping
Note: Dynamic gmin stepping completed
Note: Starting dynamic gmin stepping
Note: Dynamic gmin stepping completed
Note: Starting dynamic gmin stepping
Note: Dynamic gmin stepping completed
Note: Starting dynamic gmin stepping
Note: Dynamic gmin stepping completed
Note: Starting dynamic gmin stepping
Note: Dynamic gmin stepping completed
Note: Starting dynamic gmin stepping
Note: Dynamic gmin stepping completed
Note: Starting dynamic gmin stepping
Note: Dynamic gmin stepping completed
Note: Starting dynamic gmin stepping
Note: Dynamic gmin stepping completed
Note: Starting dynamic gmin stepping
Note: Dynamic gmin stepping completed
Note: Starting dynamic gmin stepping
Note: Dynamic gmin stepping completed
Note: Starting dynamic gmin stepping
Note: Dynamic gmin stepping completed
Note: Starting dynamic gmin stepping
Note: Dynamic gmin stepping completed
Note: Starting dynamic gmin stepping
Note: Dynamic gmin stepping completed
Note: Starting dynamic gmin stepping
Note: Dynamic gmin stepping completed
Note: Starting dynamic gmin stepping
Note: Dynamic gmin stepping completed
Note: Starting dynamic gmin stepping
Note: Dynamic gmin stepping completed
Note: Starting dynamic gmin stepping
Note: Dynamic gmin stepping completed
Note: Starting dynamic gmin stepping
Note: Dynamic gmin stepping completed
Note: Starting dynamic gmin stepping
Note: Dynamic gmin stepping completed
Note: Starting dynamic gmin stepping
Note: Dynamic gmin stepping completed
Note: Starting dynamic gmin stepping
Note: Dynamic gmin stepping completed
Note: Starting dynamic gmin stepping
Note: Dynamic gmin stepping completed
Note: Starting dynamic gmin stepping
Note: Dynamic gmin stepping completed
Note: Starting dynamic gmin stepping
Note: Dynamic gmin stepping completed
Note: Starting dynamic gmin stepping
Note: Dynamic gmin stepping completed
Note: Starting dynamic gmin stepping
Note: Dynamic gmin stepping completed
Note: Starting dynamic gmin stepping
Note: Dynamic gmin stepping completed
Note: Starting dynamic gmin stepping
Note: Dynamic gmin stepping completed
Note: Starting dynamic gmin stepping
Note: Dynamic gmin stepping completed
Note: Starting dynamic gmin stepping
Note: Dynamic gmin stepping completed
Note: Starting dynamic gmin stepping
Note: Dynamic gmin stepping completed
Note: Starting dynamic gmin stepping
Note: Dynamic gmin stepping completed
Note: Starting dynamic gmin stepping
Note: Dynamic gmin stepping completed
Note: Starting dynamic gmin stepping
Note: Dynamic gmin stepping completed
Note: Starting dynamic gmin stepping
Note: Dynamic gmin stepping completed
Note: Starting dynamic gmin stepping
Note: Dynamic gmin stepping completed
Note: Starting dynamic gmin stepping
Note: Dynamic gmin stepping completed
Note: Starting dynamic gmin stepping
Note: Dynamic gmin stepping completed
Note: Starting dynamic gmin stepping
Note: Dynamic gmin stepping completed
Note: Starting dynamic gmin stepping
Note: Dynamic gmin stepping completed
Note: Starting dynamic gmin stepping
Note: Dynamic gmin stepping completed
Note: Starting dynamic gmin stepping
Note: Dynamic gmin stepping completed
Note: Starting dynamic gmin stepping
Note: Dynamic gmin stepping completed
Note: Starting dynamic gmin stepping
Note: Dynamic gmin stepping completed
Note: Starting dynamic gmin stepping
Note: Dynamic gmin stepping completed
Note: Starting dynamic gmin stepping
Note: Dynamic gmin stepping completed
Note: Starting dynamic gmin stepping
Note: Dynamic gmin stepping completed
Note: Starting dynamic gmin stepping
Note: Dynamic gmin stepping completed
Note: Starting dynamic gmin stepping
Note: Dynamic gmin stepping completed
Note: Starting dynamic gmin stepping
Note: Dynamic gmin stepping completed
Note: Starting dynamic gmin stepping
Note: Dynamic gmin stepping completed
Note: Starting dynamic gmin stepping
Note: Dynamic gmin stepping completed
Note: Starting dynamic gmin stepping
Note: Dynamic gmin stepping completed
Note: Starting dynamic gmin stepping
Note: Dynamic gmin stepping completed
Note: Starting dynamic gmin stepping
Note: Dynamic gmin stepping completed
Note: Starting dynamic gmin stepping
Note: Dynamic gmin stepping completed
Note: Starting dynamic gmin stepping
Note: Dynamic gmin stepping completed
Note: Starting dynamic gmin stepping
Note: Dynamic gmin stepping completed
Note: Starting dynamic gmin stepping
Note: Dynamic gmin stepping completed
Note: Starting dynamic gmin stepping
Note: Dynamic gmin stepping completed
Note: Starting dynamic gmin stepping
Note: Dynamic gmin stepping completed
Note: Starting dynamic gmin stepping
Note: Dynamic gmin stepping completed
Note: Starting dynamic gmin stepping
Note: Dynamic gmin stepping completed
Note: Starting dynamic gmin stepping
Note: Dynamic gmin stepping completed
Note: Starting dynamic gmin stepping
Note: Dynamic gmin stepping completed
Note: Starting dynamic gmin stepping
Note: Dynamic gmin stepping completed
Note: Starting dynamic gmin stepping
Note: Dynamic gmin stepping completed
Note: Starting dynamic gmin stepping
Note: Dynamic gmin stepping completed
Note: Starting dynamic gmin stepping
Note: Dynamic gmin stepping completed
Note: Starting dynamic gmin stepping
Note: Dynamic gmin stepping completed
Note: Starting dynamic gmin stepping
Note: Dynamic gmin stepping completed
Note: Starting dynamic gmin stepping
Note: Dynamic gmin stepping completed
Note: Starting dynamic gmin stepping
Note: Dynamic gmin stepping completed
Note: Starting dynamic gmin stepping
Note: Dynamic gmin stepping completed
Note: Starting dynamic gmin stepping
Note: Dynamic gmin stepping completed
Note: Starting dynamic gmin stepping
Note: Dynamic gmin stepping completed
Note: Starting dynamic gmin stepping
Note: Dynamic gmin stepping completed
Note: Starting dynamic gmin stepping
Note: Dynamic gmin stepping completed
Note: Starting dynamic gmin stepping
Note: Dynamic gmin stepping completed
Note: Starting dynamic gmin stepping
Note: Dynamic gmin stepping completed
Note: Starting dynamic gmin stepping
Note: Dynamic gmin stepping completed
Note: Starting dynamic gmin stepping
Note: Dynamic gmin stepping completed
Note: Starting dynamic gmin stepping
Note: Dynamic gmin stepping completed
Note: Starting dynamic gmin stepping
Note: Dynamic gmin stepping completed
Note: Starting dynamic gmin stepping
Note: Dynamic gmin stepping completed
Note: Starting dynamic gmin stepping
Note: Dynamic gmin stepping completed
Note: Starting dynamic gmin stepping
Note: Dynamic gmin stepping completed
Note: Starting dynamic gmin stepping
Note: Dynamic gmin stepping completed
Note: Starting dynamic gmin stepping
Note: Dynamic gmin stepping completed
Note: Starting dynamic gmin stepping
Note: Dynamic gmin stepping completed
Note: Starting dynamic gmin stepping
Note: Dynamic gmin stepping completed
Note: Starting dynamic gmin stepping
Note: Dynamic gmin stepping completed
Note: Starting dynamic gmin stepping
Note: Dynamic gmin stepping completed
Note: Starting dynamic gmin stepping
Note: Dynamic gmin stepping completed
Note: Starting dynamic gmin stepping
Note: Dynamic gmin stepping completed
Note: Starting dynamic gmin stepping
Note: Dynamic gmin stepping completed
Note: Starting dynamic gmin stepping
Note: Dynamic gmin stepping completed
Note: Starting dynamic gmin stepping
Note: Dynamic gmin stepping completed
Note: Starting dynamic gmin stepping
Note: Dynamic gmin stepping completed
Note: Starting dynamic gmin stepping
Note: Dynamic gmin stepping completed
Note: Starting dynamic gmin stepping
Note: Dynamic gmin stepping completed
Note: Starting dynamic gmin stepping
Note: Dynamic gmin stepping completed
Note: Starting dynamic gmin stepping
Note: Dynamic gmin stepping completed
Note: Starting dynamic gmin stepping
Note: Dynamic gmin stepping completed
Note: Starting dynamic gmin stepping
Note: Dynamic gmin stepping completed
Note: Starting dynamic gmin stepping
Note: Dynamic gmin stepping completed
Note: Starting dynamic gmin stepping
Note: Dynamic gmin stepping completed
Note: Starting dynamic gmin stepping
Note: Dynamic gmin stepping completed
Note: Starting dynamic gmin stepping
Note: Dynamic gmin stepping completed
Note: Starting dynamic gmin stepping
Note: Dynamic gmin stepping completed
Note: Starting dynamic gmin stepping
Note: Dynamic gmin stepping completed
Note: Starting dynamic gmin stepping
Note: Dynamic gmin stepping completed
Note: Starting dynamic gmin stepping
Note: Dynamic gmin stepping completed
Note: Starting dynamic gmin stepping
Note: Dynamic gmin stepping completed
Note: Starting dynamic gmin stepping
Note: Dynamic gmin stepping completed
Note: Starting dynamic gmin stepping
Note: Dynamic gmin stepping completed
Note: Starting dynamic gmin stepping
Note: Dynamic gmin stepping completed
Note: Starting dynamic gmin stepping
Note: Dynamic gmin stepping completed
Note: Starting dynamic gmin stepping
Note: Dynamic gmin stepping completed
Note: Starting dynamic gmin stepping
Note: Dynamic gmin stepping completed
Note: Starting dynamic gmin stepping
Note: Dynamic gmin stepping completed
Note: Starting dynamic gmin stepping
Note: Dynamic gmin stepping completed
Note: Starting dynamic gmin stepping
Note: Dynamic gmin stepping completed
Note: Starting dynamic gmin stepping
Note: Dynamic gmin stepping completed
Note: Starting dynamic gmin stepping
Note: Dynamic gmin stepping completed
Note: Starting dynamic gmin stepping
Note: Dynamic gmin stepping completed
Note: Starting dynamic gmin stepping
Note: Dynamic gmin stepping completed
Note: Starting dynamic gmin stepping
Note: Dynamic gmin stepping completed
Note: Starting dynamic gmin stepping
Note: Dynamic gmin stepping completed
Note: Starting dynamic gmin stepping
Note: Dynamic gmin stepping completed
Note: Starting dynamic gmin stepping
Note: Dynamic gmin stepping completed
Note: Starting dynamic gmin stepping
Note: Dynamic gmin stepping completed
Note: Starting dynamic gmin stepping
Note: Dynamic gmin stepping completed
Note: Starting dynamic gmin stepping
Note: Dynamic gmin stepping completed
Note: Starting dynamic gmin stepping
Note: Dynamic gmin stepping completed
Note: Starting dynamic gmin stepping
Note: Dynamic gmin stepping completed
Note: Starting dynamic gmin stepping
Note: Dynamic gmin stepping completed
Note: Starting dynamic gmin stepping
Note: Dynamic gmin stepping completed
Note: Starting dynamic gmin stepping
Note: Dynamic gmin stepping completed
Note: Starting dynamic gmin stepping
Note: Dynamic gmin stepping completed
Note: Starting dynamic gmin stepping
Note: Dynamic gmin stepping completed
Note: Starting dynamic gmin stepping
Note: Dynamic gmin stepping completed
Note: Starting dynamic gmin stepping
Note: Dynamic gmin stepping completed
Note: Starting dynamic gmin stepping
Note: Dynamic gmin stepping completed
Note: Starting dynamic gmin stepping
Note: Dynamic gmin stepping completed
Note: Starting dynamic gmin stepping
Note: Dynamic gmin stepping completed
Note: Starting dynamic gmin stepping
Note: Dynamic gmin stepping completed
Note: Starting dynamic gmin stepping
Note: Dynamic gmin stepping completed
Note: Starting dynamic gmin stepping
Note: Dynamic gmin stepping completed
Note: Starting dynamic gmin stepping
Note: Dynamic gmin stepping completed
Note: Starting dynamic gmin stepping
Note: Dynamic gmin stepping completed
Note: Starting dynamic gmin stepping
Note: Dynamic gmin stepping completed
Note: Starting dynamic gmin stepping
Note: Dynamic gmin stepping completed
Note: Starting dynamic gmin stepping
Note: Dynamic gmin stepping completed
Note: Starting dynamic gmin stepping
Note: Dynamic gmin stepping completed
Note: Starting dynamic gmin stepping
Note: Dynamic gmin stepping completed
Note: Starting dynamic gmin stepping
Note: Dynamic gmin stepping completed
Note: Starting dynamic gmin stepping
Note: Dynamic gmin stepping completed
Note: Starting dynamic gmin stepping
Note: Dynamic gmin stepping completed
Note: Starting dynamic gmin stepping
Note: Dynamic gmin stepping completed
Note: Starting dynamic gmin stepping
Note: Dynamic gmin stepping completed
Note: Starting dynamic gmin stepping
Note: Dynamic gmin stepping completed
Note: Starting dynamic gmin stepping
Note: Dynamic gmin stepping completed
Note: Starting dynamic gmin stepping
Note: Dynamic gmin stepping completed
Note: Starting dynamic gmin stepping
Note: Dynamic gmin stepping completed
Note: Starting dynamic gmin stepping
Note: Dynamic gmin stepping completed
Note: Starting dynamic gmin stepping
Note: Dynamic gmin stepping completed
Note: Starting dynamic gmin stepping
Note: Dynamic gmin stepping completed
Note: Starting dynamic gmin stepping
Note: Dynamic gmin stepping completed
Note: Starting dynamic gmin stepping
Note: Dynamic gmin stepping completed
Note: Starting dynamic gmin stepping
Note: Dynamic gmin stepping completed
Note: Starting dynamic gmin stepping
Note: Dynamic gmin stepping completed
Note: Starting dynamic gmin stepping
Note: Dynamic gmin stepping completed
Note: Starting dynamic gmin stepping
Note: Dynamic gmin stepping completed
Note: Starting dynamic gmin stepping
Note: Dynamic gmin stepping completed
Note: Starting dynamic gmin stepping
Note: Dynamic gmin stepping completed
Note: Starting dynamic gmin stepping
Note: Dynamic gmin stepping completed
Note: Starting dynamic gmin stepping
Note: Dynamic gmin stepping completed
Note: Starting dynamic gmin stepping
Note: Dynamic gmin stepping completed
Note: Starting dynamic gmin stepping
Note: Dynamic gmin stepping completed
Note: Starting dynamic gmin stepping
Note: Dynamic gmin stepping completed
Note: Starting dynamic gmin stepping
Note: Dynamic gmin stepping completed
Note: Starting dynamic gmin stepping
Note: Dynamic gmin stepping completed
Note: Starting dynamic gmin stepping
Note: Dynamic gmin stepping completed
Note: Starting dynamic gmin stepping
Note: Dynamic gmin stepping completed
Note: Starting dynamic gmin stepping
Note: Dynamic gmin stepping completed
Note: Starting dynamic gmin stepping
Note: Dynamic gmin stepping completed
Note: Starting dynamic gmin stepping
Note: Dynamic gmin stepping completed
Note: Starting dynamic gmin stepping
Note: Dynamic gmin stepping completed
Note: Starting dynamic gmin stepping
Note: Dynamic gmin stepping completed
Note: Starting dynamic gmin stepping
Note: Dynamic gmin stepping completed
Note: Starting dynamic gmin stepping
Note: Dynamic gmin stepping completed
Note: Starting dynamic gmin stepping
Note: Dynamic gmin stepping completed
Note: Starting dynamic gmin stepping
Note: Dynamic gmin stepping completed
Note: Starting dynamic gmin stepping
Note: Dynamic gmin stepping completed
Note: Starting dynamic gmin stepping
Note: Dynamic gmin stepping completed
Note: Starting dynamic gmin stepping
Note: Dynamic gmin stepping completed
Note: Starting dynamic gmin stepping
Note: Dynamic gmin stepping completed
Note: Starting dynamic gmin stepping
Note: Dynamic gmin stepping completed
Note: Starting dynamic gmin stepping
Note: Dynamic gmin stepping completed
Note: Starting dynamic gmin stepping
Note: Dynamic gmin stepping completed
Note: Starting dynamic gmin stepping
Note: Dynamic gmin stepping completed
Note: Starting dynamic gmin stepping
Note: Dynamic gmin stepping completed
Note: Starting dynamic gmin stepping
Note: Dynamic gmin stepping completed
Note: Starting dynamic gmin stepping
Note: Dynamic gmin stepping completed
Note: Starting dynamic gmin stepping
Note: Dynamic gmin stepping completed
Note: Starting dynamic gmin stepping
Note: Dynamic gmin stepping completed
Note: Starting dynamic gmin stepping
Note: Dynamic gmin stepping completed
Note: Starting dynamic gmin stepping
Note: Dynamic gmin stepping completed
Note: Starting dynamic gmin stepping
Note: Dynamic gmin stepping completed
Note: Starting dynamic gmin stepping
Note: Dynamic gmin stepping completed
Note: Starting dynamic gmin stepping
Note: Dynamic gmin stepping completed
