
Note: Compatibility modes selected: hs a


Circuit: * comparator-offset-mc @ ss_-40c_3.30v -- generated by sim/harness, do not edit

Reset re-loads circuit * comparator-offset-mc @ ss_-40c_3.30v -- generated by sim/harness, do not edit

Circuit: * comparator-offset-mc @ ss_-40c_3.30v -- generated by sim/harness, do not edit

Doing analysis at TEMP = -40.000000 and TNOM = 27.000000

Using SPARSE 1.3 as Direct Linear Solver
 Reference value :  2.00000e-03
No. of Data Rows : 6
voa = -4.182979736e-04
ddc = 1.4046121812e-07
dde = -1.346911676e-07
Reset re-loads circuit * comparator-offset-mc @ ss_-40c_3.30v -- generated by sim/harness, do not edit

Circuit: * comparator-offset-mc @ ss_-40c_3.30v -- generated by sim/harness, do not edit

Doing analysis at TEMP = -40.000000 and TNOM = 27.000000

Using SPARSE 1.3 as Direct Linear Solver

No. of Data Rows : 6
voa = 1.7879238380e-03
ddc = -3.004309032e-07
dde = 2.9378042032e-07
Reset re-loads circuit * comparator-offset-mc @ ss_-40c_3.30v -- generated by sim/harness, do not edit

Circuit: * comparator-offset-mc @ ss_-40c_3.30v -- generated by sim/harness, do not edit

Doing analysis at TEMP = -40.000000 and TNOM = 27.000000

Using SPARSE 1.3 as Direct Linear Solver

No. of Data Rows : 6
voa = 1.4589028247e-03
ddc = -3.519525262e-07
dde = 3.4556799679e-07
Reset re-loads circuit * comparator-offset-mc @ ss_-40c_3.30v -- generated by sim/harness, do not edit

Circuit: * comparator-offset-mc @ ss_-40c_3.30v -- generated by sim/harness, do not edit

Doing analysis at TEMP = -40.000000 and TNOM = 27.000000

Using SPARSE 1.3 as Direct Linear Solver

No. of Data Rows : 6
voa = -1.796548543e-05
ddc = 3.9232734602e-08
dde = -3.873954771e-08
Reset re-loads circuit * comparator-offset-mc @ ss_-40c_3.30v -- generated by sim/harness, do not edit

Circuit: * comparator-offset-mc @ ss_-40c_3.30v -- generated by sim/harness, do not edit

Doing analysis at TEMP = -40.000000 and TNOM = 27.000000

Using SPARSE 1.3 as Direct Linear Solver

No. of Data Rows : 6
voa = 1.8154211216e-03
ddc = -3.661495027e-07
dde = 3.5892442937e-07
Reset re-loads circuit * comparator-offset-mc @ ss_-40c_3.30v -- generated by sim/harness, do not edit

Circuit: * comparator-offset-mc @ ss_-40c_3.30v -- generated by sim/harness, do not edit

Doing analysis at TEMP = -40.000000 and TNOM = 27.000000

Using SPARSE 1.3 as Direct Linear Solver
 Reference value :  0.00000e+00
No. of Data Rows : 6
voa = -2.908208748e-04
ddc = 1.1617123091e-07
dde = -1.112976705e-07
Reset re-loads circuit * comparator-offset-mc @ ss_-40c_3.30v -- generated by sim/harness, do not edit

Circuit: * comparator-offset-mc @ ss_-40c_3.30v -- generated by sim/harness, do not edit

Doing analysis at TEMP = -40.000000 and TNOM = 27.000000

Using SPARSE 1.3 as Direct Linear Solver

No. of Data Rows : 6
voa = -1.995018223e-04
ddc = 6.6508273613e-08
dde = -6.545251170e-08
Reset re-loads circuit * comparator-offset-mc @ ss_-40c_3.30v -- generated by sim/harness, do not edit

Circuit: * comparator-offset-mc @ ss_-40c_3.30v -- generated by sim/harness, do not edit

Doing analysis at TEMP = -40.000000 and TNOM = 27.000000

Using SPARSE 1.3 as Direct Linear Solver

No. of Data Rows : 6
voa = -2.675300632e-04
ddc = 6.0221630410e-08
dde = -5.910502575e-08
Reset re-loads circuit * comparator-offset-mc @ ss_-40c_3.30v -- generated by sim/harness, do not edit

Circuit: * comparator-offset-mc @ ss_-40c_3.30v -- generated by sim/harness, do not edit

Doing analysis at TEMP = -40.000000 and TNOM = 27.000000

Using SPARSE 1.3 as Direct Linear Solver

No. of Data Rows : 6
voa = 9.7435801393e-04
ddc = -2.838025831e-07
dde = 2.7900622159e-07
Reset re-loads circuit * comparator-offset-mc @ ss_-40c_3.30v -- generated by sim/harness, do not edit

Circuit: * comparator-offset-mc @ ss_-40c_3.30v -- generated by sim/harness, do not edit

Doing analysis at TEMP = -40.000000 and TNOM = 27.000000

Using SPARSE 1.3 as Direct Linear Solver
 Reference value :  2.00000e-03
No. of Data Rows : 6
voa = 1.0168583554e-03
ddc = -2.725207076e-07
dde = 2.6776609765e-07
Reset re-loads circuit * comparator-offset-mc @ ss_-40c_3.30v -- generated by sim/harness, do not edit

Circuit: * comparator-offset-mc @ ss_-40c_3.30v -- generated by sim/harness, do not edit

Doing analysis at TEMP = -40.000000 and TNOM = 27.000000

Using SPARSE 1.3 as Direct Linear Solver

No. of Data Rows : 6
voa = -9.389868874e-04
ddc = 2.0999363197e-07
dde = -2.059804021e-07
Reset re-loads circuit * comparator-offset-mc @ ss_-40c_3.30v -- generated by sim/harness, do not edit

Circuit: * comparator-offset-mc @ ss_-40c_3.30v -- generated by sim/harness, do not edit

Doing analysis at TEMP = -40.000000 and TNOM = 27.000000

Using SPARSE 1.3 as Direct Linear Solver

No. of Data Rows : 6
voa = 4.4925274752e-04
ddc = -1.017901755e-07
dde = 9.9842108650e-08
Reset re-loads circuit * comparator-offset-mc @ ss_-40c_3.30v -- generated by sim/harness, do not edit

Circuit: * comparator-offset-mc @ ss_-40c_3.30v -- generated by sim/harness, do not edit

Doing analysis at TEMP = -40.000000 and TNOM = 27.000000

Using SPARSE 1.3 as Direct Linear Solver

No. of Data Rows : 6
voa = -7.660905214e-04
ddc = 1.5013029276e-07
dde = -1.471326673e-07
Reset re-loads circuit * comparator-offset-mc @ ss_-40c_3.30v -- generated by sim/harness, do not edit

Circuit: * comparator-offset-mc @ ss_-40c_3.30v -- generated by sim/harness, do not edit

Doing analysis at TEMP = -40.000000 and TNOM = 27.000000

Using SPARSE 1.3 as Direct Linear Solver

No. of Data Rows : 6
voa = 2.1329612834e-04
ddc = 5.5601406470e-08
dde = -5.547794894e-08
Reset re-loads circuit * comparator-offset-mc @ ss_-40c_3.30v -- generated by sim/harness, do not edit

Circuit: * comparator-offset-mc @ ss_-40c_3.30v -- generated by sim/harness, do not edit

Doing analysis at TEMP = -40.000000 and TNOM = 27.000000

Using SPARSE 1.3 as Direct Linear Solver
 Reference value :  0.00000e+00
No. of Data Rows : 6
voa = 1.3345027200e-03
ddc = -2.861766695e-07
dde = 2.8067702141e-07
Reset re-loads circuit * comparator-offset-mc @ ss_-40c_3.30v -- generated by sim/harness, do not edit

Circuit: * comparator-offset-mc @ ss_-40c_3.30v -- generated by sim/harness, do not edit

Doing analysis at TEMP = -40.000000 and TNOM = 27.000000

Using SPARSE 1.3 as Direct Linear Solver

No. of Data Rows : 6
voa = -1.321393978e-03
ddc = 3.4107630832e-07
dde = -3.293924904e-07
Reset re-loads circuit * comparator-offset-mc @ ss_-40c_3.30v -- generated by sim/harness, do not edit

Circuit: * comparator-offset-mc @ ss_-40c_3.30v -- generated by sim/harness, do not edit

Doing analysis at TEMP = -40.000000 and TNOM = 27.000000

Using SPARSE 1.3 as Direct Linear Solver

No. of Data Rows : 6
voa = 5.6662162557e-04
ddc = -1.205461849e-07
dde = 1.1824435465e-07
Reset re-loads circuit * comparator-offset-mc @ ss_-40c_3.30v -- generated by sim/harness, do not edit

Circuit: * comparator-offset-mc @ ss_-40c_3.30v -- generated by sim/harness, do not edit

Doing analysis at TEMP = -40.000000 and TNOM = 27.000000

Using SPARSE 1.3 as Direct Linear Solver

No. of Data Rows : 6
voa = -8.034923080e-05
ddc = 3.8698201641e-09
dde = -3.693625614e-09
Reset re-loads circuit * comparator-offset-mc @ ss_-40c_3.30v -- generated by sim/harness, do not edit

Circuit: * comparator-offset-mc @ ss_-40c_3.30v -- generated by sim/harness, do not edit

Doing analysis at TEMP = -40.000000 and TNOM = 27.000000

Using SPARSE 1.3 as Direct Linear Solver
 Reference value :  2.00000e-03
No. of Data Rows : 6
voa = -5.315981917e-04
ddc = 1.6804409262e-07
dde = -1.524361424e-07
Reset re-loads circuit * comparator-offset-mc @ ss_-40c_3.30v -- generated by sim/harness, do not edit

Circuit: * comparator-offset-mc @ ss_-40c_3.30v -- generated by sim/harness, do not edit

Doing analysis at TEMP = -40.000000 and TNOM = 27.000000

Using SPARSE 1.3 as Direct Linear Solver

No. of Data Rows : 6
voa = 1.2411709413e-03
ddc = -2.032701411e-07
dde = 1.9880056695e-07
Reset re-loads circuit * comparator-offset-mc @ ss_-40c_3.30v -- generated by sim/harness, do not edit

Circuit: * comparator-offset-mc @ ss_-40c_3.30v -- generated by sim/harness, do not edit

Doing analysis at TEMP = -40.000000 and TNOM = 27.000000

Using SPARSE 1.3 as Direct Linear Solver

No. of Data Rows : 6
voa = -3.558387245e-04
ddc = 6.7305497972e-08
dde = -6.596423011e-08
Reset re-loads circuit * comparator-offset-mc @ ss_-40c_3.30v -- generated by sim/harness, do not edit

Circuit: * comparator-offset-mc @ ss_-40c_3.30v -- generated by sim/harness, do not edit

Doing analysis at TEMP = -40.000000 and TNOM = 27.000000

Using SPARSE 1.3 as Direct Linear Solver

No. of Data Rows : 6
voa = -7.294138560e-04
ddc = 1.6095435571e-07
dde = -1.580529753e-07
Reset re-loads circuit * comparator-offset-mc @ ss_-40c_3.30v -- generated by sim/harness, do not edit

Circuit: * comparator-offset-mc @ ss_-40c_3.30v -- generated by sim/harness, do not edit

Doing analysis at TEMP = -40.000000 and TNOM = 27.000000

Using SPARSE 1.3 as Direct Linear Solver

No. of Data Rows : 6
voa = 5.8303794201e-04
ddc = -6.311100529e-08
dde = 6.1297845439e-08
Reset re-loads circuit * comparator-offset-mc @ ss_-40c_3.30v -- generated by sim/harness, do not edit

Circuit: * comparator-offset-mc @ ss_-40c_3.30v -- generated by sim/harness, do not edit

Doing analysis at TEMP = -40.000000 and TNOM = 27.000000

Using SPARSE 1.3 as Direct Linear Solver

No. of Data Rows : 6
voa = 2.0822989645e-05
ddc = -5.169094140e-08
dde = 5.1160126797e-08
Reset re-loads circuit * comparator-offset-mc @ ss_-40c_3.30v -- generated by sim/harness, do not edit

Circuit: * comparator-offset-mc @ ss_-40c_3.30v -- generated by sim/harness, do not edit

Doing analysis at TEMP = -40.000000 and TNOM = 27.000000

Using SPARSE 1.3 as Direct Linear Solver
 Reference value :  0.00000e+00
No. of Data Rows : 6
voa = -1.430845076e-03
ddc = 3.5186120790e-07
dde = -3.051638264e-07
Reset re-loads circuit * comparator-offset-mc @ ss_-40c_3.30v -- generated by sim/harness, do not edit

Circuit: * comparator-offset-mc @ ss_-40c_3.30v -- generated by sim/harness, do not edit

Doing analysis at TEMP = -40.000000 and TNOM = 27.000000

Using SPARSE 1.3 as Direct Linear Solver

No. of Data Rows : 6
voa = -1.110974099e-03
ddc = 3.1300904000e-07
dde = -3.003412802e-07
Reset re-loads circuit * comparator-offset-mc @ ss_-40c_3.30v -- generated by sim/harness, do not edit

Circuit: * comparator-offset-mc @ ss_-40c_3.30v -- generated by sim/harness, do not edit

Doing analysis at TEMP = -40.000000 and TNOM = 27.000000

Using SPARSE 1.3 as Direct Linear Solver

No. of Data Rows : 6
voa = -5.833754436e-04
ddc = 1.8593589541e-07
dde = -1.830501702e-07
Reset re-loads circuit * comparator-offset-mc @ ss_-40c_3.30v -- generated by sim/harness, do not edit

Circuit: * comparator-offset-mc @ ss_-40c_3.30v -- generated by sim/harness, do not edit

Doing analysis at TEMP = -40.000000 and TNOM = 27.000000

Using SPARSE 1.3 as Direct Linear Solver

No. of Data Rows : 6
voa = 8.7453290187e-05
ddc = 2.0379517828e-08
dde = -2.029153382e-08
Reset re-loads circuit * comparator-offset-mc @ ss_-40c_3.30v -- generated by sim/harness, do not edit

Circuit: * comparator-offset-mc @ ss_-40c_3.30v -- generated by sim/harness, do not edit

Doing analysis at TEMP = -40.000000 and TNOM = 27.000000

Using SPARSE 1.3 as Direct Linear Solver
 Reference value :  2.00000e-03
No. of Data Rows : 6
voa = -1.819019192e-04
ddc = -1.852340190e-08
dde = 1.8765306013e-08
Reset re-loads circuit * comparator-offset-mc @ ss_-40c_3.30v -- generated by sim/harness, do not edit

Circuit: * comparator-offset-mc @ ss_-40c_3.30v -- generated by sim/harness, do not edit

Doing analysis at TEMP = -40.000000 and TNOM = 27.000000

Using SPARSE 1.3 as Direct Linear Solver

No. of Data Rows : 6
voa = 2.1652950281e-04
ddc = -4.743235464e-09
dde = 4.2578479885e-09
Reset re-loads circuit * comparator-offset-mc @ ss_-40c_3.30v -- generated by sim/harness, do not edit

Circuit: * comparator-offset-mc @ ss_-40c_3.30v -- generated by sim/harness, do not edit

Doing analysis at TEMP = -40.000000 and TNOM = 27.000000

Using SPARSE 1.3 as Direct Linear Solver

No. of Data Rows : 6
voa = 1.8854606743e-03
ddc = -4.898587719e-07
dde = 4.8120531246e-07
Reset re-loads circuit * comparator-offset-mc @ ss_-40c_3.30v -- generated by sim/harness, do not edit

Circuit: * comparator-offset-mc @ ss_-40c_3.30v -- generated by sim/harness, do not edit

Doing analysis at TEMP = -40.000000 and TNOM = 27.000000

Using SPARSE 1.3 as Direct Linear Solver

No. of Data Rows : 6
voa = -9.810283620e-04
ddc = 2.1611693588e-07
dde = -1.760071241e-07
Reset re-loads circuit * comparator-offset-mc @ ss_-40c_3.30v -- generated by sim/harness, do not edit

Circuit: * comparator-offset-mc @ ss_-40c_3.30v -- generated by sim/harness, do not edit

Doing analysis at TEMP = -40.000000 and TNOM = 27.000000

Using SPARSE 1.3 as Direct Linear Solver

No. of Data Rows : 6
voa = 4.5306913132e-04
ddc = -9.256734103e-08
dde = 9.0740819871e-08
Reset re-loads circuit * comparator-offset-mc @ ss_-40c_3.30v -- generated by sim/harness, do not edit

Circuit: * comparator-offset-mc @ ss_-40c_3.30v -- generated by sim/harness, do not edit

Doing analysis at TEMP = -40.000000 and TNOM = 27.000000

Using SPARSE 1.3 as Direct Linear Solver
 Reference value :  0.00000e+00
No. of Data Rows : 6
voa = -1.439225543e-04
ddc = 8.9590309752e-09
dde = -8.584214054e-09
Reset re-loads circuit * comparator-offset-mc @ ss_-40c_3.30v -- generated by sim/harness, do not edit

Circuit: * comparator-offset-mc @ ss_-40c_3.30v -- generated by sim/harness, do not edit

Doing analysis at TEMP = -40.000000 and TNOM = 27.000000

Using SPARSE 1.3 as Direct Linear Solver

No. of Data Rows : 6
voa = 2.3131455529e-03
ddc = -4.149698971e-07
dde = 4.0628634322e-07
Reset re-loads circuit * comparator-offset-mc @ ss_-40c_3.30v -- generated by sim/harness, do not edit

Circuit: * comparator-offset-mc @ ss_-40c_3.30v -- generated by sim/harness, do not edit

Doing analysis at TEMP = -40.000000 and TNOM = 27.000000

Using SPARSE 1.3 as Direct Linear Solver

No. of Data Rows : 6
voa = -3.948362877e-04
ddc = 1.2516911778e-07
dde = -1.165905067e-07
Reset re-loads circuit * comparator-offset-mc @ ss_-40c_3.30v -- generated by sim/harness, do not edit

Circuit: * comparator-offset-mc @ ss_-40c_3.30v -- generated by sim/harness, do not edit

Doing analysis at TEMP = -40.000000 and TNOM = 27.000000

Using SPARSE 1.3 as Direct Linear Solver

No. of Data Rows : 6
voa = 2.8252335402e-04
ddc = -9.478057829e-09
dde = 8.7942351504e-09
Reset re-loads circuit * comparator-offset-mc @ ss_-40c_3.30v -- generated by sim/harness, do not edit

Circuit: * comparator-offset-mc @ ss_-40c_3.30v -- generated by sim/harness, do not edit

Doing analysis at TEMP = -40.000000 and TNOM = 27.000000

Using SPARSE 1.3 as Direct Linear Solver

No. of Data Rows : 6
voa = 9.5807363539e-04
ddc = -2.316905104e-07
dde = 2.2748092127e-07
Reset re-loads circuit * comparator-offset-mc @ ss_-40c_3.30v -- generated by sim/harness, do not edit

Circuit: * comparator-offset-mc @ ss_-40c_3.30v -- generated by sim/harness, do not edit

Doing analysis at TEMP = -40.000000 and TNOM = 27.000000

Using SPARSE 1.3 as Direct Linear Solver
 Reference value :  2.00000e-03
No. of Data Rows : 6
voa = 7.0284331652e-04
ddc = -1.620258688e-07
dde = 1.5764037262e-07
Reset re-loads circuit * comparator-offset-mc @ ss_-40c_3.30v -- generated by sim/harness, do not edit

Circuit: * comparator-offset-mc @ ss_-40c_3.30v -- generated by sim/harness, do not edit

Doing analysis at TEMP = -40.000000 and TNOM = 27.000000

Using SPARSE 1.3 as Direct Linear Solver

No. of Data Rows : 6
voa = -1.798816353e-03
ddc = 4.3841997983e-07
dde = -4.299967416e-07
Reset re-loads circuit * comparator-offset-mc @ ss_-40c_3.30v -- generated by sim/harness, do not edit

Circuit: * comparator-offset-mc @ ss_-40c_3.30v -- generated by sim/harness, do not edit

Doing analysis at TEMP = -40.000000 and TNOM = 27.000000

Using SPARSE 1.3 as Direct Linear Solver

No. of Data Rows : 6
voa = -4.940658879e-04
ddc = 1.3170698763e-07
dde = -1.190319366e-07
Reset re-loads circuit * comparator-offset-mc @ ss_-40c_3.30v -- generated by sim/harness, do not edit

Circuit: * comparator-offset-mc @ ss_-40c_3.30v -- generated by sim/harness, do not edit

Doing analysis at TEMP = -40.000000 and TNOM = 27.000000

Using SPARSE 1.3 as Direct Linear Solver

No. of Data Rows : 6
voa = 8.3034685564e-04
ddc = -1.034428194e-07
dde = 1.0077263344e-07
Reset re-loads circuit * comparator-offset-mc @ ss_-40c_3.30v -- generated by sim/harness, do not edit

Circuit: * comparator-offset-mc @ ss_-40c_3.30v -- generated by sim/harness, do not edit

Doing analysis at TEMP = -40.000000 and TNOM = 27.000000

Using SPARSE 1.3 as Direct Linear Solver
 Reference value :  2.00000e-03
No. of Data Rows : 6
voa = -9.143801534e-04
ddc = 2.2276063520e-07
dde = -2.187886546e-07
Reset re-loads circuit * comparator-offset-mc @ ss_-40c_3.30v -- generated by sim/harness, do not edit

Circuit: * comparator-offset-mc @ ss_-40c_3.30v -- generated by sim/harness, do not edit

Doing analysis at TEMP = -40.000000 and TNOM = 27.000000

Using SPARSE 1.3 as Direct Linear Solver

No. of Data Rows : 6
voa = -1.190235617e-03
ddc = 2.8774109643e-07
dde = -2.828682186e-07
Reset re-loads circuit * comparator-offset-mc @ ss_-40c_3.30v -- generated by sim/harness, do not edit

Circuit: * comparator-offset-mc @ ss_-40c_3.30v -- generated by sim/harness, do not edit

Doing analysis at TEMP = -40.000000 and TNOM = 27.000000

Using SPARSE 1.3 as Direct Linear Solver

No. of Data Rows : 6
voa = -1.389457837e-03
ddc = 3.2034476363e-07
dde = -3.060777848e-07
Reset re-loads circuit * comparator-offset-mc @ ss_-40c_3.30v -- generated by sim/harness, do not edit

Circuit: * comparator-offset-mc @ ss_-40c_3.30v -- generated by sim/harness, do not edit

Doing analysis at TEMP = -40.000000 and TNOM = 27.000000

Using SPARSE 1.3 as Direct Linear Solver

No. of Data Rows : 6
voa = 2.6745415326e-03
ddc = -4.819815513e-07
dde = 4.7180235030e-07
Reset re-loads circuit * comparator-offset-mc @ ss_-40c_3.30v -- generated by sim/harness, do not edit

Circuit: * comparator-offset-mc @ ss_-40c_3.30v -- generated by sim/harness, do not edit

Doing analysis at TEMP = -40.000000 and TNOM = 27.000000

Using SPARSE 1.3 as Direct Linear Solver

No. of Data Rows : 6
voa = -2.105955971e-04
ddc = -3.273810870e-08
dde = 3.2807699755e-08
Reset re-loads circuit * comparator-offset-mc @ ss_-40c_3.30v -- generated by sim/harness, do not edit

Circuit: * comparator-offset-mc @ ss_-40c_3.30v -- generated by sim/harness, do not edit

Doing analysis at TEMP = -40.000000 and TNOM = 27.000000

Using SPARSE 1.3 as Direct Linear Solver
 Reference value :  0.00000e+00
No. of Data Rows : 6
voa = 1.1066117872e-03
ddc = -2.488874202e-07
dde = 2.4159337024e-07
Reset re-loads circuit * comparator-offset-mc @ ss_-40c_3.30v -- generated by sim/harness, do not edit

Circuit: * comparator-offset-mc @ ss_-40c_3.30v -- generated by sim/harness, do not edit

Doing analysis at TEMP = -40.000000 and TNOM = 27.000000

Using SPARSE 1.3 as Direct Linear Solver

No. of Data Rows : 6
voa = -4.556304373e-04
ddc = 1.4526580037e-07
dde = -1.428420485e-07
Reset re-loads circuit * comparator-offset-mc @ ss_-40c_3.30v -- generated by sim/harness, do not edit

Circuit: * comparator-offset-mc @ ss_-40c_3.30v -- generated by sim/harness, do not edit

Doing analysis at TEMP = -40.000000 and TNOM = 27.000000

Using SPARSE 1.3 as Direct Linear Solver

No. of Data Rows : 6
voa = 5.6083650092e-05
ddc = 4.6131766041e-08
dde = -4.586380198e-08
Reset re-loads circuit * comparator-offset-mc @ ss_-40c_3.30v -- generated by sim/harness, do not edit

Circuit: * comparator-offset-mc @ ss_-40c_3.30v -- generated by sim/harness, do not edit

Doing analysis at TEMP = -40.000000 and TNOM = 27.000000

Using SPARSE 1.3 as Direct Linear Solver

No. of Data Rows : 6
voa = -5.298860590e-04
ddc = 2.0990578748e-07
dde = -2.023601498e-07
Reset re-loads circuit * comparator-offset-mc @ ss_-40c_3.30v -- generated by sim/harness, do not edit

Circuit: * comparator-offset-mc @ ss_-40c_3.30v -- generated by sim/harness, do not edit

Doing analysis at TEMP = -40.000000 and TNOM = 27.000000

Using SPARSE 1.3 as Direct Linear Solver
 Reference value :  2.00000e-03
No. of Data Rows : 6
voa = -3.702221703e-04
ddc = 9.1488495307e-08
dde = -8.989088740e-08
Reset re-loads circuit * comparator-offset-mc @ ss_-40c_3.30v -- generated by sim/harness, do not edit

Circuit: * comparator-offset-mc @ ss_-40c_3.30v -- generated by sim/harness, do not edit

Doing analysis at TEMP = -40.000000 and TNOM = 27.000000

Using SPARSE 1.3 as Direct Linear Solver

No. of Data Rows : 6
voa = 1.0446489491e-03
ddc = -2.605025452e-07
dde = 2.5588147823e-07
Reset re-loads circuit * comparator-offset-mc @ ss_-40c_3.30v -- generated by sim/harness, do not edit

Circuit: * comparator-offset-mc @ ss_-40c_3.30v -- generated by sim/harness, do not edit

Doing analysis at TEMP = -40.000000 and TNOM = 27.000000

Using SPARSE 1.3 as Direct Linear Solver

No. of Data Rows : 6
voa = 6.0590567073e-04
ddc = -1.462822360e-07
dde = 1.4356343324e-07
Reset re-loads circuit * comparator-offset-mc @ ss_-40c_3.30v -- generated by sim/harness, do not edit

Circuit: * comparator-offset-mc @ ss_-40c_3.30v -- generated by sim/harness, do not edit

Doing analysis at TEMP = -40.000000 and TNOM = 27.000000

Using SPARSE 1.3 as Direct Linear Solver

No. of Data Rows : 6
voa = -2.030252328e-04
ddc = -2.360733962e-08
dde = 2.3715222724e-08
Reset re-loads circuit * comparator-offset-mc @ ss_-40c_3.30v -- generated by sim/harness, do not edit

Circuit: * comparator-offset-mc @ ss_-40c_3.30v -- generated by sim/harness, do not edit

Doing analysis at TEMP = -40.000000 and TNOM = 27.000000

Using SPARSE 1.3 as Direct Linear Solver

No. of Data Rows : 6
voa = -6.541898886e-04
ddc = 1.4468855664e-07
dde = -1.418924663e-07
Reset re-loads circuit * comparator-offset-mc @ ss_-40c_3.30v -- generated by sim/harness, do not edit

Circuit: * comparator-offset-mc @ ss_-40c_3.30v -- generated by sim/harness, do not edit

Doing analysis at TEMP = -40.000000 and TNOM = 27.000000

Using SPARSE 1.3 as Direct Linear Solver
 Reference value :  2.00000e-03
No. of Data Rows : 6
voa = -3.006559769e-04
ddc = 1.1943733090e-07
dde = -1.177565067e-07
Reset re-loads circuit * comparator-offset-mc @ ss_-40c_3.30v -- generated by sim/harness, do not edit

Circuit: * comparator-offset-mc @ ss_-40c_3.30v -- generated by sim/harness, do not edit

Doing analysis at TEMP = -40.000000 and TNOM = 27.000000

Using SPARSE 1.3 as Direct Linear Solver

No. of Data Rows : 6
voa = 4.3875529448e-04
ddc = -9.227127063e-08
dde = 9.0447810978e-08
Reset re-loads circuit * comparator-offset-mc @ ss_-40c_3.30v -- generated by sim/harness, do not edit

Circuit: * comparator-offset-mc @ ss_-40c_3.30v -- generated by sim/harness, do not edit

Doing analysis at TEMP = -40.000000 and TNOM = 27.000000

Using SPARSE 1.3 as Direct Linear Solver

No. of Data Rows : 6
voa = -4.428345207e-04
ddc = 1.8948191366e-07
dde = -1.768856265e-07
Reset re-loads circuit * comparator-offset-mc @ ss_-40c_3.30v -- generated by sim/harness, do not edit

Circuit: * comparator-offset-mc @ ss_-40c_3.30v -- generated by sim/harness, do not edit

Doing analysis at TEMP = -40.000000 and TNOM = 27.000000

Using SPARSE 1.3 as Direct Linear Solver

No. of Data Rows : 6
voa = -8.913581527e-04
ddc = 2.3402436367e-07
dde = -2.295886297e-07
Reset re-loads circuit * comparator-offset-mc @ ss_-40c_3.30v -- generated by sim/harness, do not edit

Circuit: * comparator-offset-mc @ ss_-40c_3.30v -- generated by sim/harness, do not edit

Doing analysis at TEMP = -40.000000 and TNOM = 27.000000

Using SPARSE 1.3 as Direct Linear Solver

No. of Data Rows : 6
voa = -1.063502766e-06
ddc = 6.7683188465e-08
dde = -6.699559362e-08
Reset re-loads circuit * comparator-offset-mc @ ss_-40c_3.30v -- generated by sim/harness, do not edit

Circuit: * comparator-offset-mc @ ss_-40c_3.30v -- generated by sim/harness, do not edit

Doing analysis at TEMP = -40.000000 and TNOM = 27.000000

Using SPARSE 1.3 as Direct Linear Solver

No. of Data Rows : 6
voa = 1.5877942140e-03
ddc = -2.866053023e-07
dde = 2.8055390780e-07
Reset re-loads circuit * comparator-offset-mc @ ss_-40c_3.30v -- generated by sim/harness, do not edit

Circuit: * comparator-offset-mc @ ss_-40c_3.30v -- generated by sim/harness, do not edit

Doing analysis at TEMP = -40.000000 and TNOM = 27.000000

Using SPARSE 1.3 as Direct Linear Solver

No. of Data Rows : 6
voa = -1.829898727e-03
ddc = 4.8476192662e-07
dde = -4.763972867e-07
Reset re-loads circuit * comparator-offset-mc @ ss_-40c_3.30v -- generated by sim/harness, do not edit

Circuit: * comparator-offset-mc @ ss_-40c_3.30v -- generated by sim/harness, do not edit

Doing analysis at TEMP = -40.000000 and TNOM = 27.000000

Using SPARSE 1.3 as Direct Linear Solver
 Reference value :  2.00000e-03
No. of Data Rows : 6
voa = 9.8298598586e-04
ddc = -2.017241547e-07
dde = 1.9777089761e-07
Reset re-loads circuit * comparator-offset-mc @ ss_-40c_3.30v -- generated by sim/harness, do not edit

Circuit: * comparator-offset-mc @ ss_-40c_3.30v -- generated by sim/harness, do not edit

Doing analysis at TEMP = -40.000000 and TNOM = 27.000000

Using SPARSE 1.3 as Direct Linear Solver

No. of Data Rows : 6
voa = -4.102834447e-04
ddc = 1.3358301348e-07
dde = -1.283794016e-07
Reset re-loads circuit * comparator-offset-mc @ ss_-40c_3.30v -- generated by sim/harness, do not edit

Circuit: * comparator-offset-mc @ ss_-40c_3.30v -- generated by sim/harness, do not edit

Doing analysis at TEMP = -40.000000 and TNOM = 27.000000

Using SPARSE 1.3 as Direct Linear Solver

No. of Data Rows : 6
voa = 6.9854248098e-05
ddc = 5.9529589357e-08
dde = -5.920788783e-08
Reset re-loads circuit * comparator-offset-mc @ ss_-40c_3.30v -- generated by sim/harness, do not edit

Circuit: * comparator-offset-mc @ ss_-40c_3.30v -- generated by sim/harness, do not edit

Doing analysis at TEMP = -40.000000 and TNOM = 27.000000

Using SPARSE 1.3 as Direct Linear Solver

No. of Data Rows : 6
voa = -1.631415554e-04
ddc = 1.6060330339e-08
dde = -1.563191223e-08
Reset re-loads circuit * comparator-offset-mc @ ss_-40c_3.30v -- generated by sim/harness, do not edit

Circuit: * comparator-offset-mc @ ss_-40c_3.30v -- generated by sim/harness, do not edit

Doing analysis at TEMP = -40.000000 and TNOM = 27.000000

Using SPARSE 1.3 as Direct Linear Solver

No. of Data Rows : 6
voa = 3.7956325331e-04
ddc = -9.979105356e-08
dde = 9.8058502303e-08
Reset re-loads circuit * comparator-offset-mc @ ss_-40c_3.30v -- generated by sim/harness, do not edit

Circuit: * comparator-offset-mc @ ss_-40c_3.30v -- generated by sim/harness, do not edit

Doing analysis at TEMP = -40.000000 and TNOM = 27.000000

Using SPARSE 1.3 as Direct Linear Solver

No. of Data Rows : 6
voa = -1.212583041e-04
ddc = 1.3832872004e-08
dde = -1.338416293e-08
Reset re-loads circuit * comparator-offset-mc @ ss_-40c_3.30v -- generated by sim/harness, do not edit

Circuit: * comparator-offset-mc @ ss_-40c_3.30v -- generated by sim/harness, do not edit

Doing analysis at TEMP = -40.000000 and TNOM = 27.000000

Using SPARSE 1.3 as Direct Linear Solver
 Reference value :  0.00000e+00
No. of Data Rows : 6
voa = -1.042685250e-03
ddc = 2.7942362582e-07
dde = -2.459988197e-07
Reset re-loads circuit * comparator-offset-mc @ ss_-40c_3.30v -- generated by sim/harness, do not edit

Circuit: * comparator-offset-mc @ ss_-40c_3.30v -- generated by sim/harness, do not edit

Doing analysis at TEMP = -40.000000 and TNOM = 27.000000

Using SPARSE 1.3 as Direct Linear Solver

No. of Data Rows : 6
voa = 1.1560396922e-03
ddc = -2.484540428e-07
dde = 2.4361719866e-07
Reset re-loads circuit * comparator-offset-mc @ ss_-40c_3.30v -- generated by sim/harness, do not edit

Circuit: * comparator-offset-mc @ ss_-40c_3.30v -- generated by sim/harness, do not edit

Doing analysis at TEMP = -40.000000 and TNOM = 27.000000

Using SPARSE 1.3 as Direct Linear Solver

No. of Data Rows : 6
voa = 4.2227808003e-05
ddc = 3.0298981943e-08
dde = -3.011017867e-08
Reset re-loads circuit * comparator-offset-mc @ ss_-40c_3.30v -- generated by sim/harness, do not edit

Circuit: * comparator-offset-mc @ ss_-40c_3.30v -- generated by sim/harness, do not edit

Doing analysis at TEMP = -40.000000 and TNOM = 27.000000

Using SPARSE 1.3 as Direct Linear Solver

No. of Data Rows : 6
voa = 3.6969942403e-04
ddc = -2.409878639e-08
dde = 2.3143217965e-08
Reset re-loads circuit * comparator-offset-mc @ ss_-40c_3.30v -- generated by sim/harness, do not edit

Circuit: * comparator-offset-mc @ ss_-40c_3.30v -- generated by sim/harness, do not edit

Doing analysis at TEMP = -40.000000 and TNOM = 27.000000

Using SPARSE 1.3 as Direct Linear Solver
 Reference value :  2.00000e-03
No. of Data Rows : 6
voa = 1.9765480659e-05
ddc = 2.8627218456e-08
dde = -2.838102875e-08
Reset re-loads circuit * comparator-offset-mc @ ss_-40c_3.30v -- generated by sim/harness, do not edit

Circuit: * comparator-offset-mc @ ss_-40c_3.30v -- generated by sim/harness, do not edit

Doing analysis at TEMP = -40.000000 and TNOM = 27.000000

Using SPARSE 1.3 as Direct Linear Solver

No. of Data Rows : 6
voa = -1.281221138e-03
ddc = 3.1884635891e-07
dde = -3.087113051e-07
Reset re-loads circuit * comparator-offset-mc @ ss_-40c_3.30v -- generated by sim/harness, do not edit

Circuit: * comparator-offset-mc @ ss_-40c_3.30v -- generated by sim/harness, do not edit

Doing analysis at TEMP = -40.000000 and TNOM = 27.000000

Using SPARSE 1.3 as Direct Linear Solver

No. of Data Rows : 6
voa = 1.3556246409e-04
ddc = -1.258400195e-07
dde = 1.2428046955e-07
Reset re-loads circuit * comparator-offset-mc @ ss_-40c_3.30v -- generated by sim/harness, do not edit

Circuit: * comparator-offset-mc @ ss_-40c_3.30v -- generated by sim/harness, do not edit

Doing analysis at TEMP = -40.000000 and TNOM = 27.000000

Using SPARSE 1.3 as Direct Linear Solver

No. of Data Rows : 6
voa = 1.1036459574e-03
ddc = -2.439629098e-07
dde = 2.3936111379e-07
Reset re-loads circuit * comparator-offset-mc @ ss_-40c_3.30v -- generated by sim/harness, do not edit

Circuit: * comparator-offset-mc @ ss_-40c_3.30v -- generated by sim/harness, do not edit

Doing analysis at TEMP = -40.000000 and TNOM = 27.000000

Using SPARSE 1.3 as Direct Linear Solver

No. of Data Rows : 6
voa = -4.598192816e-04
ddc = 7.4992552781e-08
dde = -7.331637908e-08
Reset re-loads circuit * comparator-offset-mc @ ss_-40c_3.30v -- generated by sim/harness, do not edit

Circuit: * comparator-offset-mc @ ss_-40c_3.30v -- generated by sim/harness, do not edit

Doing analysis at TEMP = -40.000000 and TNOM = 27.000000

Using SPARSE 1.3 as Direct Linear Solver
 Reference value :  2.00000e-03
No. of Data Rows : 6
voa = 2.0696570829e-04
ddc = -6.043764958e-08
dde = 5.9466654670e-08
Reset re-loads circuit * comparator-offset-mc @ ss_-40c_3.30v -- generated by sim/harness, do not edit

Circuit: * comparator-offset-mc @ ss_-40c_3.30v -- generated by sim/harness, do not edit

Doing analysis at TEMP = -40.000000 and TNOM = 27.000000

Using SPARSE 1.3 as Direct Linear Solver

No. of Data Rows : 6
voa = -4.039114192e-04
ddc = 3.7917260831e-08
dde = -3.668103444e-08
Reset re-loads circuit * comparator-offset-mc @ ss_-40c_3.30v -- generated by sim/harness, do not edit

Circuit: * comparator-offset-mc @ ss_-40c_3.30v -- generated by sim/harness, do not edit

Doing analysis at TEMP = -40.000000 and TNOM = 27.000000

Using SPARSE 1.3 as Direct Linear Solver

No. of Data Rows : 6
voa = 1.2092589545e-04
ddc = 1.7053994887e-08
dde = -1.713971700e-08
Reset re-loads circuit * comparator-offset-mc @ ss_-40c_3.30v -- generated by sim/harness, do not edit

Circuit: * comparator-offset-mc @ ss_-40c_3.30v -- generated by sim/harness, do not edit

Doing analysis at TEMP = -40.000000 and TNOM = 27.000000

Using SPARSE 1.3 as Direct Linear Solver

No. of Data Rows : 6
voa = 8.7308101272e-04
ddc = -1.378179367e-07
dde = 1.3438249308e-07
Reset re-loads circuit * comparator-offset-mc @ ss_-40c_3.30v -- generated by sim/harness, do not edit

Circuit: * comparator-offset-mc @ ss_-40c_3.30v -- generated by sim/harness, do not edit

Doing analysis at TEMP = -40.000000 and TNOM = 27.000000

Using SPARSE 1.3 as Direct Linear Solver
 Reference value :  2.00000e-03
No. of Data Rows : 6
voa = -2.749509362e-04
ddc = 8.9123445593e-08
dde = -8.763387211e-08
Reset re-loads circuit * comparator-offset-mc @ ss_-40c_3.30v -- generated by sim/harness, do not edit

Circuit: * comparator-offset-mc @ ss_-40c_3.30v -- generated by sim/harness, do not edit

Doing analysis at TEMP = -40.000000 and TNOM = 27.000000

Using SPARSE 1.3 as Direct Linear Solver

No. of Data Rows : 6
voa = 1.0874227336e-03
ddc = -2.705432644e-07
dde = 2.6565097314e-07
Reset re-loads circuit * comparator-offset-mc @ ss_-40c_3.30v -- generated by sim/harness, do not edit

Circuit: * comparator-offset-mc @ ss_-40c_3.30v -- generated by sim/harness, do not edit

Doing analysis at TEMP = -40.000000 and TNOM = 27.000000

Using SPARSE 1.3 as Direct Linear Solver

No. of Data Rows : 6
voa = 7.6239251137e-04
ddc = -1.190682954e-07
dde = 1.1638276904e-07
Reset re-loads circuit * comparator-offset-mc @ ss_-40c_3.30v -- generated by sim/harness, do not edit

Circuit: * comparator-offset-mc @ ss_-40c_3.30v -- generated by sim/harness, do not edit

Doing analysis at TEMP = -40.000000 and TNOM = 27.000000

Using SPARSE 1.3 as Direct Linear Solver

No. of Data Rows : 6
voa = 4.8179607348e-04
ddc = -9.880448956e-08
dde = 9.6808066214e-08
Reset re-loads circuit * comparator-offset-mc @ ss_-40c_3.30v -- generated by sim/harness, do not edit

Circuit: * comparator-offset-mc @ ss_-40c_3.30v -- generated by sim/harness, do not edit

Doing analysis at TEMP = -40.000000 and TNOM = 27.000000

Using SPARSE 1.3 as Direct Linear Solver

No. of Data Rows : 6
voa = 8.0296781980e-04
ddc = -2.318524980e-07
dde = 2.2796739184e-07
Reset re-loads circuit * comparator-offset-mc @ ss_-40c_3.30v -- generated by sim/harness, do not edit

Circuit: * comparator-offset-mc @ ss_-40c_3.30v -- generated by sim/harness, do not edit

Doing analysis at TEMP = -40.000000 and TNOM = 27.000000

Using SPARSE 1.3 as Direct Linear Solver
 Reference value :  0.00000e+00
No. of Data Rows : 6
voa = 4.0542074547e-06
ddc = 3.1381980426e-08
dde = -3.107807770e-08
Reset re-loads circuit * comparator-offset-mc @ ss_-40c_3.30v -- generated by sim/harness, do not edit

Circuit: * comparator-offset-mc @ ss_-40c_3.30v -- generated by sim/harness, do not edit

Doing analysis at TEMP = -40.000000 and TNOM = 27.000000

Using SPARSE 1.3 as Direct Linear Solver

No. of Data Rows : 6
voa = -1.460342191e-03
ddc = 3.1219728375e-07
dde = -3.063976975e-07
Reset re-loads circuit * comparator-offset-mc @ ss_-40c_3.30v -- generated by sim/harness, do not edit

Circuit: * comparator-offset-mc @ ss_-40c_3.30v -- generated by sim/harness, do not edit

Doing analysis at TEMP = -40.000000 and TNOM = 27.000000

Using SPARSE 1.3 as Direct Linear Solver

No. of Data Rows : 6
voa = 1.0387027668e-03
ddc = -2.148408573e-07
dde = 2.1063489794e-07
Reset re-loads circuit * comparator-offset-mc @ ss_-40c_3.30v -- generated by sim/harness, do not edit

Circuit: * comparator-offset-mc @ ss_-40c_3.30v -- generated by sim/harness, do not edit

Doing analysis at TEMP = -40.000000 and TNOM = 27.000000

Using SPARSE 1.3 as Direct Linear Solver

No. of Data Rows : 6
voa = -1.579284951e-03
ddc = 2.0410401222e-07
dde = -1.990198395e-07
Reset re-loads circuit * comparator-offset-mc @ ss_-40c_3.30v -- generated by sim/harness, do not edit

Circuit: * comparator-offset-mc @ ss_-40c_3.30v -- generated by sim/harness, do not edit

Doing analysis at TEMP = -40.000000 and TNOM = 27.000000

Using SPARSE 1.3 as Direct Linear Solver
 Reference value :  2.00000e-03
No. of Data Rows : 6
voa = 2.4298830292e-03
ddc = -5.641814147e-07
dde = 5.5376028288e-07
Reset re-loads circuit * comparator-offset-mc @ ss_-40c_3.30v -- generated by sim/harness, do not edit

Circuit: * comparator-offset-mc @ ss_-40c_3.30v -- generated by sim/harness, do not edit

Doing analysis at TEMP = -40.000000 and TNOM = 27.000000

Using SPARSE 1.3 as Direct Linear Solver

No. of Data Rows : 6
voa = -1.591572553e-04
ddc = 6.8667948206e-08
dde = -6.772616631e-08
Reset re-loads circuit * comparator-offset-mc @ ss_-40c_3.30v -- generated by sim/harness, do not edit

Circuit: * comparator-offset-mc @ ss_-40c_3.30v -- generated by sim/harness, do not edit

Doing analysis at TEMP = -40.000000 and TNOM = 27.000000

Using SPARSE 1.3 as Direct Linear Solver

No. of Data Rows : 6
voa = -3.976461011e-04
ddc = 1.2143469571e-08
dde = -1.121454201e-08
Reset re-loads circuit * comparator-offset-mc @ ss_-40c_3.30v -- generated by sim/harness, do not edit

Circuit: * comparator-offset-mc @ ss_-40c_3.30v -- generated by sim/harness, do not edit

Doing analysis at TEMP = -40.000000 and TNOM = 27.000000

Using SPARSE 1.3 as Direct Linear Solver

No. of Data Rows : 6
voa = -6.092560325e-04
ddc = 1.2287808974e-07
dde = -1.170992833e-07
Reset re-loads circuit * comparator-offset-mc @ ss_-40c_3.30v -- generated by sim/harness, do not edit

Circuit: * comparator-offset-mc @ ss_-40c_3.30v -- generated by sim/harness, do not edit

Doing analysis at TEMP = -40.000000 and TNOM = 27.000000

Using SPARSE 1.3 as Direct Linear Solver

No. of Data Rows : 6
voa = -1.744205680e-03
ddc = 3.3766057875e-07
dde = -3.308792020e-07
Reset re-loads circuit * comparator-offset-mc @ ss_-40c_3.30v -- generated by sim/harness, do not edit

Circuit: * comparator-offset-mc @ ss_-40c_3.30v -- generated by sim/harness, do not edit

Doing analysis at TEMP = -40.000000 and TNOM = 27.000000

Using SPARSE 1.3 as Direct Linear Solver
 Reference value :  2.00000e-03
No. of Data Rows : 6
voa = -4.089988265e-04
ddc = 8.7968834371e-08
dde = -8.633103288e-08
Reset re-loads circuit * comparator-offset-mc @ ss_-40c_3.30v -- generated by sim/harness, do not edit

Circuit: * comparator-offset-mc @ ss_-40c_3.30v -- generated by sim/harness, do not edit

Doing analysis at TEMP = -40.000000 and TNOM = 27.000000

Using SPARSE 1.3 as Direct Linear Solver

No. of Data Rows : 6
voa = -8.340299593e-05
ddc = 1.5537427826e-08
dde = -1.526623026e-08
Reset re-loads circuit * comparator-offset-mc @ ss_-40c_3.30v -- generated by sim/harness, do not edit

Circuit: * comparator-offset-mc @ ss_-40c_3.30v -- generated by sim/harness, do not edit

Doing analysis at TEMP = -40.000000 and TNOM = 27.000000

Using SPARSE 1.3 as Direct Linear Solver

No. of Data Rows : 6
voa = 1.6274483381e-03
ddc = -3.864712244e-07
dde = 3.7943965483e-07
Reset re-loads circuit * comparator-offset-mc @ ss_-40c_3.30v -- generated by sim/harness, do not edit

Circuit: * comparator-offset-mc @ ss_-40c_3.30v -- generated by sim/harness, do not edit

Doing analysis at TEMP = -40.000000 and TNOM = 27.000000

Using SPARSE 1.3 as Direct Linear Solver

No. of Data Rows : 6
voa = -1.991286856e-04
ddc = 1.3551936953e-07
dde = -1.337688321e-07
Reset re-loads circuit * comparator-offset-mc @ ss_-40c_3.30v -- generated by sim/harness, do not edit

Circuit: * comparator-offset-mc @ ss_-40c_3.30v -- generated by sim/harness, do not edit

Doing analysis at TEMP = -40.000000 and TNOM = 27.000000

Using SPARSE 1.3 as Direct Linear Solver

No. of Data Rows : 6
voa = -7.267752697e-04
ddc = 1.6682242222e-07
dde = -1.587799720e-07
Reset re-loads circuit * comparator-offset-mc @ ss_-40c_3.30v -- generated by sim/harness, do not edit

Circuit: * comparator-offset-mc @ ss_-40c_3.30v -- generated by sim/harness, do not edit

Doing analysis at TEMP = -40.000000 and TNOM = 27.000000

Using SPARSE 1.3 as Direct Linear Solver
 Reference value :  0.00000e+00
No. of Data Rows : 6
voa = -7.956553386e-04
ddc = 1.3340523372e-07
dde = -1.305845070e-07
Reset re-loads circuit * comparator-offset-mc @ ss_-40c_3.30v -- generated by sim/harness, do not edit

Circuit: * comparator-offset-mc @ ss_-40c_3.30v -- generated by sim/harness, do not edit

Doing analysis at TEMP = -40.000000 and TNOM = 27.000000

Using SPARSE 1.3 as Direct Linear Solver

No. of Data Rows : 6
voa = -5.522226666e-04
ddc = 1.4909170238e-07
dde = -1.420060369e-07
Reset re-loads circuit * comparator-offset-mc @ ss_-40c_3.30v -- generated by sim/harness, do not edit

Circuit: * comparator-offset-mc @ ss_-40c_3.30v -- generated by sim/harness, do not edit

Doing analysis at TEMP = -40.000000 and TNOM = 27.000000

Using SPARSE 1.3 as Direct Linear Solver

No. of Data Rows : 6
voa = 8.3433884886e-04
ddc = -1.802463560e-07
dde = 1.7679871599e-07
Reset re-loads circuit * comparator-offset-mc @ ss_-40c_3.30v -- generated by sim/harness, do not edit

Circuit: * comparator-offset-mc @ ss_-40c_3.30v -- generated by sim/harness, do not edit

Doing analysis at TEMP = -40.000000 and TNOM = 27.000000

Using SPARSE 1.3 as Direct Linear Solver

No. of Data Rows : 6
voa = -1.938656359e-04
ddc = 8.4399116164e-08
dde = -7.928953059e-08
Reset re-loads circuit * comparator-offset-mc @ ss_-40c_3.30v -- generated by sim/harness, do not edit

Circuit: * comparator-offset-mc @ ss_-40c_3.30v -- generated by sim/harness, do not edit

Doing analysis at TEMP = -40.000000 and TNOM = 27.000000

Using SPARSE 1.3 as Direct Linear Solver
 Reference value :  0.00000e+00
No. of Data Rows : 6
voa = 1.0165222028e-03
ddc = -2.754188233e-07
dde = 2.7065368508e-07
Reset re-loads circuit * comparator-offset-mc @ ss_-40c_3.30v -- generated by sim/harness, do not edit

Circuit: * comparator-offset-mc @ ss_-40c_3.30v -- generated by sim/harness, do not edit

Doing analysis at TEMP = -40.000000 and TNOM = 27.000000

Using SPARSE 1.3 as Direct Linear Solver

No. of Data Rows : 6
voa = 6.1935861545e-04
ddc = -1.622813320e-07
dde = 1.6022167703e-07
Reset re-loads circuit * comparator-offset-mc @ ss_-40c_3.30v -- generated by sim/harness, do not edit

Circuit: * comparator-offset-mc @ ss_-40c_3.30v -- generated by sim/harness, do not edit

Doing analysis at TEMP = -40.000000 and TNOM = 27.000000

Using SPARSE 1.3 as Direct Linear Solver

No. of Data Rows : 6
voa = -2.427227375e-04
ddc = 1.0801225601e-07
dde = -1.008992312e-07
Reset re-loads circuit * comparator-offset-mc @ ss_-40c_3.30v -- generated by sim/harness, do not edit

Circuit: * comparator-offset-mc @ ss_-40c_3.30v -- generated by sim/harness, do not edit

Doing analysis at TEMP = -40.000000 and TNOM = 27.000000

Using SPARSE 1.3 as Direct Linear Solver

No. of Data Rows : 6
voa = 2.2645313110e-03
ddc = -4.083611854e-07
dde = 3.9970922797e-07
Reset re-loads circuit * comparator-offset-mc @ ss_-40c_3.30v -- generated by sim/harness, do not edit

Circuit: * comparator-offset-mc @ ss_-40c_3.30v -- generated by sim/harness, do not edit

Doing analysis at TEMP = -40.000000 and TNOM = 27.000000

Using SPARSE 1.3 as Direct Linear Solver
 Reference value :  0.00000e+00
No. of Data Rows : 6
voa = -6.478289133e-04
ddc = 2.0135582461e-07
dde = -1.981732388e-07
Reset re-loads circuit * comparator-offset-mc @ ss_-40c_3.30v -- generated by sim/harness, do not edit

Circuit: * comparator-offset-mc @ ss_-40c_3.30v -- generated by sim/harness, do not edit

Doing analysis at TEMP = -40.000000 and TNOM = 27.000000

Using SPARSE 1.3 as Direct Linear Solver

No. of Data Rows : 6
voa = 2.2457909501e-04
ddc = -2.834686292e-08
dde = 2.7614887114e-08
Reset re-loads circuit * comparator-offset-mc @ ss_-40c_3.30v -- generated by sim/harness, do not edit

Circuit: * comparator-offset-mc @ ss_-40c_3.30v -- generated by sim/harness, do not edit

Doing analysis at TEMP = -40.000000 and TNOM = 27.000000

Using SPARSE 1.3 as Direct Linear Solver

No. of Data Rows : 6
voa = 3.3455168178e-04
ddc = -3.410797234e-08
dde = 3.3102776786e-08
Reset re-loads circuit * comparator-offset-mc @ ss_-40c_3.30v -- generated by sim/harness, do not edit

Circuit: * comparator-offset-mc @ ss_-40c_3.30v -- generated by sim/harness, do not edit

Doing analysis at TEMP = -40.000000 and TNOM = 27.000000

Using SPARSE 1.3 as Direct Linear Solver

No. of Data Rows : 6
voa = 5.2061819385e-04
ddc = -1.365549649e-07
dde = 1.3414529005e-07
Reset re-loads circuit * comparator-offset-mc @ ss_-40c_3.30v -- generated by sim/harness, do not edit

Circuit: * comparator-offset-mc @ ss_-40c_3.30v -- generated by sim/harness, do not edit

Doing analysis at TEMP = -40.000000 and TNOM = 27.000000

Using SPARSE 1.3 as Direct Linear Solver
 Reference value :  2.00000e-03
No. of Data Rows : 6
voa = 1.8464344736e-03
ddc = -4.063114929e-07
dde = 3.9857730187e-07
Reset re-loads circuit * comparator-offset-mc @ ss_-40c_3.30v -- generated by sim/harness, do not edit

Circuit: * comparator-offset-mc @ ss_-40c_3.30v -- generated by sim/harness, do not edit

Doing analysis at TEMP = -40.000000 and TNOM = 27.000000

Using SPARSE 1.3 as Direct Linear Solver

No. of Data Rows : 6
voa = -8.989718921e-04
ddc = 2.1645006295e-07
dde = -2.126706016e-07
Reset re-loads circuit * comparator-offset-mc @ ss_-40c_3.30v -- generated by sim/harness, do not edit

Circuit: * comparator-offset-mc @ ss_-40c_3.30v -- generated by sim/harness, do not edit

Doing analysis at TEMP = -40.000000 and TNOM = 27.000000

Using SPARSE 1.3 as Direct Linear Solver

No. of Data Rows : 6
voa = 1.0192910290e-03
ddc = -2.904286653e-07
dde = 2.8549616968e-07
Reset re-loads circuit * comparator-offset-mc @ ss_-40c_3.30v -- generated by sim/harness, do not edit

Circuit: * comparator-offset-mc @ ss_-40c_3.30v -- generated by sim/harness, do not edit

Doing analysis at TEMP = -40.000000 and TNOM = 27.000000

Using SPARSE 1.3 as Direct Linear Solver

No. of Data Rows : 6
voa = 9.2240911279e-04
ddc = -2.382011856e-07
dde = 2.3403383507e-07
Reset re-loads circuit * comparator-offset-mc @ ss_-40c_3.30v -- generated by sim/harness, do not edit

Circuit: * comparator-offset-mc @ ss_-40c_3.30v -- generated by sim/harness, do not edit

Doing analysis at TEMP = -40.000000 and TNOM = 27.000000

Using SPARSE 1.3 as Direct Linear Solver

No. of Data Rows : 6
voa = 2.4242733396e-04
ddc = -5.717389447e-08
dde = 5.6179240519e-08
Reset re-loads circuit * comparator-offset-mc @ ss_-40c_3.30v -- generated by sim/harness, do not edit

Circuit: * comparator-offset-mc @ ss_-40c_3.30v -- generated by sim/harness, do not edit

Doing analysis at TEMP = -40.000000 and TNOM = 27.000000

Using SPARSE 1.3 as Direct Linear Solver
 Reference value :  0.00000e+00
No. of Data Rows : 6
voa = 4.7112773532e-04
ddc = -3.252975900e-08
dde = 3.1237349575e-08
Reset re-loads circuit * comparator-offset-mc @ ss_-40c_3.30v -- generated by sim/harness, do not edit

Circuit: * comparator-offset-mc @ ss_-40c_3.30v -- generated by sim/harness, do not edit

Doing analysis at TEMP = -40.000000 and TNOM = 27.000000

Using SPARSE 1.3 as Direct Linear Solver

No. of Data Rows : 6
voa = 5.9393840894e-04
ddc = -1.972604091e-07
dde = 1.9415819129e-07
Reset re-loads circuit * comparator-offset-mc @ ss_-40c_3.30v -- generated by sim/harness, do not edit

Circuit: * comparator-offset-mc @ ss_-40c_3.30v -- generated by sim/harness, do not edit

Doing analysis at TEMP = -40.000000 and TNOM = 27.000000

Using SPARSE 1.3 as Direct Linear Solver

No. of Data Rows : 6
voa = 1.7120363305e-03
ddc = -2.982973164e-07
dde = 2.9184408182e-07
Reset re-loads circuit * comparator-offset-mc @ ss_-40c_3.30v -- generated by sim/harness, do not edit

Circuit: * comparator-offset-mc @ ss_-40c_3.30v -- generated by sim/harness, do not edit

Doing analysis at TEMP = -40.000000 and TNOM = 27.000000

Using SPARSE 1.3 as Direct Linear Solver

No. of Data Rows : 6
voa = -1.436192595e-03
ddc = 2.4656333974e-07
dde = -2.309567077e-07
Reset re-loads circuit * comparator-offset-mc @ ss_-40c_3.30v -- generated by sim/harness, do not edit

Circuit: * comparator-offset-mc @ ss_-40c_3.30v -- generated by sim/harness, do not edit

Doing analysis at TEMP = -40.000000 and TNOM = 27.000000

Using SPARSE 1.3 as Direct Linear Solver
 Reference value :  0.00000e+00
No. of Data Rows : 6
voa = -5.147283058e-05
ddc = 9.8832175371e-10
dde = -8.978608996e-10
Reset re-loads circuit * comparator-offset-mc @ ss_-40c_3.30v -- generated by sim/harness, do not edit

Circuit: * comparator-offset-mc @ ss_-40c_3.30v -- generated by sim/harness, do not edit

Doing analysis at TEMP = -40.000000 and TNOM = 27.000000

Using SPARSE 1.3 as Direct Linear Solver

No. of Data Rows : 6
voa = -4.779795971e-04
ddc = 5.8278966589e-08
dde = -5.666562106e-08
Reset re-loads circuit * comparator-offset-mc @ ss_-40c_3.30v -- generated by sim/harness, do not edit

Circuit: * comparator-offset-mc @ ss_-40c_3.30v -- generated by sim/harness, do not edit

Doing analysis at TEMP = -40.000000 and TNOM = 27.000000

Using SPARSE 1.3 as Direct Linear Solver

No. of Data Rows : 6
voa = -1.795596051e-03
ddc = 3.5277797562e-07
dde = -3.462311653e-07
Reset re-loads circuit * comparator-offset-mc @ ss_-40c_3.30v -- generated by sim/harness, do not edit

Circuit: * comparator-offset-mc @ ss_-40c_3.30v -- generated by sim/harness, do not edit

Doing analysis at TEMP = -40.000000 and TNOM = 27.000000

Using SPARSE 1.3 as Direct Linear Solver

No. of Data Rows : 6
voa = 7.8004140177e-04
ddc = -1.524557198e-07
dde = 1.4938441298e-07
Reset re-loads circuit * comparator-offset-mc @ ss_-40c_3.30v -- generated by sim/harness, do not edit

Circuit: * comparator-offset-mc @ ss_-40c_3.30v -- generated by sim/harness, do not edit

Doing analysis at TEMP = -40.000000 and TNOM = 27.000000

Using SPARSE 1.3 as Direct Linear Solver
 Reference value :  2.00000e-03
No. of Data Rows : 6
voa = -3.164500543e-04
ddc = -5.543598740e-08
dde = 5.5652572813e-08
Reset re-loads circuit * comparator-offset-mc @ ss_-40c_3.30v -- generated by sim/harness, do not edit

Circuit: * comparator-offset-mc @ ss_-40c_3.30v -- generated by sim/harness, do not edit

Doing analysis at TEMP = -40.000000 and TNOM = 27.000000

Using SPARSE 1.3 as Direct Linear Solver

No. of Data Rows : 6
voa = 2.0993908856e-04
ddc = -3.114627615e-09
dde = 7.8857929651e-10
Reset re-loads circuit * comparator-offset-mc @ ss_-40c_3.30v -- generated by sim/harness, do not edit

Circuit: * comparator-offset-mc @ ss_-40c_3.30v -- generated by sim/harness, do not edit

Doing analysis at TEMP = -40.000000 and TNOM = 27.000000

Using SPARSE 1.3 as Direct Linear Solver

No. of Data Rows : 6
voa = -1.731376805e-03
ddc = 4.0256662235e-07
dde = -3.940403562e-07
Reset re-loads circuit * comparator-offset-mc @ ss_-40c_3.30v -- generated by sim/harness, do not edit

Circuit: * comparator-offset-mc @ ss_-40c_3.30v -- generated by sim/harness, do not edit

Doing analysis at TEMP = -40.000000 and TNOM = 27.000000

Using SPARSE 1.3 as Direct Linear Solver

No. of Data Rows : 6
voa = -5.699954807e-04
ddc = 6.9086116399e-08
dde = -6.721277045e-08
Reset re-loads circuit * comparator-offset-mc @ ss_-40c_3.30v -- generated by sim/harness, do not edit

Circuit: * comparator-offset-mc @ ss_-40c_3.30v -- generated by sim/harness, do not edit

Doing analysis at TEMP = -40.000000 and TNOM = 27.000000

Using SPARSE 1.3 as Direct Linear Solver
 Reference value :  0.00000e+00
No. of Data Rows : 6
voa = 9.8210581788e-04
ddc = -2.607863763e-07
dde = 2.5624925254e-07
Reset re-loads circuit * comparator-offset-mc @ ss_-40c_3.30v -- generated by sim/harness, do not edit

Circuit: * comparator-offset-mc @ ss_-40c_3.30v -- generated by sim/harness, do not edit

Doing analysis at TEMP = -40.000000 and TNOM = 27.000000

Using SPARSE 1.3 as Direct Linear Solver

No. of Data Rows : 6
voa = 1.3883978523e-03
ddc = -2.655622173e-07
dde = 2.6010353098e-07
Reset re-loads circuit * comparator-offset-mc @ ss_-40c_3.30v -- generated by sim/harness, do not edit

Circuit: * comparator-offset-mc @ ss_-40c_3.30v -- generated by sim/harness, do not edit

Doing analysis at TEMP = -40.000000 and TNOM = 27.000000

Using SPARSE 1.3 as Direct Linear Solver

No. of Data Rows : 6
voa = -1.447272092e-04
ddc = 5.0067205906e-08
dde = -4.926945479e-08
Reset re-loads circuit * comparator-offset-mc @ ss_-40c_3.30v -- generated by sim/harness, do not edit

Circuit: * comparator-offset-mc @ ss_-40c_3.30v -- generated by sim/harness, do not edit

Doing analysis at TEMP = -40.000000 and TNOM = 27.000000

Using SPARSE 1.3 as Direct Linear Solver

No. of Data Rows : 6
voa = -2.175625872e-04
ddc = 3.8288701100e-08
dde = -3.748146372e-08
Reset re-loads circuit * comparator-offset-mc @ ss_-40c_3.30v -- generated by sim/harness, do not edit

Circuit: * comparator-offset-mc @ ss_-40c_3.30v -- generated by sim/harness, do not edit

Doing analysis at TEMP = -40.000000 and TNOM = 27.000000

Using SPARSE 1.3 as Direct Linear Solver

No. of Data Rows : 6
voa = 4.5400246126e-04
ddc = -1.010927149e-07
dde = 9.9234206200e-08
Reset re-loads circuit * comparator-offset-mc @ ss_-40c_3.30v -- generated by sim/harness, do not edit

Circuit: * comparator-offset-mc @ ss_-40c_3.30v -- generated by sim/harness, do not edit

Doing analysis at TEMP = -40.000000 and TNOM = 27.000000

Using SPARSE 1.3 as Direct Linear Solver
 Reference value :  0.00000e+00
No. of Data Rows : 6
voa = 7.6418782517e-04
ddc = -1.512481517e-07
dde = 1.4818761689e-07
Reset re-loads circuit * comparator-offset-mc @ ss_-40c_3.30v -- generated by sim/harness, do not edit

Circuit: * comparator-offset-mc @ ss_-40c_3.30v -- generated by sim/harness, do not edit

Doing analysis at TEMP = -40.000000 and TNOM = 27.000000

Using SPARSE 1.3 as Direct Linear Solver

No. of Data Rows : 6
voa = -7.140380579e-04
ddc = 1.9164412595e-07
dde = -1.791775065e-07
Reset re-loads circuit * comparator-offset-mc @ ss_-40c_3.30v -- generated by sim/harness, do not edit

Circuit: * comparator-offset-mc @ ss_-40c_3.30v -- generated by sim/harness, do not edit

Doing analysis at TEMP = -40.000000 and TNOM = 27.000000

Using SPARSE 1.3 as Direct Linear Solver

No. of Data Rows : 6
voa = -4.289398140e-05
ddc = -6.284325506e-08
dde = 6.2250852329e-08
Reset re-loads circuit * comparator-offset-mc @ ss_-40c_3.30v -- generated by sim/harness, do not edit

Circuit: * comparator-offset-mc @ ss_-40c_3.30v -- generated by sim/harness, do not edit

Doing analysis at TEMP = -40.000000 and TNOM = 27.000000

Using SPARSE 1.3 as Direct Linear Solver

No. of Data Rows : 6
voa = -6.020289905e-05
ddc = 5.4972315144e-08
dde = -5.440040681e-08
Reset re-loads circuit * comparator-offset-mc @ ss_-40c_3.30v -- generated by sim/harness, do not edit

Circuit: * comparator-offset-mc @ ss_-40c_3.30v -- generated by sim/harness, do not edit

Doing analysis at TEMP = -40.000000 and TNOM = 27.000000

Using SPARSE 1.3 as Direct Linear Solver
 Reference value :  0.00000e+00
No. of Data Rows : 6
voa = -3.692916834e-04
ddc = 1.4733473207e-07
dde = -1.452536574e-07
Reset re-loads circuit * comparator-offset-mc @ ss_-40c_3.30v -- generated by sim/harness, do not edit

Circuit: * comparator-offset-mc @ ss_-40c_3.30v -- generated by sim/harness, do not edit

Doing analysis at TEMP = -40.000000 and TNOM = 27.000000

Using SPARSE 1.3 as Direct Linear Solver

No. of Data Rows : 6
voa = -2.300090181e-04
ddc = 5.2761816744e-08
dde = -5.170725158e-08
Reset re-loads circuit * comparator-offset-mc @ ss_-40c_3.30v -- generated by sim/harness, do not edit

Circuit: * comparator-offset-mc @ ss_-40c_3.30v -- generated by sim/harness, do not edit

Doing analysis at TEMP = -40.000000 and TNOM = 27.000000

Using SPARSE 1.3 as Direct Linear Solver

No. of Data Rows : 6
voa = -1.611753255e-03
ddc = 3.3183745623e-07
dde = -3.251818226e-07
Reset re-loads circuit * comparator-offset-mc @ ss_-40c_3.30v -- generated by sim/harness, do not edit

Circuit: * comparator-offset-mc @ ss_-40c_3.30v -- generated by sim/harness, do not edit

Doing analysis at TEMP = -40.000000 and TNOM = 27.000000

Using SPARSE 1.3 as Direct Linear Solver

No. of Data Rows : 6
voa = 9.9880773652e-04
ddc = -1.140245155e-07
dde = 1.1084370063e-07
Reset re-loads circuit * comparator-offset-mc @ ss_-40c_3.30v -- generated by sim/harness, do not edit

Circuit: * comparator-offset-mc @ ss_-40c_3.30v -- generated by sim/harness, do not edit

Doing analysis at TEMP = -40.000000 and TNOM = 27.000000

Using SPARSE 1.3 as Direct Linear Solver
 Reference value :  0.00000e+00
No. of Data Rows : 6
voa = 1.2635602179e-03
ddc = -2.172440014e-07
dde = 2.1252034617e-07
Reset re-loads circuit * comparator-offset-mc @ ss_-40c_3.30v -- generated by sim/harness, do not edit

Circuit: * comparator-offset-mc @ ss_-40c_3.30v -- generated by sim/harness, do not edit

Doing analysis at TEMP = -40.000000 and TNOM = 27.000000

Using SPARSE 1.3 as Direct Linear Solver

No. of Data Rows : 6
voa = 2.2085568774e-04
ddc = -7.841422503e-08
dde = 7.7145072750e-08
Reset re-loads circuit * comparator-offset-mc @ ss_-40c_3.30v -- generated by sim/harness, do not edit

Circuit: * comparator-offset-mc @ ss_-40c_3.30v -- generated by sim/harness, do not edit

Doing analysis at TEMP = -40.000000 and TNOM = 27.000000

Using SPARSE 1.3 as Direct Linear Solver

No. of Data Rows : 6
voa = -4.861900826e-04
ddc = 1.5400160414e-07
dde = -1.515505949e-07
Reset re-loads circuit * comparator-offset-mc @ ss_-40c_3.30v -- generated by sim/harness, do not edit

Circuit: * comparator-offset-mc @ ss_-40c_3.30v -- generated by sim/harness, do not edit

Doing analysis at TEMP = -40.000000 and TNOM = 27.000000

Using SPARSE 1.3 as Direct Linear Solver

No. of Data Rows : 6
voa = 1.1360529254e-03
ddc = -2.753269934e-07
dde = 2.7028652362e-07
Reset re-loads circuit * comparator-offset-mc @ ss_-40c_3.30v -- generated by sim/harness, do not edit

Circuit: * comparator-offset-mc @ ss_-40c_3.30v -- generated by sim/harness, do not edit

Doing analysis at TEMP = -40.000000 and TNOM = 27.000000

Using SPARSE 1.3 as Direct Linear Solver
 Reference value :  2.00000e-03
No. of Data Rows : 6
voa = 4.2163570106e-04
ddc = -1.280006360e-07
dde = 1.2584235863e-07
Reset re-loads circuit * comparator-offset-mc @ ss_-40c_3.30v -- generated by sim/harness, do not edit

Circuit: * comparator-offset-mc @ ss_-40c_3.30v -- generated by sim/harness, do not edit

Doing analysis at TEMP = -40.000000 and TNOM = 27.000000

Using SPARSE 1.3 as Direct Linear Solver

No. of Data Rows : 6
voa = 2.3971505312e-04
ddc = -2.836186847e-08
dde = 2.7611371406e-08
Reset re-loads circuit * comparator-offset-mc @ ss_-40c_3.30v -- generated by sim/harness, do not edit

Circuit: * comparator-offset-mc @ ss_-40c_3.30v -- generated by sim/harness, do not edit

Doing analysis at TEMP = -40.000000 and TNOM = 27.000000

Using SPARSE 1.3 as Direct Linear Solver

No. of Data Rows : 6
voa = -6.580758518e-04
ddc = 1.0936779754e-07
dde = -1.069975636e-07
Reset re-loads circuit * comparator-offset-mc @ ss_-40c_3.30v -- generated by sim/harness, do not edit

Circuit: * comparator-offset-mc @ ss_-40c_3.30v -- generated by sim/harness, do not edit

Doing analysis at TEMP = -40.000000 and TNOM = 27.000000

Using SPARSE 1.3 as Direct Linear Solver

No. of Data Rows : 6
voa = -1.894861261e-03
ddc = 4.5857176315e-07
dde = -4.412652633e-07
Reset re-loads circuit * comparator-offset-mc @ ss_-40c_3.30v -- generated by sim/harness, do not edit

Circuit: * comparator-offset-mc @ ss_-40c_3.30v -- generated by sim/harness, do not edit

Doing analysis at TEMP = -40.000000 and TNOM = 27.000000

Using SPARSE 1.3 as Direct Linear Solver

No. of Data Rows : 6
voa = -2.124964987e-04
ddc = 4.0174691104e-08
dde = -3.932675796e-08
Reset re-loads circuit * comparator-offset-mc @ ss_-40c_3.30v -- generated by sim/harness, do not edit

Circuit: * comparator-offset-mc @ ss_-40c_3.30v -- generated by sim/harness, do not edit

Doing analysis at TEMP = -40.000000 and TNOM = 27.000000

Using SPARSE 1.3 as Direct Linear Solver
 Reference value :  0.00000e+00
No. of Data Rows : 6
voa = 4.9767979945e-06
ddc = 1.1796770985e-07
dde = -1.168550830e-07
Reset re-loads circuit * comparator-offset-mc @ ss_-40c_3.30v -- generated by sim/harness, do not edit

Circuit: * comparator-offset-mc @ ss_-40c_3.30v -- generated by sim/harness, do not edit

Doing analysis at TEMP = -40.000000 and TNOM = 27.000000

Using SPARSE 1.3 as Direct Linear Solver

No. of Data Rows : 6
voa = -8.712033520e-04
ddc = 2.1342250986e-07
dde = -2.088416653e-07
Reset re-loads circuit * comparator-offset-mc @ ss_-40c_3.30v -- generated by sim/harness, do not edit

Circuit: * comparator-offset-mc @ ss_-40c_3.30v -- generated by sim/harness, do not edit

Doing analysis at TEMP = -40.000000 and TNOM = 27.000000

Using SPARSE 1.3 as Direct Linear Solver

No. of Data Rows : 6
voa = -8.611982078e-04
ddc = 2.2988856508e-07
dde = -2.253113214e-07
Reset re-loads circuit * comparator-offset-mc @ ss_-40c_3.30v -- generated by sim/harness, do not edit

Circuit: * comparator-offset-mc @ ss_-40c_3.30v -- generated by sim/harness, do not edit

Doing analysis at TEMP = -40.000000 and TNOM = 27.000000

Using SPARSE 1.3 as Direct Linear Solver

No. of Data Rows : 6
voa = 1.3105328246e-03
ddc = -2.866098504e-07
dde = 2.8116736009e-07
Reset re-loads circuit * comparator-offset-mc @ ss_-40c_3.30v -- generated by sim/harness, do not edit

Circuit: * comparator-offset-mc @ ss_-40c_3.30v -- generated by sim/harness, do not edit

Doing analysis at TEMP = -40.000000 and TNOM = 27.000000

Using SPARSE 1.3 as Direct Linear Solver
 Reference value :  0.00000e+00
No. of Data Rows : 6
voa = -8.129326286e-04
ddc = 1.8888252716e-07
dde = -1.853307721e-07
Reset re-loads circuit * comparator-offset-mc @ ss_-40c_3.30v -- generated by sim/harness, do not edit

Circuit: * comparator-offset-mc @ ss_-40c_3.30v -- generated by sim/harness, do not edit

Doing analysis at TEMP = -40.000000 and TNOM = 27.000000

Using SPARSE 1.3 as Direct Linear Solver

No. of Data Rows : 6
voa = 4.7411187893e-04
ddc = -1.064567497e-08
dde = 9.5861526897e-09
Reset re-loads circuit * comparator-offset-mc @ ss_-40c_3.30v -- generated by sim/harness, do not edit

Circuit: * comparator-offset-mc @ ss_-40c_3.30v -- generated by sim/harness, do not edit

Doing analysis at TEMP = -40.000000 and TNOM = 27.000000

Using SPARSE 1.3 as Direct Linear Solver

No. of Data Rows : 6
voa = -4.569609018e-04
ddc = 1.1780382526e-07
dde = -1.047602674e-07
Reset re-loads circuit * comparator-offset-mc @ ss_-40c_3.30v -- generated by sim/harness, do not edit

Circuit: * comparator-offset-mc @ ss_-40c_3.30v -- generated by sim/harness, do not edit

Doing analysis at TEMP = -40.000000 and TNOM = 27.000000

Using SPARSE 1.3 as Direct Linear Solver

No. of Data Rows : 6
voa = -2.054801848e-03
ddc = 5.0486737375e-07
dde = -4.886410740e-07
Reset re-loads circuit * comparator-offset-mc @ ss_-40c_3.30v -- generated by sim/harness, do not edit

Circuit: * comparator-offset-mc @ ss_-40c_3.30v -- generated by sim/harness, do not edit

Doing analysis at TEMP = -40.000000 and TNOM = 27.000000

Using SPARSE 1.3 as Direct Linear Solver
 Reference value :  0.00000e+00
No. of Data Rows : 6
voa = -8.794953993e-04
ddc = 2.3685860788e-07
dde = -2.329870103e-07
Reset re-loads circuit * comparator-offset-mc @ ss_-40c_3.30v -- generated by sim/harness, do not edit

Circuit: * comparator-offset-mc @ ss_-40c_3.30v -- generated by sim/harness, do not edit

Doing analysis at TEMP = -40.000000 and TNOM = 27.000000

Using SPARSE 1.3 as Direct Linear Solver

No. of Data Rows : 6
voa = 8.4519740294e-04
ddc = -1.635906804e-07
dde = 1.6033616745e-07
Reset re-loads circuit * comparator-offset-mc @ ss_-40c_3.30v -- generated by sim/harness, do not edit

Circuit: * comparator-offset-mc @ ss_-40c_3.30v -- generated by sim/harness, do not edit

Doing analysis at TEMP = -40.000000 and TNOM = 27.000000

Using SPARSE 1.3 as Direct Linear Solver

No. of Data Rows : 6
voa = -7.040000818e-04
ddc = 5.5715634446e-08
dde = -5.378250508e-08
Reset re-loads circuit * comparator-offset-mc @ ss_-40c_3.30v -- generated by sim/harness, do not edit

Circuit: * comparator-offset-mc @ ss_-40c_3.30v -- generated by sim/harness, do not edit

Doing analysis at TEMP = -40.000000 and TNOM = 27.000000

Using SPARSE 1.3 as Direct Linear Solver
 Reference value :  2.00000e-03
No. of Data Rows : 6
voa = -5.052116089e-04
ddc = 2.1459967360e-07
dde = -2.106846884e-07
Reset re-loads circuit * comparator-offset-mc @ ss_-40c_3.30v -- generated by sim/harness, do not edit

Circuit: * comparator-offset-mc @ ss_-40c_3.30v -- generated by sim/harness, do not edit

Doing analysis at TEMP = -40.000000 and TNOM = 27.000000

Using SPARSE 1.3 as Direct Linear Solver

No. of Data Rows : 6
voa = -1.969995589e-04
ddc = 6.4882566477e-08
dde = -6.389011358e-08
Reset re-loads circuit * comparator-offset-mc @ ss_-40c_3.30v -- generated by sim/harness, do not edit

Circuit: * comparator-offset-mc @ ss_-40c_3.30v -- generated by sim/harness, do not edit

Doing analysis at TEMP = -40.000000 and TNOM = 27.000000

Using SPARSE 1.3 as Direct Linear Solver

No. of Data Rows : 6
voa = 5.0949896731e-04
ddc = -1.181049920e-07
dde = 1.1588921243e-07
Reset re-loads circuit * comparator-offset-mc @ ss_-40c_3.30v -- generated by sim/harness, do not edit

Circuit: * comparator-offset-mc @ ss_-40c_3.30v -- generated by sim/harness, do not edit

Doing analysis at TEMP = -40.000000 and TNOM = 27.000000

Using SPARSE 1.3 as Direct Linear Solver

No. of Data Rows : 6
voa = 5.5720301418e-04
ddc = -1.441873102e-07
dde = 1.4162690406e-07
Reset re-loads circuit * comparator-offset-mc @ ss_-40c_3.30v -- generated by sim/harness, do not edit

Circuit: * comparator-offset-mc @ ss_-40c_3.30v -- generated by sim/harness, do not edit

Doing analysis at TEMP = -40.000000 and TNOM = 27.000000

Using SPARSE 1.3 as Direct Linear Solver
 Reference value :  2.00000e-03
No. of Data Rows : 6
voa = 7.3657413869e-04
ddc = -1.604601594e-07
dde = 1.5739530509e-07
Reset re-loads circuit * comparator-offset-mc @ ss_-40c_3.30v -- generated by sim/harness, do not edit

Circuit: * comparator-offset-mc @ ss_-40c_3.30v -- generated by sim/harness, do not edit

Doing analysis at TEMP = -40.000000 and TNOM = 27.000000

Using SPARSE 1.3 as Direct Linear Solver

No. of Data Rows : 6
voa = -1.383282835e-03
ddc = 3.1227251663e-07
dde = -3.064983678e-07
Reset re-loads circuit * comparator-offset-mc @ ss_-40c_3.30v -- generated by sim/harness, do not edit

Circuit: * comparator-offset-mc @ ss_-40c_3.30v -- generated by sim/harness, do not edit

Doing analysis at TEMP = -40.000000 and TNOM = 27.000000

Using SPARSE 1.3 as Direct Linear Solver

No. of Data Rows : 6
voa = -1.260160790e-03
ddc = 2.9752867870e-07
dde = -2.916145295e-07
Reset re-loads circuit * comparator-offset-mc @ ss_-40c_3.30v -- generated by sim/harness, do not edit

Circuit: * comparator-offset-mc @ ss_-40c_3.30v -- generated by sim/harness, do not edit

Doing analysis at TEMP = -40.000000 and TNOM = 27.000000

Using SPARSE 1.3 as Direct Linear Solver

No. of Data Rows : 6
voa = 9.9672082017e-05
ddc = 1.2625921390e-08
dde = -1.268562762e-08
Reset re-loads circuit * comparator-offset-mc @ ss_-40c_3.30v -- generated by sim/harness, do not edit

Circuit: * comparator-offset-mc @ ss_-40c_3.30v -- generated by sim/harness, do not edit

Doing analysis at TEMP = -40.000000 and TNOM = 27.000000

Using SPARSE 1.3 as Direct Linear Solver

No. of Data Rows : 6
voa = 7.6813631107e-04
ddc = -2.372353579e-07
dde = 2.3341323663e-07
Reset re-loads circuit * comparator-offset-mc @ ss_-40c_3.30v -- generated by sim/harness, do not edit

Circuit: * comparator-offset-mc @ ss_-40c_3.30v -- generated by sim/harness, do not edit

Doing analysis at TEMP = -40.000000 and TNOM = 27.000000

Using SPARSE 1.3 as Direct Linear Solver

No. of Data Rows : 6
voa = -5.142950044e-04
ddc = 1.2861793121e-07
dde = -1.235338347e-07
Reset re-loads circuit * comparator-offset-mc @ ss_-40c_3.30v -- generated by sim/harness, do not edit

Circuit: * comparator-offset-mc @ ss_-40c_3.30v -- generated by sim/harness, do not edit

Doing analysis at TEMP = -40.000000 and TNOM = 27.000000

Using SPARSE 1.3 as Direct Linear Solver
 Reference value :  0.00000e+00
No. of Data Rows : 6
voa = 7.3270896344e-04
ddc = -1.049699702e-07
dde = 1.0242039022e-07
Reset re-loads circuit * comparator-offset-mc @ ss_-40c_3.30v -- generated by sim/harness, do not edit

Circuit: * comparator-offset-mc @ ss_-40c_3.30v -- generated by sim/harness, do not edit

Doing analysis at TEMP = -40.000000 and TNOM = 27.000000

Using SPARSE 1.3 as Direct Linear Solver

No. of Data Rows : 6
voa = 1.3524078128e-03
ddc = -2.871679329e-07
dde = 2.8158444100e-07
Reset re-loads circuit * comparator-offset-mc @ ss_-40c_3.30v -- generated by sim/harness, do not edit

Circuit: * comparator-offset-mc @ ss_-40c_3.30v -- generated by sim/harness, do not edit

Doing analysis at TEMP = -40.000000 and TNOM = 27.000000

Using SPARSE 1.3 as Direct Linear Solver

No. of Data Rows : 6
voa = -1.520668222e-04
ddc = -2.050809273e-08
dde = 2.0633049463e-08
Reset re-loads circuit * comparator-offset-mc @ ss_-40c_3.30v -- generated by sim/harness, do not edit

Circuit: * comparator-offset-mc @ ss_-40c_3.30v -- generated by sim/harness, do not edit

Doing analysis at TEMP = -40.000000 and TNOM = 27.000000

Using SPARSE 1.3 as Direct Linear Solver

No. of Data Rows : 6
voa = -1.092562184e-03
ddc = 2.3316157470e-07
dde = -2.280006034e-07
Reset re-loads circuit * comparator-offset-mc @ ss_-40c_3.30v -- generated by sim/harness, do not edit

Circuit: * comparator-offset-mc @ ss_-40c_3.30v -- generated by sim/harness, do not edit

Doing analysis at TEMP = -40.000000 and TNOM = 27.000000

Using SPARSE 1.3 as Direct Linear Solver

No. of Data Rows : 6
voa = -3.778364251e-04
ddc = 9.4571998162e-08
dde = -8.392462653e-08
Reset re-loads circuit * comparator-offset-mc @ ss_-40c_3.30v -- generated by sim/harness, do not edit

Circuit: * comparator-offset-mc @ ss_-40c_3.30v -- generated by sim/harness, do not edit

Doing analysis at TEMP = -40.000000 and TNOM = 27.000000

Using SPARSE 1.3 as Direct Linear Solver

No. of Data Rows : 6
voa = 2.5657847039e-03
ddc = -6.257200839e-07
dde = 6.1428482103e-07
Reset re-loads circuit * comparator-offset-mc @ ss_-40c_3.30v -- generated by sim/harness, do not edit

Circuit: * comparator-offset-mc @ ss_-40c_3.30v -- generated by sim/harness, do not edit

Doing analysis at TEMP = -40.000000 and TNOM = 27.000000

Using SPARSE 1.3 as Direct Linear Solver
 Reference value :  0.00000e+00
No. of Data Rows : 6
voa = 1.4284689203e-04
ddc = 3.0265822813e-08
dde = -3.023792525e-08
Reset re-loads circuit * comparator-offset-mc @ ss_-40c_3.30v -- generated by sim/harness, do not edit

Circuit: * comparator-offset-mc @ ss_-40c_3.30v -- generated by sim/harness, do not edit

Doing analysis at TEMP = -40.000000 and TNOM = 27.000000

Using SPARSE 1.3 as Direct Linear Solver

No. of Data Rows : 6
voa = 6.6425671544e-04
ddc = -1.918150584e-07
dde = 1.8857125051e-07
Reset re-loads circuit * comparator-offset-mc @ ss_-40c_3.30v -- generated by sim/harness, do not edit

Circuit: * comparator-offset-mc @ ss_-40c_3.30v -- generated by sim/harness, do not edit

Doing analysis at TEMP = -40.000000 and TNOM = 27.000000

Using SPARSE 1.3 as Direct Linear Solver

No. of Data Rows : 6
voa = -1.241446442e-03
ddc = 3.0107731725e-07
dde = -2.850730515e-07
Reset re-loads circuit * comparator-offset-mc @ ss_-40c_3.30v -- generated by sim/harness, do not edit

Circuit: * comparator-offset-mc @ ss_-40c_3.30v -- generated by sim/harness, do not edit

Doing analysis at TEMP = -40.000000 and TNOM = 27.000000

Using SPARSE 1.3 as Direct Linear Solver
 Reference value :  0.00000e+00
No. of Data Rows : 6
voa = -3.415038538e-04
ddc = 1.4190243658e-07
dde = -1.304566493e-07
Reset re-loads circuit * comparator-offset-mc @ ss_-40c_3.30v -- generated by sim/harness, do not edit

Circuit: * comparator-offset-mc @ ss_-40c_3.30v -- generated by sim/harness, do not edit

Doing analysis at TEMP = -40.000000 and TNOM = 27.000000

Using SPARSE 1.3 as Direct Linear Solver

No. of Data Rows : 6
voa = -7.866739481e-04
ddc = 1.8421982776e-07
dde = -1.807700294e-07
Reset re-loads circuit * comparator-offset-mc @ ss_-40c_3.30v -- generated by sim/harness, do not edit

Circuit: * comparator-offset-mc @ ss_-40c_3.30v -- generated by sim/harness, do not edit

Doing analysis at TEMP = -40.000000 and TNOM = 27.000000

Using SPARSE 1.3 as Direct Linear Solver

No. of Data Rows : 6
voa = -1.294127832e-03
ddc = 2.9613687314e-07
dde = -2.773505456e-07
Reset re-loads circuit * comparator-offset-mc @ ss_-40c_3.30v -- generated by sim/harness, do not edit

Circuit: * comparator-offset-mc @ ss_-40c_3.30v -- generated by sim/harness, do not edit

Doing analysis at TEMP = -40.000000 and TNOM = 27.000000

Using SPARSE 1.3 as Direct Linear Solver

No. of Data Rows : 6
voa = 1.4228927481e-03
ddc = -3.331613952e-07
dde = 3.2701333522e-07
Reset re-loads circuit * comparator-offset-mc @ ss_-40c_3.30v -- generated by sim/harness, do not edit

Circuit: * comparator-offset-mc @ ss_-40c_3.30v -- generated by sim/harness, do not edit

Doing analysis at TEMP = -40.000000 and TNOM = 27.000000

Using SPARSE 1.3 as Direct Linear Solver
 Reference value :  0.00000e+00
No. of Data Rows : 6
voa = 8.6252482587e-04
ddc = -1.719729884e-07
dde = 1.6850428398e-07
Reset re-loads circuit * comparator-offset-mc @ ss_-40c_3.30v -- generated by sim/harness, do not edit

Circuit: * comparator-offset-mc @ ss_-40c_3.30v -- generated by sim/harness, do not edit

Doing analysis at TEMP = -40.000000 and TNOM = 27.000000

Using SPARSE 1.3 as Direct Linear Solver

No. of Data Rows : 6
voa = 6.3905602209e-05
ddc = -5.938282310e-08
dde = 5.8573545227e-08
Reset re-loads circuit * comparator-offset-mc @ ss_-40c_3.30v -- generated by sim/harness, do not edit

Circuit: * comparator-offset-mc @ ss_-40c_3.30v -- generated by sim/harness, do not edit

Doing analysis at TEMP = -40.000000 and TNOM = 27.000000

Using SPARSE 1.3 as Direct Linear Solver

No. of Data Rows : 6
voa = 7.9249944168e-04
ddc = -1.898224981e-07
dde = 1.8640508773e-07
Reset re-loads circuit * comparator-offset-mc @ ss_-40c_3.30v -- generated by sim/harness, do not edit

Circuit: * comparator-offset-mc @ ss_-40c_3.30v -- generated by sim/harness, do not edit

Doing analysis at TEMP = -40.000000 and TNOM = 27.000000

Using SPARSE 1.3 as Direct Linear Solver

No. of Data Rows : 6
voa = 1.6527275004e-06
ddc = -9.798028154e-09
dde = 9.7638267022e-09
Reset re-loads circuit * comparator-offset-mc @ ss_-40c_3.30v -- generated by sim/harness, do not edit

Circuit: * comparator-offset-mc @ ss_-40c_3.30v -- generated by sim/harness, do not edit

Doing analysis at TEMP = -40.000000 and TNOM = 27.000000

Using SPARSE 1.3 as Direct Linear Solver
 Reference value :  2.00000e-03
No. of Data Rows : 6
voa = 8.9108399855e-04
ddc = -1.616230877e-07
dde = 1.5827900187e-07
Reset re-loads circuit * comparator-offset-mc @ ss_-40c_3.30v -- generated by sim/harness, do not edit

Circuit: * comparator-offset-mc @ ss_-40c_3.30v -- generated by sim/harness, do not edit

Doing analysis at TEMP = -40.000000 and TNOM = 27.000000

Using SPARSE 1.3 as Direct Linear Solver

No. of Data Rows : 6
voa = 3.7836248171e-04
ddc = -6.624008196e-08
dde = 6.4840282359e-08
Reset re-loads circuit * comparator-offset-mc @ ss_-40c_3.30v -- generated by sim/harness, do not edit

Circuit: * comparator-offset-mc @ ss_-40c_3.30v -- generated by sim/harness, do not edit

Doing analysis at TEMP = -40.000000 and TNOM = 27.000000

Using SPARSE 1.3 as Direct Linear Solver

No. of Data Rows : 6
voa = 1.7745723093e-03
ddc = -3.452116375e-07
dde = 3.3822159771e-07
Reset re-loads circuit * comparator-offset-mc @ ss_-40c_3.30v -- generated by sim/harness, do not edit

Circuit: * comparator-offset-mc @ ss_-40c_3.30v -- generated by sim/harness, do not edit

Doing analysis at TEMP = -40.000000 and TNOM = 27.000000

Using SPARSE 1.3 as Direct Linear Solver

No. of Data Rows : 6
voa = -4.249558187e-04
ddc = 1.9297146001e-07
dde = -1.870263095e-07
Reset re-loads circuit * comparator-offset-mc @ ss_-40c_3.30v -- generated by sim/harness, do not edit

Circuit: * comparator-offset-mc @ ss_-40c_3.30v -- generated by sim/harness, do not edit

Doing analysis at TEMP = -40.000000 and TNOM = 27.000000

Using SPARSE 1.3 as Direct Linear Solver

No. of Data Rows : 6
voa = 3.5859004779e-04
ddc = -3.991265562e-08
dde = 3.8758233389e-08
Reset re-loads circuit * comparator-offset-mc @ ss_-40c_3.30v -- generated by sim/harness, do not edit

Circuit: * comparator-offset-mc @ ss_-40c_3.30v -- generated by sim/harness, do not edit

Doing analysis at TEMP = -40.000000 and TNOM = 27.000000

Using SPARSE 1.3 as Direct Linear Solver

No. of Data Rows : 6
voa = -5.082752345e-04
ddc = 9.7192361215e-08
dde = -9.532789040e-08
Reset re-loads circuit * comparator-offset-mc @ ss_-40c_3.30v -- generated by sim/harness, do not edit

Circuit: * comparator-offset-mc @ ss_-40c_3.30v -- generated by sim/harness, do not edit

Doing analysis at TEMP = -40.000000 and TNOM = 27.000000

Using SPARSE 1.3 as Direct Linear Solver

No. of Data Rows : 6
voa = 3.4183768460e-04
ddc = -1.037952773e-07
dde = 1.0210708700e-07
Reset re-loads circuit * comparator-offset-mc @ ss_-40c_3.30v -- generated by sim/harness, do not edit

Circuit: * comparator-offset-mc @ ss_-40c_3.30v -- generated by sim/harness, do not edit

Doing analysis at TEMP = -40.000000 and TNOM = 27.000000

Using SPARSE 1.3 as Direct Linear Solver
 Reference value :  2.00000e-03
No. of Data Rows : 6
voa = -8.760677547e-05
ddc = 6.6181367059e-08
dde = -6.532420120e-08
Reset re-loads circuit * comparator-offset-mc @ ss_-40c_3.30v -- generated by sim/harness, do not edit

Circuit: * comparator-offset-mc @ ss_-40c_3.30v -- generated by sim/harness, do not edit

Doing analysis at TEMP = -40.000000 and TNOM = 27.000000

Using SPARSE 1.3 as Direct Linear Solver

No. of Data Rows : 6
voa = -2.058308067e-04
ddc = 2.2925939410e-08
dde = -2.230487200e-08
Reset re-loads circuit * comparator-offset-mc @ ss_-40c_3.30v -- generated by sim/harness, do not edit

Circuit: * comparator-offset-mc @ ss_-40c_3.30v -- generated by sim/harness, do not edit

Doing analysis at TEMP = -40.000000 and TNOM = 27.000000

Using SPARSE 1.3 as Direct Linear Solver

No. of Data Rows : 6
voa = 1.2619875377e-03
ddc = -3.055767992e-07
dde = 3.0004173524e-07
m_n_samples = 2.0000000000e+02
m_sig_vos_mv = 9.3382235948e-01
m_vos_3sig_mv = 2.8014670784e+00
m_mean_vos_uv = 6.7419529971e+01
m_mean_vos_sem = 1.0210251734e+00
m_sig_dvos_dn_uv = 2.1056603206e-01
m_sig_dvos_up_uv = 2.0490763797e-01
m_mean_dvos_dn_uv = -3.844481505e-03
m_mean_dvos_up_uv = 5.1605953411e-03
m_av_mean = 2.6421625190e+01
m_av_sigma_pct = 6.3964131277e-01
m_sig_rpair_uv = 0.0000000000e+00
m_vbias_anchor_mv = 1.1290277080e+03
Note: Simulation executed from .control section 

Warning: m=xx on .subckt line will override multiplier m hierarchy!

Note: Starting dynamic gmin stepping
Note: Dynamic gmin stepping completed
Note: Starting dynamic gmin stepping
Note: Dynamic gmin stepping completed
Note: Starting dynamic gmin stepping
Note: Dynamic gmin stepping completed
Note: Starting dynamic gmin stepping
Note: Dynamic gmin stepping completed
Note: Starting dynamic gmin stepping
Note: Dynamic gmin stepping completed
Note: Starting dynamic gmin stepping
Note: Dynamic gmin stepping completed
Note: Starting dynamic gmin stepping
Note: Dynamic gmin stepping completed
Note: Starting dynamic gmin stepping
Note: Dynamic gmin stepping completed
Note: Starting dynamic gmin stepping
Note: Dynamic gmin stepping completed
Note: Starting dynamic gmin stepping
Note: Dynamic gmin stepping completed
Note: Starting dynamic gmin stepping
Note: Dynamic gmin stepping completed
Note: Starting dynamic gmin stepping
Note: Dynamic gmin stepping completed
Note: Starting dynamic gmin stepping
Note: Dynamic gmin stepping completed
Note: Starting dynamic gmin stepping
Note: Dynamic gmin stepping completed
Note: Starting dynamic gmin stepping
Note: Dynamic gmin stepping completed
Note: Starting dynamic gmin stepping
Note: Dynamic gmin stepping completed
Note: Starting dynamic gmin stepping
Note: Dynamic gmin stepping completed
Note: Starting dynamic gmin stepping
Note: Dynamic gmin stepping completed
Note: Starting dynamic gmin stepping
Note: Dynamic gmin stepping completed
Note: Starting dynamic gmin stepping
Note: Dynamic gmin stepping completed
Note: Starting dynamic gmin stepping
Note: Dynamic gmin stepping completed
Note: Starting dynamic gmin stepping
Note: Dynamic gmin stepping completed
Note: Starting dynamic gmin stepping
Note: Dynamic gmin stepping completed
Note: Starting dynamic gmin stepping
Note: Dynamic gmin stepping completed
Note: Starting dynamic gmin stepping
Note: Dynamic gmin stepping completed
Note: Starting dynamic gmin stepping
Note: Dynamic gmin stepping completed
Note: Starting dynamic gmin stepping
Note: Dynamic gmin stepping completed
Note: Starting dynamic gmin stepping
Note: Dynamic gmin stepping completed
Note: Starting dynamic gmin stepping
Note: Dynamic gmin stepping completed
Note: Starting dynamic gmin stepping
Note: Dynamic gmin stepping completed
Note: Starting dynamic gmin stepping
Note: Dynamic gmin stepping completed
Note: Starting dynamic gmin stepping
Note: Dynamic gmin stepping completed
Note: Starting dynamic gmin stepping
Note: Dynamic gmin stepping completed
Note: Starting dynamic gmin stepping
Note: Dynamic gmin stepping completed
Note: Starting dynamic gmin stepping
Note: Dynamic gmin stepping completed
Note: Starting dynamic gmin stepping
Note: Dynamic gmin stepping completed
Note: Starting dynamic gmin stepping
Note: Dynamic gmin stepping completed
Note: Starting dynamic gmin stepping
Note: Dynamic gmin stepping completed
Note: Starting dynamic gmin stepping
Note: Dynamic gmin stepping completed
Note: Starting dynamic gmin stepping
Note: Dynamic gmin stepping completed
Note: Starting dynamic gmin stepping
Note: Dynamic gmin stepping completed
Note: Starting dynamic gmin stepping
Note: Dynamic gmin stepping completed
Note: Starting dynamic gmin stepping
Note: Dynamic gmin stepping completed
Note: Starting dynamic gmin stepping
Note: Dynamic gmin stepping completed
Note: Starting dynamic gmin stepping
Note: Dynamic gmin stepping completed
Note: Starting dynamic gmin stepping
Note: Dynamic gmin stepping completed
Note: Starting dynamic gmin stepping
Note: Dynamic gmin stepping completed
Note: Starting dynamic gmin stepping
Note: Dynamic gmin stepping completed
Note: Starting dynamic gmin stepping
Note: Dynamic gmin stepping completed
Note: Starting dynamic gmin stepping
Note: Dynamic gmin stepping completed
Note: Starting dynamic gmin stepping
Note: Dynamic gmin stepping completed
Note: Starting dynamic gmin stepping
Note: Dynamic gmin stepping completed
Note: Starting dynamic gmin stepping
Note: Dynamic gmin stepping completed
Note: Starting dynamic gmin stepping
Note: Dynamic gmin stepping completed
Note: Starting dynamic gmin stepping
Note: Dynamic gmin stepping completed
Note: Starting dynamic gmin stepping
Note: Dynamic gmin stepping completed
Note: Starting dynamic gmin stepping
Note: Dynamic gmin stepping completed
Note: Starting dynamic gmin stepping
Note: Dynamic gmin stepping completed
Note: Starting dynamic gmin stepping
Note: Dynamic gmin stepping completed
Note: Starting dynamic gmin stepping
Note: Dynamic gmin stepping completed
Note: Starting dynamic gmin stepping
Note: Dynamic gmin stepping completed
Note: Starting dynamic gmin stepping
Note: Dynamic gmin stepping completed
Note: Starting dynamic gmin stepping
Note: Dynamic gmin stepping completed
Note: Starting dynamic gmin stepping
Note: Dynamic gmin stepping completed
Note: Starting dynamic gmin stepping
Note: Dynamic gmin stepping completed
Note: Starting dynamic gmin stepping
Note: Dynamic gmin stepping completed
Note: Starting dynamic gmin stepping
Note: Dynamic gmin stepping completed
Note: Starting dynamic gmin stepping
Note: Dynamic gmin stepping completed
Note: Starting dynamic gmin stepping
Note: Dynamic gmin stepping completed
Note: Starting dynamic gmin stepping
Note: Dynamic gmin stepping completed
Note: Starting dynamic gmin stepping
Note: Dynamic gmin stepping completed
Note: Starting dynamic gmin stepping
Note: Dynamic gmin stepping completed
Note: Starting dynamic gmin stepping
Note: Dynamic gmin stepping completed
Note: Starting dynamic gmin stepping
Note: Dynamic gmin stepping completed
Note: Starting dynamic gmin stepping
Note: Dynamic gmin stepping completed
Note: Starting dynamic gmin stepping
Note: Dynamic gmin stepping completed
Note: Starting dynamic gmin stepping
Note: Dynamic gmin stepping completed
Note: Starting dynamic gmin stepping
Note: Dynamic gmin stepping completed
Note: Starting dynamic gmin stepping
Note: Dynamic gmin stepping completed
Note: Starting dynamic gmin stepping
Note: Dynamic gmin stepping completed
Note: Starting dynamic gmin stepping
Note: Dynamic gmin stepping completed
Note: Starting dynamic gmin stepping
Note: Dynamic gmin stepping completed
Note: Starting dynamic gmin stepping
Note: Dynamic gmin stepping completed
Note: Starting dynamic gmin stepping
Note: Dynamic gmin stepping completed
Note: Starting dynamic gmin stepping
Note: Dynamic gmin stepping completed
Note: Starting dynamic gmin stepping
Note: Dynamic gmin stepping completed
Note: Starting dynamic gmin stepping
Note: Dynamic gmin stepping completed
Note: Starting dynamic gmin stepping
Note: Dynamic gmin stepping completed
Note: Starting dynamic gmin stepping
Note: Dynamic gmin stepping completed
Note: Starting dynamic gmin stepping
Note: Dynamic gmin stepping completed
Note: Starting dynamic gmin stepping
Note: Dynamic gmin stepping completed
Note: Starting dynamic gmin stepping
Note: Dynamic gmin stepping completed
Note: Starting dynamic gmin stepping
Note: Dynamic gmin stepping completed
Note: Starting dynamic gmin stepping
Note: Dynamic gmin stepping completed
Note: Starting dynamic gmin stepping
Note: Dynamic gmin stepping completed
Note: Starting dynamic gmin stepping
Note: Dynamic gmin stepping completed
Note: Starting dynamic gmin stepping
Note: Dynamic gmin stepping completed
Note: Starting dynamic gmin stepping
Note: Dynamic gmin stepping completed
Note: Starting dynamic gmin stepping
Note: Dynamic gmin stepping completed
Note: Starting dynamic gmin stepping
Note: Dynamic gmin stepping completed
Note: Starting dynamic gmin stepping
Note: Dynamic gmin stepping completed
Note: Starting dynamic gmin stepping
Note: Dynamic gmin stepping completed
Note: Starting dynamic gmin stepping
Note: Dynamic gmin stepping completed
Note: Starting dynamic gmin stepping
Note: Dynamic gmin stepping completed
Note: Starting dynamic gmin stepping
Note: Dynamic gmin stepping completed
Note: Starting dynamic gmin stepping
Note: Dynamic gmin stepping completed
Note: Starting dynamic gmin stepping
Note: Dynamic gmin stepping completed
Note: Starting dynamic gmin stepping
Note: Dynamic gmin stepping completed
Note: Starting dynamic gmin stepping
Note: Dynamic gmin stepping completed
Note: Starting dynamic gmin stepping
Note: Dynamic gmin stepping completed
Note: Starting dynamic gmin stepping
Note: Dynamic gmin stepping completed
Note: Starting dynamic gmin stepping
Note: Dynamic gmin stepping completed
Note: Starting dynamic gmin stepping
Note: Dynamic gmin stepping completed
Note: Starting dynamic gmin stepping
Note: Dynamic gmin stepping completed
Note: Starting dynamic gmin stepping
Note: Dynamic gmin stepping completed
Note: Starting dynamic gmin stepping
Note: Dynamic gmin stepping completed
Note: Starting dynamic gmin stepping
Note: Dynamic gmin stepping completed
Note: Starting dynamic gmin stepping
Note: Dynamic gmin stepping completed
Note: Starting dynamic gmin stepping
Note: Dynamic gmin stepping completed
Note: Starting dynamic gmin stepping
Note: Dynamic gmin stepping completed
Note: Starting dynamic gmin stepping
Note: Dynamic gmin stepping completed
Note: Starting dynamic gmin stepping
Note: Dynamic gmin stepping completed
Note: Starting dynamic gmin stepping
Note: Dynamic gmin stepping completed
Note: Starting dynamic gmin stepping
Note: Dynamic gmin stepping completed
Note: Starting dynamic gmin stepping
Note: Dynamic gmin stepping completed
Note: Starting dynamic gmin stepping
Note: Dynamic gmin stepping completed
Note: Starting dynamic gmin stepping
Note: Dynamic gmin stepping completed
Note: Starting dynamic gmin stepping
Note: Dynamic gmin stepping completed
Note: Starting dynamic gmin stepping
Note: Dynamic gmin stepping completed
Note: Starting dynamic gmin stepping
Note: Dynamic gmin stepping completed
Note: Starting dynamic gmin stepping
Note: Dynamic gmin stepping completed
Note: Starting dynamic gmin stepping
Note: Dynamic gmin stepping completed
Note: Starting dynamic gmin stepping
Note: Dynamic gmin stepping completed
Note: Starting dynamic gmin stepping
Note: Dynamic gmin stepping completed
Note: Starting dynamic gmin stepping
Note: Dynamic gmin stepping completed
Note: Starting dynamic gmin stepping
Note: Dynamic gmin stepping completed
Note: Starting dynamic gmin stepping
Note: Dynamic gmin stepping completed
Note: Starting dynamic gmin stepping
Note: Dynamic gmin stepping completed
Note: Starting dynamic gmin stepping
Note: Dynamic gmin stepping completed
Note: Starting dynamic gmin stepping
Note: Dynamic gmin stepping completed
Note: Starting dynamic gmin stepping
Note: Dynamic gmin stepping completed
Note: Starting dynamic gmin stepping
Note: Dynamic gmin stepping completed
Note: Starting dynamic gmin stepping
Note: Dynamic gmin stepping completed
Note: Starting dynamic gmin stepping
Note: Dynamic gmin stepping completed
Note: Starting dynamic gmin stepping
Note: Dynamic gmin stepping completed
Note: Starting dynamic gmin stepping
Note: Dynamic gmin stepping completed
Note: Starting dynamic gmin stepping
Note: Dynamic gmin stepping completed
Note: Starting dynamic gmin stepping
Note: Dynamic gmin stepping completed
Note: Starting dynamic gmin stepping
Note: Dynamic gmin stepping completed
Note: Starting dynamic gmin stepping
Note: Dynamic gmin stepping completed
Note: Starting dynamic gmin stepping
Note: Dynamic gmin stepping completed
Note: Starting dynamic gmin stepping
Note: Dynamic gmin stepping completed
Note: Starting dynamic gmin stepping
Note: Dynamic gmin stepping completed
Note: Starting dynamic gmin stepping
Note: Dynamic gmin stepping completed
Note: Starting dynamic gmin stepping
Note: Dynamic gmin stepping completed
Note: Starting dynamic gmin stepping
Note: Dynamic gmin stepping completed
Note: Starting dynamic gmin stepping
Note: Dynamic gmin stepping completed
Note: Starting dynamic gmin stepping
Note: Dynamic gmin stepping completed
Note: Starting dynamic gmin stepping
Note: Dynamic gmin stepping completed
Note: Starting dynamic gmin stepping
Note: Dynamic gmin stepping completed
Note: Starting dynamic gmin stepping
Note: Dynamic gmin stepping completed
Note: Starting dynamic gmin stepping
Note: Dynamic gmin stepping completed
Note: Starting dynamic gmin stepping
Note: Dynamic gmin stepping completed
Note: Starting dynamic gmin stepping
Note: Dynamic gmin stepping completed
Note: Starting dynamic gmin stepping
Note: Dynamic gmin stepping completed
Note: Starting dynamic gmin stepping
Note: Dynamic gmin stepping completed
Note: Starting dynamic gmin stepping
Note: Dynamic gmin stepping completed
Note: Starting dynamic gmin stepping
Note: Dynamic gmin stepping completed
Note: Starting dynamic gmin stepping
Note: Dynamic gmin stepping completed
Note: Starting dynamic gmin stepping
Note: Dynamic gmin stepping completed
Note: Starting dynamic gmin stepping
Note: Dynamic gmin stepping completed
Note: Starting dynamic gmin stepping
Note: Dynamic gmin stepping completed
Note: Starting dynamic gmin stepping
Note: Dynamic gmin stepping completed
Note: Starting dynamic gmin stepping
Note: Dynamic gmin stepping completed
Note: Starting dynamic gmin stepping
Note: Dynamic gmin stepping completed
Note: Starting dynamic gmin stepping
Note: Dynamic gmin stepping completed
Note: Starting dynamic gmin stepping
Note: Dynamic gmin stepping completed
Note: Starting dynamic gmin stepping
Note: Dynamic gmin stepping completed
Note: Starting dynamic gmin stepping
Note: Dynamic gmin stepping completed
Note: Starting dynamic gmin stepping
Note: Dynamic gmin stepping completed
Note: Starting dynamic gmin stepping
Note: Dynamic gmin stepping completed
Note: Starting dynamic gmin stepping
Note: Dynamic gmin stepping completed
Note: Starting dynamic gmin stepping
Note: Dynamic gmin stepping completed
Note: Starting dynamic gmin stepping
Note: Dynamic gmin stepping completed
Note: Starting dynamic gmin stepping
Note: Dynamic gmin stepping completed
Note: Starting dynamic gmin stepping
Note: Dynamic gmin stepping completed
Note: Starting dynamic gmin stepping
Note: Dynamic gmin stepping completed
Note: Starting dynamic gmin stepping
Note: Dynamic gmin stepping completed
Note: Starting dynamic gmin stepping
Note: Dynamic gmin stepping completed
Note: Starting dynamic gmin stepping
Note: Dynamic gmin stepping completed
Note: Starting dynamic gmin stepping
Note: Dynamic gmin stepping completed
Note: Starting dynamic gmin stepping
Note: Dynamic gmin stepping completed
Note: Starting dynamic gmin stepping
Note: Dynamic gmin stepping completed
Note: Starting dynamic gmin stepping
Note: Dynamic gmin stepping completed
Note: Starting dynamic gmin stepping
Note: Dynamic gmin stepping completed
Note: Starting dynamic gmin stepping
Note: Dynamic gmin stepping completed
Note: Starting dynamic gmin stepping
Note: Dynamic gmin stepping completed
Note: Starting dynamic gmin stepping
Note: Dynamic gmin stepping completed
Note: Starting dynamic gmin stepping
Note: Dynamic gmin stepping completed
Note: Starting dynamic gmin stepping
Note: Dynamic gmin stepping completed
Note: Starting dynamic gmin stepping
Note: Dynamic gmin stepping completed
Note: Starting dynamic gmin stepping
Note: Dynamic gmin stepping completed
Note: Starting dynamic gmin stepping
Note: Dynamic gmin stepping completed
Note: Starting dynamic gmin stepping
Note: Dynamic gmin stepping completed
Note: Starting dynamic gmin stepping
Note: Dynamic gmin stepping completed
Note: Starting dynamic gmin stepping
Note: Dynamic gmin stepping completed
Note: Starting dynamic gmin stepping
Note: Dynamic gmin stepping completed
Note: Starting dynamic gmin stepping
Note: Dynamic gmin stepping completed
Note: Starting dynamic gmin stepping
Note: Dynamic gmin stepping completed
Note: Starting dynamic gmin stepping
Note: Dynamic gmin stepping completed
Note: Starting dynamic gmin stepping
Note: Dynamic gmin stepping completed
Note: Starting dynamic gmin stepping
Note: Dynamic gmin stepping completed
Note: Starting dynamic gmin stepping
Note: Dynamic gmin stepping completed
Note: Starting dynamic gmin stepping
Note: Dynamic gmin stepping completed
Note: Starting dynamic gmin stepping
Note: Dynamic gmin stepping completed
Note: Starting dynamic gmin stepping
Note: Dynamic gmin stepping completed
Note: Starting dynamic gmin stepping
Note: Dynamic gmin stepping completed
Note: Starting dynamic gmin stepping
Note: Dynamic gmin stepping completed
Note: Starting dynamic gmin stepping
Note: Dynamic gmin stepping completed
Note: Starting dynamic gmin stepping
Note: Dynamic gmin stepping completed
Note: Starting dynamic gmin stepping
Note: Dynamic gmin stepping completed
Note: Starting dynamic gmin stepping
Note: Dynamic gmin stepping completed
Note: Starting dynamic gmin stepping
Note: Dynamic gmin stepping completed
Note: Starting dynamic gmin stepping
Note: Dynamic gmin stepping completed
Note: Starting dynamic gmin stepping
Note: Dynamic gmin stepping completed
Note: Starting dynamic gmin stepping
Note: Dynamic gmin stepping completed
Note: Starting dynamic gmin stepping
Note: Dynamic gmin stepping completed
Note: Starting dynamic gmin stepping
Note: Dynamic gmin stepping completed
Note: Starting dynamic gmin stepping
Note: Dynamic gmin stepping completed
Note: Starting dynamic gmin stepping
Note: Dynamic gmin stepping completed
Note: Starting dynamic gmin stepping
Note: Dynamic gmin stepping completed
Note: Starting dynamic gmin stepping
Note: Dynamic gmin stepping completed
Note: Starting dynamic gmin stepping
Note: Dynamic gmin stepping completed
Note: Starting dynamic gmin stepping
Note: Dynamic gmin stepping completed
Note: Starting dynamic gmin stepping
Note: Dynamic gmin stepping completed
Note: Starting dynamic gmin stepping
Note: Dynamic gmin stepping completed
Note: Starting dynamic gmin stepping
Note: Dynamic gmin stepping completed
Note: Starting dynamic gmin stepping
Note: Dynamic gmin stepping completed
Note: Starting dynamic gmin stepping
Note: Dynamic gmin stepping completed
Note: Starting dynamic gmin stepping
Note: Dynamic gmin stepping completed
Note: Starting dynamic gmin stepping
Note: Dynamic gmin stepping completed
Note: Starting dynamic gmin stepping
Note: Dynamic gmin stepping completed
Note: Starting dynamic gmin stepping
Note: Dynamic gmin stepping completed
Note: Starting dynamic gmin stepping
Note: Dynamic gmin stepping completed
Note: Starting dynamic gmin stepping
Note: Dynamic gmin stepping completed
Note: Starting dynamic gmin stepping
Note: Dynamic gmin stepping completed
Note: Starting dynamic gmin stepping
Note: Dynamic gmin stepping completed
Note: Starting dynamic gmin stepping
Note: Dynamic gmin stepping completed
Note: Starting dynamic gmin stepping
Note: Dynamic gmin stepping completed
Note: Starting dynamic gmin stepping
Note: Dynamic gmin stepping completed
Note: Starting dynamic gmin stepping
Note: Dynamic gmin stepping completed
Note: Starting dynamic gmin stepping
Note: Dynamic gmin stepping completed
Note: Starting dynamic gmin stepping
Note: Dynamic gmin stepping completed
Note: Starting dynamic gmin stepping
Note: Dynamic gmin stepping completed
Note: Starting dynamic gmin stepping
Note: Dynamic gmin stepping completed
Note: Starting dynamic gmin stepping
Note: Dynamic gmin stepping completed
Note: Starting dynamic gmin stepping
Note: Dynamic gmin stepping completed
Note: Starting dynamic gmin stepping
Note: Dynamic gmin stepping completed
Note: Starting dynamic gmin stepping
Note: Dynamic gmin stepping completed
Note: Starting dynamic gmin stepping
Note: Dynamic gmin stepping completed
Note: Starting dynamic gmin stepping
Note: Dynamic gmin stepping completed
Note: Starting dynamic gmin stepping
Note: Dynamic gmin stepping completed
Note: Starting dynamic gmin stepping
Note: Dynamic gmin stepping completed
Note: Starting dynamic gmin stepping
Note: Dynamic gmin stepping completed
Note: Starting dynamic gmin stepping
Note: Dynamic gmin stepping completed
Note: Starting dynamic gmin stepping
Note: Dynamic gmin stepping completed
Note: Starting dynamic gmin stepping
Note: Dynamic gmin stepping completed
Note: Starting dynamic gmin stepping
Note: Dynamic gmin stepping completed
Note: Starting dynamic gmin stepping
Note: Dynamic gmin stepping completed
Note: Starting dynamic gmin stepping
Note: Dynamic gmin stepping completed
Note: Starting dynamic gmin stepping
Note: Dynamic gmin stepping completed
Note: Starting dynamic gmin stepping
Note: Dynamic gmin stepping completed
Note: Starting dynamic gmin stepping
Note: Dynamic gmin stepping completed
Note: Starting dynamic gmin stepping
Note: Dynamic gmin stepping completed
Note: Starting dynamic gmin stepping
Note: Dynamic gmin stepping completed
Note: Starting dynamic gmin stepping
Note: Dynamic gmin stepping completed
Note: Starting dynamic gmin stepping
Note: Dynamic gmin stepping completed
Note: Starting dynamic gmin stepping
Note: Dynamic gmin stepping completed
Note: Starting dynamic gmin stepping
Note: Dynamic gmin stepping completed
Note: Starting dynamic gmin stepping
Note: Dynamic gmin stepping completed
Note: Starting dynamic gmin stepping
Note: Dynamic gmin stepping completed
Note: Starting dynamic gmin stepping
Note: Dynamic gmin stepping completed
Note: Starting dynamic gmin stepping
Note: Dynamic gmin stepping completed
Note: Starting dynamic gmin stepping
Note: Dynamic gmin stepping completed
Note: Starting dynamic gmin stepping
Note: Dynamic gmin stepping completed
Note: Starting dynamic gmin stepping
Note: Dynamic gmin stepping completed
Note: Starting dynamic gmin stepping
Note: Dynamic gmin stepping completed
Note: Starting dynamic gmin stepping
Note: Dynamic gmin stepping completed
Note: Starting dynamic gmin stepping
Note: Dynamic gmin stepping completed
Note: Starting dynamic gmin stepping
Note: Dynamic gmin stepping completed
Note: Starting dynamic gmin stepping
Note: Dynamic gmin stepping completed
Note: Starting dynamic gmin stepping
Note: Dynamic gmin stepping completed
Note: Starting dynamic gmin stepping
Note: Dynamic gmin stepping completed
Note: Starting dynamic gmin stepping
Note: Dynamic gmin stepping completed
Note: Starting dynamic gmin stepping
Note: Dynamic gmin stepping completed
Note: Starting dynamic gmin stepping
Note: Dynamic gmin stepping completed
Note: Starting dynamic gmin stepping
Note: Dynamic gmin stepping completed
Note: Starting dynamic gmin stepping
Note: Dynamic gmin stepping completed
Note: Starting dynamic gmin stepping
Note: Dynamic gmin stepping completed
Note: Starting dynamic gmin stepping
Note: Dynamic gmin stepping completed
Note: Starting dynamic gmin stepping
Note: Dynamic gmin stepping completed
Note: Starting dynamic gmin stepping
Note: Dynamic gmin stepping completed
Note: Starting dynamic gmin stepping
Note: Dynamic gmin stepping completed
Note: Starting dynamic gmin stepping
Note: Dynamic gmin stepping completed
Note: Starting dynamic gmin stepping
Note: Dynamic gmin stepping completed
Note: Starting dynamic gmin stepping
Note: Dynamic gmin stepping completed
Note: Starting dynamic gmin stepping
Note: Dynamic gmin stepping completed
Note: Starting dynamic gmin stepping
Note: Dynamic gmin stepping completed
Note: Starting dynamic gmin stepping
Note: Dynamic gmin stepping completed
Note: Starting dynamic gmin stepping
Note: Dynamic gmin stepping completed
Note: Starting dynamic gmin stepping
Note: Dynamic gmin stepping completed
Note: Starting dynamic gmin stepping
Note: Dynamic gmin stepping completed
Note: Starting dynamic gmin stepping
Note: Dynamic gmin stepping completed
Note: Starting dynamic gmin stepping
Note: Dynamic gmin stepping completed
Note: Starting dynamic gmin stepping
Note: Dynamic gmin stepping completed
Note: Starting dynamic gmin stepping
Note: Dynamic gmin stepping completed
Note: Starting dynamic gmin stepping
Note: Dynamic gmin stepping completed
Note: Starting dynamic gmin stepping
Note: Dynamic gmin stepping completed
Note: Starting dynamic gmin stepping
Note: Dynamic gmin stepping completed
Note: Starting dynamic gmin stepping
Note: Dynamic gmin stepping completed
Note: Starting dynamic gmin stepping
Note: Dynamic gmin stepping completed
Note: Starting dynamic gmin stepping
Note: Dynamic gmin stepping completed
Note: Starting dynamic gmin stepping
Note: Dynamic gmin stepping completed
Note: Starting dynamic gmin stepping
Note: Dynamic gmin stepping completed
Note: Starting dynamic gmin stepping
Note: Dynamic gmin stepping completed
Note: Starting dynamic gmin stepping
Note: Dynamic gmin stepping completed
Note: Starting dynamic gmin stepping
Note: Dynamic gmin stepping completed
Note: Starting dynamic gmin stepping
Note: Dynamic gmin stepping completed
Note: Starting dynamic gmin stepping
Note: Dynamic gmin stepping completed
Note: Starting dynamic gmin stepping
Note: Dynamic gmin stepping completed
Note: Starting dynamic gmin stepping
Note: Dynamic gmin stepping completed
Note: Starting dynamic gmin stepping
Note: Dynamic gmin stepping completed
Note: Starting dynamic gmin stepping
Note: Dynamic gmin stepping completed
Note: Starting dynamic gmin stepping
Note: Dynamic gmin stepping completed
Note: Starting dynamic gmin stepping
Note: Dynamic gmin stepping completed
Note: Starting dynamic gmin stepping
Note: Dynamic gmin stepping completed
Note: Starting dynamic gmin stepping
Note: Dynamic gmin stepping completed
Note: Starting dynamic gmin stepping
Note: Dynamic gmin stepping completed
Note: Starting dynamic gmin stepping
Note: Dynamic gmin stepping completed
Note: Starting dynamic gmin stepping
Note: Dynamic gmin stepping completed
Note: Starting dynamic gmin stepping
Note: Dynamic gmin stepping completed
Note: Starting dynamic gmin stepping
Note: Dynamic gmin stepping completed
Note: Starting dynamic gmin stepping
Note: Dynamic gmin stepping completed
Note: Starting dynamic gmin stepping
Note: Dynamic gmin stepping completed
Note: Starting dynamic gmin stepping
Note: Dynamic gmin stepping completed
Note: Starting dynamic gmin stepping
Note: Dynamic gmin stepping completed
Note: Starting dynamic gmin stepping
Note: Dynamic gmin stepping completed
Note: Starting dynamic gmin stepping
Note: Dynamic gmin stepping completed
Note: Starting dynamic gmin stepping
Note: Dynamic gmin stepping completed
Note: Starting dynamic gmin stepping
Note: Dynamic gmin stepping completed
Note: Starting dynamic gmin stepping
Note: Dynamic gmin stepping completed
Note: Starting dynamic gmin stepping
Note: Dynamic gmin stepping completed
Note: Starting dynamic gmin stepping
Note: Dynamic gmin stepping completed
Note: Starting dynamic gmin stepping
Note: Dynamic gmin stepping completed
Note: Starting dynamic gmin stepping
Note: Dynamic gmin stepping completed
Note: Starting dynamic gmin stepping
Note: Dynamic gmin stepping completed
Note: Starting dynamic gmin stepping
Note: Dynamic gmin stepping completed
Note: Starting dynamic gmin stepping
Note: Dynamic gmin stepping completed
Note: Starting dynamic gmin stepping
Note: Dynamic gmin stepping completed
Note: Starting dynamic gmin stepping
Note: Dynamic gmin stepping completed
Note: Starting dynamic gmin stepping
Note: Dynamic gmin stepping completed
Note: Starting dynamic gmin stepping
Note: Dynamic gmin stepping completed
Note: Starting dynamic gmin stepping
Note: Dynamic gmin stepping completed
Note: Starting dynamic gmin stepping
Note: Dynamic gmin stepping completed
Note: Starting dynamic gmin stepping
Note: Dynamic gmin stepping completed
Note: Starting dynamic gmin stepping
Note: Dynamic gmin stepping completed
Note: Starting dynamic gmin stepping
Note: Dynamic gmin stepping completed
Note: Starting dynamic gmin stepping
Note: Dynamic gmin stepping completed
Note: Starting dynamic gmin stepping
Note: Dynamic gmin stepping completed
Note: Starting dynamic gmin stepping
Note: Dynamic gmin stepping completed
Note: Starting dynamic gmin stepping
Note: Dynamic gmin stepping completed
Note: Starting dynamic gmin stepping
Note: Dynamic gmin stepping completed
Note: Starting dynamic gmin stepping
Note: Dynamic gmin stepping completed
Note: Starting dynamic gmin stepping
Note: Dynamic gmin stepping completed
Note: Starting dynamic gmin stepping
Note: Dynamic gmin stepping completed
Note: Starting dynamic gmin stepping
Note: Dynamic gmin stepping completed
Note: Starting dynamic gmin stepping
Note: Dynamic gmin stepping completed
Note: Starting dynamic gmin stepping
Note: Dynamic gmin stepping completed
Note: Starting dynamic gmin stepping
Note: Dynamic gmin stepping completed
Note: Starting dynamic gmin stepping
Note: Dynamic gmin stepping completed
Note: Starting dynamic gmin stepping
Note: Dynamic gmin stepping completed
Note: Starting dynamic gmin stepping
Note: Dynamic gmin stepping completed
Note: Starting dynamic gmin stepping
Note: Dynamic gmin stepping completed
Note: Starting dynamic gmin stepping
Note: Dynamic gmin stepping completed
Note: Starting dynamic gmin stepping
Note: Dynamic gmin stepping completed
Note: Starting dynamic gmin stepping
Note: Dynamic gmin stepping completed
Note: Starting dynamic gmin stepping
Note: Dynamic gmin stepping completed
Note: Starting dynamic gmin stepping
Note: Dynamic gmin stepping completed
Note: Starting dynamic gmin stepping
Note: Dynamic gmin stepping completed
Note: Starting dynamic gmin stepping
Note: Dynamic gmin stepping completed
Note: Starting dynamic gmin stepping
Note: Dynamic gmin stepping completed
Note: Starting dynamic gmin stepping
Note: Dynamic gmin stepping completed
Note: Starting dynamic gmin stepping
Note: Dynamic gmin stepping completed
Note: Starting dynamic gmin stepping
Note: Dynamic gmin stepping completed
Note: Starting dynamic gmin stepping
Note: Dynamic gmin stepping completed
Note: Starting dynamic gmin stepping
Note: Dynamic gmin stepping completed
Note: Starting dynamic gmin stepping
Note: Dynamic gmin stepping completed
Note: Starting dynamic gmin stepping
Note: Dynamic gmin stepping completed
Note: Starting dynamic gmin stepping
Note: Dynamic gmin stepping completed
Note: Starting dynamic gmin stepping
Note: Dynamic gmin stepping completed
Note: Starting dynamic gmin stepping
Note: Dynamic gmin stepping completed
Note: Starting dynamic gmin stepping
Note: Dynamic gmin stepping completed
Note: Starting dynamic gmin stepping
Note: Dynamic gmin stepping completed
Note: Starting dynamic gmin stepping
Note: Dynamic gmin stepping completed
Note: Starting dynamic gmin stepping
Note: Dynamic gmin stepping completed
Note: Starting dynamic gmin stepping
Note: Dynamic gmin stepping completed
Note: Starting dynamic gmin stepping
Note: Dynamic gmin stepping completed
Note: Starting dynamic gmin stepping
Note: Dynamic gmin stepping completed
Note: Starting dynamic gmin stepping
Note: Dynamic gmin stepping completed
Note: Starting dynamic gmin stepping
Note: Dynamic gmin stepping completed
Note: Starting dynamic gmin stepping
Note: Dynamic gmin stepping completed
Note: Starting dynamic gmin stepping
Note: Dynamic gmin stepping completed
Note: Starting dynamic gmin stepping
Note: Dynamic gmin stepping completed
Note: Starting dynamic gmin stepping
Note: Dynamic gmin stepping completed
Note: Starting dynamic gmin stepping
Note: Dynamic gmin stepping completed
Note: Starting dynamic gmin stepping
Note: Dynamic gmin stepping completed
Note: Starting dynamic gmin stepping
Note: Dynamic gmin stepping completed
Note: Starting dynamic gmin stepping
Note: Dynamic gmin stepping completed
Note: Starting dynamic gmin stepping
Note: Dynamic gmin stepping completed
Note: Starting dynamic gmin stepping
Note: Dynamic gmin stepping completed
Note: Starting dynamic gmin stepping
Note: Dynamic gmin stepping completed
Note: Starting dynamic gmin stepping
Note: Dynamic gmin stepping completed
Note: Starting dynamic gmin stepping
Note: Dynamic gmin stepping completed
Note: Starting dynamic gmin stepping
Note: Dynamic gmin stepping completed
Note: Starting dynamic gmin stepping
Note: Dynamic gmin stepping completed
Note: Starting dynamic gmin stepping
Note: Dynamic gmin stepping completed
Note: Starting dynamic gmin stepping
Note: Dynamic gmin stepping completed
Note: Starting dynamic gmin stepping
Note: Dynamic gmin stepping completed
Note: Starting dynamic gmin stepping
Note: Dynamic gmin stepping completed
Note: Starting dynamic gmin stepping
Note: Dynamic gmin stepping completed
Note: Starting dynamic gmin stepping
Note: Dynamic gmin stepping completed
Note: Starting dynamic gmin stepping
Note: Dynamic gmin stepping completed
Note: Starting dynamic gmin stepping
Note: Dynamic gmin stepping completed
Note: Starting dynamic gmin stepping
Note: Dynamic gmin stepping completed
Note: Starting dynamic gmin stepping
Note: Dynamic gmin stepping completed
Note: Starting dynamic gmin stepping
Note: Dynamic gmin stepping completed
Note: Starting dynamic gmin stepping
Note: Dynamic gmin stepping completed
Note: Starting dynamic gmin stepping
Note: Dynamic gmin stepping completed
Note: Starting dynamic gmin stepping
Note: Dynamic gmin stepping completed
Note: Starting dynamic gmin stepping
Note: Dynamic gmin stepping completed
Note: Starting dynamic gmin stepping
Note: Dynamic gmin stepping completed
Note: Starting dynamic gmin stepping
Note: Dynamic gmin stepping completed
Note: Starting dynamic gmin stepping
Note: Dynamic gmin stepping completed
Note: Starting dynamic gmin stepping
Note: Dynamic gmin stepping completed
Note: Starting dynamic gmin stepping
Note: Dynamic gmin stepping completed
Note: Starting dynamic gmin stepping
Note: Dynamic gmin stepping completed
Note: Starting dynamic gmin stepping
Note: Dynamic gmin stepping completed
Note: Starting dynamic gmin stepping
Note: Dynamic gmin stepping completed
Note: Starting dynamic gmin stepping
Note: Dynamic gmin stepping completed
Note: Starting dynamic gmin stepping
Note: Dynamic gmin stepping completed
Note: Starting dynamic gmin stepping
Note: Dynamic gmin stepping completed
Note: Starting dynamic gmin stepping
Note: Dynamic gmin stepping completed
Note: Starting dynamic gmin stepping
Note: Dynamic gmin stepping completed
Note: Starting dynamic gmin stepping
Note: Dynamic gmin stepping completed
Note: Starting dynamic gmin stepping
Note: Dynamic gmin stepping completed
Note: Starting dynamic gmin stepping
Note: Dynamic gmin stepping completed
Note: Starting dynamic gmin stepping
Note: Dynamic gmin stepping completed
Note: Starting dynamic gmin stepping
Note: Dynamic gmin stepping completed
Note: Starting dynamic gmin stepping
Note: Dynamic gmin stepping completed
Note: Starting dynamic gmin stepping
Note: Dynamic gmin stepping completed
Note: Starting dynamic gmin stepping
Note: Dynamic gmin stepping completed
Note: Starting dynamic gmin stepping
Note: Dynamic gmin stepping completed
Note: Starting dynamic gmin stepping
Note: Dynamic gmin stepping completed
Note: Starting dynamic gmin stepping
Note: Dynamic gmin stepping completed
Note: Starting dynamic gmin stepping
Note: Dynamic gmin stepping completed
Note: Starting dynamic gmin stepping
Note: Dynamic gmin stepping completed
Note: Starting dynamic gmin stepping
Note: Dynamic gmin stepping completed
Note: Starting dynamic gmin stepping
Note: Dynamic gmin stepping completed
Note: Starting dynamic gmin stepping
Note: Dynamic gmin stepping completed
Note: Starting dynamic gmin stepping
Note: Dynamic gmin stepping completed
Note: Starting dynamic gmin stepping
Note: Dynamic gmin stepping completed
Note: Starting dynamic gmin stepping
Note: Dynamic gmin stepping completed
Note: Starting dynamic gmin stepping
Note: Dynamic gmin stepping completed
Note: Starting dynamic gmin stepping
Note: Dynamic gmin stepping completed
Note: Starting dynamic gmin stepping
Note: Dynamic gmin stepping completed
Note: Starting dynamic gmin stepping
Note: Dynamic gmin stepping completed
Note: Starting dynamic gmin stepping
Note: Dynamic gmin stepping completed
Note: Starting dynamic gmin stepping
Note: Dynamic gmin stepping completed
Note: Starting dynamic gmin stepping
Note: Dynamic gmin stepping completed
Note: Starting dynamic gmin stepping
Note: Dynamic gmin stepping completed
Note: Starting dynamic gmin stepping
Note: Dynamic gmin stepping completed
Note: Starting dynamic gmin stepping
Note: Dynamic gmin stepping completed
Note: Starting dynamic gmin stepping
Note: Dynamic gmin stepping completed
Note: Starting dynamic gmin stepping
Note: Dynamic gmin stepping completed
Note: Starting dynamic gmin stepping
Note: Dynamic gmin stepping completed
Note: Starting dynamic gmin stepping
Note: Dynamic gmin stepping completed
Note: Starting dynamic gmin stepping
Note: Dynamic gmin stepping completed
Note: Starting dynamic gmin stepping
Note: Dynamic gmin stepping completed
Note: Starting dynamic gmin stepping
Note: Dynamic gmin stepping completed
Note: Starting dynamic gmin stepping
Note: Dynamic gmin stepping completed
Note: Starting dynamic gmin stepping
Note: Dynamic gmin stepping completed
Note: Starting dynamic gmin stepping
Note: Dynamic gmin stepping completed
Note: Starting dynamic gmin stepping
Note: Dynamic gmin stepping completed
Note: Starting dynamic gmin stepping
Note: Dynamic gmin stepping completed
Note: Starting dynamic gmin stepping
Note: Dynamic gmin stepping completed
Note: Starting dynamic gmin stepping
Note: Dynamic gmin stepping completed
Note: Starting dynamic gmin stepping
Note: Dynamic gmin stepping completed
Note: Starting dynamic gmin stepping
Note: Dynamic gmin stepping completed
Note: Starting dynamic gmin stepping
Note: Dynamic gmin stepping completed
Note: Starting dynamic gmin stepping
Note: Dynamic gmin stepping completed
Note: Starting dynamic gmin stepping
Note: Dynamic gmin stepping completed
Note: Starting dynamic gmin stepping
Note: Dynamic gmin stepping completed
Note: Starting dynamic gmin stepping
Note: Dynamic gmin stepping completed
Note: Starting dynamic gmin stepping
Note: Dynamic gmin stepping completed
Note: Starting dynamic gmin stepping
Note: Dynamic gmin stepping completed
Note: Starting dynamic gmin stepping
Note: Dynamic gmin stepping completed
Note: Starting dynamic gmin stepping
Note: Dynamic gmin stepping completed
Note: Starting dynamic gmin stepping
Note: Dynamic gmin stepping completed
Note: Starting dynamic gmin stepping
Note: Dynamic gmin stepping completed
Note: Starting dynamic gmin stepping
Note: Dynamic gmin stepping completed
Note: Starting dynamic gmin stepping
Note: Dynamic gmin stepping completed
Note: Starting dynamic gmin stepping
Note: Dynamic gmin stepping completed
Note: Starting dynamic gmin stepping
Note: Dynamic gmin stepping completed
Note: Starting dynamic gmin stepping
Note: Dynamic gmin stepping completed
Note: Starting dynamic gmin stepping
Note: Dynamic gmin stepping completed
Note: Starting dynamic gmin stepping
Note: Dynamic gmin stepping completed
Note: Starting dynamic gmin stepping
Note: Dynamic gmin stepping completed
Note: Starting dynamic gmin stepping
Note: Dynamic gmin stepping completed
Note: Starting dynamic gmin stepping
Note: Dynamic gmin stepping completed
Note: Starting dynamic gmin stepping
Note: Dynamic gmin stepping completed
Note: Starting dynamic gmin stepping
Note: Dynamic gmin stepping completed
Note: Starting dynamic gmin stepping
Note: Dynamic gmin stepping completed
Note: Starting dynamic gmin stepping
Note: Dynamic gmin stepping completed
Note: Starting dynamic gmin stepping
Note: Dynamic gmin stepping completed
Note: Starting dynamic gmin stepping
Note: Dynamic gmin stepping completed
Note: Starting dynamic gmin stepping
Note: Dynamic gmin stepping completed
Note: Starting dynamic gmin stepping
Note: Dynamic gmin stepping completed
Note: Starting dynamic gmin stepping
Note: Dynamic gmin stepping completed
Note: Starting dynamic gmin stepping
Note: Dynamic gmin stepping completed
Note: Starting dynamic gmin stepping
Note: Dynamic gmin stepping completed
Note: Starting dynamic gmin stepping
Note: Dynamic gmin stepping completed
Note: Starting dynamic gmin stepping
Note: Dynamic gmin stepping completed
Note: Starting dynamic gmin stepping
Note: Dynamic gmin stepping completed
Note: Starting dynamic gmin stepping
Note: Dynamic gmin stepping completed
Note: Starting dynamic gmin stepping
Note: Dynamic gmin stepping completed
Note: Starting dynamic gmin stepping
Note: Dynamic gmin stepping completed
Note: Starting dynamic gmin stepping
Note: Dynamic gmin stepping completed
Note: Starting dynamic gmin stepping
Note: Dynamic gmin stepping completed
Note: Starting dynamic gmin stepping
Note: Dynamic gmin stepping completed
Note: Starting dynamic gmin stepping
Note: Dynamic gmin stepping completed
Note: Starting dynamic gmin stepping
Note: Dynamic gmin stepping completed
Note: Starting dynamic gmin stepping
Note: Dynamic gmin stepping completed
Note: Starting dynamic gmin stepping
Note: Dynamic gmin stepping completed
Note: Starting dynamic gmin stepping
Note: Dynamic gmin stepping completed
Note: Starting dynamic gmin stepping
Note: Dynamic gmin stepping completed
Note: Starting dynamic gmin stepping
Note: Dynamic gmin stepping completed
Note: Starting dynamic gmin stepping
Note: Dynamic gmin stepping completed
Note: Starting dynamic gmin stepping
Note: Dynamic gmin stepping completed
Note: Starting dynamic gmin stepping
Note: Dynamic gmin stepping completed
Note: Starting dynamic gmin stepping
Note: Dynamic gmin stepping completed
Note: Starting dynamic gmin stepping
Note: Dynamic gmin stepping completed
Note: Starting dynamic gmin stepping
Note: Dynamic gmin stepping completed
Note: Starting dynamic gmin stepping
Note: Dynamic gmin stepping completed
Note: Starting dynamic gmin stepping
Note: Dynamic gmin stepping completed
Note: Starting dynamic gmin stepping
Note: Dynamic gmin stepping completed
Note: Starting dynamic gmin stepping
Note: Dynamic gmin stepping completed
Note: Starting dynamic gmin stepping
Note: Dynamic gmin stepping completed
Note: Starting dynamic gmin stepping
Note: Dynamic gmin stepping completed
Note: Starting dynamic gmin stepping
Note: Dynamic gmin stepping completed
Note: Starting dynamic gmin stepping
Note: Dynamic gmin stepping completed
Note: Starting dynamic gmin stepping
Note: Dynamic gmin stepping completed
Note: Starting dynamic gmin stepping
Note: Dynamic gmin stepping completed
Note: Starting dynamic gmin stepping
Note: Dynamic gmin stepping completed
Note: Starting dynamic gmin stepping
Note: Dynamic gmin stepping completed
Note: Starting dynamic gmin stepping
Note: Dynamic gmin stepping completed
Note: Starting dynamic gmin stepping
Note: Dynamic gmin stepping completed
Note: Starting dynamic gmin stepping
Note: Dynamic gmin stepping completed
Note: Starting dynamic gmin stepping
Note: Dynamic gmin stepping completed
Note: Starting dynamic gmin stepping
Note: Dynamic gmin stepping completed
Note: Starting dynamic gmin stepping
Note: Dynamic gmin stepping completed
Note: Starting dynamic gmin stepping
Note: Dynamic gmin stepping completed
Note: Starting dynamic gmin stepping
Note: Dynamic gmin stepping completed
Note: Starting dynamic gmin stepping
Note: Dynamic gmin stepping completed
Note: Starting dynamic gmin stepping
Note: Dynamic gmin stepping completed
Note: Starting dynamic gmin stepping
Note: Dynamic gmin stepping completed
Note: Starting dynamic gmin stepping
Note: Dynamic gmin stepping completed
Note: Starting dynamic gmin stepping
Note: Dynamic gmin stepping completed
Note: Starting dynamic gmin stepping
Note: Dynamic gmin stepping completed
Note: Starting dynamic gmin stepping
Note: Dynamic gmin stepping completed
Note: Starting dynamic gmin stepping
Note: Dynamic gmin stepping completed
Note: Starting dynamic gmin stepping
Note: Dynamic gmin stepping completed
Note: Starting dynamic gmin stepping
Note: Dynamic gmin stepping completed
Note: Starting dynamic gmin stepping
Note: Dynamic gmin stepping completed
Note: Starting dynamic gmin stepping
Note: Dynamic gmin stepping completed
Note: Starting dynamic gmin stepping
Note: Dynamic gmin stepping completed
Note: Starting dynamic gmin stepping
Note: Dynamic gmin stepping completed
Note: Starting dynamic gmin stepping
Note: Dynamic gmin stepping completed
Note: Starting dynamic gmin stepping
Note: Dynamic gmin stepping completed
Note: Starting dynamic gmin stepping
Note: Dynamic gmin stepping completed
Note: Starting dynamic gmin stepping
Note: Dynamic gmin stepping completed
Note: Starting dynamic gmin stepping
Note: Dynamic gmin stepping completed
Note: Starting dynamic gmin stepping
Note: Dynamic gmin stepping completed
Note: Starting dynamic gmin stepping
Note: Dynamic gmin stepping completed
Note: Starting dynamic gmin stepping
Note: Dynamic gmin stepping completed
Note: Starting dynamic gmin stepping
Note: Dynamic gmin stepping completed
Note: Starting dynamic gmin stepping
Note: Dynamic gmin stepping completed
Note: Starting dynamic gmin stepping
Note: Dynamic gmin stepping completed
Note: Starting dynamic gmin stepping
Note: Dynamic gmin stepping completed
Note: Starting dynamic gmin stepping
Note: Dynamic gmin stepping completed
Note: Starting dynamic gmin stepping
Note: Dynamic gmin stepping completed
Note: Starting dynamic gmin stepping
Note: Dynamic gmin stepping completed
Note: Starting dynamic gmin stepping
Note: Dynamic gmin stepping completed
Note: Starting dynamic gmin stepping
Note: Dynamic gmin stepping completed
Note: Starting dynamic gmin stepping
Note: Dynamic gmin stepping completed
Note: Starting dynamic gmin stepping
Note: Dynamic gmin stepping completed
Note: Starting dynamic gmin stepping
Note: Dynamic gmin stepping completed
Note: Starting dynamic gmin stepping
Note: Dynamic gmin stepping completed
Note: Starting dynamic gmin stepping
Note: Dynamic gmin stepping completed
Note: Starting dynamic gmin stepping
Note: Dynamic gmin stepping completed
Note: Starting dynamic gmin stepping
Note: Dynamic gmin stepping completed
Note: Starting dynamic gmin stepping
Note: Dynamic gmin stepping completed
Note: Starting dynamic gmin stepping
Note: Dynamic gmin stepping completed
Note: Starting dynamic gmin stepping
Note: Dynamic gmin stepping completed
Note: Starting dynamic gmin stepping
Note: Dynamic gmin stepping completed
Note: Starting dynamic gmin stepping
Note: Dynamic gmin stepping completed
Note: Starting dynamic gmin stepping
Note: Dynamic gmin stepping completed
Note: Starting dynamic gmin stepping
Note: Dynamic gmin stepping completed
Note: Starting dynamic gmin stepping
Note: Dynamic gmin stepping completed
Note: Starting dynamic gmin stepping
Note: Dynamic gmin stepping completed
Note: Starting dynamic gmin stepping
Note: Dynamic gmin stepping completed
Note: Starting dynamic gmin stepping
Note: Dynamic gmin stepping completed
Note: Starting dynamic gmin stepping
Note: Dynamic gmin stepping completed
Note: Starting dynamic gmin stepping
Note: Dynamic gmin stepping completed
Note: Starting dynamic gmin stepping
Note: Dynamic gmin stepping completed
Note: Starting dynamic gmin stepping
Note: Dynamic gmin stepping completed
Note: Starting dynamic gmin stepping
Note: Dynamic gmin stepping completed
Note: Starting dynamic gmin stepping
Note: Dynamic gmin stepping completed
Note: Starting dynamic gmin stepping
Note: Dynamic gmin stepping completed
Note: Starting dynamic gmin stepping
Note: Dynamic gmin stepping completed
Note: Starting dynamic gmin stepping
Note: Dynamic gmin stepping completed
Note: Starting dynamic gmin stepping
Note: Dynamic gmin stepping completed
Note: Starting dynamic gmin stepping
Note: Dynamic gmin stepping completed
Note: Starting dynamic gmin stepping
Note: Dynamic gmin stepping completed
Note: Starting dynamic gmin stepping
Note: Dynamic gmin stepping completed
Note: Starting dynamic gmin stepping
Note: Dynamic gmin stepping completed
Note: Starting dynamic gmin stepping
Note: Dynamic gmin stepping completed
Note: Starting dynamic gmin stepping
Note: Dynamic gmin stepping completed
Note: Starting dynamic gmin stepping
Note: Dynamic gmin stepping completed
Note: Starting dynamic gmin stepping
Note: Dynamic gmin stepping completed
Note: Starting dynamic gmin stepping
Note: Dynamic gmin stepping completed
Note: Starting dynamic gmin stepping
Note: Dynamic gmin stepping completed
Note: Starting dynamic gmin stepping
Note: Dynamic gmin stepping completed
Note: Starting dynamic gmin stepping
Note: Dynamic gmin stepping completed
Note: Starting dynamic gmin stepping
Note: Dynamic gmin stepping completed
Note: Starting dynamic gmin stepping
Note: Dynamic gmin stepping completed
Note: Starting dynamic gmin stepping
Note: Dynamic gmin stepping completed
Note: Starting dynamic gmin stepping
Note: Dynamic gmin stepping completed
Note: Starting dynamic gmin stepping
Note: Dynamic gmin stepping completed
Note: Starting dynamic gmin stepping
Note: Dynamic gmin stepping completed
Note: Starting dynamic gmin stepping
Note: Dynamic gmin stepping completed
Note: Starting dynamic gmin stepping
Note: Dynamic gmin stepping completed
Note: Starting dynamic gmin stepping
Note: Dynamic gmin stepping completed
Note: Starting dynamic gmin stepping
Note: Dynamic gmin stepping completed
Note: Starting dynamic gmin stepping
Note: Dynamic gmin stepping completed
Note: Starting dynamic gmin stepping
Note: Dynamic gmin stepping completed
Note: Starting dynamic gmin stepping
Note: Dynamic gmin stepping completed
Note: Starting dynamic gmin stepping
Note: Dynamic gmin stepping completed
Note: Starting dynamic gmin stepping
Note: Dynamic gmin stepping completed
Note: Starting dynamic gmin stepping
Note: Dynamic gmin stepping completed
Note: Starting dynamic gmin stepping
Note: Dynamic gmin stepping completed
Note: Starting dynamic gmin stepping
Note: Dynamic gmin stepping completed
Note: Starting dynamic gmin stepping
Note: Dynamic gmin stepping completed
Note: Starting dynamic gmin stepping
Note: Dynamic gmin stepping completed
Note: Starting dynamic gmin stepping
Note: Dynamic gmin stepping completed
Note: Starting dynamic gmin stepping
Note: Dynamic gmin stepping completed
Note: Starting dynamic gmin stepping
Note: Dynamic gmin stepping completed
Note: Starting dynamic gmin stepping
Note: Dynamic gmin stepping completed
Note: Starting dynamic gmin stepping
Note: Dynamic gmin stepping completed
Note: Starting dynamic gmin stepping
Note: Dynamic gmin stepping completed
Note: Starting dynamic gmin stepping
Note: Dynamic gmin stepping completed
Note: Starting dynamic gmin stepping
Note: Dynamic gmin stepping completed
Note: Starting dynamic gmin stepping
Note: Dynamic gmin stepping completed
Note: Starting dynamic gmin stepping
Note: Dynamic gmin stepping completed
Note: Starting dynamic gmin stepping
Note: Dynamic gmin stepping completed
Note: Starting dynamic gmin stepping
Note: Dynamic gmin stepping completed
Note: Starting dynamic gmin stepping
Note: Dynamic gmin stepping completed
Note: Starting dynamic gmin stepping
Note: Dynamic gmin stepping completed
Note: Starting dynamic gmin stepping
Note: Dynamic gmin stepping completed
Note: Starting dynamic gmin stepping
Note: Dynamic gmin stepping completed
Note: Starting dynamic gmin stepping
Note: Dynamic gmin stepping completed
Note: Starting dynamic gmin stepping
Note: Dynamic gmin stepping completed
Note: Starting dynamic gmin stepping
Note: Dynamic gmin stepping completed
Note: Starting dynamic gmin stepping
Note: Dynamic gmin stepping completed
Note: Starting dynamic gmin stepping
Note: Dynamic gmin stepping completed
Note: Starting dynamic gmin stepping
Note: Dynamic gmin stepping completed
Note: Starting dynamic gmin stepping
Note: Dynamic gmin stepping completed
Note: Starting dynamic gmin stepping
Note: Dynamic gmin stepping completed
Note: Starting dynamic gmin stepping
Note: Dynamic gmin stepping completed
Note: Starting dynamic gmin stepping
Note: Dynamic gmin stepping completed
Note: Starting dynamic gmin stepping
Note: Dynamic gmin stepping completed
Note: Starting dynamic gmin stepping
Note: Dynamic gmin stepping completed
Note: Starting dynamic gmin stepping
Note: Dynamic gmin stepping completed
Note: Starting dynamic gmin stepping
Note: Dynamic gmin stepping completed
Note: Starting dynamic gmin stepping
Note: Dynamic gmin stepping completed
Note: Starting dynamic gmin stepping
Note: Dynamic gmin stepping completed
Note: Starting dynamic gmin stepping
Note: Dynamic gmin stepping completed
Note: Starting dynamic gmin stepping
Note: Dynamic gmin stepping completed
Note: Starting dynamic gmin stepping
Note: Dynamic gmin stepping completed
Note: Starting dynamic gmin stepping
Note: Dynamic gmin stepping completed
Note: Starting dynamic gmin stepping
Note: Dynamic gmin stepping completed
Note: Starting dynamic gmin stepping
Note: Dynamic gmin stepping completed
Note: Starting dynamic gmin stepping
Note: Dynamic gmin stepping completed
Note: Starting dynamic gmin stepping
Note: Dynamic gmin stepping completed
Note: Starting dynamic gmin stepping
Note: Dynamic gmin stepping completed
Note: Starting dynamic gmin stepping
Note: Dynamic gmin stepping completed
Note: Starting dynamic gmin stepping
Note: Dynamic gmin stepping completed
Note: Starting dynamic gmin stepping
Note: Dynamic gmin stepping completed
Note: Starting dynamic gmin stepping
Note: Dynamic gmin stepping completed
Note: Starting dynamic gmin stepping
Note: Dynamic gmin stepping completed
Note: Starting dynamic gmin stepping
Note: Dynamic gmin stepping completed
Note: Starting dynamic gmin stepping
Note: Dynamic gmin stepping completed
Note: Starting dynamic gmin stepping
Note: Dynamic gmin stepping completed
Note: Starting dynamic gmin stepping
Note: Dynamic gmin stepping completed
Note: Starting dynamic gmin stepping
Note: Dynamic gmin stepping completed
Note: Starting dynamic gmin stepping
Note: Dynamic gmin stepping completed
Note: Starting dynamic gmin stepping
Note: Dynamic gmin stepping completed
Note: Starting dynamic gmin stepping
Note: Dynamic gmin stepping completed
Note: Starting dynamic gmin stepping
Note: Dynamic gmin stepping completed
Note: Starting dynamic gmin stepping
Note: Dynamic gmin stepping completed
Note: Starting dynamic gmin stepping
Note: Dynamic gmin stepping completed
Note: Starting dynamic gmin stepping
Note: Dynamic gmin stepping completed
Note: Starting dynamic gmin stepping
Note: Dynamic gmin stepping completed
Note: Starting dynamic gmin stepping
Note: Dynamic gmin stepping completed
Note: Starting dynamic gmin stepping
Note: Dynamic gmin stepping completed
Note: Starting dynamic gmin stepping
Note: Dynamic gmin stepping completed
Note: Starting dynamic gmin stepping
Note: Dynamic gmin stepping completed
Note: Starting dynamic gmin stepping
Note: Dynamic gmin stepping completed
Note: Starting dynamic gmin stepping
Note: Dynamic gmin stepping completed
Note: Starting dynamic gmin stepping
Note: Dynamic gmin stepping completed
Note: Starting dynamic gmin stepping
Note: Dynamic gmin stepping completed
Note: Starting dynamic gmin stepping
Note: Dynamic gmin stepping completed
Note: Starting dynamic gmin stepping
Note: Dynamic gmin stepping completed
Note: Starting dynamic gmin stepping
Note: Dynamic gmin stepping completed
Note: Starting dynamic gmin stepping
Note: Dynamic gmin stepping completed
Note: Starting dynamic gmin stepping
Note: Dynamic gmin stepping completed
Note: Starting dynamic gmin stepping
Note: Dynamic gmin stepping completed
Note: Starting dynamic gmin stepping
Note: Dynamic gmin stepping completed
Note: Starting dynamic gmin stepping
Note: Dynamic gmin stepping completed
Note: Starting dynamic gmin stepping
Note: Dynamic gmin stepping completed
Note: Starting dynamic gmin stepping
Note: Dynamic gmin stepping completed
Note: Starting dynamic gmin stepping
Note: Dynamic gmin stepping completed
Note: Starting dynamic gmin stepping
Note: Dynamic gmin stepping completed
Note: Starting dynamic gmin stepping
Note: Dynamic gmin stepping completed
Note: Starting dynamic gmin stepping
Note: Dynamic gmin stepping completed
Note: Starting dynamic gmin stepping
Note: Dynamic gmin stepping completed
Note: Starting dynamic gmin stepping
Note: Dynamic gmin stepping completed
Note: Starting dynamic gmin stepping
Note: Dynamic gmin stepping completed
Note: Starting dynamic gmin stepping
Note: Dynamic gmin stepping completed
Note: Starting dynamic gmin stepping
Note: Dynamic gmin stepping completed
Note: Starting dynamic gmin stepping
Note: Dynamic gmin stepping completed
Note: Starting dynamic gmin stepping
Note: Dynamic gmin stepping completed
Note: Starting dynamic gmin stepping
Note: Dynamic gmin stepping completed
Note: Starting dynamic gmin stepping
Note: Dynamic gmin stepping completed
Note: Starting dynamic gmin stepping
Note: Dynamic gmin stepping completed
Note: Starting dynamic gmin stepping
Note: Dynamic gmin stepping completed
Note: Starting dynamic gmin stepping
Note: Dynamic gmin stepping completed
Note: Starting dynamic gmin stepping
Note: Dynamic gmin stepping completed
Note: Starting dynamic gmin stepping
Note: Dynamic gmin stepping completed
Note: Starting dynamic gmin stepping
Note: Dynamic gmin stepping completed
Note: Starting dynamic gmin stepping
Note: Dynamic gmin stepping completed
Note: Starting dynamic gmin stepping
Note: Dynamic gmin stepping completed
Note: Starting dynamic gmin stepping
Note: Dynamic gmin stepping completed
Note: Starting dynamic gmin stepping
Note: Dynamic gmin stepping completed
Note: Starting dynamic gmin stepping
Note: Dynamic gmin stepping completed
Note: Starting dynamic gmin stepping
Note: Dynamic gmin stepping completed
Note: Starting dynamic gmin stepping
Note: Dynamic gmin stepping completed
Note: Starting dynamic gmin stepping
Note: Dynamic gmin stepping completed
Note: Starting dynamic gmin stepping
Note: Dynamic gmin stepping completed
Note: Starting dynamic gmin stepping
Note: Dynamic gmin stepping completed
Note: Starting dynamic gmin stepping
Note: Dynamic gmin stepping completed
Note: Starting dynamic gmin stepping
Note: Dynamic gmin stepping completed
Note: Starting dynamic gmin stepping
Note: Dynamic gmin stepping completed
Note: Starting dynamic gmin stepping
Note: Dynamic gmin stepping completed
Note: Starting dynamic gmin stepping
Note: Dynamic gmin stepping completed
Note: Starting dynamic gmin stepping
Note: Dynamic gmin stepping completed
Note: Starting dynamic gmin stepping
Note: Dynamic gmin stepping completed
Note: Starting dynamic gmin stepping
Note: Dynamic gmin stepping completed
Note: Starting dynamic gmin stepping
Note: Dynamic gmin stepping completed
Note: Starting dynamic gmin stepping
Note: Dynamic gmin stepping completed
Note: Starting dynamic gmin stepping
Note: Dynamic gmin stepping completed
Note: Starting dynamic gmin stepping
Note: Dynamic gmin stepping completed
Note: Starting dynamic gmin stepping
Note: Dynamic gmin stepping completed
Note: Starting dynamic gmin stepping
Note: Dynamic gmin stepping completed
Note: Starting dynamic gmin stepping
Note: Dynamic gmin stepping completed
