
Note: Compatibility modes selected: hs a


Circuit: * comparator-offset-mc @ tt_-40c_3.63v -- generated by sim/harness, do not edit

Reset re-loads circuit * comparator-offset-mc @ tt_-40c_3.63v -- generated by sim/harness, do not edit

Circuit: * comparator-offset-mc @ tt_-40c_3.63v -- generated by sim/harness, do not edit

Doing analysis at TEMP = -40.000000 and TNOM = 27.000000

Using SPARSE 1.3 as Direct Linear Solver

No. of Data Rows : 6
voa = -4.190396900e-04
ddc = 1.3721242452e-07
dde = -1.404834529e-07
Reset re-loads circuit * comparator-offset-mc @ tt_-40c_3.63v -- generated by sim/harness, do not edit

Circuit: * comparator-offset-mc @ tt_-40c_3.63v -- generated by sim/harness, do not edit

Doing analysis at TEMP = -40.000000 and TNOM = 27.000000

Using SPARSE 1.3 as Direct Linear Solver

No. of Data Rows : 6
voa = 1.7844080833e-03
ddc = -3.133174265e-07
dde = 3.0762639775e-07
Reset re-loads circuit * comparator-offset-mc @ tt_-40c_3.63v -- generated by sim/harness, do not edit

Circuit: * comparator-offset-mc @ tt_-40c_3.63v -- generated by sim/harness, do not edit

Doing analysis at TEMP = -40.000000 and TNOM = 27.000000

Using SPARSE 1.3 as Direct Linear Solver
 Reference value :  0.00000e+00
No. of Data Rows : 6
voa = 1.4585408783e-03
ddc = -3.630587746e-07
dde = 3.5666469751e-07
Reset re-loads circuit * comparator-offset-mc @ tt_-40c_3.63v -- generated by sim/harness, do not edit

Circuit: * comparator-offset-mc @ tt_-40c_3.63v -- generated by sim/harness, do not edit

Doing analysis at TEMP = -40.000000 and TNOM = 27.000000

Using SPARSE 1.3 as Direct Linear Solver

No. of Data Rows : 6
voa = -1.878454458e-05
ddc = 3.9427205511e-08
dde = -3.907591269e-08
Reset re-loads circuit * comparator-offset-mc @ tt_-40c_3.63v -- generated by sim/harness, do not edit

Circuit: * comparator-offset-mc @ tt_-40c_3.63v -- generated by sim/harness, do not edit

Doing analysis at TEMP = -40.000000 and TNOM = 27.000000

Using SPARSE 1.3 as Direct Linear Solver

No. of Data Rows : 6
voa = 1.8133122974e-03
ddc = -3.795427389e-07
dde = 3.7243156047e-07
Reset re-loads circuit * comparator-offset-mc @ tt_-40c_3.63v -- generated by sim/harness, do not edit

Circuit: * comparator-offset-mc @ tt_-40c_3.63v -- generated by sim/harness, do not edit

Doing analysis at TEMP = -40.000000 and TNOM = 27.000000

Using SPARSE 1.3 as Direct Linear Solver

No. of Data Rows : 6
voa = -2.917525445e-04
ddc = 1.1321661131e-07
dde = -1.141278057e-07
Reset re-loads circuit * comparator-offset-mc @ tt_-40c_3.63v -- generated by sim/harness, do not edit

Circuit: * comparator-offset-mc @ tt_-40c_3.63v -- generated by sim/harness, do not edit

Doing analysis at TEMP = -40.000000 and TNOM = 27.000000

Using SPARSE 1.3 as Direct Linear Solver

No. of Data Rows : 6
voa = -1.998796865e-04
ddc = 6.7126735601e-08
dde = -6.734279163e-08
Reset re-loads circuit * comparator-offset-mc @ tt_-40c_3.63v -- generated by sim/harness, do not edit

Circuit: * comparator-offset-mc @ tt_-40c_3.63v -- generated by sim/harness, do not edit

Doing analysis at TEMP = -40.000000 and TNOM = 27.000000

Using SPARSE 1.3 as Direct Linear Solver

No. of Data Rows : 6
voa = -2.673591645e-04
ddc = 5.6575200060e-08
dde = -6.657114751e-08
Reset re-loads circuit * comparator-offset-mc @ tt_-40c_3.63v -- generated by sim/harness, do not edit

Circuit: * comparator-offset-mc @ tt_-40c_3.63v -- generated by sim/harness, do not edit

Doing analysis at TEMP = -40.000000 and TNOM = 27.000000

Using SPARSE 1.3 as Direct Linear Solver

No. of Data Rows : 6
voa = 9.7522454105e-04
ddc = -2.915561380e-07
dde = 2.8666552824e-07
Reset re-loads circuit * comparator-offset-mc @ tt_-40c_3.63v -- generated by sim/harness, do not edit

Circuit: * comparator-offset-mc @ tt_-40c_3.63v -- generated by sim/harness, do not edit

Doing analysis at TEMP = -40.000000 and TNOM = 27.000000

Using SPARSE 1.3 as Direct Linear Solver

No. of Data Rows : 6
voa = 1.0172252789e-03
ddc = -2.804600822e-07
dde = 2.7563914697e-07
Reset re-loads circuit * comparator-offset-mc @ tt_-40c_3.63v -- generated by sim/harness, do not edit

Circuit: * comparator-offset-mc @ tt_-40c_3.63v -- generated by sim/harness, do not edit

Doing analysis at TEMP = -40.000000 and TNOM = 27.000000

Using SPARSE 1.3 as Direct Linear Solver
 Reference value :  0.00000e+00
No. of Data Rows : 6
voa = -9.383755744e-04
ddc = 2.1608352288e-07
dde = -1.921883420e-07
Reset re-loads circuit * comparator-offset-mc @ tt_-40c_3.63v -- generated by sim/harness, do not edit

Circuit: * comparator-offset-mc @ tt_-40c_3.63v -- generated by sim/harness, do not edit

Doing analysis at TEMP = -40.000000 and TNOM = 27.000000

Using SPARSE 1.3 as Direct Linear Solver

No. of Data Rows : 6
voa = 4.4899353991e-04
ddc = -1.050833033e-07
dde = 1.0096632813e-07
Reset re-loads circuit * comparator-offset-mc @ tt_-40c_3.63v -- generated by sim/harness, do not edit

Circuit: * comparator-offset-mc @ tt_-40c_3.63v -- generated by sim/harness, do not edit

Doing analysis at TEMP = -40.000000 and TNOM = 27.000000

Using SPARSE 1.3 as Direct Linear Solver

No. of Data Rows : 6
voa = -7.650673218e-04
ddc = 1.5482714661e-07
dde = -1.524923806e-07
Reset re-loads circuit * comparator-offset-mc @ tt_-40c_3.63v -- generated by sim/harness, do not edit

Circuit: * comparator-offset-mc @ tt_-40c_3.63v -- generated by sim/harness, do not edit

Doing analysis at TEMP = -40.000000 and TNOM = 27.000000

Using SPARSE 1.3 as Direct Linear Solver

No. of Data Rows : 6
voa = 2.1072527635e-04
ddc = 5.4603984680e-08
dde = -5.426877783e-08
Reset re-loads circuit * comparator-offset-mc @ tt_-40c_3.63v -- generated by sim/harness, do not edit

Circuit: * comparator-offset-mc @ tt_-40c_3.63v -- generated by sim/harness, do not edit

Doing analysis at TEMP = -40.000000 and TNOM = 27.000000

Using SPARSE 1.3 as Direct Linear Solver

No. of Data Rows : 6
voa = 1.3333317629e-03
ddc = -2.961506506e-07
dde = 2.9075903862e-07
Reset re-loads circuit * comparator-offset-mc @ tt_-40c_3.63v -- generated by sim/harness, do not edit

Circuit: * comparator-offset-mc @ tt_-40c_3.63v -- generated by sim/harness, do not edit

Doing analysis at TEMP = -40.000000 and TNOM = 27.000000

Using SPARSE 1.3 as Direct Linear Solver

No. of Data Rows : 6
voa = -1.321440351e-03
ddc = 3.4366819677e-07
dde = -3.342407549e-07
Reset re-loads circuit * comparator-offset-mc @ tt_-40c_3.63v -- generated by sim/harness, do not edit

Circuit: * comparator-offset-mc @ tt_-40c_3.63v -- generated by sim/harness, do not edit

Doing analysis at TEMP = -40.000000 and TNOM = 27.000000

Using SPARSE 1.3 as Direct Linear Solver

No. of Data Rows : 6
voa = 5.6609844849e-04
ddc = -1.247401600e-07
dde = 1.2245649371e-07
Reset re-loads circuit * comparator-offset-mc @ tt_-40c_3.63v -- generated by sim/harness, do not edit

Circuit: * comparator-offset-mc @ tt_-40c_3.63v -- generated by sim/harness, do not edit

Doing analysis at TEMP = -40.000000 and TNOM = 27.000000

Using SPARSE 1.3 as Direct Linear Solver

No. of Data Rows : 6
voa = -7.996451656e-05
ddc = 4.4630809883e-09
dde = -4.227281344e-09
Reset re-loads circuit * comparator-offset-mc @ tt_-40c_3.63v -- generated by sim/harness, do not edit

Circuit: * comparator-offset-mc @ tt_-40c_3.63v -- generated by sim/harness, do not edit

Doing analysis at TEMP = -40.000000 and TNOM = 27.000000

Using SPARSE 1.3 as Direct Linear Solver

No. of Data Rows : 6
voa = -5.320922422e-04
ddc = 1.5871666426e-07
dde = -1.539005003e-07
Reset re-loads circuit * comparator-offset-mc @ tt_-40c_3.63v -- generated by sim/harness, do not edit

Circuit: * comparator-offset-mc @ tt_-40c_3.63v -- generated by sim/harness, do not edit

Doing analysis at TEMP = -40.000000 and TNOM = 27.000000

Using SPARSE 1.3 as Direct Linear Solver

No. of Data Rows : 6
voa = 1.2386096381e-03
ddc = -2.134441358e-07
dde = 2.0677940659e-07
Reset re-loads circuit * comparator-offset-mc @ tt_-40c_3.63v -- generated by sim/harness, do not edit

Circuit: * comparator-offset-mc @ tt_-40c_3.63v -- generated by sim/harness, do not edit

Doing analysis at TEMP = -40.000000 and TNOM = 27.000000

Using SPARSE 1.3 as Direct Linear Solver
 Reference value :  0.00000e+00
No. of Data Rows : 6
voa = -3.553102828e-04
ddc = 6.8853765652e-08
dde = -6.933494271e-08
Reset re-loads circuit * comparator-offset-mc @ tt_-40c_3.63v -- generated by sim/harness, do not edit

Circuit: * comparator-offset-mc @ tt_-40c_3.63v -- generated by sim/harness, do not edit

Doing analysis at TEMP = -40.000000 and TNOM = 27.000000

Using SPARSE 1.3 as Direct Linear Solver

No. of Data Rows : 6
voa = -7.288702819e-04
ddc = 1.4763248615e-07
dde = -1.813036719e-07
Reset re-loads circuit * comparator-offset-mc @ tt_-40c_3.63v -- generated by sim/harness, do not edit

Circuit: * comparator-offset-mc @ tt_-40c_3.63v -- generated by sim/harness, do not edit

Doing analysis at TEMP = -40.000000 and TNOM = 27.000000

Using SPARSE 1.3 as Direct Linear Solver

No. of Data Rows : 6
voa = 5.8107382165e-04
ddc = -6.709347358e-08
dde = 6.5598341626e-08
Reset re-loads circuit * comparator-offset-mc @ tt_-40c_3.63v -- generated by sim/harness, do not edit

Circuit: * comparator-offset-mc @ tt_-40c_3.63v -- generated by sim/harness, do not edit

Doing analysis at TEMP = -40.000000 and TNOM = 27.000000

Using SPARSE 1.3 as Direct Linear Solver

No. of Data Rows : 6
voa = 2.1914529438e-05
ddc = -5.190043412e-08
dde = 5.1697485809e-08
Reset re-loads circuit * comparator-offset-mc @ tt_-40c_3.63v -- generated by sim/harness, do not edit

Circuit: * comparator-offset-mc @ tt_-40c_3.63v -- generated by sim/harness, do not edit

Doing analysis at TEMP = -40.000000 and TNOM = 27.000000

Using SPARSE 1.3 as Direct Linear Solver

No. of Data Rows : 6
voa = -1.429648882e-03
ddc = 3.1946165695e-07
dde = -3.140594712e-07
Reset re-loads circuit * comparator-offset-mc @ tt_-40c_3.63v -- generated by sim/harness, do not edit

Circuit: * comparator-offset-mc @ tt_-40c_3.63v -- generated by sim/harness, do not edit

Doing analysis at TEMP = -40.000000 and TNOM = 27.000000

Using SPARSE 1.3 as Direct Linear Solver

No. of Data Rows : 6
voa = -1.111571716e-03
ddc = 3.1305642044e-07
dde = -3.078016452e-07
Reset re-loads circuit * comparator-offset-mc @ tt_-40c_3.63v -- generated by sim/harness, do not edit

Circuit: * comparator-offset-mc @ tt_-40c_3.63v -- generated by sim/harness, do not edit

Doing analysis at TEMP = -40.000000 and TNOM = 27.000000

Using SPARSE 1.3 as Direct Linear Solver

No. of Data Rows : 6
voa = -5.843098658e-04
ddc = 1.9027085832e-07
dde = -1.820469295e-07
Reset re-loads circuit * comparator-offset-mc @ tt_-40c_3.63v -- generated by sim/harness, do not edit

Circuit: * comparator-offset-mc @ tt_-40c_3.63v -- generated by sim/harness, do not edit

Doing analysis at TEMP = -40.000000 and TNOM = 27.000000

Using SPARSE 1.3 as Direct Linear Solver

No. of Data Rows : 6
voa = 8.6452527516e-05
ddc = 2.1752213714e-08
dde = -1.799184152e-08
Reset re-loads circuit * comparator-offset-mc @ tt_-40c_3.63v -- generated by sim/harness, do not edit

Circuit: * comparator-offset-mc @ tt_-40c_3.63v -- generated by sim/harness, do not edit

Doing analysis at TEMP = -40.000000 and TNOM = 27.000000

Using SPARSE 1.3 as Direct Linear Solver

No. of Data Rows : 6
voa = -1.803879298e-04
ddc = -1.769179334e-08
dde = 1.8150674940e-08
Reset re-loads circuit * comparator-offset-mc @ tt_-40c_3.63v -- generated by sim/harness, do not edit

Circuit: * comparator-offset-mc @ tt_-40c_3.63v -- generated by sim/harness, do not edit

Doing analysis at TEMP = -40.000000 and TNOM = 27.000000

Using SPARSE 1.3 as Direct Linear Solver

No. of Data Rows : 6
voa = 2.1535413405e-04
ddc = -2.009398543e-09
dde = 9.0102452485e-09
Reset re-loads circuit * comparator-offset-mc @ tt_-40c_3.63v -- generated by sim/harness, do not edit

Circuit: * comparator-offset-mc @ tt_-40c_3.63v -- generated by sim/harness, do not edit

Doing analysis at TEMP = -40.000000 and TNOM = 27.000000

Using SPARSE 1.3 as Direct Linear Solver
 Reference value :  2.00000e-03
No. of Data Rows : 6
voa = 1.8858234361e-03
ddc = -5.047543926e-07
dde = 4.9581315421e-07
Reset re-loads circuit * comparator-offset-mc @ tt_-40c_3.63v -- generated by sim/harness, do not edit

Circuit: * comparator-offset-mc @ tt_-40c_3.63v -- generated by sim/harness, do not edit

Doing analysis at TEMP = -40.000000 and TNOM = 27.000000

Using SPARSE 1.3 as Direct Linear Solver

No. of Data Rows : 6
voa = -9.794343749e-04
ddc = 1.8586752505e-07
dde = -1.777251511e-07
Reset re-loads circuit * comparator-offset-mc @ tt_-40c_3.63v -- generated by sim/harness, do not edit

Circuit: * comparator-offset-mc @ tt_-40c_3.63v -- generated by sim/harness, do not edit

Doing analysis at TEMP = -40.000000 and TNOM = 27.000000

Using SPARSE 1.3 as Direct Linear Solver

No. of Data Rows : 6
voa = 4.5257585461e-04
ddc = -9.584590306e-08
dde = 9.3735543407e-08
Reset re-loads circuit * comparator-offset-mc @ tt_-40c_3.63v -- generated by sim/harness, do not edit

Circuit: * comparator-offset-mc @ tt_-40c_3.63v -- generated by sim/harness, do not edit

Doing analysis at TEMP = -40.000000 and TNOM = 27.000000

Using SPARSE 1.3 as Direct Linear Solver

No. of Data Rows : 6
voa = -1.432780251e-04
ddc = 6.7734773908e-09
dde = -1.211784300e-08
Reset re-loads circuit * comparator-offset-mc @ tt_-40c_3.63v -- generated by sim/harness, do not edit

Circuit: * comparator-offset-mc @ tt_-40c_3.63v -- generated by sim/harness, do not edit

Doing analysis at TEMP = -40.000000 and TNOM = 27.000000

Using SPARSE 1.3 as Direct Linear Solver

No. of Data Rows : 6
voa = 2.3092341715e-03
ddc = -4.316080864e-07
dde = 4.2345563780e-07
Reset re-loads circuit * comparator-offset-mc @ tt_-40c_3.63v -- generated by sim/harness, do not edit

Circuit: * comparator-offset-mc @ tt_-40c_3.63v -- generated by sim/harness, do not edit

Doing analysis at TEMP = -40.000000 and TNOM = 27.000000

Using SPARSE 1.3 as Direct Linear Solver

No. of Data Rows : 6
voa = -3.952772513e-04
ddc = 1.1097369257e-07
dde = -1.297886614e-07
Reset re-loads circuit * comparator-offset-mc @ tt_-40c_3.63v -- generated by sim/harness, do not edit

Circuit: * comparator-offset-mc @ tt_-40c_3.63v -- generated by sim/harness, do not edit

Doing analysis at TEMP = -40.000000 and TNOM = 27.000000

Using SPARSE 1.3 as Direct Linear Solver

No. of Data Rows : 6
voa = 2.8107159745e-04
ddc = -1.086914871e-08
dde = 1.1156486756e-08
Reset re-loads circuit * comparator-offset-mc @ tt_-40c_3.63v -- generated by sim/harness, do not edit

Circuit: * comparator-offset-mc @ tt_-40c_3.63v -- generated by sim/harness, do not edit

Doing analysis at TEMP = -40.000000 and TNOM = 27.000000

Using SPARSE 1.3 as Direct Linear Solver

No. of Data Rows : 6
voa = 9.5786150539e-04
ddc = -2.389285668e-07
dde = 2.3472034238e-07
Reset re-loads circuit * comparator-offset-mc @ tt_-40c_3.63v -- generated by sim/harness, do not edit

Circuit: * comparator-offset-mc @ tt_-40c_3.63v -- generated by sim/harness, do not edit

Doing analysis at TEMP = -40.000000 and TNOM = 27.000000

Using SPARSE 1.3 as Direct Linear Solver

No. of Data Rows : 6
voa = 7.0245308225e-04
ddc = -1.659056113e-07
dde = 1.6295114376e-07
Reset re-loads circuit * comparator-offset-mc @ tt_-40c_3.63v -- generated by sim/harness, do not edit

Circuit: * comparator-offset-mc @ tt_-40c_3.63v -- generated by sim/harness, do not edit

Doing analysis at TEMP = -40.000000 and TNOM = 27.000000

Using SPARSE 1.3 as Direct Linear Solver

No. of Data Rows : 6
voa = -1.798384246e-03
ddc = 4.3343346894e-07
dde = -4.555043467e-07
Reset re-loads circuit * comparator-offset-mc @ tt_-40c_3.63v -- generated by sim/harness, do not edit

Circuit: * comparator-offset-mc @ tt_-40c_3.63v -- generated by sim/harness, do not edit

Doing analysis at TEMP = -40.000000 and TNOM = 27.000000

Using SPARSE 1.3 as Direct Linear Solver
 Reference value :  0.00000e+00
No. of Data Rows : 6
voa = -4.939833394e-04
ddc = 1.1832086492e-07
dde = -1.287750308e-07
Reset re-loads circuit * comparator-offset-mc @ tt_-40c_3.63v -- generated by sim/harness, do not edit

Circuit: * comparator-offset-mc @ tt_-40c_3.63v -- generated by sim/harness, do not edit

Doing analysis at TEMP = -40.000000 and TNOM = 27.000000

Using SPARSE 1.3 as Direct Linear Solver

No. of Data Rows : 6
voa = 8.2787115161e-04
ddc = -1.092662286e-07
dde = 1.0681560068e-07
Reset re-loads circuit * comparator-offset-mc @ tt_-40c_3.63v -- generated by sim/harness, do not edit

Circuit: * comparator-offset-mc @ tt_-40c_3.63v -- generated by sim/harness, do not edit

Doing analysis at TEMP = -40.000000 and TNOM = 27.000000

Using SPARSE 1.3 as Direct Linear Solver

No. of Data Rows : 6
voa = -9.142389364e-04
ddc = 2.2894230659e-07
dde = -1.793689192e-07
Reset re-loads circuit * comparator-offset-mc @ tt_-40c_3.63v -- generated by sim/harness, do not edit

Circuit: * comparator-offset-mc @ tt_-40c_3.63v -- generated by sim/harness, do not edit

Doing analysis at TEMP = -40.000000 and TNOM = 27.000000

Using SPARSE 1.3 as Direct Linear Solver

No. of Data Rows : 6
voa = -1.189981158e-03
ddc = 2.9564465104e-07
dde = -2.904916281e-07
Reset re-loads circuit * comparator-offset-mc @ tt_-40c_3.63v -- generated by sim/harness, do not edit

Circuit: * comparator-offset-mc @ tt_-40c_3.63v -- generated by sim/harness, do not edit

Doing analysis at TEMP = -40.000000 and TNOM = 27.000000

Using SPARSE 1.3 as Direct Linear Solver

No. of Data Rows : 6
voa = -1.388542331e-03
ddc = 3.2029434497e-07
dde = -3.059893956e-07
Reset re-loads circuit * comparator-offset-mc @ tt_-40c_3.63v -- generated by sim/harness, do not edit

Circuit: * comparator-offset-mc @ tt_-40c_3.63v -- generated by sim/harness, do not edit

Doing analysis at TEMP = -40.000000 and TNOM = 27.000000

Using SPARSE 1.3 as Direct Linear Solver

No. of Data Rows : 6
voa = 2.6700571817e-03
ddc = -5.008743778e-07
dde = 4.9139612231e-07
Reset re-loads circuit * comparator-offset-mc @ tt_-40c_3.63v -- generated by sim/harness, do not edit

Circuit: * comparator-offset-mc @ tt_-40c_3.63v -- generated by sim/harness, do not edit

Doing analysis at TEMP = -40.000000 and TNOM = 27.000000

Using SPARSE 1.3 as Direct Linear Solver

No. of Data Rows : 6
voa = -2.085751392e-04
ddc = -3.226287191e-08
dde = 3.0854965631e-08
Reset re-loads circuit * comparator-offset-mc @ tt_-40c_3.63v -- generated by sim/harness, do not edit

Circuit: * comparator-offset-mc @ tt_-40c_3.63v -- generated by sim/harness, do not edit

Doing analysis at TEMP = -40.000000 and TNOM = 27.000000

Using SPARSE 1.3 as Direct Linear Solver

No. of Data Rows : 6
voa = 1.1058382243e-03
ddc = -2.545801118e-07
dde = 2.5000937553e-07
Reset re-loads circuit * comparator-offset-mc @ tt_-40c_3.63v -- generated by sim/harness, do not edit

Circuit: * comparator-offset-mc @ tt_-40c_3.63v -- generated by sim/harness, do not edit

Doing analysis at TEMP = -40.000000 and TNOM = 27.000000

Using SPARSE 1.3 as Direct Linear Solver

No. of Data Rows : 6
voa = -4.563619846e-04
ddc = 1.4855241872e-07
dde = -1.462357902e-07
Reset re-loads circuit * comparator-offset-mc @ tt_-40c_3.63v -- generated by sim/harness, do not edit

Circuit: * comparator-offset-mc @ tt_-40c_3.63v -- generated by sim/harness, do not edit

Doing analysis at TEMP = -40.000000 and TNOM = 27.000000

Using SPARSE 1.3 as Direct Linear Solver

No. of Data Rows : 6
voa = 5.4664446800e-05
ddc = 4.6628871197e-08
dde = -4.520750330e-08
Reset re-loads circuit * comparator-offset-mc @ tt_-40c_3.63v -- generated by sim/harness, do not edit

Circuit: * comparator-offset-mc @ tt_-40c_3.63v -- generated by sim/harness, do not edit

Doing analysis at TEMP = -40.000000 and TNOM = 27.000000

Using SPARSE 1.3 as Direct Linear Solver

No. of Data Rows : 6
voa = -5.315724162e-04
ddc = 2.0083093711e-07
dde = -2.148949197e-07
Reset re-loads circuit * comparator-offset-mc @ tt_-40c_3.63v -- generated by sim/harness, do not edit

Circuit: * comparator-offset-mc @ tt_-40c_3.63v -- generated by sim/harness, do not edit

Doing analysis at TEMP = -40.000000 and TNOM = 27.000000

Using SPARSE 1.3 as Direct Linear Solver

No. of Data Rows : 6
voa = -3.701877322e-04
ddc = 9.4135350741e-08
dde = -9.254564038e-08
Reset re-loads circuit * comparator-offset-mc @ tt_-40c_3.63v -- generated by sim/harness, do not edit

Circuit: * comparator-offset-mc @ tt_-40c_3.63v -- generated by sim/harness, do not edit

Doing analysis at TEMP = -40.000000 and TNOM = 27.000000

Using SPARSE 1.3 as Direct Linear Solver
 Reference value :  0.00000e+00
No. of Data Rows : 6
voa = 1.0446238126e-03
ddc = -2.684129373e-07
dde = 2.6377481759e-07
Reset re-loads circuit * comparator-offset-mc @ tt_-40c_3.63v -- generated by sim/harness, do not edit

Circuit: * comparator-offset-mc @ tt_-40c_3.63v -- generated by sim/harness, do not edit

Doing analysis at TEMP = -40.000000 and TNOM = 27.000000

Using SPARSE 1.3 as Direct Linear Solver

No. of Data Rows : 6
voa = 6.0576095494e-04
ddc = -1.508233416e-07
dde = 1.4815815873e-07
Reset re-loads circuit * comparator-offset-mc @ tt_-40c_3.63v -- generated by sim/harness, do not edit

Circuit: * comparator-offset-mc @ tt_-40c_3.63v -- generated by sim/harness, do not edit

Doing analysis at TEMP = -40.000000 and TNOM = 27.000000

Using SPARSE 1.3 as Direct Linear Solver

No. of Data Rows : 6
voa = -2.012612646e-04
ddc = -2.237744673e-08
dde = 2.2413566956e-08
Reset re-loads circuit * comparator-offset-mc @ tt_-40c_3.63v -- generated by sim/harness, do not edit

Circuit: * comparator-offset-mc @ tt_-40c_3.63v -- generated by sim/harness, do not edit

Doing analysis at TEMP = -40.000000 and TNOM = 27.000000

Using SPARSE 1.3 as Direct Linear Solver

No. of Data Rows : 6
voa = -6.537296657e-04
ddc = 1.4903317421e-07
dde = -1.464661165e-07
Reset re-loads circuit * comparator-offset-mc @ tt_-40c_3.63v -- generated by sim/harness, do not edit

Circuit: * comparator-offset-mc @ tt_-40c_3.63v -- generated by sim/harness, do not edit

Doing analysis at TEMP = -40.000000 and TNOM = 27.000000

Using SPARSE 1.3 as Direct Linear Solver

No. of Data Rows : 6
voa = -3.016870792e-04
ddc = 1.1687944260e-07
dde = -1.242482532e-07
Reset re-loads circuit * comparator-offset-mc @ tt_-40c_3.63v -- generated by sim/harness, do not edit

Circuit: * comparator-offset-mc @ tt_-40c_3.63v -- generated by sim/harness, do not edit

Doing analysis at TEMP = -40.000000 and TNOM = 27.000000

Using SPARSE 1.3 as Direct Linear Solver

No. of Data Rows : 6
voa = 4.3833338774e-04
ddc = -9.534323208e-08
dde = 9.3732280485e-08
Reset re-loads circuit * comparator-offset-mc @ tt_-40c_3.63v -- generated by sim/harness, do not edit

Circuit: * comparator-offset-mc @ tt_-40c_3.63v -- generated by sim/harness, do not edit

Doing analysis at TEMP = -40.000000 and TNOM = 27.000000

Using SPARSE 1.3 as Direct Linear Solver

No. of Data Rows : 6
voa = -4.444263869e-04
ddc = 1.8287374552e-07
dde = -1.785180803e-07
Reset re-loads circuit * comparator-offset-mc @ tt_-40c_3.63v -- generated by sim/harness, do not edit

Circuit: * comparator-offset-mc @ tt_-40c_3.63v -- generated by sim/harness, do not edit

Doing analysis at TEMP = -40.000000 and TNOM = 27.000000

Using SPARSE 1.3 as Direct Linear Solver

No. of Data Rows : 6
voa = -8.915976886e-04
ddc = 2.3970229563e-07
dde = -2.038256454e-07
Reset re-loads circuit * comparator-offset-mc @ tt_-40c_3.63v -- generated by sim/harness, do not edit

Circuit: * comparator-offset-mc @ tt_-40c_3.63v -- generated by sim/harness, do not edit

Doing analysis at TEMP = -40.000000 and TNOM = 27.000000

Using SPARSE 1.3 as Direct Linear Solver

No. of Data Rows : 6
voa = -2.637986705e-06
ddc = 6.8133521859e-08
dde = -6.778269742e-08
Reset re-loads circuit * comparator-offset-mc @ tt_-40c_3.63v -- generated by sim/harness, do not edit

Circuit: * comparator-offset-mc @ tt_-40c_3.63v -- generated by sim/harness, do not edit

Doing analysis at TEMP = -40.000000 and TNOM = 27.000000

Using SPARSE 1.3 as Direct Linear Solver
 Reference value :  0.00000e+00
No. of Data Rows : 6
voa = 1.5851420357e-03
ddc = -2.992203014e-07
dde = 2.9132491654e-07
Reset re-loads circuit * comparator-offset-mc @ tt_-40c_3.63v -- generated by sim/harness, do not edit

Circuit: * comparator-offset-mc @ tt_-40c_3.63v -- generated by sim/harness, do not edit

Doing analysis at TEMP = -40.000000 and TNOM = 27.000000

Using SPARSE 1.3 as Direct Linear Solver

No. of Data Rows : 6
voa = -1.830493779e-03
ddc = 4.9598942146e-07
dde = -4.875294025e-07
Reset re-loads circuit * comparator-offset-mc @ tt_-40c_3.63v -- generated by sim/harness, do not edit

Circuit: * comparator-offset-mc @ tt_-40c_3.63v -- generated by sim/harness, do not edit

Doing analysis at TEMP = -40.000000 and TNOM = 27.000000

Using SPARSE 1.3 as Direct Linear Solver

No. of Data Rows : 6
voa = 9.8189497802e-04
ddc = -2.090278696e-07
dde = 2.0508870281e-07
Reset re-loads circuit * comparator-offset-mc @ tt_-40c_3.63v -- generated by sim/harness, do not edit

Circuit: * comparator-offset-mc @ tt_-40c_3.63v -- generated by sim/harness, do not edit

Doing analysis at TEMP = -40.000000 and TNOM = 27.000000

Using SPARSE 1.3 as Direct Linear Solver

No. of Data Rows : 6
voa = -4.109237566e-04
ddc = 1.3087543753e-07
dde = -1.341112667e-07
Reset re-loads circuit * comparator-offset-mc @ tt_-40c_3.63v -- generated by sim/harness, do not edit

Circuit: * comparator-offset-mc @ tt_-40c_3.63v -- generated by sim/harness, do not edit

Doing analysis at TEMP = -40.000000 and TNOM = 27.000000

Using SPARSE 1.3 as Direct Linear Solver

No. of Data Rows : 6
voa = 6.8044068711e-05
ddc = 5.9632625176e-08
dde = -5.893357560e-08
Reset re-loads circuit * comparator-offset-mc @ tt_-40c_3.63v -- generated by sim/harness, do not edit

Circuit: * comparator-offset-mc @ tt_-40c_3.63v -- generated by sim/harness, do not edit

Doing analysis at TEMP = -40.000000 and TNOM = 27.000000

Using SPARSE 1.3 as Direct Linear Solver

No. of Data Rows : 6
voa = -1.625532020e-04
ddc = 1.7055122312e-08
dde = -1.610350046e-08
Reset re-loads circuit * comparator-offset-mc @ tt_-40c_3.63v -- generated by sim/harness, do not edit

Circuit: * comparator-offset-mc @ tt_-40c_3.63v -- generated by sim/harness, do not edit

Doing analysis at TEMP = -40.000000 and TNOM = 27.000000

Using SPARSE 1.3 as Direct Linear Solver

No. of Data Rows : 6
voa = 3.7964981619e-04
ddc = -1.027181048e-07
dde = 1.0089488154e-07
Reset re-loads circuit * comparator-offset-mc @ tt_-40c_3.63v -- generated by sim/harness, do not edit

Circuit: * comparator-offset-mc @ tt_-40c_3.63v -- generated by sim/harness, do not edit

Doing analysis at TEMP = -40.000000 and TNOM = 27.000000

Using SPARSE 1.3 as Direct Linear Solver

No. of Data Rows : 6
voa = -1.208634321e-04
ddc = 1.3869110329e-08
dde = -1.499049595e-08
Reset re-loads circuit * comparator-offset-mc @ tt_-40c_3.63v -- generated by sim/harness, do not edit

Circuit: * comparator-offset-mc @ tt_-40c_3.63v -- generated by sim/harness, do not edit

Doing analysis at TEMP = -40.000000 and TNOM = 27.000000

Using SPARSE 1.3 as Direct Linear Solver
 Reference value :  0.00000e+00
No. of Data Rows : 6
voa = -1.042431469e-03
ddc = 2.5752604922e-07
dde = -2.529768491e-07
Reset re-loads circuit * comparator-offset-mc @ tt_-40c_3.63v -- generated by sim/harness, do not edit

Circuit: * comparator-offset-mc @ tt_-40c_3.63v -- generated by sim/harness, do not edit

Doing analysis at TEMP = -40.000000 and TNOM = 27.000000

Using SPARSE 1.3 as Direct Linear Solver

No. of Data Rows : 6
voa = 1.1550395571e-03
ddc = -2.570444200e-07
dde = 2.5237373516e-07
Reset re-loads circuit * comparator-offset-mc @ tt_-40c_3.63v -- generated by sim/harness, do not edit

Circuit: * comparator-offset-mc @ tt_-40c_3.63v -- generated by sim/harness, do not edit

Doing analysis at TEMP = -40.000000 and TNOM = 27.000000

Using SPARSE 1.3 as Direct Linear Solver

No. of Data Rows : 6
voa = 4.1263427471e-05
ddc = 3.0485341916e-08
dde = -2.976991117e-08
Reset re-loads circuit * comparator-offset-mc @ tt_-40c_3.63v -- generated by sim/harness, do not edit

Circuit: * comparator-offset-mc @ tt_-40c_3.63v -- generated by sim/harness, do not edit

Doing analysis at TEMP = -40.000000 and TNOM = 27.000000

Using SPARSE 1.3 as Direct Linear Solver

No. of Data Rows : 6
voa = 3.6807559617e-04
ddc = -2.650057438e-08
dde = 2.5699884909e-08
Reset re-loads circuit * comparator-offset-mc @ tt_-40c_3.63v -- generated by sim/harness, do not edit

Circuit: * comparator-offset-mc @ tt_-40c_3.63v -- generated by sim/harness, do not edit

Doing analysis at TEMP = -40.000000 and TNOM = 27.000000

Using SPARSE 1.3 as Direct Linear Solver

No. of Data Rows : 6
voa = 1.8974959909e-05
ddc = 2.8714222527e-08
dde = -2.830858044e-08
Reset re-loads circuit * comparator-offset-mc @ tt_-40c_3.63v -- generated by sim/harness, do not edit

Circuit: * comparator-offset-mc @ tt_-40c_3.63v -- generated by sim/harness, do not edit

Doing analysis at TEMP = -40.000000 and TNOM = 27.000000

Using SPARSE 1.3 as Direct Linear Solver

No. of Data Rows : 6
voa = -1.281012651e-03
ddc = 3.2233441926e-07
dde = -3.078975552e-07
Reset re-loads circuit * comparator-offset-mc @ tt_-40c_3.63v -- generated by sim/harness, do not edit

Circuit: * comparator-offset-mc @ tt_-40c_3.63v -- generated by sim/harness, do not edit

Doing analysis at TEMP = -40.000000 and TNOM = 27.000000

Using SPARSE 1.3 as Direct Linear Solver

No. of Data Rows : 6
voa = 1.3771717942e-04
ddc = -1.273401616e-07
dde = 1.2566253888e-07
Reset re-loads circuit * comparator-offset-mc @ tt_-40c_3.63v -- generated by sim/harness, do not edit

Circuit: * comparator-offset-mc @ tt_-40c_3.63v -- generated by sim/harness, do not edit

Doing analysis at TEMP = -40.000000 and TNOM = 27.000000

Using SPARSE 1.3 as Direct Linear Solver

No. of Data Rows : 6
voa = 1.1028691387e-03
ddc = -2.538597476e-07
dde = 2.4613178023e-07
Reset re-loads circuit * comparator-offset-mc @ tt_-40c_3.63v -- generated by sim/harness, do not edit

Circuit: * comparator-offset-mc @ tt_-40c_3.63v -- generated by sim/harness, do not edit

Doing analysis at TEMP = -40.000000 and TNOM = 27.000000

Using SPARSE 1.3 as Direct Linear Solver

No. of Data Rows : 6
voa = -4.588666473e-04
ddc = 7.8045008316e-08
dde = -7.645291306e-08
Reset re-loads circuit * comparator-offset-mc @ tt_-40c_3.63v -- generated by sim/harness, do not edit

Circuit: * comparator-offset-mc @ tt_-40c_3.63v -- generated by sim/harness, do not edit

Doing analysis at TEMP = -40.000000 and TNOM = 27.000000

Using SPARSE 1.3 as Direct Linear Solver

No. of Data Rows : 6
voa = 2.0716149259e-04
ddc = -6.056926474e-08
dde = 6.2504249430e-08
Reset re-loads circuit * comparator-offset-mc @ tt_-40c_3.63v -- generated by sim/harness, do not edit

Circuit: * comparator-offset-mc @ tt_-40c_3.63v -- generated by sim/harness, do not edit

Doing analysis at TEMP = -40.000000 and TNOM = 27.000000

Using SPARSE 1.3 as Direct Linear Solver
 Reference value :  0.00000e+00
No. of Data Rows : 6
voa = -4.024096549e-04
ddc = 4.0455454008e-08
dde = -3.696737839e-08
Reset re-loads circuit * comparator-offset-mc @ tt_-40c_3.63v -- generated by sim/harness, do not edit

Circuit: * comparator-offset-mc @ tt_-40c_3.63v -- generated by sim/harness, do not edit

Doing analysis at TEMP = -40.000000 and TNOM = 27.000000

Using SPARSE 1.3 as Direct Linear Solver

No. of Data Rows : 6
voa = 1.1980384724e-04
ddc = 1.7014951510e-08
dde = -1.568483228e-08
Reset re-loads circuit * comparator-offset-mc @ tt_-40c_3.63v -- generated by sim/harness, do not edit

Circuit: * comparator-offset-mc @ tt_-40c_3.63v -- generated by sim/harness, do not edit

Doing analysis at TEMP = -40.000000 and TNOM = 27.000000

Using SPARSE 1.3 as Direct Linear Solver

No. of Data Rows : 6
voa = 8.7114077652e-04
ddc = -1.437004315e-07
dde = 1.4079301343e-07
Reset re-loads circuit * comparator-offset-mc @ tt_-40c_3.63v -- generated by sim/harness, do not edit

Circuit: * comparator-offset-mc @ tt_-40c_3.63v -- generated by sim/harness, do not edit

Doing analysis at TEMP = -40.000000 and TNOM = 27.000000

Using SPARSE 1.3 as Direct Linear Solver

No. of Data Rows : 6
voa = -2.754253524e-04
ddc = 9.1111743246e-08
dde = -8.986047848e-08
Reset re-loads circuit * comparator-offset-mc @ tt_-40c_3.63v -- generated by sim/harness, do not edit

Circuit: * comparator-offset-mc @ tt_-40c_3.63v -- generated by sim/harness, do not edit

Doing analysis at TEMP = -40.000000 and TNOM = 27.000000

Using SPARSE 1.3 as Direct Linear Solver

No. of Data Rows : 6
voa = 1.0873684559e-03
ddc = -2.787378358e-07
dde = 2.7391973560e-07
Reset re-loads circuit * comparator-offset-mc @ tt_-40c_3.63v -- generated by sim/harness, do not edit

Circuit: * comparator-offset-mc @ tt_-40c_3.63v -- generated by sim/harness, do not edit

Doing analysis at TEMP = -40.000000 and TNOM = 27.000000

Using SPARSE 1.3 as Direct Linear Solver

No. of Data Rows : 6
voa = 7.6068442246e-04
ddc = -1.244844305e-07
dde = 1.2204298974e-07
Reset re-loads circuit * comparator-offset-mc @ tt_-40c_3.63v -- generated by sim/harness, do not edit

Circuit: * comparator-offset-mc @ tt_-40c_3.63v -- generated by sim/harness, do not edit

Doing analysis at TEMP = -40.000000 and TNOM = 27.000000

Using SPARSE 1.3 as Direct Linear Solver

No. of Data Rows : 6
voa = 4.8125956225e-04
ddc = -9.310716635e-08
dde = 1.0951194089e-07
Reset re-loads circuit * comparator-offset-mc @ tt_-40c_3.63v -- generated by sim/harness, do not edit

Circuit: * comparator-offset-mc @ tt_-40c_3.63v -- generated by sim/harness, do not edit

Doing analysis at TEMP = -40.000000 and TNOM = 27.000000

Using SPARSE 1.3 as Direct Linear Solver
 Reference value :  2.00000e-03
No. of Data Rows : 6
voa = 8.0365335419e-04
ddc = -2.381616887e-07
dde = 2.3420574128e-07
Reset re-loads circuit * comparator-offset-mc @ tt_-40c_3.63v -- generated by sim/harness, do not edit

Circuit: * comparator-offset-mc @ tt_-40c_3.63v -- generated by sim/harness, do not edit

Doing analysis at TEMP = -40.000000 and TNOM = 27.000000

Using SPARSE 1.3 as Direct Linear Solver

No. of Data Rows : 6
voa = 3.2909595343e-06
ddc = 3.1610352445e-08
dde = -3.108066905e-08
Reset re-loads circuit * comparator-offset-mc @ tt_-40c_3.63v -- generated by sim/harness, do not edit

Circuit: * comparator-offset-mc @ tt_-40c_3.63v -- generated by sim/harness, do not edit

Doing analysis at TEMP = -40.000000 and TNOM = 27.000000

Using SPARSE 1.3 as Direct Linear Solver

No. of Data Rows : 6
voa = -1.459035150e-03
ddc = 3.2155398309e-07
dde = -3.107121401e-07
Reset re-loads circuit * comparator-offset-mc @ tt_-40c_3.63v -- generated by sim/harness, do not edit

Circuit: * comparator-offset-mc @ tt_-40c_3.63v -- generated by sim/harness, do not edit

Doing analysis at TEMP = -40.000000 and TNOM = 27.000000

Using SPARSE 1.3 as Direct Linear Solver

No. of Data Rows : 6
voa = 1.0376166217e-03
ddc = -2.114968215e-07
dde = 2.2939958653e-07
Reset re-loads circuit * comparator-offset-mc @ tt_-40c_3.63v -- generated by sim/harness, do not edit

Circuit: * comparator-offset-mc @ tt_-40c_3.63v -- generated by sim/harness, do not edit

Doing analysis at TEMP = -40.000000 and TNOM = 27.000000

Using SPARSE 1.3 as Direct Linear Solver

No. of Data Rows : 6
voa = -1.574720951e-03
ddc = 2.1540039492e-07
dde = -1.966310901e-07
Reset re-loads circuit * comparator-offset-mc @ tt_-40c_3.63v -- generated by sim/harness, do not edit

Circuit: * comparator-offset-mc @ tt_-40c_3.63v -- generated by sim/harness, do not edit

Doing analysis at TEMP = -40.000000 and TNOM = 27.000000

Using SPARSE 1.3 as Direct Linear Solver

No. of Data Rows : 6
voa = 2.4287930575e-03
ddc = -5.819202852e-07
dde = 5.7222825305e-07
Reset re-loads circuit * comparator-offset-mc @ tt_-40c_3.63v -- generated by sim/harness, do not edit

Circuit: * comparator-offset-mc @ tt_-40c_3.63v -- generated by sim/harness, do not edit

Doing analysis at TEMP = -40.000000 and TNOM = 27.000000

Using SPARSE 1.3 as Direct Linear Solver

No. of Data Rows : 6
voa = -1.598284974e-04
ddc = 6.9183478127e-08
dde = -6.915681020e-08
Reset re-loads circuit * comparator-offset-mc @ tt_-40c_3.63v -- generated by sim/harness, do not edit

Circuit: * comparator-offset-mc @ tt_-40c_3.63v -- generated by sim/harness, do not edit

Doing analysis at TEMP = -40.000000 and TNOM = 27.000000

Using SPARSE 1.3 as Direct Linear Solver

No. of Data Rows : 6
voa = -3.955740664e-04
ddc = 1.4599343509e-08
dde = -1.396576214e-08
Reset re-loads circuit * comparator-offset-mc @ tt_-40c_3.63v -- generated by sim/harness, do not edit

Circuit: * comparator-offset-mc @ tt_-40c_3.63v -- generated by sim/harness, do not edit

Doing analysis at TEMP = -40.000000 and TNOM = 27.000000

Using SPARSE 1.3 as Direct Linear Solver
 Reference value :  0.00000e+00
No. of Data Rows : 6
voa = -6.084592759e-04
ddc = 1.2361191268e-07
dde = -1.213773143e-07
Reset re-loads circuit * comparator-offset-mc @ tt_-40c_3.63v -- generated by sim/harness, do not edit

Circuit: * comparator-offset-mc @ tt_-40c_3.63v -- generated by sim/harness, do not edit

Doing analysis at TEMP = -40.000000 and TNOM = 27.000000

Using SPARSE 1.3 as Direct Linear Solver

No. of Data Rows : 6
voa = -1.741809731e-03
ddc = 3.4732143262e-07
dde = -3.491314662e-07
Reset re-loads circuit * comparator-offset-mc @ tt_-40c_3.63v -- generated by sim/harness, do not edit

Circuit: * comparator-offset-mc @ tt_-40c_3.63v -- generated by sim/harness, do not edit

Doing analysis at TEMP = -40.000000 and TNOM = 27.000000

Using SPARSE 1.3 as Direct Linear Solver

No. of Data Rows : 6
voa = -4.086372567e-04
ddc = 8.7233619725e-08
dde = -9.275963467e-08
Reset re-loads circuit * comparator-offset-mc @ tt_-40c_3.63v -- generated by sim/harness, do not edit

Circuit: * comparator-offset-mc @ tt_-40c_3.63v -- generated by sim/harness, do not edit

Doing analysis at TEMP = -40.000000 and TNOM = 27.000000

Using SPARSE 1.3 as Direct Linear Solver

No. of Data Rows : 6
voa = -8.327488889e-05
ddc = 1.6104763748e-08
dde = -1.582219527e-08
Reset re-loads circuit * comparator-offset-mc @ tt_-40c_3.63v -- generated by sim/harness, do not edit

Circuit: * comparator-offset-mc @ tt_-40c_3.63v -- generated by sim/harness, do not edit

Doing analysis at TEMP = -40.000000 and TNOM = 27.000000

Using SPARSE 1.3 as Direct Linear Solver

No. of Data Rows : 6
voa = 1.6268965013e-03
ddc = -3.989089561e-07
dde = 3.9185669731e-07
Reset re-loads circuit * comparator-offset-mc @ tt_-40c_3.63v -- generated by sim/harness, do not edit

Circuit: * comparator-offset-mc @ tt_-40c_3.63v -- generated by sim/harness, do not edit

Doing analysis at TEMP = -40.000000 and TNOM = 27.000000

Using SPARSE 1.3 as Direct Linear Solver

No. of Data Rows : 6
voa = -2.011317210e-04
ddc = 1.3703816603e-07
dde = -1.358548197e-07
Reset re-loads circuit * comparator-offset-mc @ tt_-40c_3.63v -- generated by sim/harness, do not edit

Circuit: * comparator-offset-mc @ tt_-40c_3.63v -- generated by sim/harness, do not edit

Doing analysis at TEMP = -40.000000 and TNOM = 27.000000

Using SPARSE 1.3 as Direct Linear Solver

No. of Data Rows : 6
voa = -7.262770943e-04
ddc = 1.6679858129e-07
dde = -1.628960797e-07
Reset re-loads circuit * comparator-offset-mc @ tt_-40c_3.63v -- generated by sim/harness, do not edit

Circuit: * comparator-offset-mc @ tt_-40c_3.63v -- generated by sim/harness, do not edit

Doing analysis at TEMP = -40.000000 and TNOM = 27.000000

Using SPARSE 1.3 as Direct Linear Solver
 Reference value :  0.00000e+00
No. of Data Rows : 6
voa = -7.940871909e-04
ddc = 1.3851453474e-07
dde = -1.359360094e-07
Reset re-loads circuit * comparator-offset-mc @ tt_-40c_3.63v -- generated by sim/harness, do not edit

Circuit: * comparator-offset-mc @ tt_-40c_3.63v -- generated by sim/harness, do not edit

Doing analysis at TEMP = -40.000000 and TNOM = 27.000000

Using SPARSE 1.3 as Direct Linear Solver

No. of Data Rows : 6
voa = -5.523376894e-04
ddc = 1.3363942047e-07
dde = -1.607219282e-07
Reset re-loads circuit * comparator-offset-mc @ tt_-40c_3.63v -- generated by sim/harness, do not edit

Circuit: * comparator-offset-mc @ tt_-40c_3.63v -- generated by sim/harness, do not edit

Doing analysis at TEMP = -40.000000 and TNOM = 27.000000

Using SPARSE 1.3 as Direct Linear Solver

No. of Data Rows : 6
voa = 8.3363742603e-04
ddc = -1.864428820e-07
dde = 1.8302264893e-07
Reset re-loads circuit * comparator-offset-mc @ tt_-40c_3.63v -- generated by sim/harness, do not edit

Circuit: * comparator-offset-mc @ tt_-40c_3.63v -- generated by sim/harness, do not edit

Doing analysis at TEMP = -40.000000 and TNOM = 27.000000

Using SPARSE 1.3 as Direct Linear Solver

No. of Data Rows : 6
voa = -1.946118210e-04
ddc = 8.2040158763e-08
dde = -8.084687546e-08
Reset re-loads circuit * comparator-offset-mc @ tt_-40c_3.63v -- generated by sim/harness, do not edit

Circuit: * comparator-offset-mc @ tt_-40c_3.63v -- generated by sim/harness, do not edit

Doing analysis at TEMP = -40.000000 and TNOM = 27.000000

Using SPARSE 1.3 as Direct Linear Solver

No. of Data Rows : 6
voa = 1.0169625288e-03
ddc = -2.833267463e-07
dde = 2.7848212270e-07
Reset re-loads circuit * comparator-offset-mc @ tt_-40c_3.63v -- generated by sim/harness, do not edit

Circuit: * comparator-offset-mc @ tt_-40c_3.63v -- generated by sim/harness, do not edit

Doing analysis at TEMP = -40.000000 and TNOM = 27.000000

Using SPARSE 1.3 as Direct Linear Solver

No. of Data Rows : 6
voa = 6.1951571357e-04
ddc = -1.678379594e-07
dde = 1.6489439719e-07
Reset re-loads circuit * comparator-offset-mc @ tt_-40c_3.63v -- generated by sim/harness, do not edit

Circuit: * comparator-offset-mc @ tt_-40c_3.63v -- generated by sim/harness, do not edit

Doing analysis at TEMP = -40.000000 and TNOM = 27.000000

Using SPARSE 1.3 as Direct Linear Solver

No. of Data Rows : 6
voa = -2.436969934e-04
ddc = 1.0408514609e-07
dde = -1.018063838e-07
Reset re-loads circuit * comparator-offset-mc @ tt_-40c_3.63v -- generated by sim/harness, do not edit

Circuit: * comparator-offset-mc @ tt_-40c_3.63v -- generated by sim/harness, do not edit

Doing analysis at TEMP = -40.000000 and TNOM = 27.000000

Using SPARSE 1.3 as Direct Linear Solver
 Reference value :  0.00000e+00
No. of Data Rows : 6
voa = 2.2607423152e-03
ddc = -4.246555896e-07
dde = 4.1652386090e-07
Reset re-loads circuit * comparator-offset-mc @ tt_-40c_3.63v -- generated by sim/harness, do not edit

Circuit: * comparator-offset-mc @ tt_-40c_3.63v -- generated by sim/harness, do not edit

Doing analysis at TEMP = -40.000000 and TNOM = 27.000000

Using SPARSE 1.3 as Direct Linear Solver

No. of Data Rows : 6
voa = -6.487244731e-04
ddc = 2.0610772711e-07
dde = -1.998997939e-07
Reset re-loads circuit * comparator-offset-mc @ tt_-40c_3.63v -- generated by sim/harness, do not edit

Circuit: * comparator-offset-mc @ tt_-40c_3.63v -- generated by sim/harness, do not edit

Doing analysis at TEMP = -40.000000 and TNOM = 27.000000

Using SPARSE 1.3 as Direct Linear Solver

No. of Data Rows : 6
voa = 2.2391865658e-04
ddc = -2.981966077e-08
dde = 2.9283090569e-08
Reset re-loads circuit * comparator-offset-mc @ tt_-40c_3.63v -- generated by sim/harness, do not edit

Circuit: * comparator-offset-mc @ tt_-40c_3.63v -- generated by sim/harness, do not edit

Doing analysis at TEMP = -40.000000 and TNOM = 27.000000

Using SPARSE 1.3 as Direct Linear Solver

No. of Data Rows : 6
voa = 3.3336994919e-04
ddc = -3.201357677e-08
dde = 3.9820128854e-08
Reset re-loads circuit * comparator-offset-mc @ tt_-40c_3.63v -- generated by sim/harness, do not edit

Circuit: * comparator-offset-mc @ tt_-40c_3.63v -- generated by sim/harness, do not edit

Doing analysis at TEMP = -40.000000 and TNOM = 27.000000

Using SPARSE 1.3 as Direct Linear Solver

No. of Data Rows : 6
voa = 5.2076474881e-04
ddc = -1.404324939e-07
dde = 1.3804178813e-07
Reset re-loads circuit * comparator-offset-mc @ tt_-40c_3.63v -- generated by sim/harness, do not edit

Circuit: * comparator-offset-mc @ tt_-40c_3.63v -- generated by sim/harness, do not edit

Doing analysis at TEMP = -40.000000 and TNOM = 27.000000

Using SPARSE 1.3 as Direct Linear Solver

No. of Data Rows : 6
voa = 1.8450507293e-03
ddc = -4.211569069e-07
dde = 4.1159421679e-07
Reset re-loads circuit * comparator-offset-mc @ tt_-40c_3.63v -- generated by sim/harness, do not edit

Circuit: * comparator-offset-mc @ tt_-40c_3.63v -- generated by sim/harness, do not edit

Doing analysis at TEMP = -40.000000 and TNOM = 27.000000

Using SPARSE 1.3 as Direct Linear Solver

No. of Data Rows : 6
voa = -8.987503619e-04
ddc = 2.2254622180e-07
dde = -2.186781993e-07
Reset re-loads circuit * comparator-offset-mc @ tt_-40c_3.63v -- generated by sim/harness, do not edit

Circuit: * comparator-offset-mc @ tt_-40c_3.63v -- generated by sim/harness, do not edit

Doing analysis at TEMP = -40.000000 and TNOM = 27.000000

Using SPARSE 1.3 as Direct Linear Solver

No. of Data Rows : 6
voa = 1.0200953594e-03
ddc = -2.986784842e-07
dde = 2.9309170197e-07
Reset re-loads circuit * comparator-offset-mc @ tt_-40c_3.63v -- generated by sim/harness, do not edit

Circuit: * comparator-offset-mc @ tt_-40c_3.63v -- generated by sim/harness, do not edit

Doing analysis at TEMP = -40.000000 and TNOM = 27.000000

Using SPARSE 1.3 as Direct Linear Solver
 Reference value :  0.00000e+00
No. of Data Rows : 6
voa = 9.2257135354e-04
ddc = -2.452599517e-07
dde = 2.4099196851e-07
Reset re-loads circuit * comparator-offset-mc @ tt_-40c_3.63v -- generated by sim/harness, do not edit

Circuit: * comparator-offset-mc @ tt_-40c_3.63v -- generated by sim/harness, do not edit

Doing analysis at TEMP = -40.000000 and TNOM = 27.000000

Using SPARSE 1.3 as Direct Linear Solver

No. of Data Rows : 6
voa = 2.4232851651e-04
ddc = -5.903642418e-08
dde = 5.8892425720e-08
Reset re-loads circuit * comparator-offset-mc @ tt_-40c_3.63v -- generated by sim/harness, do not edit

Circuit: * comparator-offset-mc @ tt_-40c_3.63v -- generated by sim/harness, do not edit

Doing analysis at TEMP = -40.000000 and TNOM = 27.000000

Using SPARSE 1.3 as Direct Linear Solver

No. of Data Rows : 6
voa = 4.6910299310e-04
ddc = -3.563617582e-08
dde = 3.4562620851e-08
Reset re-loads circuit * comparator-offset-mc @ tt_-40c_3.63v -- generated by sim/harness, do not edit

Circuit: * comparator-offset-mc @ tt_-40c_3.63v -- generated by sim/harness, do not edit

Doing analysis at TEMP = -40.000000 and TNOM = 27.000000

Using SPARSE 1.3 as Direct Linear Solver

No. of Data Rows : 6
voa = 5.9506995831e-04
ddc = -2.018538973e-07
dde = 1.9886162811e-07
Reset re-loads circuit * comparator-offset-mc @ tt_-40c_3.63v -- generated by sim/harness, do not edit

Circuit: * comparator-offset-mc @ tt_-40c_3.63v -- generated by sim/harness, do not edit

Doing analysis at TEMP = -40.000000 and TNOM = 27.000000

Using SPARSE 1.3 as Direct Linear Solver

No. of Data Rows : 6
voa = 1.7089302887e-03
ddc = -3.119853816e-07
dde = 3.0329666125e-07
Reset re-loads circuit * comparator-offset-mc @ tt_-40c_3.63v -- generated by sim/harness, do not edit

Circuit: * comparator-offset-mc @ tt_-40c_3.63v -- generated by sim/harness, do not edit

Doing analysis at TEMP = -40.000000 and TNOM = 27.000000

Using SPARSE 1.3 as Direct Linear Solver

No. of Data Rows : 6
voa = -1.433221445e-03
ddc = 2.5014846445e-07
dde = -2.339274558e-07
Reset re-loads circuit * comparator-offset-mc @ tt_-40c_3.63v -- generated by sim/harness, do not edit

Circuit: * comparator-offset-mc @ tt_-40c_3.63v -- generated by sim/harness, do not edit

Doing analysis at TEMP = -40.000000 and TNOM = 27.000000

Using SPARSE 1.3 as Direct Linear Solver

No. of Data Rows : 6
voa = -5.119093329e-05
ddc = 1.2308157740e-09
dde = -1.216107422e-09
Reset re-loads circuit * comparator-offset-mc @ tt_-40c_3.63v -- generated by sim/harness, do not edit

Circuit: * comparator-offset-mc @ tt_-40c_3.63v -- generated by sim/harness, do not edit

Doing analysis at TEMP = -40.000000 and TNOM = 27.000000

Using SPARSE 1.3 as Direct Linear Solver

No. of Data Rows : 6
voa = -4.765052645e-04
ddc = 4.9983592005e-08
dde = -7.012773478e-08
Reset re-loads circuit * comparator-offset-mc @ tt_-40c_3.63v -- generated by sim/harness, do not edit

Circuit: * comparator-offset-mc @ tt_-40c_3.63v -- generated by sim/harness, do not edit

Doing analysis at TEMP = -40.000000 and TNOM = 27.000000

Using SPARSE 1.3 as Direct Linear Solver

No. of Data Rows : 6
voa = -1.793278880e-03
ddc = 3.6396916986e-07
dde = -3.562139656e-07
Reset re-loads circuit * comparator-offset-mc @ tt_-40c_3.63v -- generated by sim/harness, do not edit

Circuit: * comparator-offset-mc @ tt_-40c_3.63v -- generated by sim/harness, do not edit

Doing analysis at TEMP = -40.000000 and TNOM = 27.000000

Using SPARSE 1.3 as Direct Linear Solver

No. of Data Rows : 6
voa = 7.7901601804e-04
ddc = -1.586667106e-07
dde = 1.5465790109e-07
Reset re-loads circuit * comparator-offset-mc @ tt_-40c_3.63v -- generated by sim/harness, do not edit

Circuit: * comparator-offset-mc @ tt_-40c_3.63v -- generated by sim/harness, do not edit

Doing analysis at TEMP = -40.000000 and TNOM = 27.000000

Using SPARSE 1.3 as Direct Linear Solver

No. of Data Rows : 6
voa = -3.132612572e-04
ddc = -5.770250781e-08
dde = 4.9780552634e-08
Reset re-loads circuit * comparator-offset-mc @ tt_-40c_3.63v -- generated by sim/harness, do not edit

Circuit: * comparator-offset-mc @ tt_-40c_3.63v -- generated by sim/harness, do not edit

Doing analysis at TEMP = -40.000000 and TNOM = 27.000000

Using SPARSE 1.3 as Direct Linear Solver

No. of Data Rows : 6
voa = 2.0872654368e-04
ddc = -2.435951147e-09
dde = 2.2707492696e-09
Reset re-loads circuit * comparator-offset-mc @ tt_-40c_3.63v -- generated by sim/harness, do not edit

Circuit: * comparator-offset-mc @ tt_-40c_3.63v -- generated by sim/harness, do not edit

Doing analysis at TEMP = -40.000000 and TNOM = 27.000000

Using SPARSE 1.3 as Direct Linear Solver
 Reference value :  0.00000e+00
No. of Data Rows : 6
voa = -1.730587467e-03
ddc = 4.3814120284e-07
dde = -3.782168565e-07
Reset re-loads circuit * comparator-offset-mc @ tt_-40c_3.63v -- generated by sim/harness, do not edit

Circuit: * comparator-offset-mc @ tt_-40c_3.63v -- generated by sim/harness, do not edit

Doing analysis at TEMP = -40.000000 and TNOM = 27.000000

Using SPARSE 1.3 as Direct Linear Solver

No. of Data Rows : 6
voa = -5.682453445e-04
ddc = 7.2863711663e-08
dde = -6.586461262e-08
Reset re-loads circuit * comparator-offset-mc @ tt_-40c_3.63v -- generated by sim/harness, do not edit

Circuit: * comparator-offset-mc @ tt_-40c_3.63v -- generated by sim/harness, do not edit

Doing analysis at TEMP = -40.000000 and TNOM = 27.000000

Using SPARSE 1.3 as Direct Linear Solver

No. of Data Rows : 6
voa = 9.8242225913e-04
ddc = -2.683110342e-07
dde = 2.6380258171e-07
Reset re-loads circuit * comparator-offset-mc @ tt_-40c_3.63v -- generated by sim/harness, do not edit

Circuit: * comparator-offset-mc @ tt_-40c_3.63v -- generated by sim/harness, do not edit

Doing analysis at TEMP = -40.000000 and TNOM = 27.000000

Using SPARSE 1.3 as Direct Linear Solver

No. of Data Rows : 6
voa = 1.3864474984e-03
ddc = -2.756829100e-07
dde = 2.7050931688e-07
Reset re-loads circuit * comparator-offset-mc @ tt_-40c_3.63v -- generated by sim/harness, do not edit

Circuit: * comparator-offset-mc @ tt_-40c_3.63v -- generated by sim/harness, do not edit

Doing analysis at TEMP = -40.000000 and TNOM = 27.000000

Using SPARSE 1.3 as Direct Linear Solver

No. of Data Rows : 6
voa = -1.450459732e-04
ddc = 5.1140871057e-08
dde = -5.042319401e-08
Reset re-loads circuit * comparator-offset-mc @ tt_-40c_3.63v -- generated by sim/harness, do not edit

Circuit: * comparator-offset-mc @ tt_-40c_3.63v -- generated by sim/harness, do not edit

Doing analysis at TEMP = -40.000000 and TNOM = 27.000000

Using SPARSE 1.3 as Direct Linear Solver

No. of Data Rows : 6
voa = -2.171813774e-04
ddc = 3.9808304205e-08
dde = -3.911116624e-08
Reset re-loads circuit * comparator-offset-mc @ tt_-40c_3.63v -- generated by sim/harness, do not edit

Circuit: * comparator-offset-mc @ tt_-40c_3.63v -- generated by sim/harness, do not edit

Doing analysis at TEMP = -40.000000 and TNOM = 27.000000

Using SPARSE 1.3 as Direct Linear Solver

No. of Data Rows : 6
voa = 4.5369645159e-04
ddc = -1.044953996e-07
dde = 1.0250410439e-07
Reset re-loads circuit * comparator-offset-mc @ tt_-40c_3.63v -- generated by sim/harness, do not edit

Circuit: * comparator-offset-mc @ tt_-40c_3.63v -- generated by sim/harness, do not edit

Doing analysis at TEMP = -40.000000 and TNOM = 27.000000

Using SPARSE 1.3 as Direct Linear Solver

No. of Data Rows : 6
voa = 7.6322278534e-04
ddc = -1.558141955e-07
dde = 1.5482404405e-07
Reset re-loads circuit * comparator-offset-mc @ tt_-40c_3.63v -- generated by sim/harness, do not edit

Circuit: * comparator-offset-mc @ tt_-40c_3.63v -- generated by sim/harness, do not edit

Doing analysis at TEMP = -40.000000 and TNOM = 27.000000

Using SPARSE 1.3 as Direct Linear Solver

No. of Data Rows : 6
voa = -7.140956378e-04
ddc = 1.8685554671e-07
dde = -1.822835053e-07
Reset re-loads circuit * comparator-offset-mc @ tt_-40c_3.63v -- generated by sim/harness, do not edit

Circuit: * comparator-offset-mc @ tt_-40c_3.63v -- generated by sim/harness, do not edit

Doing analysis at TEMP = -40.000000 and TNOM = 27.000000

Using SPARSE 1.3 as Direct Linear Solver
 Reference value :  0.00000e+00
No. of Data Rows : 6
voa = -4.116247911e-05
ddc = -6.286111476e-08
dde = 6.2221165472e-08
Reset re-loads circuit * comparator-offset-mc @ tt_-40c_3.63v -- generated by sim/harness, do not edit

Circuit: * comparator-offset-mc @ tt_-40c_3.63v -- generated by sim/harness, do not edit

Doing analysis at TEMP = -40.000000 and TNOM = 27.000000

Using SPARSE 1.3 as Direct Linear Solver

No. of Data Rows : 6
voa = -6.114628258e-05
ddc = 5.5562628862e-08
dde = -5.488099443e-08
Reset re-loads circuit * comparator-offset-mc @ tt_-40c_3.63v -- generated by sim/harness, do not edit

Circuit: * comparator-offset-mc @ tt_-40c_3.63v -- generated by sim/harness, do not edit

Doing analysis at TEMP = -40.000000 and TNOM = 27.000000

Using SPARSE 1.3 as Direct Linear Solver

No. of Data Rows : 6
voa = -3.705852373e-04
ddc = 1.5067181627e-07
dde = -1.475233116e-07
Reset re-loads circuit * comparator-offset-mc @ tt_-40c_3.63v -- generated by sim/harness, do not edit

Circuit: * comparator-offset-mc @ tt_-40c_3.63v -- generated by sim/harness, do not edit

Doing analysis at TEMP = -40.000000 and TNOM = 27.000000

Using SPARSE 1.3 as Direct Linear Solver

No. of Data Rows : 6
voa = -2.298846884e-04
ddc = 5.4291305943e-08
dde = -5.344190832e-08
Reset re-loads circuit * comparator-offset-mc @ tt_-40c_3.63v -- generated by sim/harness, do not edit

Circuit: * comparator-offset-mc @ tt_-40c_3.63v -- generated by sim/harness, do not edit

Doing analysis at TEMP = -40.000000 and TNOM = 27.000000

Using SPARSE 1.3 as Direct Linear Solver

No. of Data Rows : 6
voa = -1.610006829e-03
ddc = 3.4316164026e-07
dde = -3.330074997e-07
Reset re-loads circuit * comparator-offset-mc @ tt_-40c_3.63v -- generated by sim/harness, do not edit

Circuit: * comparator-offset-mc @ tt_-40c_3.63v -- generated by sim/harness, do not edit

Doing analysis at TEMP = -40.000000 and TNOM = 27.000000

Using SPARSE 1.3 as Direct Linear Solver

No. of Data Rows : 6
voa = 9.9557631166e-04
ddc = -1.209305692e-07
dde = 1.1809492755e-07
Reset re-loads circuit * comparator-offset-mc @ tt_-40c_3.63v -- generated by sim/harness, do not edit

Circuit: * comparator-offset-mc @ tt_-40c_3.63v -- generated by sim/harness, do not edit

Doing analysis at TEMP = -40.000000 and TNOM = 27.000000

Using SPARSE 1.3 as Direct Linear Solver

No. of Data Rows : 6
voa = 1.2611914530e-03
ddc = -2.263760461e-07
dde = 2.2198904221e-07
Reset re-loads circuit * comparator-offset-mc @ tt_-40c_3.63v -- generated by sim/harness, do not edit

Circuit: * comparator-offset-mc @ tt_-40c_3.63v -- generated by sim/harness, do not edit

Doing analysis at TEMP = -40.000000 and TNOM = 27.000000

Using SPARSE 1.3 as Direct Linear Solver
 Reference value :  0.00000e+00
No. of Data Rows : 6
voa = 2.2139710463e-04
ddc = -7.921609563e-08
dde = 7.9829479053e-08
Reset re-loads circuit * comparator-offset-mc @ tt_-40c_3.63v -- generated by sim/harness, do not edit

Circuit: * comparator-offset-mc @ tt_-40c_3.63v -- generated by sim/harness, do not edit

Doing analysis at TEMP = -40.000000 and TNOM = 27.000000

Using SPARSE 1.3 as Direct Linear Solver

No. of Data Rows : 6
voa = -4.869304748e-04
ddc = 1.5715918019e-07
dde = -1.550412542e-07
Reset re-loads circuit * comparator-offset-mc @ tt_-40c_3.63v -- generated by sim/harness, do not edit

Circuit: * comparator-offset-mc @ tt_-40c_3.63v -- generated by sim/harness, do not edit

Doing analysis at TEMP = -40.000000 and TNOM = 27.000000

Using SPARSE 1.3 as Direct Linear Solver

No. of Data Rows : 6
voa = 1.1358062875e-03
ddc = -2.838897337e-07
dde = 2.7893237913e-07
Reset re-loads circuit * comparator-offset-mc @ tt_-40c_3.63v -- generated by sim/harness, do not edit

Circuit: * comparator-offset-mc @ tt_-40c_3.63v -- generated by sim/harness, do not edit

Doing analysis at TEMP = -40.000000 and TNOM = 27.000000

Using SPARSE 1.3 as Direct Linear Solver

No. of Data Rows : 6
voa = 4.2215831957e-04
ddc = -1.311552870e-07
dde = 1.2906565730e-07
Reset re-loads circuit * comparator-offset-mc @ tt_-40c_3.63v -- generated by sim/harness, do not edit

Circuit: * comparator-offset-mc @ tt_-40c_3.63v -- generated by sim/harness, do not edit

Doing analysis at TEMP = -40.000000 and TNOM = 27.000000

Using SPARSE 1.3 as Direct Linear Solver

No. of Data Rows : 6
voa = 2.3896497689e-04
ddc = -3.003391159e-08
dde = 2.9298431621e-08
Reset re-loads circuit * comparator-offset-mc @ tt_-40c_3.63v -- generated by sim/harness, do not edit

Circuit: * comparator-offset-mc @ tt_-40c_3.63v -- generated by sim/harness, do not edit

Doing analysis at TEMP = -40.000000 and TNOM = 27.000000

Using SPARSE 1.3 as Direct Linear Solver

No. of Data Rows : 6
voa = -6.567404103e-04
ddc = 1.1292925856e-07
dde = -1.120343724e-07
Reset re-loads circuit * comparator-offset-mc @ tt_-40c_3.63v -- generated by sim/harness, do not edit

Circuit: * comparator-offset-mc @ tt_-40c_3.63v -- generated by sim/harness, do not edit

Doing analysis at TEMP = -40.000000 and TNOM = 27.000000

Using SPARSE 1.3 as Direct Linear Solver

No. of Data Rows : 6
voa = -1.894210786e-03
ddc = 4.6686077846e-07
dde = -4.445112970e-07
Reset re-loads circuit * comparator-offset-mc @ tt_-40c_3.63v -- generated by sim/harness, do not edit

Circuit: * comparator-offset-mc @ tt_-40c_3.63v -- generated by sim/harness, do not edit

Doing analysis at TEMP = -40.000000 and TNOM = 27.000000

Using SPARSE 1.3 as Direct Linear Solver

No. of Data Rows : 6
voa = -2.121831181e-04
ddc = 4.1615316414e-08
dde = -3.981856349e-08
Reset re-loads circuit * comparator-offset-mc @ tt_-40c_3.63v -- generated by sim/harness, do not edit

Circuit: * comparator-offset-mc @ tt_-40c_3.63v -- generated by sim/harness, do not edit

Doing analysis at TEMP = -40.000000 and TNOM = 27.000000

Using SPARSE 1.3 as Direct Linear Solver
 Reference value :  0.00000e+00
No. of Data Rows : 6
voa = 2.1646562537e-06
ddc = 1.1854812530e-07
dde = -1.171049396e-07
Reset re-loads circuit * comparator-offset-mc @ tt_-40c_3.63v -- generated by sim/harness, do not edit

Circuit: * comparator-offset-mc @ tt_-40c_3.63v -- generated by sim/harness, do not edit

Doing analysis at TEMP = -40.000000 and TNOM = 27.000000

Using SPARSE 1.3 as Direct Linear Solver

No. of Data Rows : 6
voa = -8.710549736e-04
ddc = 2.1847068596e-07
dde = -2.147677714e-07
Reset re-loads circuit * comparator-offset-mc @ tt_-40c_3.63v -- generated by sim/harness, do not edit

Circuit: * comparator-offset-mc @ tt_-40c_3.63v -- generated by sim/harness, do not edit

Doing analysis at TEMP = -40.000000 and TNOM = 27.000000

Using SPARSE 1.3 as Direct Linear Solver

No. of Data Rows : 6
voa = -8.615005339e-04
ddc = 2.3602562141e-07
dde = -2.304112657e-07
Reset re-loads circuit * comparator-offset-mc @ tt_-40c_3.63v -- generated by sim/harness, do not edit

Circuit: * comparator-offset-mc @ tt_-40c_3.63v -- generated by sim/harness, do not edit

Doing analysis at TEMP = -40.000000 and TNOM = 27.000000

Using SPARSE 1.3 as Direct Linear Solver

No. of Data Rows : 6
voa = 1.3095317089e-03
ddc = -2.965758866e-07
dde = 2.9076226217e-07
Reset re-loads circuit * comparator-offset-mc @ tt_-40c_3.63v -- generated by sim/harness, do not edit

Circuit: * comparator-offset-mc @ tt_-40c_3.63v -- generated by sim/harness, do not edit

Doing analysis at TEMP = -40.000000 and TNOM = 27.000000

Using SPARSE 1.3 as Direct Linear Solver

No. of Data Rows : 6
voa = -8.125383186e-04
ddc = 1.9426591862e-07
dde = -1.893674337e-07
Reset re-loads circuit * comparator-offset-mc @ tt_-40c_3.63v -- generated by sim/harness, do not edit

Circuit: * comparator-offset-mc @ tt_-40c_3.63v -- generated by sim/harness, do not edit

Doing analysis at TEMP = -40.000000 and TNOM = 27.000000

Using SPARSE 1.3 as Direct Linear Solver

No. of Data Rows : 6
voa = 4.7155311482e-04
ddc = -1.672431363e-08
dde = 9.8691552707e-09
Reset re-loads circuit * comparator-offset-mc @ tt_-40c_3.63v -- generated by sim/harness, do not edit

Circuit: * comparator-offset-mc @ tt_-40c_3.63v -- generated by sim/harness, do not edit

Doing analysis at TEMP = -40.000000 and TNOM = 27.000000

Using SPARSE 1.3 as Direct Linear Solver

No. of Data Rows : 6
voa = -4.567509736e-04
ddc = 9.6653782468e-08
dde = -1.202557489e-07
Reset re-loads circuit * comparator-offset-mc @ tt_-40c_3.63v -- generated by sim/harness, do not edit

Circuit: * comparator-offset-mc @ tt_-40c_3.63v -- generated by sim/harness, do not edit

Doing analysis at TEMP = -40.000000 and TNOM = 27.000000

Using SPARSE 1.3 as Direct Linear Solver

No. of Data Rows : 6
voa = -2.054380892e-03
ddc = 5.5914693583e-07
dde = -4.363604387e-07
Reset re-loads circuit * comparator-offset-mc @ tt_-40c_3.63v -- generated by sim/harness, do not edit

Circuit: * comparator-offset-mc @ tt_-40c_3.63v -- generated by sim/harness, do not edit

Doing analysis at TEMP = -40.000000 and TNOM = 27.000000

Using SPARSE 1.3 as Direct Linear Solver
 Reference value :  0.00000e+00
No. of Data Rows : 6
voa = -8.798782668e-04
ddc = 2.4302925365e-07
dde = -2.176286931e-07
Reset re-loads circuit * comparator-offset-mc @ tt_-40c_3.63v -- generated by sim/harness, do not edit

Circuit: * comparator-offset-mc @ tt_-40c_3.63v -- generated by sim/harness, do not edit

Doing analysis at TEMP = -40.000000 and TNOM = 27.000000

Using SPARSE 1.3 as Direct Linear Solver

No. of Data Rows : 6
voa = 8.4403485360e-04
ddc = -1.697817641e-07
dde = 1.6660559175e-07
Reset re-loads circuit * comparator-offset-mc @ tt_-40c_3.63v -- generated by sim/harness, do not edit

Circuit: * comparator-offset-mc @ tt_-40c_3.63v -- generated by sim/harness, do not edit

Doing analysis at TEMP = -40.000000 and TNOM = 27.000000

Using SPARSE 1.3 as Direct Linear Solver

No. of Data Rows : 6
voa = -7.011393467e-04
ddc = 6.0103118225e-08
dde = -5.855927231e-08
Reset re-loads circuit * comparator-offset-mc @ tt_-40c_3.63v -- generated by sim/harness, do not edit

Circuit: * comparator-offset-mc @ tt_-40c_3.63v -- generated by sim/harness, do not edit

Doing analysis at TEMP = -40.000000 and TNOM = 27.000000

Using SPARSE 1.3 as Direct Linear Solver

No. of Data Rows : 6
voa = -5.072586799e-04
ddc = 2.1755298002e-07
dde = -2.147372430e-07
Reset re-loads circuit * comparator-offset-mc @ tt_-40c_3.63v -- generated by sim/harness, do not edit

Circuit: * comparator-offset-mc @ tt_-40c_3.63v -- generated by sim/harness, do not edit

Doing analysis at TEMP = -40.000000 and TNOM = 27.000000

Using SPARSE 1.3 as Direct Linear Solver

No. of Data Rows : 6
voa = -1.973613479e-04
ddc = 6.6022395290e-08
dde = -6.576089736e-08
Reset re-loads circuit * comparator-offset-mc @ tt_-40c_3.63v -- generated by sim/harness, do not edit

Circuit: * comparator-offset-mc @ tt_-40c_3.63v -- generated by sim/harness, do not edit

Doing analysis at TEMP = -40.000000 and TNOM = 27.000000

Using SPARSE 1.3 as Direct Linear Solver

No. of Data Rows : 6
voa = 5.0926773539e-04
ddc = -1.217163836e-07
dde = 1.1992045027e-07
Reset re-loads circuit * comparator-offset-mc @ tt_-40c_3.63v -- generated by sim/harness, do not edit

Circuit: * comparator-offset-mc @ tt_-40c_3.63v -- generated by sim/harness, do not edit

Doing analysis at TEMP = -40.000000 and TNOM = 27.000000

Using SPARSE 1.3 as Direct Linear Solver
 Reference value :  0.00000e+00
No. of Data Rows : 6
voa = 5.5730509796e-04
ddc = -1.483469987e-07
dde = 1.4593855819e-07
Reset re-loads circuit * comparator-offset-mc @ tt_-40c_3.63v -- generated by sim/harness, do not edit

Circuit: * comparator-offset-mc @ tt_-40c_3.63v -- generated by sim/harness, do not edit

Doing analysis at TEMP = -40.000000 and TNOM = 27.000000

Using SPARSE 1.3 as Direct Linear Solver

No. of Data Rows : 6
voa = 7.3599459168e-04
ddc = -1.653241293e-07
dde = 1.6351814140e-07
Reset re-loads circuit * comparator-offset-mc @ tt_-40c_3.63v -- generated by sim/harness, do not edit

Circuit: * comparator-offset-mc @ tt_-40c_3.63v -- generated by sim/harness, do not edit

Doing analysis at TEMP = -40.000000 and TNOM = 27.000000

Using SPARSE 1.3 as Direct Linear Solver

No. of Data Rows : 6
voa = -1.382435192e-03
ddc = 3.2098959944e-07
dde = -3.149112067e-07
Reset re-loads circuit * comparator-offset-mc @ tt_-40c_3.63v -- generated by sim/harness, do not edit

Circuit: * comparator-offset-mc @ tt_-40c_3.63v -- generated by sim/harness, do not edit

Doing analysis at TEMP = -40.000000 and TNOM = 27.000000

Using SPARSE 1.3 as Direct Linear Solver

No. of Data Rows : 6
voa = -1.259684572e-03
ddc = 3.0534993850e-07
dde = -2.975373792e-07
Reset re-loads circuit * comparator-offset-mc @ tt_-40c_3.63v -- generated by sim/harness, do not edit

Circuit: * comparator-offset-mc @ tt_-40c_3.63v -- generated by sim/harness, do not edit

Doing analysis at TEMP = -40.000000 and TNOM = 27.000000

Using SPARSE 1.3 as Direct Linear Solver

No. of Data Rows : 6
voa = 9.8781106820e-05
ddc = 1.4220042725e-08
dde = -9.878261545e-09
Reset re-loads circuit * comparator-offset-mc @ tt_-40c_3.63v -- generated by sim/harness, do not edit

Circuit: * comparator-offset-mc @ tt_-40c_3.63v -- generated by sim/harness, do not edit

Doing analysis at TEMP = -40.000000 and TNOM = 27.000000

Using SPARSE 1.3 as Direct Linear Solver

No. of Data Rows : 6
voa = 7.6918589732e-04
ddc = -2.433058261e-07
dde = 2.3924561618e-07
Reset re-loads circuit * comparator-offset-mc @ tt_-40c_3.63v -- generated by sim/harness, do not edit

Circuit: * comparator-offset-mc @ tt_-40c_3.63v -- generated by sim/harness, do not edit

Doing analysis at TEMP = -40.000000 and TNOM = 27.000000

Using SPARSE 1.3 as Direct Linear Solver

No. of Data Rows : 6
voa = -5.142194517e-04
ddc = 1.3697825724e-07
dde = -1.195854464e-07
Reset re-loads circuit * comparator-offset-mc @ tt_-40c_3.63v -- generated by sim/harness, do not edit

Circuit: * comparator-offset-mc @ tt_-40c_3.63v -- generated by sim/harness, do not edit

Doing analysis at TEMP = -40.000000 and TNOM = 27.000000

Using SPARSE 1.3 as Direct Linear Solver
 Reference value :  0.00000e+00
No. of Data Rows : 6
voa = 7.3083642841e-04
ddc = -1.100204656e-07
dde = 1.0773181891e-07
Reset re-loads circuit * comparator-offset-mc @ tt_-40c_3.63v -- generated by sim/harness, do not edit

Circuit: * comparator-offset-mc @ tt_-40c_3.63v -- generated by sim/harness, do not edit

Doing analysis at TEMP = -40.000000 and TNOM = 27.000000

Using SPARSE 1.3 as Direct Linear Solver

No. of Data Rows : 6
voa = 1.3511659328e-03
ddc = -2.978984108e-07
dde = 2.9109747841e-07
Reset re-loads circuit * comparator-offset-mc @ tt_-40c_3.63v -- generated by sim/harness, do not edit

Circuit: * comparator-offset-mc @ tt_-40c_3.63v -- generated by sim/harness, do not edit

Doing analysis at TEMP = -40.000000 and TNOM = 27.000000

Using SPARSE 1.3 as Direct Linear Solver

No. of Data Rows : 6
voa = -1.506786344e-04
ddc = -1.965495231e-08
dde = 1.9606563744e-08
Reset re-loads circuit * comparator-offset-mc @ tt_-40c_3.63v -- generated by sim/harness, do not edit

Circuit: * comparator-offset-mc @ tt_-40c_3.63v -- generated by sim/harness, do not edit

Doing analysis at TEMP = -40.000000 and TNOM = 27.000000

Using SPARSE 1.3 as Direct Linear Solver

No. of Data Rows : 6
voa = -1.091560624e-03
ddc = 2.3942115277e-07
dde = -2.351498472e-07
Reset re-loads circuit * comparator-offset-mc @ tt_-40c_3.63v -- generated by sim/harness, do not edit

Circuit: * comparator-offset-mc @ tt_-40c_3.63v -- generated by sim/harness, do not edit

Doing analysis at TEMP = -40.000000 and TNOM = 27.000000

Using SPARSE 1.3 as Direct Linear Solver

No. of Data Rows : 6
voa = -3.776085035e-04
ddc = 8.7342108586e-08
dde = -8.735895210e-08
Reset re-loads circuit * comparator-offset-mc @ tt_-40c_3.63v -- generated by sim/harness, do not edit

Circuit: * comparator-offset-mc @ tt_-40c_3.63v -- generated by sim/harness, do not edit

Doing analysis at TEMP = -40.000000 and TNOM = 27.000000

Using SPARSE 1.3 as Direct Linear Solver

No. of Data Rows : 6
voa = 2.5652989076e-03
ddc = -6.443257843e-07
dde = 6.3104486286e-07
Reset re-loads circuit * comparator-offset-mc @ tt_-40c_3.63v -- generated by sim/harness, do not edit

Circuit: * comparator-offset-mc @ tt_-40c_3.63v -- generated by sim/harness, do not edit

Doing analysis at TEMP = -40.000000 and TNOM = 27.000000

Using SPARSE 1.3 as Direct Linear Solver

No. of Data Rows : 6
voa = 1.4128593588e-04
ddc = 2.9465446930e-08
dde = -2.938276291e-08
Reset re-loads circuit * comparator-offset-mc @ tt_-40c_3.63v -- generated by sim/harness, do not edit

Circuit: * comparator-offset-mc @ tt_-40c_3.63v -- generated by sim/harness, do not edit

Doing analysis at TEMP = -40.000000 and TNOM = 27.000000

Using SPARSE 1.3 as Direct Linear Solver
 Reference value :  0.00000e+00
No. of Data Rows : 6
voa = 6.6485904887e-04
ddc = -1.969148340e-07
dde = 1.9365637563e-07
Reset re-loads circuit * comparator-offset-mc @ tt_-40c_3.63v -- generated by sim/harness, do not edit

Circuit: * comparator-offset-mc @ tt_-40c_3.63v -- generated by sim/harness, do not edit

Doing analysis at TEMP = -40.000000 and TNOM = 27.000000

Using SPARSE 1.3 as Direct Linear Solver

No. of Data Rows : 6
voa = -1.240931644e-03
ddc = 2.9831596436e-07
dde = -2.930584152e-07
Reset re-loads circuit * comparator-offset-mc @ tt_-40c_3.63v -- generated by sim/harness, do not edit

Circuit: * comparator-offset-mc @ tt_-40c_3.63v -- generated by sim/harness, do not edit

Doing analysis at TEMP = -40.000000 and TNOM = 27.000000

Using SPARSE 1.3 as Direct Linear Solver

No. of Data Rows : 6
voa = -3.425926450e-04
ddc = 1.3091544620e-07
dde = -1.362815437e-07
Reset re-loads circuit * comparator-offset-mc @ tt_-40c_3.63v -- generated by sim/harness, do not edit

Circuit: * comparator-offset-mc @ tt_-40c_3.63v -- generated by sim/harness, do not edit

Doing analysis at TEMP = -40.000000 and TNOM = 27.000000

Using SPARSE 1.3 as Direct Linear Solver

No. of Data Rows : 6
voa = -7.863083156e-04
ddc = 1.6475623567e-07
dde = -2.109080130e-07
Reset re-loads circuit * comparator-offset-mc @ tt_-40c_3.63v -- generated by sim/harness, do not edit

Circuit: * comparator-offset-mc @ tt_-40c_3.63v -- generated by sim/harness, do not edit

Doing analysis at TEMP = -40.000000 and TNOM = 27.000000

Using SPARSE 1.3 as Direct Linear Solver

No. of Data Rows : 6
voa = -1.293085882e-03
ddc = 2.9080915532e-07
dde = -2.848886327e-07
Reset re-loads circuit * comparator-offset-mc @ tt_-40c_3.63v -- generated by sim/harness, do not edit

Circuit: * comparator-offset-mc @ tt_-40c_3.63v -- generated by sim/harness, do not edit

Doing analysis at TEMP = -40.000000 and TNOM = 27.000000

Using SPARSE 1.3 as Direct Linear Solver

No. of Data Rows : 6
voa = 1.4223151529e-03
ddc = -3.439676360e-07
dde = 3.3783028579e-07
Reset re-loads circuit * comparator-offset-mc @ tt_-40c_3.63v -- generated by sim/harness, do not edit

Circuit: * comparator-offset-mc @ tt_-40c_3.63v -- generated by sim/harness, do not edit

Doing analysis at TEMP = -40.000000 and TNOM = 27.000000

Using SPARSE 1.3 as Direct Linear Solver
 Reference value :  2.00000e-03
No. of Data Rows : 6
voa = 8.6144878509e-04
ddc = -1.782625571e-07
dde = 1.7498543324e-07
Reset re-loads circuit * comparator-offset-mc @ tt_-40c_3.63v -- generated by sim/harness, do not edit

Circuit: * comparator-offset-mc @ tt_-40c_3.63v -- generated by sim/harness, do not edit

Doing analysis at TEMP = -40.000000 and TNOM = 27.000000

Using SPARSE 1.3 as Direct Linear Solver

No. of Data Rows : 6
voa = 6.4924013682e-05
ddc = -5.996446443e-08
dde = 5.9203341995e-08
Reset re-loads circuit * comparator-offset-mc @ tt_-40c_3.63v -- generated by sim/harness, do not edit

Circuit: * comparator-offset-mc @ tt_-40c_3.63v -- generated by sim/harness, do not edit

Doing analysis at TEMP = -40.000000 and TNOM = 27.000000

Using SPARSE 1.3 as Direct Linear Solver

No. of Data Rows : 6
voa = 7.9229308126e-04
ddc = -1.957659304e-07
dde = 1.9232426626e-07
Reset re-loads circuit * comparator-offset-mc @ tt_-40c_3.63v -- generated by sim/harness, do not edit

Circuit: * comparator-offset-mc @ tt_-40c_3.63v -- generated by sim/harness, do not edit

Doing analysis at TEMP = -40.000000 and TNOM = 27.000000

Using SPARSE 1.3 as Direct Linear Solver

No. of Data Rows : 6
voa = 1.8737883399e-06
ddc = -9.813718768e-09
dde = 9.8430002603e-09
Reset re-loads circuit * comparator-offset-mc @ tt_-40c_3.63v -- generated by sim/harness, do not edit

Circuit: * comparator-offset-mc @ tt_-40c_3.63v -- generated by sim/harness, do not edit

Doing analysis at TEMP = -40.000000 and TNOM = 27.000000

Using SPARSE 1.3 as Direct Linear Solver

No. of Data Rows : 6
voa = 8.8962544884e-04
ddc = -1.681801258e-07
dde = 1.6482649637e-07
Reset re-loads circuit * comparator-offset-mc @ tt_-40c_3.63v -- generated by sim/harness, do not edit

Circuit: * comparator-offset-mc @ tt_-40c_3.63v -- generated by sim/harness, do not edit

Doing analysis at TEMP = -40.000000 and TNOM = 27.000000

Using SPARSE 1.3 as Direct Linear Solver

No. of Data Rows : 6
voa = 3.7768040680e-04
ddc = -6.886993346e-08
dde = 6.6458489103e-08
Reset re-loads circuit * comparator-offset-mc @ tt_-40c_3.63v -- generated by sim/harness, do not edit

Circuit: * comparator-offset-mc @ tt_-40c_3.63v -- generated by sim/harness, do not edit

Doing analysis at TEMP = -40.000000 and TNOM = 27.000000

Using SPARSE 1.3 as Direct Linear Solver

No. of Data Rows : 6
voa = 1.7722118057e-03
ddc = -3.582664793e-07
dde = 3.5150156880e-07
Reset re-loads circuit * comparator-offset-mc @ tt_-40c_3.63v -- generated by sim/harness, do not edit

Circuit: * comparator-offset-mc @ tt_-40c_3.63v -- generated by sim/harness, do not edit

Doing analysis at TEMP = -40.000000 and TNOM = 27.000000

Using SPARSE 1.3 as Direct Linear Solver
 Reference value :  0.00000e+00
No. of Data Rows : 6
voa = -4.269067596e-04
ddc = 1.9262441355e-07
dde = -1.884369348e-07
Reset re-loads circuit * comparator-offset-mc @ tt_-40c_3.63v -- generated by sim/harness, do not edit

Circuit: * comparator-offset-mc @ tt_-40c_3.63v -- generated by sim/harness, do not edit

Doing analysis at TEMP = -40.000000 and TNOM = 27.000000

Using SPARSE 1.3 as Direct Linear Solver

No. of Data Rows : 6
voa = 3.5740112924e-04
ddc = -3.891184828e-08
dde = 4.4721465989e-08
Reset re-loads circuit * comparator-offset-mc @ tt_-40c_3.63v -- generated by sim/harness, do not edit

Circuit: * comparator-offset-mc @ tt_-40c_3.63v -- generated by sim/harness, do not edit

Doing analysis at TEMP = -40.000000 and TNOM = 27.000000

Using SPARSE 1.3 as Direct Linear Solver

No. of Data Rows : 6
voa = -5.075430043e-04
ddc = 1.0024116312e-07
dde = -9.907150102e-08
Reset re-loads circuit * comparator-offset-mc @ tt_-40c_3.63v -- generated by sim/harness, do not edit

Circuit: * comparator-offset-mc @ tt_-40c_3.63v -- generated by sim/harness, do not edit

Doing analysis at TEMP = -40.000000 and TNOM = 27.000000

Using SPARSE 1.3 as Direct Linear Solver

No. of Data Rows : 6
voa = 3.4225057938e-04
ddc = -1.021040031e-07
dde = 1.0909031762e-07
Reset re-loads circuit * comparator-offset-mc @ tt_-40c_3.63v -- generated by sim/harness, do not edit

Circuit: * comparator-offset-mc @ tt_-40c_3.63v -- generated by sim/harness, do not edit

Doing analysis at TEMP = -40.000000 and TNOM = 27.000000

Using SPARSE 1.3 as Direct Linear Solver

No. of Data Rows : 6
voa = -8.864662179e-05
ddc = 6.7018197470e-08
dde = -6.613395341e-08
Reset re-loads circuit * comparator-offset-mc @ tt_-40c_3.63v -- generated by sim/harness, do not edit

Circuit: * comparator-offset-mc @ tt_-40c_3.63v -- generated by sim/harness, do not edit

Doing analysis at TEMP = -40.000000 and TNOM = 27.000000

Using SPARSE 1.3 as Direct Linear Solver

No. of Data Rows : 6
voa = -2.051501474e-04
ddc = 2.4354772889e-08
dde = -2.362143537e-08
Reset re-loads circuit * comparator-offset-mc @ tt_-40c_3.63v -- generated by sim/harness, do not edit

Circuit: * comparator-offset-mc @ tt_-40c_3.63v -- generated by sim/harness, do not edit

Doing analysis at TEMP = -40.000000 and TNOM = 27.000000

Using SPARSE 1.3 as Direct Linear Solver

No. of Data Rows : 6
voa = 1.2617107350e-03
ddc = -3.153137081e-07
dde = 3.0954154649e-07
m_n_samples = 2.0000000000e+02
m_sig_vos_mv = 9.3308159552e-01
m_vos_3sig_mv = 2.7992447866e+00
m_mean_vos_uv = 6.7149159696e+01
m_mean_vos_sem = 1.0177379213e+00
m_sig_dvos_dn_uv = 2.1551339255e-01
m_sig_dvos_up_uv = 2.0987018254e-01
m_mean_dvos_dn_uv = -6.284679272e-03
m_mean_dvos_up_uv = 6.8446244891e-03
m_av_mean = 2.2812519599e+01
m_av_sigma_pct = 6.8349166678e-01
m_sig_rpair_uv = 0.0000000000e+00
m_vbias_anchor_mv = 1.0098929656e+03
Note: Simulation executed from .control section 

Warning: m=xx on .subckt line will override multiplier m hierarchy!

Note: Starting dynamic gmin stepping
Note: Dynamic gmin stepping completed
Note: Starting dynamic gmin stepping
Note: Dynamic gmin stepping completed
Note: Starting dynamic gmin stepping
Note: Dynamic gmin stepping completed
Note: Starting dynamic gmin stepping
Note: Dynamic gmin stepping completed
Note: Starting dynamic gmin stepping
Note: Dynamic gmin stepping completed
Note: Starting dynamic gmin stepping
Note: Dynamic gmin stepping completed
Note: Starting dynamic gmin stepping
Note: Dynamic gmin stepping completed
Note: Starting dynamic gmin stepping
Note: Dynamic gmin stepping completed
Note: Starting dynamic gmin stepping
Note: Dynamic gmin stepping completed
Note: Starting dynamic gmin stepping
Note: Dynamic gmin stepping completed
Note: Starting dynamic gmin stepping
Note: Dynamic gmin stepping completed
Note: Starting dynamic gmin stepping
Note: Dynamic gmin stepping completed
Note: Starting dynamic gmin stepping
Note: Dynamic gmin stepping completed
Note: Starting dynamic gmin stepping
Note: Dynamic gmin stepping completed
Note: Starting dynamic gmin stepping
Note: Dynamic gmin stepping completed
Note: Starting dynamic gmin stepping
Note: Dynamic gmin stepping completed
Note: Starting dynamic gmin stepping
Note: Dynamic gmin stepping completed
Note: Starting dynamic gmin stepping
Note: Dynamic gmin stepping completed
Note: Starting dynamic gmin stepping
Note: Dynamic gmin stepping completed
Note: Starting dynamic gmin stepping
Note: Dynamic gmin stepping completed
Note: Starting dynamic gmin stepping
Note: Dynamic gmin stepping completed
Note: Starting dynamic gmin stepping
Note: Dynamic gmin stepping completed
Note: Starting dynamic gmin stepping
Note: Dynamic gmin stepping completed
Note: Starting dynamic gmin stepping
Note: Dynamic gmin stepping completed
Note: Starting dynamic gmin stepping
Note: Dynamic gmin stepping completed
Note: Starting dynamic gmin stepping
Note: Dynamic gmin stepping completed
Note: Starting dynamic gmin stepping
Note: Dynamic gmin stepping completed
Note: Starting dynamic gmin stepping
Note: Dynamic gmin stepping completed
Note: Starting dynamic gmin stepping
Note: Dynamic gmin stepping completed
Note: Starting dynamic gmin stepping
Note: Dynamic gmin stepping completed
Note: Starting dynamic gmin stepping
Note: Dynamic gmin stepping completed
Note: Starting dynamic gmin stepping
Note: Dynamic gmin stepping completed
Note: Starting dynamic gmin stepping
Note: Dynamic gmin stepping completed
Note: Starting dynamic gmin stepping
Note: Dynamic gmin stepping completed
Note: Starting dynamic gmin stepping
Note: Dynamic gmin stepping completed
Note: Starting dynamic gmin stepping
Note: Dynamic gmin stepping completed
Note: Starting dynamic gmin stepping
Note: Dynamic gmin stepping completed
Note: Starting dynamic gmin stepping
Note: Dynamic gmin stepping completed
Note: Starting dynamic gmin stepping
Note: Dynamic gmin stepping completed
Note: Starting dynamic gmin stepping
Note: Dynamic gmin stepping completed
Note: Starting dynamic gmin stepping
Note: Dynamic gmin stepping completed
Note: Starting dynamic gmin stepping
Note: Dynamic gmin stepping completed
Note: Starting dynamic gmin stepping
Note: Dynamic gmin stepping completed
Note: Starting dynamic gmin stepping
Note: Dynamic gmin stepping completed
Note: Starting dynamic gmin stepping
Note: Dynamic gmin stepping completed
Note: Starting dynamic gmin stepping
Note: Dynamic gmin stepping completed
Note: Starting dynamic gmin stepping
Note: Dynamic gmin stepping completed
Note: Starting dynamic gmin stepping
Note: Dynamic gmin stepping completed
Note: Starting dynamic gmin stepping
Note: Dynamic gmin stepping completed
Note: Starting dynamic gmin stepping
Note: Dynamic gmin stepping completed
Note: Starting dynamic gmin stepping
Note: Dynamic gmin stepping completed
Note: Starting dynamic gmin stepping
Note: Dynamic gmin stepping completed
Note: Starting dynamic gmin stepping
Note: Dynamic gmin stepping completed
Note: Starting dynamic gmin stepping
Note: Dynamic gmin stepping completed
Note: Starting dynamic gmin stepping
Note: Dynamic gmin stepping completed
Note: Starting dynamic gmin stepping
Note: Dynamic gmin stepping completed
Note: Starting dynamic gmin stepping
Note: Dynamic gmin stepping completed
Note: Starting dynamic gmin stepping
Note: Dynamic gmin stepping completed
Note: Starting dynamic gmin stepping
Note: Dynamic gmin stepping completed
Note: Starting dynamic gmin stepping
Note: Dynamic gmin stepping completed
Note: Starting dynamic gmin stepping
Note: Dynamic gmin stepping completed
Note: Starting dynamic gmin stepping
Note: Dynamic gmin stepping completed
Note: Starting dynamic gmin stepping
Note: Dynamic gmin stepping completed
Note: Starting dynamic gmin stepping
Note: Dynamic gmin stepping completed
Note: Starting dynamic gmin stepping
Note: Dynamic gmin stepping completed
Note: Starting dynamic gmin stepping
Note: Dynamic gmin stepping completed
Note: Starting dynamic gmin stepping
Note: Dynamic gmin stepping completed
Note: Starting dynamic gmin stepping
Note: Dynamic gmin stepping completed
Note: Starting dynamic gmin stepping
Note: Dynamic gmin stepping completed
Note: Starting dynamic gmin stepping
Note: Dynamic gmin stepping completed
Note: Starting dynamic gmin stepping
Note: Dynamic gmin stepping completed
Note: Starting dynamic gmin stepping
Note: Dynamic gmin stepping completed
Note: Starting dynamic gmin stepping
Note: Dynamic gmin stepping completed
Note: Starting dynamic gmin stepping
Note: Dynamic gmin stepping completed
Note: Starting dynamic gmin stepping
Note: Dynamic gmin stepping completed
Note: Starting dynamic gmin stepping
Note: Dynamic gmin stepping completed
Note: Starting dynamic gmin stepping
Note: Dynamic gmin stepping completed
Note: Starting dynamic gmin stepping
Note: Dynamic gmin stepping completed
Note: Starting dynamic gmin stepping
Note: Dynamic gmin stepping completed
Note: Starting dynamic gmin stepping
Note: Dynamic gmin stepping completed
Note: Starting dynamic gmin stepping
Note: Dynamic gmin stepping completed
Note: Starting dynamic gmin stepping
Note: Dynamic gmin stepping completed
Note: Starting dynamic gmin stepping
Note: Dynamic gmin stepping completed
Note: Starting dynamic gmin stepping
Note: Dynamic gmin stepping completed
Note: Starting dynamic gmin stepping
Note: Dynamic gmin stepping completed
Note: Starting dynamic gmin stepping
Note: Dynamic gmin stepping completed
Note: Starting dynamic gmin stepping
Note: Dynamic gmin stepping completed
Note: Starting dynamic gmin stepping
Note: Dynamic gmin stepping completed
Note: Starting dynamic gmin stepping
Note: Dynamic gmin stepping completed
Note: Starting dynamic gmin stepping
Note: Dynamic gmin stepping completed
Note: Starting dynamic gmin stepping
Note: Dynamic gmin stepping completed
Note: Starting dynamic gmin stepping
Note: Dynamic gmin stepping completed
Note: Starting dynamic gmin stepping
Note: Dynamic gmin stepping completed
Note: Starting dynamic gmin stepping
Note: Dynamic gmin stepping completed
Note: Starting dynamic gmin stepping
Note: Dynamic gmin stepping completed
Note: Starting dynamic gmin stepping
Note: Dynamic gmin stepping completed
Note: Starting dynamic gmin stepping
Note: Dynamic gmin stepping completed
Note: Starting dynamic gmin stepping
Note: Dynamic gmin stepping completed
Note: Starting dynamic gmin stepping
Note: Dynamic gmin stepping completed
Note: Starting dynamic gmin stepping
Note: Dynamic gmin stepping completed
Note: Starting dynamic gmin stepping
Note: Dynamic gmin stepping completed
Note: Starting dynamic gmin stepping
Note: Dynamic gmin stepping completed
Note: Starting dynamic gmin stepping
Note: Dynamic gmin stepping completed
Note: Starting dynamic gmin stepping
Note: Dynamic gmin stepping completed
Note: Starting dynamic gmin stepping
Note: Dynamic gmin stepping completed
Note: Starting dynamic gmin stepping
Note: Dynamic gmin stepping completed
Note: Starting dynamic gmin stepping
Note: Dynamic gmin stepping completed
Note: Starting dynamic gmin stepping
Note: Dynamic gmin stepping completed
Note: Starting dynamic gmin stepping
Note: Dynamic gmin stepping completed
Note: Starting dynamic gmin stepping
Note: Dynamic gmin stepping completed
Note: Starting dynamic gmin stepping
Note: Dynamic gmin stepping completed
Note: Starting dynamic gmin stepping
Note: Dynamic gmin stepping completed
Note: Starting dynamic gmin stepping
Note: Dynamic gmin stepping completed
Note: Starting dynamic gmin stepping
Note: Dynamic gmin stepping completed
Note: Starting dynamic gmin stepping
Note: Dynamic gmin stepping completed
Note: Starting dynamic gmin stepping
Note: Dynamic gmin stepping completed
Note: Starting dynamic gmin stepping
Note: Dynamic gmin stepping completed
Note: Starting dynamic gmin stepping
Note: Dynamic gmin stepping completed
Note: Starting dynamic gmin stepping
Note: Dynamic gmin stepping completed
Note: Starting dynamic gmin stepping
Note: Dynamic gmin stepping completed
Note: Starting dynamic gmin stepping
Note: Dynamic gmin stepping completed
Note: Starting dynamic gmin stepping
Note: Dynamic gmin stepping completed
Note: Starting dynamic gmin stepping
Note: Dynamic gmin stepping completed
Note: Starting dynamic gmin stepping
Note: Dynamic gmin stepping completed
Note: Starting dynamic gmin stepping
Note: Dynamic gmin stepping completed
Note: Starting dynamic gmin stepping
Note: Dynamic gmin stepping completed
Note: Starting dynamic gmin stepping
Note: Dynamic gmin stepping completed
Note: Starting dynamic gmin stepping
Note: Dynamic gmin stepping completed
Note: Starting dynamic gmin stepping
Note: Dynamic gmin stepping completed
Note: Starting dynamic gmin stepping
Note: Dynamic gmin stepping completed
Note: Starting dynamic gmin stepping
Note: Dynamic gmin stepping completed
Note: Starting dynamic gmin stepping
Note: Dynamic gmin stepping completed
Note: Starting dynamic gmin stepping
Note: Dynamic gmin stepping completed
Note: Starting dynamic gmin stepping
Note: Dynamic gmin stepping completed
Note: Starting dynamic gmin stepping
Note: Dynamic gmin stepping completed
Note: Starting dynamic gmin stepping
Note: Dynamic gmin stepping completed
Note: Starting dynamic gmin stepping
Note: Dynamic gmin stepping completed
Note: Starting dynamic gmin stepping
Note: Dynamic gmin stepping completed
Note: Starting dynamic gmin stepping
Note: Dynamic gmin stepping completed
Note: Starting dynamic gmin stepping
Note: Dynamic gmin stepping completed
Note: Starting dynamic gmin stepping
Note: Dynamic gmin stepping completed
Note: Starting dynamic gmin stepping
Note: Dynamic gmin stepping completed
Note: Starting dynamic gmin stepping
Note: Dynamic gmin stepping completed
Note: Starting dynamic gmin stepping
Note: Dynamic gmin stepping completed
Note: Starting dynamic gmin stepping
Note: Dynamic gmin stepping completed
Note: Starting dynamic gmin stepping
Note: Dynamic gmin stepping completed
Note: Starting dynamic gmin stepping
Note: Dynamic gmin stepping completed
Note: Starting dynamic gmin stepping
Note: Dynamic gmin stepping completed
Note: Starting dynamic gmin stepping
Note: Dynamic gmin stepping completed
Note: Starting dynamic gmin stepping
Note: Dynamic gmin stepping completed
Note: Starting dynamic gmin stepping
Note: Dynamic gmin stepping completed
Note: Starting dynamic gmin stepping
Note: Dynamic gmin stepping completed
Note: Starting dynamic gmin stepping
Note: Dynamic gmin stepping completed
Note: Starting dynamic gmin stepping
Note: Dynamic gmin stepping completed
Note: Starting dynamic gmin stepping
Note: Dynamic gmin stepping completed
Note: Starting dynamic gmin stepping
Note: Dynamic gmin stepping completed
Note: Starting dynamic gmin stepping
Note: Dynamic gmin stepping completed
Note: Starting dynamic gmin stepping
Note: Dynamic gmin stepping completed
Note: Starting dynamic gmin stepping
Note: Dynamic gmin stepping completed
Note: Starting dynamic gmin stepping
Note: Dynamic gmin stepping completed
Note: Starting dynamic gmin stepping
Note: Dynamic gmin stepping completed
Note: Starting dynamic gmin stepping
Note: Dynamic gmin stepping completed
Note: Starting dynamic gmin stepping
Note: Dynamic gmin stepping completed
Note: Starting dynamic gmin stepping
Note: Dynamic gmin stepping completed
Note: Starting dynamic gmin stepping
Note: Dynamic gmin stepping completed
Note: Starting dynamic gmin stepping
Note: Dynamic gmin stepping completed
Note: Starting dynamic gmin stepping
Note: Dynamic gmin stepping completed
Note: Starting dynamic gmin stepping
Note: Dynamic gmin stepping completed
Note: Starting dynamic gmin stepping
Note: Dynamic gmin stepping completed
Note: Starting dynamic gmin stepping
Note: Dynamic gmin stepping completed
Note: Starting dynamic gmin stepping
Note: Dynamic gmin stepping completed
Note: Starting dynamic gmin stepping
Note: Dynamic gmin stepping completed
Note: Starting dynamic gmin stepping
Note: Dynamic gmin stepping completed
Note: Starting dynamic gmin stepping
Note: Dynamic gmin stepping completed
Note: Starting dynamic gmin stepping
Note: Dynamic gmin stepping completed
Note: Starting dynamic gmin stepping
Note: Dynamic gmin stepping completed
Note: Starting dynamic gmin stepping
Note: Dynamic gmin stepping completed
Note: Starting dynamic gmin stepping
Note: Dynamic gmin stepping completed
Note: Starting dynamic gmin stepping
Note: Dynamic gmin stepping completed
Note: Starting dynamic gmin stepping
Note: Dynamic gmin stepping completed
Note: Starting dynamic gmin stepping
Note: Dynamic gmin stepping completed
Note: Starting dynamic gmin stepping
Note: Dynamic gmin stepping completed
Note: Starting dynamic gmin stepping
Note: Dynamic gmin stepping completed
Note: Starting dynamic gmin stepping
Note: Dynamic gmin stepping completed
Note: Starting dynamic gmin stepping
Note: Dynamic gmin stepping completed
Note: Starting dynamic gmin stepping
Note: Dynamic gmin stepping completed
Note: Starting dynamic gmin stepping
Note: Dynamic gmin stepping completed
Note: Starting dynamic gmin stepping
Note: Dynamic gmin stepping completed
Note: Starting dynamic gmin stepping
Note: Dynamic gmin stepping completed
Note: Starting dynamic gmin stepping
Note: Dynamic gmin stepping completed
Note: Starting dynamic gmin stepping
Note: Dynamic gmin stepping completed
Note: Starting dynamic gmin stepping
Note: Dynamic gmin stepping completed
Note: Starting dynamic gmin stepping
Note: Dynamic gmin stepping completed
Note: Starting dynamic gmin stepping
Note: Dynamic gmin stepping completed
Note: Starting dynamic gmin stepping
Note: Dynamic gmin stepping completed
Note: Starting dynamic gmin stepping
Note: Dynamic gmin stepping completed
Note: Starting dynamic gmin stepping
Note: Dynamic gmin stepping completed
Note: Starting dynamic gmin stepping
Note: Dynamic gmin stepping completed
Note: Starting dynamic gmin stepping
Note: Dynamic gmin stepping completed
Note: Starting dynamic gmin stepping
Note: Dynamic gmin stepping completed
Note: Starting dynamic gmin stepping
Note: Dynamic gmin stepping completed
Note: Starting dynamic gmin stepping
Note: Dynamic gmin stepping completed
Note: Starting dynamic gmin stepping
Note: Dynamic gmin stepping completed
Note: Starting dynamic gmin stepping
Note: Dynamic gmin stepping completed
Note: Starting dynamic gmin stepping
Note: Dynamic gmin stepping completed
Note: Starting dynamic gmin stepping
Note: Dynamic gmin stepping completed
Note: Starting dynamic gmin stepping
Note: Dynamic gmin stepping completed
Note: Starting dynamic gmin stepping
Note: Dynamic gmin stepping completed
Note: Starting dynamic gmin stepping
Note: Dynamic gmin stepping completed
Note: Starting dynamic gmin stepping
Note: Dynamic gmin stepping completed
Note: Starting dynamic gmin stepping
Note: Dynamic gmin stepping completed
Note: Starting dynamic gmin stepping
Note: Dynamic gmin stepping completed
Note: Starting dynamic gmin stepping
Note: Dynamic gmin stepping completed
Note: Starting dynamic gmin stepping
Note: Dynamic gmin stepping completed
Note: Starting dynamic gmin stepping
Note: Dynamic gmin stepping completed
Note: Starting dynamic gmin stepping
Note: Dynamic gmin stepping completed
Note: Starting dynamic gmin stepping
Note: Dynamic gmin stepping completed
Note: Starting dynamic gmin stepping
Note: Dynamic gmin stepping completed
Note: Starting dynamic gmin stepping
Note: Dynamic gmin stepping completed
Note: Starting dynamic gmin stepping
Note: Dynamic gmin stepping completed
Note: Starting dynamic gmin stepping
Note: Dynamic gmin stepping completed
Note: Starting dynamic gmin stepping
Note: Dynamic gmin stepping completed
Note: Starting dynamic gmin stepping
Note: Dynamic gmin stepping completed
Note: Starting dynamic gmin stepping
Note: Dynamic gmin stepping completed
Note: Starting dynamic gmin stepping
Note: Dynamic gmin stepping completed
Note: Starting dynamic gmin stepping
Note: Dynamic gmin stepping completed
Note: Starting dynamic gmin stepping
Note: Dynamic gmin stepping completed
Note: Starting dynamic gmin stepping
Note: Dynamic gmin stepping completed
Note: Starting dynamic gmin stepping
Note: Dynamic gmin stepping completed
Note: Starting dynamic gmin stepping
Note: Dynamic gmin stepping completed
Note: Starting dynamic gmin stepping
Note: Dynamic gmin stepping completed
Note: Starting dynamic gmin stepping
Note: Dynamic gmin stepping completed
Note: Starting dynamic gmin stepping
Note: Dynamic gmin stepping completed
Note: Starting dynamic gmin stepping
Note: Dynamic gmin stepping completed
Note: Starting dynamic gmin stepping
Note: Dynamic gmin stepping completed
Note: Starting dynamic gmin stepping
Note: Dynamic gmin stepping completed
Note: Starting dynamic gmin stepping
Note: Dynamic gmin stepping completed
Note: Starting dynamic gmin stepping
Note: Dynamic gmin stepping completed
Note: Starting dynamic gmin stepping
Note: Dynamic gmin stepping completed
Note: Starting dynamic gmin stepping
Note: Dynamic gmin stepping completed
Note: Starting dynamic gmin stepping
Note: Dynamic gmin stepping completed
Note: Starting dynamic gmin stepping
Note: Dynamic gmin stepping completed
Note: Starting dynamic gmin stepping
Note: Dynamic gmin stepping completed
Note: Starting dynamic gmin stepping
Note: Dynamic gmin stepping completed
Note: Starting dynamic gmin stepping
Note: Dynamic gmin stepping completed
Note: Starting dynamic gmin stepping
Note: Dynamic gmin stepping completed
Note: Starting dynamic gmin stepping
Note: Dynamic gmin stepping completed
Note: Starting dynamic gmin stepping
Note: Dynamic gmin stepping completed
Note: Starting dynamic gmin stepping
Note: Dynamic gmin stepping completed
Note: Starting dynamic gmin stepping
Note: Dynamic gmin stepping completed
Note: Starting dynamic gmin stepping
Note: Dynamic gmin stepping completed
Note: Starting dynamic gmin stepping
Note: Dynamic gmin stepping completed
Note: Starting dynamic gmin stepping
Note: Dynamic gmin stepping completed
Note: Starting dynamic gmin stepping
Note: Dynamic gmin stepping completed
Note: Starting dynamic gmin stepping
Note: Dynamic gmin stepping completed
Note: Starting dynamic gmin stepping
Note: Dynamic gmin stepping completed
Note: Starting dynamic gmin stepping
Note: Dynamic gmin stepping completed
Note: Starting dynamic gmin stepping
Note: Dynamic gmin stepping completed
Note: Starting dynamic gmin stepping
Note: Dynamic gmin stepping completed
Note: Starting dynamic gmin stepping
Note: Dynamic gmin stepping completed
Note: Starting dynamic gmin stepping
Note: Dynamic gmin stepping completed
Note: Starting dynamic gmin stepping
Note: Dynamic gmin stepping completed
Note: Starting dynamic gmin stepping
Note: Dynamic gmin stepping completed
Note: Starting dynamic gmin stepping
Note: Dynamic gmin stepping completed
Note: Starting dynamic gmin stepping
Note: Dynamic gmin stepping completed
Note: Starting dynamic gmin stepping
Note: Dynamic gmin stepping completed
Note: Starting dynamic gmin stepping
Note: Dynamic gmin stepping completed
Note: Starting dynamic gmin stepping
Note: Dynamic gmin stepping completed
Note: Starting dynamic gmin stepping
Note: Dynamic gmin stepping completed
Note: Starting dynamic gmin stepping
Note: Dynamic gmin stepping completed
Note: Starting dynamic gmin stepping
Note: Dynamic gmin stepping completed
Note: Starting dynamic gmin stepping
Note: Dynamic gmin stepping completed
Note: Starting dynamic gmin stepping
Note: Dynamic gmin stepping completed
Note: Starting dynamic gmin stepping
Note: Dynamic gmin stepping completed
Note: Starting dynamic gmin stepping
Note: Dynamic gmin stepping completed
Note: Starting dynamic gmin stepping
Note: Dynamic gmin stepping completed
Note: Starting dynamic gmin stepping
Note: Dynamic gmin stepping completed
Note: Starting dynamic gmin stepping
Note: Dynamic gmin stepping completed
Note: Starting dynamic gmin stepping
Note: Dynamic gmin stepping completed
Note: Starting dynamic gmin stepping
Note: Dynamic gmin stepping completed
Note: Starting dynamic gmin stepping
Note: Dynamic gmin stepping completed
Note: Starting dynamic gmin stepping
Note: Dynamic gmin stepping completed
Note: Starting dynamic gmin stepping
Note: Dynamic gmin stepping completed
Note: Starting dynamic gmin stepping
Note: Dynamic gmin stepping completed
Note: Starting dynamic gmin stepping
Note: Dynamic gmin stepping completed
Note: Starting dynamic gmin stepping
Note: Dynamic gmin stepping completed
Note: Starting dynamic gmin stepping
Note: Dynamic gmin stepping completed
Note: Starting dynamic gmin stepping
Note: Dynamic gmin stepping completed
Note: Starting dynamic gmin stepping
Note: Dynamic gmin stepping completed
Note: Starting dynamic gmin stepping
Note: Dynamic gmin stepping completed
Note: Starting dynamic gmin stepping
Note: Dynamic gmin stepping completed
Note: Starting dynamic gmin stepping
Note: Dynamic gmin stepping completed
Note: Starting dynamic gmin stepping
Note: Dynamic gmin stepping completed
Note: Starting dynamic gmin stepping
Note: Dynamic gmin stepping completed
Note: Starting dynamic gmin stepping
Note: Dynamic gmin stepping completed
Note: Starting dynamic gmin stepping
Note: Dynamic gmin stepping completed
Note: Starting dynamic gmin stepping
Note: Dynamic gmin stepping completed
Note: Starting dynamic gmin stepping
Note: Dynamic gmin stepping completed
Note: Starting dynamic gmin stepping
Note: Dynamic gmin stepping completed
Note: Starting dynamic gmin stepping
Note: Dynamic gmin stepping completed
Note: Starting dynamic gmin stepping
Note: Dynamic gmin stepping completed
Note: Starting dynamic gmin stepping
Note: Dynamic gmin stepping completed
Note: Starting dynamic gmin stepping
Note: Dynamic gmin stepping completed
Note: Starting dynamic gmin stepping
Note: Dynamic gmin stepping completed
Note: Starting dynamic gmin stepping
Note: Dynamic gmin stepping completed
Note: Starting dynamic gmin stepping
Note: Dynamic gmin stepping completed
Note: Starting dynamic gmin stepping
Note: Dynamic gmin stepping completed
Note: Starting dynamic gmin stepping
Note: Dynamic gmin stepping completed
Note: Starting dynamic gmin stepping
Note: Dynamic gmin stepping completed
Note: Starting dynamic gmin stepping
Note: Dynamic gmin stepping completed
Note: Starting dynamic gmin stepping
Note: Dynamic gmin stepping completed
Note: Starting dynamic gmin stepping
Note: Dynamic gmin stepping completed
Note: Starting dynamic gmin stepping
Note: Dynamic gmin stepping completed
Note: Starting dynamic gmin stepping
Note: Dynamic gmin stepping completed
Note: Starting dynamic gmin stepping
Note: Dynamic gmin stepping completed
Note: Starting dynamic gmin stepping
Note: Dynamic gmin stepping completed
Note: Starting dynamic gmin stepping
Note: Dynamic gmin stepping completed
Note: Starting dynamic gmin stepping
Note: Dynamic gmin stepping completed
Note: Starting dynamic gmin stepping
Note: Dynamic gmin stepping completed
Note: Starting dynamic gmin stepping
Note: Dynamic gmin stepping completed
Note: Starting dynamic gmin stepping
Note: Dynamic gmin stepping completed
Note: Starting dynamic gmin stepping
Note: Dynamic gmin stepping completed
Note: Starting dynamic gmin stepping
Note: Dynamic gmin stepping completed
Note: Starting dynamic gmin stepping
Note: Dynamic gmin stepping completed
Note: Starting dynamic gmin stepping
Note: Dynamic gmin stepping completed
Note: Starting dynamic gmin stepping
Note: Dynamic gmin stepping completed
Note: Starting dynamic gmin stepping
Note: Dynamic gmin stepping completed
Note: Starting dynamic gmin stepping
Note: Dynamic gmin stepping completed
Note: Starting dynamic gmin stepping
Note: Dynamic gmin stepping completed
Note: Starting dynamic gmin stepping
Note: Dynamic gmin stepping completed
Note: Starting dynamic gmin stepping
Note: Dynamic gmin stepping completed
Note: Starting dynamic gmin stepping
Note: Dynamic gmin stepping completed
Note: Starting dynamic gmin stepping
Note: Dynamic gmin stepping completed
Note: Starting dynamic gmin stepping
Note: Dynamic gmin stepping completed
Note: Starting dynamic gmin stepping
Note: Dynamic gmin stepping completed
Note: Starting dynamic gmin stepping
Note: Dynamic gmin stepping completed
Note: Starting dynamic gmin stepping
Note: Dynamic gmin stepping completed
Note: Starting dynamic gmin stepping
Note: Dynamic gmin stepping completed
Note: Starting dynamic gmin stepping
Note: Dynamic gmin stepping completed
