
Note: Compatibility modes selected: hs a


Circuit: * comparator-offset-mc @ tt_125c_3.63v -- generated by sim/harness, do not edit

Reset re-loads circuit * comparator-offset-mc @ tt_125c_3.63v -- generated by sim/harness, do not edit

Circuit: * comparator-offset-mc @ tt_125c_3.63v -- generated by sim/harness, do not edit

Doing analysis at TEMP = 125.000000 and TNOM = 27.000000

Using SPARSE 1.3 as Direct Linear Solver

No. of Data Rows : 6
voa = -3.984162185e-04
ddc = 8.3797274235e-08
dde = -7.210961675e-08
Reset re-loads circuit * comparator-offset-mc @ tt_125c_3.63v -- generated by sim/harness, do not edit

Circuit: * comparator-offset-mc @ tt_125c_3.63v -- generated by sim/harness, do not edit

Doing analysis at TEMP = 125.000000 and TNOM = 27.000000

Using SPARSE 1.3 as Direct Linear Solver
 Reference value :  0.00000e+00
No. of Data Rows : 6
voa = 1.8289891597e-03
ddc = -2.430839250e-07
dde = 2.3902977803e-07
Reset re-loads circuit * comparator-offset-mc @ tt_125c_3.63v -- generated by sim/harness, do not edit

Circuit: * comparator-offset-mc @ tt_125c_3.63v -- generated by sim/harness, do not edit

Doing analysis at TEMP = 125.000000 and TNOM = 27.000000

Using SPARSE 1.3 as Direct Linear Solver

No. of Data Rows : 6
voa = 1.4451244391e-03
ddc = -2.250049517e-07
dde = 2.2137998970e-07
Reset re-loads circuit * comparator-offset-mc @ tt_125c_3.63v -- generated by sim/harness, do not edit

Circuit: * comparator-offset-mc @ tt_125c_3.63v -- generated by sim/harness, do not edit

Doing analysis at TEMP = 125.000000 and TNOM = 27.000000

Using SPARSE 1.3 as Direct Linear Solver

No. of Data Rows : 6
voa = -2.262768917e-06
ddc = 1.1538034735e-08
dde = -1.123195325e-08
Reset re-loads circuit * comparator-offset-mc @ tt_125c_3.63v -- generated by sim/harness, do not edit

Circuit: * comparator-offset-mc @ tt_125c_3.63v -- generated by sim/harness, do not edit

Doing analysis at TEMP = 125.000000 and TNOM = 27.000000

Using SPARSE 1.3 as Direct Linear Solver

No. of Data Rows : 6
voa = 1.8296580260e-03
ddc = -2.611705488e-07
dde = 2.5731447863e-07
Reset re-loads circuit * comparator-offset-mc @ tt_125c_3.63v -- generated by sim/harness, do not edit

Circuit: * comparator-offset-mc @ tt_125c_3.63v -- generated by sim/harness, do not edit

Doing analysis at TEMP = 125.000000 and TNOM = 27.000000

Using SPARSE 1.3 as Direct Linear Solver

No. of Data Rows : 6
voa = -2.691411483e-04
ddc = 5.5647374260e-08
dde = -5.457546977e-08
Reset re-loads circuit * comparator-offset-mc @ tt_125c_3.63v -- generated by sim/harness, do not edit

Circuit: * comparator-offset-mc @ tt_125c_3.63v -- generated by sim/harness, do not edit

Doing analysis at TEMP = 125.000000 and TNOM = 27.000000

Using SPARSE 1.3 as Direct Linear Solver

No. of Data Rows : 6
voa = -1.895638410e-04
ddc = 3.5542217971e-08
dde = -3.461259966e-08
Reset re-loads circuit * comparator-offset-mc @ tt_125c_3.63v -- generated by sim/harness, do not edit

Circuit: * comparator-offset-mc @ tt_125c_3.63v -- generated by sim/harness, do not edit

Doing analysis at TEMP = 125.000000 and TNOM = 27.000000

Using SPARSE 1.3 as Direct Linear Solver

No. of Data Rows : 6
voa = -2.669064642e-04
ddc = 4.6394916238e-08
dde = -3.950628419e-08
Reset re-loads circuit * comparator-offset-mc @ tt_125c_3.63v -- generated by sim/harness, do not edit

Circuit: * comparator-offset-mc @ tt_125c_3.63v -- generated by sim/harness, do not edit

Doing analysis at TEMP = 125.000000 and TNOM = 27.000000

Using SPARSE 1.3 as Direct Linear Solver

No. of Data Rows : 6
voa = 9.4434919890e-04
ddc = -1.598764478e-07
dde = 1.5954001552e-07
Reset re-loads circuit * comparator-offset-mc @ tt_125c_3.63v -- generated by sim/harness, do not edit

Circuit: * comparator-offset-mc @ tt_125c_3.63v -- generated by sim/harness, do not edit

Doing analysis at TEMP = 125.000000 and TNOM = 27.000000

Using SPARSE 1.3 as Direct Linear Solver
 Reference value :  0.00000e+00
No. of Data Rows : 6
voa = 9.9565580959e-04
ddc = -1.636090964e-07
dde = 1.6081470900e-07
Reset re-loads circuit * comparator-offset-mc @ tt_125c_3.63v -- generated by sim/harness, do not edit

Circuit: * comparator-offset-mc @ tt_125c_3.63v -- generated by sim/harness, do not edit

Doing analysis at TEMP = 125.000000 and TNOM = 27.000000

Using SPARSE 1.3 as Direct Linear Solver

No. of Data Rows : 6
voa = -9.374793128e-04
ddc = 1.3923571826e-07
dde = -1.379763447e-07
Reset re-loads circuit * comparator-offset-mc @ tt_125c_3.63v -- generated by sim/harness, do not edit

Circuit: * comparator-offset-mc @ tt_125c_3.63v -- generated by sim/harness, do not edit

Doing analysis at TEMP = 125.000000 and TNOM = 27.000000

Using SPARSE 1.3 as Direct Linear Solver

No. of Data Rows : 6
voa = 4.4781781094e-04
ddc = -6.805200853e-08
dde = 6.6457537083e-08
Reset re-loads circuit * comparator-offset-mc @ tt_125c_3.63v -- generated by sim/harness, do not edit

Circuit: * comparator-offset-mc @ tt_125c_3.63v -- generated by sim/harness, do not edit

Doing analysis at TEMP = 125.000000 and TNOM = 27.000000

Using SPARSE 1.3 as Direct Linear Solver

No. of Data Rows : 6
voa = -7.746272170e-04
ddc = 1.1215134139e-07
dde = -1.075477513e-07
Reset re-loads circuit * comparator-offset-mc @ tt_125c_3.63v -- generated by sim/harness, do not edit

Circuit: * comparator-offset-mc @ tt_125c_3.63v -- generated by sim/harness, do not edit

Doing analysis at TEMP = 125.000000 and TNOM = 27.000000

Using SPARSE 1.3 as Direct Linear Solver

No. of Data Rows : 6
voa = 2.5874495370e-04
ddc = -6.919969207e-09
dde = 6.0895517565e-09
Reset re-loads circuit * comparator-offset-mc @ tt_125c_3.63v -- generated by sim/harness, do not edit

Circuit: * comparator-offset-mc @ tt_125c_3.63v -- generated by sim/harness, do not edit

Doing analysis at TEMP = 125.000000 and TNOM = 27.000000

Using SPARSE 1.3 as Direct Linear Solver

No. of Data Rows : 6
voa = 1.3377359007e-03
ddc = -1.970863123e-07
dde = 1.9370836613e-07
Reset re-loads circuit * comparator-offset-mc @ tt_125c_3.63v -- generated by sim/harness, do not edit

Circuit: * comparator-offset-mc @ tt_125c_3.63v -- generated by sim/harness, do not edit

Doing analysis at TEMP = 125.000000 and TNOM = 27.000000

Using SPARSE 1.3 as Direct Linear Solver

No. of Data Rows : 6
voa = -1.302175989e-03
ddc = 2.2833410997e-07
dde = -2.036048679e-07
Reset re-loads circuit * comparator-offset-mc @ tt_125c_3.63v -- generated by sim/harness, do not edit

Circuit: * comparator-offset-mc @ tt_125c_3.63v -- generated by sim/harness, do not edit

Doing analysis at TEMP = 125.000000 and TNOM = 27.000000

Using SPARSE 1.3 as Direct Linear Solver
 Reference value :  2.00000e-03
No. of Data Rows : 6
voa = 5.6849825524e-04
ddc = -8.377054162e-08
dde = 8.2013370138e-08
Reset re-loads circuit * comparator-offset-mc @ tt_125c_3.63v -- generated by sim/harness, do not edit

Circuit: * comparator-offset-mc @ tt_125c_3.63v -- generated by sim/harness, do not edit

Doing analysis at TEMP = 125.000000 and TNOM = 27.000000

Using SPARSE 1.3 as Direct Linear Solver

No. of Data Rows : 6
voa = -8.649884440e-05
ddc = 7.2420673416e-09
dde = -8.136983755e-09
Reset re-loads circuit * comparator-offset-mc @ tt_125c_3.63v -- generated by sim/harness, do not edit

Circuit: * comparator-offset-mc @ tt_125c_3.63v -- generated by sim/harness, do not edit

Doing analysis at TEMP = 125.000000 and TNOM = 27.000000

Using SPARSE 1.3 as Direct Linear Solver

No. of Data Rows : 6
voa = -5.148483171e-04
ddc = 9.1756170965e-08
dde = -8.703427002e-08
Reset re-loads circuit * comparator-offset-mc @ tt_125c_3.63v -- generated by sim/harness, do not edit

Circuit: * comparator-offset-mc @ tt_125c_3.63v -- generated by sim/harness, do not edit

Doing analysis at TEMP = 125.000000 and TNOM = 27.000000

Using SPARSE 1.3 as Direct Linear Solver

No. of Data Rows : 6
voa = 1.2719847887e-03
ddc = -1.672387529e-07
dde = 1.6462608894e-07
Reset re-loads circuit * comparator-offset-mc @ tt_125c_3.63v -- generated by sim/harness, do not edit

Circuit: * comparator-offset-mc @ tt_125c_3.63v -- generated by sim/harness, do not edit

Doing analysis at TEMP = 125.000000 and TNOM = 27.000000

Using SPARSE 1.3 as Direct Linear Solver

No. of Data Rows : 6
voa = -3.607795660e-04
ddc = 5.0884309165e-08
dde = -4.933646337e-08
Reset re-loads circuit * comparator-offset-mc @ tt_125c_3.63v -- generated by sim/harness, do not edit

Circuit: * comparator-offset-mc @ tt_125c_3.63v -- generated by sim/harness, do not edit

Doing analysis at TEMP = 125.000000 and TNOM = 27.000000

Using SPARSE 1.3 as Direct Linear Solver

No. of Data Rows : 6
voa = -7.291532705e-04
ddc = 1.2135540486e-07
dde = -1.066432972e-07
Reset re-loads circuit * comparator-offset-mc @ tt_125c_3.63v -- generated by sim/harness, do not edit

Circuit: * comparator-offset-mc @ tt_125c_3.63v -- generated by sim/harness, do not edit

Doing analysis at TEMP = 125.000000 and TNOM = 27.000000

Using SPARSE 1.3 as Direct Linear Solver

No. of Data Rows : 6
voa = 6.1190239835e-04
ddc = -7.101578909e-08
dde = 6.9088372294e-08
Reset re-loads circuit * comparator-offset-mc @ tt_125c_3.63v -- generated by sim/harness, do not edit

Circuit: * comparator-offset-mc @ tt_125c_3.63v -- generated by sim/harness, do not edit

Doing analysis at TEMP = 125.000000 and TNOM = 27.000000

Using SPARSE 1.3 as Direct Linear Solver

No. of Data Rows : 6
voa = -2.864595547e-08
ddc = -1.461179142e-08
dde = 1.4655825610e-08
Reset re-loads circuit * comparator-offset-mc @ tt_125c_3.63v -- generated by sim/harness, do not edit

Circuit: * comparator-offset-mc @ tt_125c_3.63v -- generated by sim/harness, do not edit

Doing analysis at TEMP = 125.000000 and TNOM = 27.000000

Using SPARSE 1.3 as Direct Linear Solver
 Reference value :  2.00000e-03
No. of Data Rows : 6
voa = -1.433496919e-03
ddc = 2.3333816497e-07
dde = -2.079366517e-07
Reset re-loads circuit * comparator-offset-mc @ tt_125c_3.63v -- generated by sim/harness, do not edit

Circuit: * comparator-offset-mc @ tt_125c_3.63v -- generated by sim/harness, do not edit

Doing analysis at TEMP = 125.000000 and TNOM = 27.000000

Using SPARSE 1.3 as Direct Linear Solver

No. of Data Rows : 6
voa = -1.084281196e-03
ddc = 1.7939840340e-07
dde = -1.772491097e-07
Reset re-loads circuit * comparator-offset-mc @ tt_125c_3.63v -- generated by sim/harness, do not edit

Circuit: * comparator-offset-mc @ tt_125c_3.63v -- generated by sim/harness, do not edit

Doing analysis at TEMP = 125.000000 and TNOM = 27.000000

Using SPARSE 1.3 as Direct Linear Solver

No. of Data Rows : 6
voa = -5.575785681e-04
ddc = 1.0080103133e-07
dde = -9.950545103e-08
Reset re-loads circuit * comparator-offset-mc @ tt_125c_3.63v -- generated by sim/harness, do not edit

Circuit: * comparator-offset-mc @ tt_125c_3.63v -- generated by sim/harness, do not edit

Doing analysis at TEMP = 125.000000 and TNOM = 27.000000

Using SPARSE 1.3 as Direct Linear Solver

No. of Data Rows : 6
voa = 1.0509034707e-04
ddc = -3.064741065e-09
dde = 2.8911328669e-09
Reset re-loads circuit * comparator-offset-mc @ tt_125c_3.63v -- generated by sim/harness, do not edit

Circuit: * comparator-offset-mc @ tt_125c_3.63v -- generated by sim/harness, do not edit

Doing analysis at TEMP = 125.000000 and TNOM = 27.000000

Using SPARSE 1.3 as Direct Linear Solver

No. of Data Rows : 6
voa = -2.078825134e-04
ddc = 1.2938331114e-08
dde = -1.229145101e-08
Reset re-loads circuit * comparator-offset-mc @ tt_125c_3.63v -- generated by sim/harness, do not edit

Circuit: * comparator-offset-mc @ tt_125c_3.63v -- generated by sim/harness, do not edit

Doing analysis at TEMP = 125.000000 and TNOM = 27.000000

Using SPARSE 1.3 as Direct Linear Solver

No. of Data Rows : 6
voa = 2.3557334854e-04
ddc = -2.161541551e-08
dde = 2.1177775505e-08
Reset re-loads circuit * comparator-offset-mc @ tt_125c_3.63v -- generated by sim/harness, do not edit

Circuit: * comparator-offset-mc @ tt_125c_3.63v -- generated by sim/harness, do not edit

Doing analysis at TEMP = 125.000000 and TNOM = 27.000000

Using SPARSE 1.3 as Direct Linear Solver

No. of Data Rows : 6
voa = 1.8520189517e-03
ddc = -2.990821497e-07
dde = 2.9454621784e-07
Reset re-loads circuit * comparator-offset-mc @ tt_125c_3.63v -- generated by sim/harness, do not edit

Circuit: * comparator-offset-mc @ tt_125c_3.63v -- generated by sim/harness, do not edit

Doing analysis at TEMP = 125.000000 and TNOM = 27.000000

Using SPARSE 1.3 as Direct Linear Solver

No. of Data Rows : 6
voa = -9.973934491e-04
ddc = 1.7101400561e-07
dde = -1.344407555e-07
Reset re-loads circuit * comparator-offset-mc @ tt_125c_3.63v -- generated by sim/harness, do not edit

Circuit: * comparator-offset-mc @ tt_125c_3.63v -- generated by sim/harness, do not edit

Doing analysis at TEMP = 125.000000 and TNOM = 27.000000

Using SPARSE 1.3 as Direct Linear Solver
 Reference value :  0.00000e+00
No. of Data Rows : 6
voa = 4.5603275912e-04
ddc = -6.666277890e-08
dde = 6.4442550963e-08
Reset re-loads circuit * comparator-offset-mc @ tt_125c_3.63v -- generated by sim/harness, do not edit

Circuit: * comparator-offset-mc @ tt_125c_3.63v -- generated by sim/harness, do not edit

Doing analysis at TEMP = 125.000000 and TNOM = 27.000000

Using SPARSE 1.3 as Direct Linear Solver

No. of Data Rows : 6
voa = -1.539916219e-04
ddc = 1.5922247134e-08
dde = -1.552250915e-08
Reset re-loads circuit * comparator-offset-mc @ tt_125c_3.63v -- generated by sim/harness, do not edit

Circuit: * comparator-offset-mc @ tt_125c_3.63v -- generated by sim/harness, do not edit

Doing analysis at TEMP = 125.000000 and TNOM = 27.000000

Using SPARSE 1.3 as Direct Linear Solver

No. of Data Rows : 6
voa = 2.3544705856e-03
ddc = -3.208743857e-07
dde = 3.1509315807e-07
Reset re-loads circuit * comparator-offset-mc @ tt_125c_3.63v -- generated by sim/harness, do not edit

Circuit: * comparator-offset-mc @ tt_125c_3.63v -- generated by sim/harness, do not edit

Doing analysis at TEMP = 125.000000 and TNOM = 27.000000

Using SPARSE 1.3 as Direct Linear Solver

No. of Data Rows : 6
voa = -3.808068731e-04
ddc = 6.8949335189e-08
dde = -6.544818643e-08
Reset re-loads circuit * comparator-offset-mc @ tt_125c_3.63v -- generated by sim/harness, do not edit

Circuit: * comparator-offset-mc @ tt_125c_3.63v -- generated by sim/harness, do not edit

Doing analysis at TEMP = 125.000000 and TNOM = 27.000000

Using SPARSE 1.3 as Direct Linear Solver

No. of Data Rows : 6
voa = 3.0592946118e-04
ddc = -2.895978799e-08
dde = 2.8396497227e-08
Reset re-loads circuit * comparator-offset-mc @ tt_125c_3.63v -- generated by sim/harness, do not edit

Circuit: * comparator-offset-mc @ tt_125c_3.63v -- generated by sim/harness, do not edit

Doing analysis at TEMP = 125.000000 and TNOM = 27.000000

Using SPARSE 1.3 as Direct Linear Solver

No. of Data Rows : 6
voa = 9.4855638755e-04
ddc = -1.479893135e-07
dde = 1.4528909256e-07
Reset re-loads circuit * comparator-offset-mc @ tt_125c_3.63v -- generated by sim/harness, do not edit

Circuit: * comparator-offset-mc @ tt_125c_3.63v -- generated by sim/harness, do not edit

Doing analysis at TEMP = 125.000000 and TNOM = 27.000000

Using SPARSE 1.3 as Direct Linear Solver

No. of Data Rows : 6
voa = 7.0030349885e-04
ddc = -1.067898033e-07
dde = 1.0439381021e-07
Reset re-loads circuit * comparator-offset-mc @ tt_125c_3.63v -- generated by sim/harness, do not edit

Circuit: * comparator-offset-mc @ tt_125c_3.63v -- generated by sim/harness, do not edit

Doing analysis at TEMP = 125.000000 and TNOM = 27.000000

Using SPARSE 1.3 as Direct Linear Solver

No. of Data Rows : 6
voa = -1.781802791e-03
ddc = 3.5118862079e-07
dde = -2.723680124e-07
Reset re-loads circuit * comparator-offset-mc @ tt_125c_3.63v -- generated by sim/harness, do not edit

Circuit: * comparator-offset-mc @ tt_125c_3.63v -- generated by sim/harness, do not edit

Doing analysis at TEMP = 125.000000 and TNOM = 27.000000

Using SPARSE 1.3 as Direct Linear Solver

No. of Data Rows : 6
voa = -4.885966484e-04
ddc = 8.3500879697e-08
dde = -7.539648949e-08
Reset re-loads circuit * comparator-offset-mc @ tt_125c_3.63v -- generated by sim/harness, do not edit

Circuit: * comparator-offset-mc @ tt_125c_3.63v -- generated by sim/harness, do not edit

Doing analysis at TEMP = 125.000000 and TNOM = 27.000000

Using SPARSE 1.3 as Direct Linear Solver
 Reference value :  0.00000e+00
No. of Data Rows : 6
voa = 8.6545678570e-04
ddc = -1.033614331e-07
dde = 1.0144723660e-07
Reset re-loads circuit * comparator-offset-mc @ tt_125c_3.63v -- generated by sim/harness, do not edit

Circuit: * comparator-offset-mc @ tt_125c_3.63v -- generated by sim/harness, do not edit

Doing analysis at TEMP = 125.000000 and TNOM = 27.000000

Using SPARSE 1.3 as Direct Linear Solver

No. of Data Rows : 6
voa = -9.043512583e-04
ddc = 1.4112791576e-07
dde = -1.387169893e-07
Reset re-loads circuit * comparator-offset-mc @ tt_125c_3.63v -- generated by sim/harness, do not edit

Circuit: * comparator-offset-mc @ tt_125c_3.63v -- generated by sim/harness, do not edit

Doing analysis at TEMP = 125.000000 and TNOM = 27.000000

Using SPARSE 1.3 as Direct Linear Solver

No. of Data Rows : 6
voa = -1.178536310e-03
ddc = 1.8101214546e-07
dde = -1.800994440e-07
Reset re-loads circuit * comparator-offset-mc @ tt_125c_3.63v -- generated by sim/harness, do not edit

Circuit: * comparator-offset-mc @ tt_125c_3.63v -- generated by sim/harness, do not edit

Doing analysis at TEMP = 125.000000 and TNOM = 27.000000

Using SPARSE 1.3 as Direct Linear Solver

No. of Data Rows : 6
voa = -1.387380382e-03
ddc = 2.2983067984e-07
dde = -2.040216631e-07
Reset re-loads circuit * comparator-offset-mc @ tt_125c_3.63v -- generated by sim/harness, do not edit

Circuit: * comparator-offset-mc @ tt_125c_3.63v -- generated by sim/harness, do not edit

Doing analysis at TEMP = 125.000000 and TNOM = 27.000000

Using SPARSE 1.3 as Direct Linear Solver

No. of Data Rows : 6
voa = 2.7215755481e-03
ddc = -3.712581326e-07
dde = 3.6498715648e-07
Reset re-loads circuit * comparator-offset-mc @ tt_125c_3.63v -- generated by sim/harness, do not edit

Circuit: * comparator-offset-mc @ tt_125c_3.63v -- generated by sim/harness, do not edit

Doing analysis at TEMP = 125.000000 and TNOM = 27.000000

Using SPARSE 1.3 as Direct Linear Solver

No. of Data Rows : 6
voa = -2.457444234e-04
ddc = 1.1637798176e-08
dde = -1.112003240e-08
Reset re-loads circuit * comparator-offset-mc @ tt_125c_3.63v -- generated by sim/harness, do not edit

Circuit: * comparator-offset-mc @ tt_125c_3.63v -- generated by sim/harness, do not edit

Doing analysis at TEMP = 125.000000 and TNOM = 27.000000

Using SPARSE 1.3 as Direct Linear Solver

No. of Data Rows : 6
voa = 1.1055394100e-03
ddc = -1.658400722e-07
dde = 1.6290374997e-07
Reset re-loads circuit * comparator-offset-mc @ tt_125c_3.63v -- generated by sim/harness, do not edit

Circuit: * comparator-offset-mc @ tt_125c_3.63v -- generated by sim/harness, do not edit

Doing analysis at TEMP = 125.000000 and TNOM = 27.000000

Using SPARSE 1.3 as Direct Linear Solver

No. of Data Rows : 6
voa = -4.354480632e-04
ddc = 7.8806053049e-08
dde = -7.778078657e-08
Reset re-loads circuit * comparator-offset-mc @ tt_125c_3.63v -- generated by sim/harness, do not edit

Circuit: * comparator-offset-mc @ tt_125c_3.63v -- generated by sim/harness, do not edit

Doing analysis at TEMP = 125.000000 and TNOM = 27.000000

Using SPARSE 1.3 as Direct Linear Solver
 Reference value :  0.00000e+00
No. of Data Rows : 6
voa = 8.2031850695e-05
ddc = 5.9865522319e-09
dde = -6.200704250e-09
Reset re-loads circuit * comparator-offset-mc @ tt_125c_3.63v -- generated by sim/harness, do not edit

Circuit: * comparator-offset-mc @ tt_125c_3.63v -- generated by sim/harness, do not edit

Doing analysis at TEMP = 125.000000 and TNOM = 27.000000

Using SPARSE 1.3 as Direct Linear Solver

No. of Data Rows : 6
voa = -4.904954138e-04
ddc = 1.0555960570e-07
dde = -9.943624915e-08
Reset re-loads circuit * comparator-offset-mc @ tt_125c_3.63v -- generated by sim/harness, do not edit

Circuit: * comparator-offset-mc @ tt_125c_3.63v -- generated by sim/harness, do not edit

Doing analysis at TEMP = 125.000000 and TNOM = 27.000000

Using SPARSE 1.3 as Direct Linear Solver

No. of Data Rows : 6
voa = -3.656971945e-04
ddc = 6.0552419224e-08
dde = -5.653621346e-08
Reset re-loads circuit * comparator-offset-mc @ tt_125c_3.63v -- generated by sim/harness, do not edit

Circuit: * comparator-offset-mc @ tt_125c_3.63v -- generated by sim/harness, do not edit

Doing analysis at TEMP = 125.000000 and TNOM = 27.000000

Using SPARSE 1.3 as Direct Linear Solver

No. of Data Rows : 6
voa = 1.0304095441e-03
ddc = -1.630264395e-07
dde = 1.6045403746e-07
Reset re-loads circuit * comparator-offset-mc @ tt_125c_3.63v -- generated by sim/harness, do not edit

Circuit: * comparator-offset-mc @ tt_125c_3.63v -- generated by sim/harness, do not edit

Doing analysis at TEMP = 125.000000 and TNOM = 27.000000

Using SPARSE 1.3 as Direct Linear Solver

No. of Data Rows : 6
voa = 6.0008690511e-04
ddc = -9.357125229e-08
dde = 9.1912692543e-08
Reset re-loads circuit * comparator-offset-mc @ tt_125c_3.63v -- generated by sim/harness, do not edit

Circuit: * comparator-offset-mc @ tt_125c_3.63v -- generated by sim/harness, do not edit

Doing analysis at TEMP = 125.000000 and TNOM = 27.000000

Using SPARSE 1.3 as Direct Linear Solver

No. of Data Rows : 6
voa = -2.335317197e-04
ddc = 1.6817400160e-08
dde = -1.240645757e-08
Reset re-loads circuit * comparator-offset-mc @ tt_125c_3.63v -- generated by sim/harness, do not edit

Circuit: * comparator-offset-mc @ tt_125c_3.63v -- generated by sim/harness, do not edit

Doing analysis at TEMP = 125.000000 and TNOM = 27.000000

Using SPARSE 1.3 as Direct Linear Solver

No. of Data Rows : 6
voa = -6.537530640e-04
ddc = 9.7013887362e-08
dde = -9.558336448e-08
Reset re-loads circuit * comparator-offset-mc @ tt_125c_3.63v -- generated by sim/harness, do not edit

Circuit: * comparator-offset-mc @ tt_125c_3.63v -- generated by sim/harness, do not edit

Doing analysis at TEMP = 125.000000 and TNOM = 27.000000

Using SPARSE 1.3 as Direct Linear Solver
 Reference value :  0.00000e+00
No. of Data Rows : 6
voa = -2.769140671e-04
ddc = 6.1266670386e-08
dde = -5.714601096e-08
Reset re-loads circuit * comparator-offset-mc @ tt_125c_3.63v -- generated by sim/harness, do not edit

Circuit: * comparator-offset-mc @ tt_125c_3.63v -- generated by sim/harness, do not edit

Doing analysis at TEMP = 125.000000 and TNOM = 27.000000

Using SPARSE 1.3 as Direct Linear Solver

No. of Data Rows : 6
voa = 4.4056116252e-04
ddc = -6.604178522e-08
dde = 6.3139156615e-08
Reset re-loads circuit * comparator-offset-mc @ tt_125c_3.63v -- generated by sim/harness, do not edit

Circuit: * comparator-offset-mc @ tt_125c_3.63v -- generated by sim/harness, do not edit

Doing analysis at TEMP = 125.000000 and TNOM = 27.000000

Using SPARSE 1.3 as Direct Linear Solver

No. of Data Rows : 6
voa = -4.066414614e-04
ddc = 8.6584691300e-08
dde = -8.477551587e-08
Reset re-loads circuit * comparator-offset-mc @ tt_125c_3.63v -- generated by sim/harness, do not edit

Circuit: * comparator-offset-mc @ tt_125c_3.63v -- generated by sim/harness, do not edit

Doing analysis at TEMP = 125.000000 and TNOM = 27.000000

Using SPARSE 1.3 as Direct Linear Solver

No. of Data Rows : 6
voa = -8.744505034e-04
ddc = 1.5058877963e-07
dde = -1.394438123e-07
Reset re-loads circuit * comparator-offset-mc @ tt_125c_3.63v -- generated by sim/harness, do not edit

Circuit: * comparator-offset-mc @ tt_125c_3.63v -- generated by sim/harness, do not edit

Doing analysis at TEMP = 125.000000 and TNOM = 27.000000

Using SPARSE 1.3 as Direct Linear Solver

No. of Data Rows : 6
voa = 2.8526440624e-05
ddc = 1.6369225709e-08
dde = -1.615357126e-08
Reset re-loads circuit * comparator-offset-mc @ tt_125c_3.63v -- generated by sim/harness, do not edit

Circuit: * comparator-offset-mc @ tt_125c_3.63v -- generated by sim/harness, do not edit

Doing analysis at TEMP = 125.000000 and TNOM = 27.000000

Using SPARSE 1.3 as Direct Linear Solver

No. of Data Rows : 6
voa = 1.6154352178e-03
ddc = -2.203350686e-07
dde = 2.1705516040e-07
Reset re-loads circuit * comparator-offset-mc @ tt_125c_3.63v -- generated by sim/harness, do not edit

Circuit: * comparator-offset-mc @ tt_125c_3.63v -- generated by sim/harness, do not edit

Doing analysis at TEMP = 125.000000 and TNOM = 27.000000

Using SPARSE 1.3 as Direct Linear Solver

No. of Data Rows : 6
voa = -1.793564386e-03
ddc = 2.2083388698e-07
dde = -2.867697903e-07
Reset re-loads circuit * comparator-offset-mc @ tt_125c_3.63v -- generated by sim/harness, do not edit

Circuit: * comparator-offset-mc @ tt_125c_3.63v -- generated by sim/harness, do not edit

Doing analysis at TEMP = 125.000000 and TNOM = 27.000000

Using SPARSE 1.3 as Direct Linear Solver

No. of Data Rows : 6
voa = 9.8962938059e-04
ddc = -1.432668920e-07
dde = 1.4077955081e-07
Reset re-loads circuit * comparator-offset-mc @ tt_125c_3.63v -- generated by sim/harness, do not edit

Circuit: * comparator-offset-mc @ tt_125c_3.63v -- generated by sim/harness, do not edit

Doing analysis at TEMP = 125.000000 and TNOM = 27.000000

Using SPARSE 1.3 as Direct Linear Solver

No. of Data Rows : 6
voa = -3.923792630e-04
ddc = 7.1360572483e-08
dde = -6.993495649e-08
Reset re-loads circuit * comparator-offset-mc @ tt_125c_3.63v -- generated by sim/harness, do not edit

Circuit: * comparator-offset-mc @ tt_125c_3.63v -- generated by sim/harness, do not edit

Doing analysis at TEMP = 125.000000 and TNOM = 27.000000

Using SPARSE 1.3 as Direct Linear Solver
 Reference value :  2.00000e-03
No. of Data Rows : 6
voa = 1.0294767134e-04
ddc = 7.9285279541e-09
dde = -7.894882107e-09
Reset re-loads circuit * comparator-offset-mc @ tt_125c_3.63v -- generated by sim/harness, do not edit

Circuit: * comparator-offset-mc @ tt_125c_3.63v -- generated by sim/harness, do not edit

Doing analysis at TEMP = 125.000000 and TNOM = 27.000000

Using SPARSE 1.3 as Direct Linear Solver

No. of Data Rows : 6
voa = -1.719463748e-04
ddc = 2.0333846964e-08
dde = -1.900530181e-08
Reset re-loads circuit * comparator-offset-mc @ tt_125c_3.63v -- generated by sim/harness, do not edit

Circuit: * comparator-offset-mc @ tt_125c_3.63v -- generated by sim/harness, do not edit

Doing analysis at TEMP = 125.000000 and TNOM = 27.000000

Using SPARSE 1.3 as Direct Linear Solver

No. of Data Rows : 6
voa = 3.7259274698e-04
ddc = -6.066361369e-08
dde = 5.9544490484e-08
Reset re-loads circuit * comparator-offset-mc @ tt_125c_3.63v -- generated by sim/harness, do not edit

Circuit: * comparator-offset-mc @ tt_125c_3.63v -- generated by sim/harness, do not edit

Doing analysis at TEMP = 125.000000 and TNOM = 27.000000

Using SPARSE 1.3 as Direct Linear Solver

No. of Data Rows : 6
voa = -1.269785124e-04
ddc = 1.4898211102e-08
dde = -1.464193877e-08
Reset re-loads circuit * comparator-offset-mc @ tt_125c_3.63v -- generated by sim/harness, do not edit

Circuit: * comparator-offset-mc @ tt_125c_3.63v -- generated by sim/harness, do not edit

Doing analysis at TEMP = 125.000000 and TNOM = 27.000000

Using SPARSE 1.3 as Direct Linear Solver

No. of Data Rows : 6
voa = -1.033026330e-03
ddc = 1.5538233002e-07
dde = -1.573230456e-07
Reset re-loads circuit * comparator-offset-mc @ tt_125c_3.63v -- generated by sim/harness, do not edit

Circuit: * comparator-offset-mc @ tt_125c_3.63v -- generated by sim/harness, do not edit

Doing analysis at TEMP = 125.000000 and TNOM = 27.000000

Using SPARSE 1.3 as Direct Linear Solver

No. of Data Rows : 6
voa = 1.1585906976e-03
ddc = -1.707485137e-07
dde = 1.6789943162e-07
Reset re-loads circuit * comparator-offset-mc @ tt_125c_3.63v -- generated by sim/harness, do not edit

Circuit: * comparator-offset-mc @ tt_125c_3.63v -- generated by sim/harness, do not edit

Doing analysis at TEMP = 125.000000 and TNOM = 27.000000

Using SPARSE 1.3 as Direct Linear Solver

No. of Data Rows : 6
voa = 5.9803436872e-05
ddc = 2.9588890026e-09
dde = -3.550086380e-09
Reset re-loads circuit * comparator-offset-mc @ tt_125c_3.63v -- generated by sim/harness, do not edit

Circuit: * comparator-offset-mc @ tt_125c_3.63v -- generated by sim/harness, do not edit

Doing analysis at TEMP = 125.000000 and TNOM = 27.000000

Using SPARSE 1.3 as Direct Linear Solver
 Reference value :  0.00000e+00
No. of Data Rows : 6
voa = 3.9515240114e-04
ddc = -4.111175064e-08
dde = 3.9890924719e-08
Reset re-loads circuit * comparator-offset-mc @ tt_125c_3.63v -- generated by sim/harness, do not edit

Circuit: * comparator-offset-mc @ tt_125c_3.63v -- generated by sim/harness, do not edit

Doing analysis at TEMP = 125.000000 and TNOM = 27.000000

Using SPARSE 1.3 as Direct Linear Solver

No. of Data Rows : 6
voa = 3.4384159876e-05
ddc = 5.1581855358e-09
dde = -5.232773239e-09
Reset re-loads circuit * comparator-offset-mc @ tt_125c_3.63v -- generated by sim/harness, do not edit

Circuit: * comparator-offset-mc @ tt_125c_3.63v -- generated by sim/harness, do not edit

Doing analysis at TEMP = 125.000000 and TNOM = 27.000000

Using SPARSE 1.3 as Direct Linear Solver

No. of Data Rows : 6
voa = -1.267353503e-03
ddc = 1.9741515397e-07
dde = -1.948850336e-07
Reset re-loads circuit * comparator-offset-mc @ tt_125c_3.63v -- generated by sim/harness, do not edit

Circuit: * comparator-offset-mc @ tt_125c_3.63v -- generated by sim/harness, do not edit

Doing analysis at TEMP = 125.000000 and TNOM = 27.000000

Using SPARSE 1.3 as Direct Linear Solver

No. of Data Rows : 6
voa = 9.3097908547e-05
ddc = -4.384484836e-08
dde = 4.3034819866e-08
Reset re-loads circuit * comparator-offset-mc @ tt_125c_3.63v -- generated by sim/harness, do not edit

Circuit: * comparator-offset-mc @ tt_125c_3.63v -- generated by sim/harness, do not edit

Doing analysis at TEMP = 125.000000 and TNOM = 27.000000

Using SPARSE 1.3 as Direct Linear Solver

No. of Data Rows : 6
voa = 1.1027833032e-03
ddc = -1.643518013e-07
dde = 1.6176453631e-07
Reset re-loads circuit * comparator-offset-mc @ tt_125c_3.63v -- generated by sim/harness, do not edit

Circuit: * comparator-offset-mc @ tt_125c_3.63v -- generated by sim/harness, do not edit

Doing analysis at TEMP = 125.000000 and TNOM = 27.000000

Using SPARSE 1.3 as Direct Linear Solver

No. of Data Rows : 6
voa = -4.714110942e-04
ddc = 6.1522317052e-08
dde = -6.037820142e-08
Reset re-loads circuit * comparator-offset-mc @ tt_125c_3.63v -- generated by sim/harness, do not edit

Circuit: * comparator-offset-mc @ tt_125c_3.63v -- generated by sim/harness, do not edit

Doing analysis at TEMP = 125.000000 and TNOM = 27.000000

Using SPARSE 1.3 as Direct Linear Solver

No. of Data Rows : 6
voa = 2.0033664069e-04
ddc = -3.456531502e-08
dde = 3.4059669175e-08
Reset re-loads circuit * comparator-offset-mc @ tt_125c_3.63v -- generated by sim/harness, do not edit

Circuit: * comparator-offset-mc @ tt_125c_3.63v -- generated by sim/harness, do not edit

Doing analysis at TEMP = 125.000000 and TNOM = 27.000000

Using SPARSE 1.3 as Direct Linear Solver
 Reference value :  2.00000e-03
No. of Data Rows : 6
voa = -4.266304876e-04
ddc = 4.7010589828e-08
dde = -4.619885886e-08
Reset re-loads circuit * comparator-offset-mc @ tt_125c_3.63v -- generated by sim/harness, do not edit

Circuit: * comparator-offset-mc @ tt_125c_3.63v -- generated by sim/harness, do not edit

Doing analysis at TEMP = 125.000000 and TNOM = 27.000000

Using SPARSE 1.3 as Direct Linear Solver

No. of Data Rows : 6
voa = 1.4040518559e-04
ddc = -7.478774009e-09
dde = 6.8043036972e-09
Reset re-loads circuit * comparator-offset-mc @ tt_125c_3.63v -- generated by sim/harness, do not edit

Circuit: * comparator-offset-mc @ tt_125c_3.63v -- generated by sim/harness, do not edit

Doing analysis at TEMP = 125.000000 and TNOM = 27.000000

Using SPARSE 1.3 as Direct Linear Solver

No. of Data Rows : 6
voa = 8.9728864452e-04
ddc = -1.169531657e-07
dde = 1.1491890086e-07
Reset re-loads circuit * comparator-offset-mc @ tt_125c_3.63v -- generated by sim/harness, do not edit

Circuit: * comparator-offset-mc @ tt_125c_3.63v -- generated by sim/harness, do not edit

Doing analysis at TEMP = 125.000000 and TNOM = 27.000000

Using SPARSE 1.3 as Direct Linear Solver

No. of Data Rows : 6
voa = -2.621536101e-04
ddc = 4.8049104545e-08
dde = -4.718633160e-08
Reset re-loads circuit * comparator-offset-mc @ tt_125c_3.63v -- generated by sim/harness, do not edit

Circuit: * comparator-offset-mc @ tt_125c_3.63v -- generated by sim/harness, do not edit

Doing analysis at TEMP = 125.000000 and TNOM = 27.000000

Using SPARSE 1.3 as Direct Linear Solver

No. of Data Rows : 6
voa = 1.0731213420e-03
ddc = -1.696180727e-07
dde = 1.6679751939e-07
Reset re-loads circuit * comparator-offset-mc @ tt_125c_3.63v -- generated by sim/harness, do not edit

Circuit: * comparator-offset-mc @ tt_125c_3.63v -- generated by sim/harness, do not edit

Doing analysis at TEMP = 125.000000 and TNOM = 27.000000

Using SPARSE 1.3 as Direct Linear Solver

No. of Data Rows : 6
voa = 7.8387646417e-04
ddc = -1.013389290e-07
dde = 9.9306867180e-08
Reset re-loads circuit * comparator-offset-mc @ tt_125c_3.63v -- generated by sim/harness, do not edit

Circuit: * comparator-offset-mc @ tt_125c_3.63v -- generated by sim/harness, do not edit

Doing analysis at TEMP = 125.000000 and TNOM = 27.000000

Using SPARSE 1.3 as Direct Linear Solver

No. of Data Rows : 6
voa = 4.8496289490e-04
ddc = -7.032544351e-08
dde = 6.8675244742e-08
Reset re-loads circuit * comparator-offset-mc @ tt_125c_3.63v -- generated by sim/harness, do not edit

Circuit: * comparator-offset-mc @ tt_125c_3.63v -- generated by sim/harness, do not edit

Doing analysis at TEMP = 125.000000 and TNOM = 27.000000

Using SPARSE 1.3 as Direct Linear Solver
 Reference value :  0.00000e+00
No. of Data Rows : 6
voa = 7.7875139785e-04
ddc = -1.333071370e-07
dde = 1.3104189902e-07
Reset re-loads circuit * comparator-offset-mc @ tt_125c_3.63v -- generated by sim/harness, do not edit

Circuit: * comparator-offset-mc @ tt_125c_3.63v -- generated by sim/harness, do not edit

Doing analysis at TEMP = 125.000000 and TNOM = 27.000000

Using SPARSE 1.3 as Direct Linear Solver

No. of Data Rows : 6
voa = 1.8376392508e-05
ddc = 7.2766877530e-09
dde = -7.343632915e-09
Reset re-loads circuit * comparator-offset-mc @ tt_125c_3.63v -- generated by sim/harness, do not edit

Circuit: * comparator-offset-mc @ tt_125c_3.63v -- generated by sim/harness, do not edit

Doing analysis at TEMP = 125.000000 and TNOM = 27.000000

Using SPARSE 1.3 as Direct Linear Solver

No. of Data Rows : 6
voa = -1.464813291e-03
ddc = 2.5860718381e-07
dde = -2.108422401e-07
Reset re-loads circuit * comparator-offset-mc @ tt_125c_3.63v -- generated by sim/harness, do not edit

Circuit: * comparator-offset-mc @ tt_125c_3.63v -- generated by sim/harness, do not edit

Doing analysis at TEMP = 125.000000 and TNOM = 27.000000

Using SPARSE 1.3 as Direct Linear Solver

No. of Data Rows : 6
voa = 1.0443905473e-03
ddc = -1.496537042e-07
dde = 1.4839142987e-07
Reset re-loads circuit * comparator-offset-mc @ tt_125c_3.63v -- generated by sim/harness, do not edit

Circuit: * comparator-offset-mc @ tt_125c_3.63v -- generated by sim/harness, do not edit

Doing analysis at TEMP = 125.000000 and TNOM = 27.000000

Using SPARSE 1.3 as Direct Linear Solver

No. of Data Rows : 6
voa = -1.643635282e-03
ddc = 1.9363632814e-07
dde = -1.943503927e-07
Reset re-loads circuit * comparator-offset-mc @ tt_125c_3.63v -- generated by sim/harness, do not edit

Circuit: * comparator-offset-mc @ tt_125c_3.63v -- generated by sim/harness, do not edit

Doing analysis at TEMP = 125.000000 and TNOM = 27.000000

Using SPARSE 1.3 as Direct Linear Solver

No. of Data Rows : 6
voa = 2.4162827806e-03
ddc = -3.789380257e-07
dde = 3.6286527352e-07
Reset re-loads circuit * comparator-offset-mc @ tt_125c_3.63v -- generated by sim/harness, do not edit

Circuit: * comparator-offset-mc @ tt_125c_3.63v -- generated by sim/harness, do not edit

Doing analysis at TEMP = 125.000000 and TNOM = 27.000000

Using SPARSE 1.3 as Direct Linear Solver

No. of Data Rows : 6
voa = -1.442672164e-04
ddc = 3.2536200962e-08
dde = -3.152537822e-08
Reset re-loads circuit * comparator-offset-mc @ tt_125c_3.63v -- generated by sim/harness, do not edit

Circuit: * comparator-offset-mc @ tt_125c_3.63v -- generated by sim/harness, do not edit

Doing analysis at TEMP = 125.000000 and TNOM = 27.000000

Using SPARSE 1.3 as Direct Linear Solver
 Reference value :  2.00000e-03
No. of Data Rows : 6
voa = -4.312651431e-04
ddc = 4.1804201784e-08
dde = -3.880493817e-08
Reset re-loads circuit * comparator-offset-mc @ tt_125c_3.63v -- generated by sim/harness, do not edit

Circuit: * comparator-offset-mc @ tt_125c_3.63v -- generated by sim/harness, do not edit

Doing analysis at TEMP = 125.000000 and TNOM = 27.000000

Using SPARSE 1.3 as Direct Linear Solver

No. of Data Rows : 6
voa = -6.157674758e-04
ddc = 8.8741556236e-08
dde = -8.542826455e-08
Reset re-loads circuit * comparator-offset-mc @ tt_125c_3.63v -- generated by sim/harness, do not edit

Circuit: * comparator-offset-mc @ tt_125c_3.63v -- generated by sim/harness, do not edit

Doing analysis at TEMP = 125.000000 and TNOM = 27.000000

Using SPARSE 1.3 as Direct Linear Solver

No. of Data Rows : 6
voa = -1.765368356e-03
ddc = 2.4506783001e-07
dde = -2.422440440e-07
Reset re-loads circuit * comparator-offset-mc @ tt_125c_3.63v -- generated by sim/harness, do not edit

Circuit: * comparator-offset-mc @ tt_125c_3.63v -- generated by sim/harness, do not edit

Doing analysis at TEMP = 125.000000 and TNOM = 27.000000

Using SPARSE 1.3 as Direct Linear Solver

No. of Data Rows : 6
voa = -4.100101321e-04
ddc = 6.2063649730e-08
dde = -5.930909348e-08
Reset re-loads circuit * comparator-offset-mc @ tt_125c_3.63v -- generated by sim/harness, do not edit

Circuit: * comparator-offset-mc @ tt_125c_3.63v -- generated by sim/harness, do not edit

Doing analysis at TEMP = 125.000000 and TNOM = 27.000000

Using SPARSE 1.3 as Direct Linear Solver

No. of Data Rows : 6
voa = -8.464822769e-05
ddc = 1.1647967682e-08
dde = -1.154558035e-08
Reset re-loads circuit * comparator-offset-mc @ tt_125c_3.63v -- generated by sim/harness, do not edit

Circuit: * comparator-offset-mc @ tt_125c_3.63v -- generated by sim/harness, do not edit

Doing analysis at TEMP = 125.000000 and TNOM = 27.000000

Using SPARSE 1.3 as Direct Linear Solver

No. of Data Rows : 6
voa = 1.6148585005e-03
ddc = -2.495445443e-07
dde = 2.4533635833e-07
Reset re-loads circuit * comparator-offset-mc @ tt_125c_3.63v -- generated by sim/harness, do not edit

Circuit: * comparator-offset-mc @ tt_125c_3.63v -- generated by sim/harness, do not edit

Doing analysis at TEMP = 125.000000 and TNOM = 27.000000

Using SPARSE 1.3 as Direct Linear Solver

No. of Data Rows : 6
voa = -1.586346148e-04
ddc = 5.2117955356e-08
dde = -5.133776508e-08
Reset re-loads circuit * comparator-offset-mc @ tt_125c_3.63v -- generated by sim/harness, do not edit

Circuit: * comparator-offset-mc @ tt_125c_3.63v -- generated by sim/harness, do not edit

Doing analysis at TEMP = 125.000000 and TNOM = 27.000000

Using SPARSE 1.3 as Direct Linear Solver
 Reference value :  0.00000e+00
No. of Data Rows : 6
voa = -7.260389098e-04
ddc = 1.3237009768e-07
dde = -1.066639894e-07
Reset re-loads circuit * comparator-offset-mc @ tt_125c_3.63v -- generated by sim/harness, do not edit

Circuit: * comparator-offset-mc @ tt_125c_3.63v -- generated by sim/harness, do not edit

Doing analysis at TEMP = 125.000000 and TNOM = 27.000000

Using SPARSE 1.3 as Direct Linear Solver

No. of Data Rows : 6
voa = -8.141684169e-04
ddc = 1.0690830763e-07
dde = -1.057849816e-07
Reset re-loads circuit * comparator-offset-mc @ tt_125c_3.63v -- generated by sim/harness, do not edit

Circuit: * comparator-offset-mc @ tt_125c_3.63v -- generated by sim/harness, do not edit

Doing analysis at TEMP = 125.000000 and TNOM = 27.000000

Using SPARSE 1.3 as Direct Linear Solver

No. of Data Rows : 6
voa = -5.420451359e-04
ddc = 9.2238518360e-08
dde = -8.648949177e-08
Reset re-loads circuit * comparator-offset-mc @ tt_125c_3.63v -- generated by sim/harness, do not edit

Circuit: * comparator-offset-mc @ tt_125c_3.63v -- generated by sim/harness, do not edit

Doing analysis at TEMP = 125.000000 and TNOM = 27.000000

Using SPARSE 1.3 as Direct Linear Solver

No. of Data Rows : 6
voa = 8.3578003348e-04
ddc = -1.236086786e-07
dde = 1.2138059951e-07
Reset re-loads circuit * comparator-offset-mc @ tt_125c_3.63v -- generated by sim/harness, do not edit

Circuit: * comparator-offset-mc @ tt_125c_3.63v -- generated by sim/harness, do not edit

Doing analysis at TEMP = 125.000000 and TNOM = 27.000000

Using SPARSE 1.3 as Direct Linear Solver

No. of Data Rows : 6
voa = -1.770816258e-04
ddc = 3.9743064416e-08
dde = -3.754866745e-08
Reset re-loads circuit * comparator-offset-mc @ tt_125c_3.63v -- generated by sim/harness, do not edit

Circuit: * comparator-offset-mc @ tt_125c_3.63v -- generated by sim/harness, do not edit

Doing analysis at TEMP = 125.000000 and TNOM = 27.000000

Using SPARSE 1.3 as Direct Linear Solver

No. of Data Rows : 6
voa = 9.9389190162e-04
ddc = -1.642977661e-07
dde = 1.6161661876e-07
Reset re-loads circuit * comparator-offset-mc @ tt_125c_3.63v -- generated by sim/harness, do not edit

Circuit: * comparator-offset-mc @ tt_125c_3.63v -- generated by sim/harness, do not edit

Doing analysis at TEMP = 125.000000 and TNOM = 27.000000

Using SPARSE 1.3 as Direct Linear Solver

No. of Data Rows : 6
voa = 6.0767274950e-04
ddc = -9.907618911e-08
dde = 9.7207268223e-08
Reset re-loads circuit * comparator-offset-mc @ tt_125c_3.63v -- generated by sim/harness, do not edit

Circuit: * comparator-offset-mc @ tt_125c_3.63v -- generated by sim/harness, do not edit

Doing analysis at TEMP = 125.000000 and TNOM = 27.000000

Using SPARSE 1.3 as Direct Linear Solver

No. of Data Rows : 6
voa = -2.209581381e-04
ddc = 4.8981664532e-08
dde = -4.754694822e-08
Reset re-loads circuit * comparator-offset-mc @ tt_125c_3.63v -- generated by sim/harness, do not edit

Circuit: * comparator-offset-mc @ tt_125c_3.63v -- generated by sim/harness, do not edit

Doing analysis at TEMP = 125.000000 and TNOM = 27.000000

Using SPARSE 1.3 as Direct Linear Solver

No. of Data Rows : 6
voa = 2.3041131178e-03
ddc = -3.201615331e-07
dde = 3.0911481395e-07
Reset re-loads circuit * comparator-offset-mc @ tt_125c_3.63v -- generated by sim/harness, do not edit

Circuit: * comparator-offset-mc @ tt_125c_3.63v -- generated by sim/harness, do not edit

Doing analysis at TEMP = 125.000000 and TNOM = 27.000000

Using SPARSE 1.3 as Direct Linear Solver

No. of Data Rows : 6
voa = -6.218919009e-04
ddc = 1.1345736747e-07
dde = -1.090450664e-07
Reset re-loads circuit * comparator-offset-mc @ tt_125c_3.63v -- generated by sim/harness, do not edit

Circuit: * comparator-offset-mc @ tt_125c_3.63v -- generated by sim/harness, do not edit

Doing analysis at TEMP = 125.000000 and TNOM = 27.000000

Using SPARSE 1.3 as Direct Linear Solver

No. of Data Rows : 6
voa = 2.3392920324e-04
ddc = -2.788729125e-08
dde = 2.7405619240e-08
Reset re-loads circuit * comparator-offset-mc @ tt_125c_3.63v -- generated by sim/harness, do not edit

Circuit: * comparator-offset-mc @ tt_125c_3.63v -- generated by sim/harness, do not edit

Doing analysis at TEMP = 125.000000 and TNOM = 27.000000

Using SPARSE 1.3 as Direct Linear Solver
 Reference value :  0.00000e+00
No. of Data Rows : 6
voa = 3.5205791654e-04
ddc = -4.681631079e-08
dde = 3.9193252258e-08
Reset re-loads circuit * comparator-offset-mc @ tt_125c_3.63v -- generated by sim/harness, do not edit

Circuit: * comparator-offset-mc @ tt_125c_3.63v -- generated by sim/harness, do not edit

Doing analysis at TEMP = 125.000000 and TNOM = 27.000000

Using SPARSE 1.3 as Direct Linear Solver

No. of Data Rows : 6
voa = 5.1052845677e-04
ddc = -8.345840265e-08
dde = 8.1537511464e-08
Reset re-loads circuit * comparator-offset-mc @ tt_125c_3.63v -- generated by sim/harness, do not edit

Circuit: * comparator-offset-mc @ tt_125c_3.63v -- generated by sim/harness, do not edit

Doing analysis at TEMP = 125.000000 and TNOM = 27.000000

Using SPARSE 1.3 as Direct Linear Solver

No. of Data Rows : 6
voa = 1.8464690422e-03
ddc = -2.752461129e-07
dde = 2.7060510287e-07
Reset re-loads circuit * comparator-offset-mc @ tt_125c_3.63v -- generated by sim/harness, do not edit

Circuit: * comparator-offset-mc @ tt_125c_3.63v -- generated by sim/harness, do not edit

Doing analysis at TEMP = 125.000000 and TNOM = 27.000000

Using SPARSE 1.3 as Direct Linear Solver

No. of Data Rows : 6
voa = -8.906388949e-04
ddc = 1.3746860866e-07
dde = -1.358364682e-07
Reset re-loads circuit * comparator-offset-mc @ tt_125c_3.63v -- generated by sim/harness, do not edit

Circuit: * comparator-offset-mc @ tt_125c_3.63v -- generated by sim/harness, do not edit

Doing analysis at TEMP = 125.000000 and TNOM = 27.000000

Using SPARSE 1.3 as Direct Linear Solver

No. of Data Rows : 6
voa = 9.8981549022e-04
ddc = -1.682282184e-07
dde = 1.6538313563e-07
Reset re-loads circuit * comparator-offset-mc @ tt_125c_3.63v -- generated by sim/harness, do not edit

Circuit: * comparator-offset-mc @ tt_125c_3.63v -- generated by sim/harness, do not edit

Doing analysis at TEMP = 125.000000 and TNOM = 27.000000

Using SPARSE 1.3 as Direct Linear Solver

No. of Data Rows : 6
voa = 9.0631400590e-04
ddc = -1.462496458e-07
dde = 1.4370432905e-07
Reset re-loads circuit * comparator-offset-mc @ tt_125c_3.63v -- generated by sim/harness, do not edit

Circuit: * comparator-offset-mc @ tt_125c_3.63v -- generated by sim/harness, do not edit

Doing analysis at TEMP = 125.000000 and TNOM = 27.000000

Using SPARSE 1.3 as Direct Linear Solver
 Reference value :  2.00000e-03
No. of Data Rows : 6
voa = 2.4086606610e-04
ddc = -3.793477602e-08
dde = 3.6442486435e-08
Reset re-loads circuit * comparator-offset-mc @ tt_125c_3.63v -- generated by sim/harness, do not edit

Circuit: * comparator-offset-mc @ tt_125c_3.63v -- generated by sim/harness, do not edit

Doing analysis at TEMP = 125.000000 and TNOM = 27.000000

Using SPARSE 1.3 as Direct Linear Solver

No. of Data Rows : 6
voa = 5.0275855218e-04
ddc = -5.278716598e-08
dde = 5.0972590933e-08
Reset re-loads circuit * comparator-offset-mc @ tt_125c_3.63v -- generated by sim/harness, do not edit

Circuit: * comparator-offset-mc @ tt_125c_3.63v -- generated by sim/harness, do not edit

Doing analysis at TEMP = 125.000000 and TNOM = 27.000000

Using SPARSE 1.3 as Direct Linear Solver

No. of Data Rows : 6
voa = 5.6423473994e-04
ddc = -1.052122618e-07
dde = 1.0327736244e-07
Reset re-loads circuit * comparator-offset-mc @ tt_125c_3.63v -- generated by sim/harness, do not edit

Circuit: * comparator-offset-mc @ tt_125c_3.63v -- generated by sim/harness, do not edit

Doing analysis at TEMP = 125.000000 and TNOM = 27.000000

Using SPARSE 1.3 as Direct Linear Solver

No. of Data Rows : 6
voa = 1.7465462462e-03
ddc = -2.349190389e-07
dde = 2.3109843286e-07
Reset re-loads circuit * comparator-offset-mc @ tt_125c_3.63v -- generated by sim/harness, do not edit

Circuit: * comparator-offset-mc @ tt_125c_3.63v -- generated by sim/harness, do not edit

Doing analysis at TEMP = 125.000000 and TNOM = 27.000000

Using SPARSE 1.3 as Direct Linear Solver

No. of Data Rows : 6
voa = -1.472357371e-03
ddc = 1.9030723725e-07
dde = -1.902512625e-07
Reset re-loads circuit * comparator-offset-mc @ tt_125c_3.63v -- generated by sim/harness, do not edit

Circuit: * comparator-offset-mc @ tt_125c_3.63v -- generated by sim/harness, do not edit

Doing analysis at TEMP = 125.000000 and TNOM = 27.000000

Using SPARSE 1.3 as Direct Linear Solver

No. of Data Rows : 6
voa = -5.605786147e-05
ddc = 5.0662878649e-09
dde = -5.031282278e-09
Reset re-loads circuit * comparator-offset-mc @ tt_125c_3.63v -- generated by sim/harness, do not edit

Circuit: * comparator-offset-mc @ tt_125c_3.63v -- generated by sim/harness, do not edit

Doing analysis at TEMP = 125.000000 and TNOM = 27.000000

Using SPARSE 1.3 as Direct Linear Solver

No. of Data Rows : 6
voa = -4.988516649e-04
ddc = 6.0333577087e-08
dde = -5.846149293e-08
Reset re-loads circuit * comparator-offset-mc @ tt_125c_3.63v -- generated by sim/harness, do not edit

Circuit: * comparator-offset-mc @ tt_125c_3.63v -- generated by sim/harness, do not edit

Doing analysis at TEMP = 125.000000 and TNOM = 27.000000

Using SPARSE 1.3 as Direct Linear Solver
 Reference value :  0.00000e+00
No. of Data Rows : 6
voa = -1.814729386e-03
ddc = 2.2665838897e-07
dde = -2.505395251e-07
Reset re-loads circuit * comparator-offset-mc @ tt_125c_3.63v -- generated by sim/harness, do not edit

Circuit: * comparator-offset-mc @ tt_125c_3.63v -- generated by sim/harness, do not edit

Doing analysis at TEMP = 125.000000 and TNOM = 27.000000

Using SPARSE 1.3 as Direct Linear Solver

No. of Data Rows : 6
voa = 7.8841796865e-04
ddc = -1.120499824e-07
dde = 1.0941798591e-07
Reset re-loads circuit * comparator-offset-mc @ tt_125c_3.63v -- generated by sim/harness, do not edit

Circuit: * comparator-offset-mc @ tt_125c_3.63v -- generated by sim/harness, do not edit

Doing analysis at TEMP = 125.000000 and TNOM = 27.000000

Using SPARSE 1.3 as Direct Linear Solver

No. of Data Rows : 6
voa = -3.721096963e-04
ddc = 1.7253028723e-08
dde = -1.519183342e-08
Reset re-loads circuit * comparator-offset-mc @ tt_125c_3.63v -- generated by sim/harness, do not edit

Circuit: * comparator-offset-mc @ tt_125c_3.63v -- generated by sim/harness, do not edit

Doing analysis at TEMP = 125.000000 and TNOM = 27.000000

Using SPARSE 1.3 as Direct Linear Solver

No. of Data Rows : 6
voa = 2.2980381984e-04
ddc = -2.052796837e-08
dde = 1.9895550125e-08
Reset re-loads circuit * comparator-offset-mc @ tt_125c_3.63v -- generated by sim/harness, do not edit

Circuit: * comparator-offset-mc @ tt_125c_3.63v -- generated by sim/harness, do not edit

Doing analysis at TEMP = 125.000000 and TNOM = 27.000000

Using SPARSE 1.3 as Direct Linear Solver

No. of Data Rows : 6
voa = -1.722948611e-03
ddc = 2.5191487663e-07
dde = -2.571687152e-07
Reset re-loads circuit * comparator-offset-mc @ tt_125c_3.63v -- generated by sim/harness, do not edit

Circuit: * comparator-offset-mc @ tt_125c_3.63v -- generated by sim/harness, do not edit

Doing analysis at TEMP = 125.000000 and TNOM = 27.000000

Using SPARSE 1.3 as Direct Linear Solver

No. of Data Rows : 6
voa = -5.950927680e-04
ddc = 7.0185949518e-08
dde = -6.896048984e-08
Reset re-loads circuit * comparator-offset-mc @ tt_125c_3.63v -- generated by sim/harness, do not edit

Circuit: * comparator-offset-mc @ tt_125c_3.63v -- generated by sim/harness, do not edit

Doing analysis at TEMP = 125.000000 and TNOM = 27.000000

Using SPARSE 1.3 as Direct Linear Solver

No. of Data Rows : 6
voa = 9.6229580977e-04
ddc = -1.574799090e-07
dde = 1.5478085777e-07
Reset re-loads circuit * comparator-offset-mc @ tt_125c_3.63v -- generated by sim/harness, do not edit

Circuit: * comparator-offset-mc @ tt_125c_3.63v -- generated by sim/harness, do not edit

Doing analysis at TEMP = 125.000000 and TNOM = 27.000000

Using SPARSE 1.3 as Direct Linear Solver
 Reference value :  2.00000e-03
No. of Data Rows : 6
voa = 1.4056816749e-03
ddc = -1.937938787e-07
dde = 1.9296774944e-07
Reset re-loads circuit * comparator-offset-mc @ tt_125c_3.63v -- generated by sim/harness, do not edit

Circuit: * comparator-offset-mc @ tt_125c_3.63v -- generated by sim/harness, do not edit

Doing analysis at TEMP = 125.000000 and TNOM = 27.000000

Using SPARSE 1.3 as Direct Linear Solver

No. of Data Rows : 6
voa = -1.366875393e-04
ddc = 2.6125950574e-08
dde = -2.561477070e-08
Reset re-loads circuit * comparator-offset-mc @ tt_125c_3.63v -- generated by sim/harness, do not edit

Circuit: * comparator-offset-mc @ tt_125c_3.63v -- generated by sim/harness, do not edit

Doing analysis at TEMP = 125.000000 and TNOM = 27.000000

Using SPARSE 1.3 as Direct Linear Solver

No. of Data Rows : 6
voa = -2.217423771e-04
ddc = 3.4101755422e-08
dde = -2.925622894e-08
Reset re-loads circuit * comparator-offset-mc @ tt_125c_3.63v -- generated by sim/harness, do not edit

Circuit: * comparator-offset-mc @ tt_125c_3.63v -- generated by sim/harness, do not edit

Doing analysis at TEMP = 125.000000 and TNOM = 27.000000

Using SPARSE 1.3 as Direct Linear Solver

No. of Data Rows : 6
voa = 4.5339167856e-04
ddc = -7.213233820e-08
dde = 6.6678600697e-08
Reset re-loads circuit * comparator-offset-mc @ tt_125c_3.63v -- generated by sim/harness, do not edit

Circuit: * comparator-offset-mc @ tt_125c_3.63v -- generated by sim/harness, do not edit

Doing analysis at TEMP = 125.000000 and TNOM = 27.000000

Using SPARSE 1.3 as Direct Linear Solver

No. of Data Rows : 6
voa = 7.7160650338e-04
ddc = -1.098825197e-07
dde = 1.0777901915e-07
Reset re-loads circuit * comparator-offset-mc @ tt_125c_3.63v -- generated by sim/harness, do not edit

Circuit: * comparator-offset-mc @ tt_125c_3.63v -- generated by sim/harness, do not edit

Doing analysis at TEMP = 125.000000 and TNOM = 27.000000

Using SPARSE 1.3 as Direct Linear Solver

No. of Data Rows : 6
voa = -7.029736349e-04
ddc = 1.2557354266e-07
dde = -1.105500179e-07
Reset re-loads circuit * comparator-offset-mc @ tt_125c_3.63v -- generated by sim/harness, do not edit

Circuit: * comparator-offset-mc @ tt_125c_3.63v -- generated by sim/harness, do not edit

Doing analysis at TEMP = 125.000000 and TNOM = 27.000000

Using SPARSE 1.3 as Direct Linear Solver
 Reference value :  2.00000e-03
No. of Data Rows : 6
voa = -7.493641408e-05
ddc = -1.140431347e-08
dde = 1.1601638299e-08
Reset re-loads circuit * comparator-offset-mc @ tt_125c_3.63v -- generated by sim/harness, do not edit

Circuit: * comparator-offset-mc @ tt_125c_3.63v -- generated by sim/harness, do not edit

Doing analysis at TEMP = 125.000000 and TNOM = 27.000000

Using SPARSE 1.3 as Direct Linear Solver

No. of Data Rows : 6
voa = -4.154385715e-05
ddc = 1.9478082520e-08
dde = -1.922709614e-08
Reset re-loads circuit * comparator-offset-mc @ tt_125c_3.63v -- generated by sim/harness, do not edit

Circuit: * comparator-offset-mc @ tt_125c_3.63v -- generated by sim/harness, do not edit

Doing analysis at TEMP = 125.000000 and TNOM = 27.000000

Using SPARSE 1.3 as Direct Linear Solver

No. of Data Rows : 6
voa = -3.397357100e-04
ddc = 7.1590575346e-08
dde = -7.038888607e-08
Reset re-loads circuit * comparator-offset-mc @ tt_125c_3.63v -- generated by sim/harness, do not edit

Circuit: * comparator-offset-mc @ tt_125c_3.63v -- generated by sim/harness, do not edit

Doing analysis at TEMP = 125.000000 and TNOM = 27.000000

Using SPARSE 1.3 as Direct Linear Solver

No. of Data Rows : 6
voa = -2.291284286e-04
ddc = 3.5141099779e-08
dde = -3.423480451e-08
Reset re-loads circuit * comparator-offset-mc @ tt_125c_3.63v -- generated by sim/harness, do not edit

Circuit: * comparator-offset-mc @ tt_125c_3.63v -- generated by sim/harness, do not edit

Doing analysis at TEMP = 125.000000 and TNOM = 27.000000

Using SPARSE 1.3 as Direct Linear Solver

No. of Data Rows : 6
voa = -1.622497594e-03
ddc = 2.2871549840e-07
dde = -2.290770891e-07
Reset re-loads circuit * comparator-offset-mc @ tt_125c_3.63v -- generated by sim/harness, do not edit

Circuit: * comparator-offset-mc @ tt_125c_3.63v -- generated by sim/harness, do not edit

Doing analysis at TEMP = 125.000000 and TNOM = 27.000000

Using SPARSE 1.3 as Direct Linear Solver

No. of Data Rows : 6
voa = 1.0457191002e-03
ddc = -1.221422448e-07
dde = 1.1981914824e-07
Reset re-loads circuit * comparator-offset-mc @ tt_125c_3.63v -- generated by sim/harness, do not edit

Circuit: * comparator-offset-mc @ tt_125c_3.63v -- generated by sim/harness, do not edit

Doing analysis at TEMP = 125.000000 and TNOM = 27.000000

Using SPARSE 1.3 as Direct Linear Solver
 Reference value :  0.00000e+00
No. of Data Rows : 6
voa = 1.2904005092e-03
ddc = -1.730929910e-07
dde = 1.7012125744e-07
Reset re-loads circuit * comparator-offset-mc @ tt_125c_3.63v -- generated by sim/harness, do not edit

Circuit: * comparator-offset-mc @ tt_125c_3.63v -- generated by sim/harness, do not edit

Doing analysis at TEMP = 125.000000 and TNOM = 27.000000

Using SPARSE 1.3 as Direct Linear Solver

No. of Data Rows : 6
voa = 2.0753284527e-04
ddc = -4.127701310e-08
dde = 3.9701032857e-08
Reset re-loads circuit * comparator-offset-mc @ tt_125c_3.63v -- generated by sim/harness, do not edit

Circuit: * comparator-offset-mc @ tt_125c_3.63v -- generated by sim/harness, do not edit

Doing analysis at TEMP = 125.000000 and TNOM = 27.000000

Using SPARSE 1.3 as Direct Linear Solver

No. of Data Rows : 6
voa = -4.654313676e-04
ddc = 8.4675136091e-08
dde = -8.261718799e-08
Reset re-loads circuit * comparator-offset-mc @ tt_125c_3.63v -- generated by sim/harness, do not edit

Circuit: * comparator-offset-mc @ tt_125c_3.63v -- generated by sim/harness, do not edit

Doing analysis at TEMP = 125.000000 and TNOM = 27.000000

Using SPARSE 1.3 as Direct Linear Solver

No. of Data Rows : 6
voa = 1.1246560413e-03
ddc = -1.755274097e-07
dde = 1.7258118699e-07
Reset re-loads circuit * comparator-offset-mc @ tt_125c_3.63v -- generated by sim/harness, do not edit

Circuit: * comparator-offset-mc @ tt_125c_3.63v -- generated by sim/harness, do not edit

Doing analysis at TEMP = 125.000000 and TNOM = 27.000000

Using SPARSE 1.3 as Direct Linear Solver

No. of Data Rows : 6
voa = 4.0585152894e-04
ddc = -7.180421043e-08
dde = 7.0480814119e-08
Reset re-loads circuit * comparator-offset-mc @ tt_125c_3.63v -- generated by sim/harness, do not edit

Circuit: * comparator-offset-mc @ tt_125c_3.63v -- generated by sim/harness, do not edit

Doing analysis at TEMP = 125.000000 and TNOM = 27.000000

Using SPARSE 1.3 as Direct Linear Solver

No. of Data Rows : 6
voa = 2.5053100211e-04
ddc = -2.944456845e-08
dde = 2.8865484967e-08
Reset re-loads circuit * comparator-offset-mc @ tt_125c_3.63v -- generated by sim/harness, do not edit

Circuit: * comparator-offset-mc @ tt_125c_3.63v -- generated by sim/harness, do not edit

Doing analysis at TEMP = 125.000000 and TNOM = 27.000000

Using SPARSE 1.3 as Direct Linear Solver
 Reference value :  0.00000e+00
No. of Data Rows : 6
voa = -6.739805509e-04
ddc = 9.2331088632e-08
dde = -8.784262965e-08
Reset re-loads circuit * comparator-offset-mc @ tt_125c_3.63v -- generated by sim/harness, do not edit

Circuit: * comparator-offset-mc @ tt_125c_3.63v -- generated by sim/harness, do not edit

Doing analysis at TEMP = 125.000000 and TNOM = 27.000000

Using SPARSE 1.3 as Direct Linear Solver

No. of Data Rows : 6
voa = -1.881265445e-03
ddc = 2.7511212862e-07
dde = -2.836316458e-07
Reset re-loads circuit * comparator-offset-mc @ tt_125c_3.63v -- generated by sim/harness, do not edit

Circuit: * comparator-offset-mc @ tt_125c_3.63v -- generated by sim/harness, do not edit

Doing analysis at TEMP = 125.000000 and TNOM = 27.000000

Using SPARSE 1.3 as Direct Linear Solver

No. of Data Rows : 6
voa = -2.154273027e-04
ddc = 3.0407608758e-08
dde = -2.942149654e-08
Reset re-loads circuit * comparator-offset-mc @ tt_125c_3.63v -- generated by sim/harness, do not edit

Circuit: * comparator-offset-mc @ tt_125c_3.63v -- generated by sim/harness, do not edit

Doing analysis at TEMP = 125.000000 and TNOM = 27.000000

Using SPARSE 1.3 as Direct Linear Solver

No. of Data Rows : 6
voa = 5.7930989261e-05
ddc = 2.8682975344e-08
dde = -2.845539416e-08
Reset re-loads circuit * comparator-offset-mc @ tt_125c_3.63v -- generated by sim/harness, do not edit

Circuit: * comparator-offset-mc @ tt_125c_3.63v -- generated by sim/harness, do not edit

Doing analysis at TEMP = 125.000000 and TNOM = 27.000000

Using SPARSE 1.3 as Direct Linear Solver

No. of Data Rows : 6
voa = -8.618380148e-04
ddc = 1.4072714858e-07
dde = -1.323297793e-07
Reset re-loads circuit * comparator-offset-mc @ tt_125c_3.63v -- generated by sim/harness, do not edit

Circuit: * comparator-offset-mc @ tt_125c_3.63v -- generated by sim/harness, do not edit

Doing analysis at TEMP = 125.000000 and TNOM = 27.000000

Using SPARSE 1.3 as Direct Linear Solver

No. of Data Rows : 6
voa = -8.435297230e-04
ddc = 1.3723982994e-07
dde = -1.354565358e-07
Reset re-loads circuit * comparator-offset-mc @ tt_125c_3.63v -- generated by sim/harness, do not edit

Circuit: * comparator-offset-mc @ tt_125c_3.63v -- generated by sim/harness, do not edit

Doing analysis at TEMP = 125.000000 and TNOM = 27.000000

Using SPARSE 1.3 as Direct Linear Solver

No. of Data Rows : 6
voa = 1.3109477176e-03
ddc = -1.943907081e-07
dde = 1.9133336382e-07
Reset re-loads circuit * comparator-offset-mc @ tt_125c_3.63v -- generated by sim/harness, do not edit

Circuit: * comparator-offset-mc @ tt_125c_3.63v -- generated by sim/harness, do not edit

Doing analysis at TEMP = 125.000000 and TNOM = 27.000000

Using SPARSE 1.3 as Direct Linear Solver
 Reference value :  2.00000e-03
No. of Data Rows : 6
voa = -8.089997692e-04
ddc = 1.2820979115e-07
dde = -1.212775060e-07
Reset re-loads circuit * comparator-offset-mc @ tt_125c_3.63v -- generated by sim/harness, do not edit

Circuit: * comparator-offset-mc @ tt_125c_3.63v -- generated by sim/harness, do not edit

Doing analysis at TEMP = 125.000000 and TNOM = 27.000000

Using SPARSE 1.3 as Direct Linear Solver

No. of Data Rows : 6
voa = 5.1585536262e-04
ddc = -4.674264270e-08
dde = 4.5849204272e-08
Reset re-loads circuit * comparator-offset-mc @ tt_125c_3.63v -- generated by sim/harness, do not edit

Circuit: * comparator-offset-mc @ tt_125c_3.63v -- generated by sim/harness, do not edit

Doing analysis at TEMP = 125.000000 and TNOM = 27.000000

Using SPARSE 1.3 as Direct Linear Solver

No. of Data Rows : 6
voa = -4.542639914e-04
ddc = 7.0405899515e-08
dde = -6.825476733e-08
Reset re-loads circuit * comparator-offset-mc @ tt_125c_3.63v -- generated by sim/harness, do not edit

Circuit: * comparator-offset-mc @ tt_125c_3.63v -- generated by sim/harness, do not edit

Doing analysis at TEMP = 125.000000 and TNOM = 27.000000

Using SPARSE 1.3 as Direct Linear Solver

No. of Data Rows : 6
voa = -2.035607262e-03
ddc = 3.2449620688e-07
dde = -3.101734600e-07
Reset re-loads circuit * comparator-offset-mc @ tt_125c_3.63v -- generated by sim/harness, do not edit

Circuit: * comparator-offset-mc @ tt_125c_3.63v -- generated by sim/harness, do not edit

Doing analysis at TEMP = 125.000000 and TNOM = 27.000000

Using SPARSE 1.3 as Direct Linear Solver

No. of Data Rows : 6
voa = -8.599955717e-04
ddc = 1.4128259828e-07
dde = -1.391854480e-07
Reset re-loads circuit * comparator-offset-mc @ tt_125c_3.63v -- generated by sim/harness, do not edit

Circuit: * comparator-offset-mc @ tt_125c_3.63v -- generated by sim/harness, do not edit

Doing analysis at TEMP = 125.000000 and TNOM = 27.000000

Using SPARSE 1.3 as Direct Linear Solver

No. of Data Rows : 6
voa = 8.5517383631e-04
ddc = -1.207347691e-07
dde = 1.1851486962e-07
Reset re-loads circuit * comparator-offset-mc @ tt_125c_3.63v -- generated by sim/harness, do not edit

Circuit: * comparator-offset-mc @ tt_125c_3.63v -- generated by sim/harness, do not edit

Doing analysis at TEMP = 125.000000 and TNOM = 27.000000

Using SPARSE 1.3 as Direct Linear Solver
 Reference value :  0.00000e+00
No. of Data Rows : 6
voa = -7.482798424e-04
ddc = 7.9497562098e-08
dde = -7.772593930e-08
Reset re-loads circuit * comparator-offset-mc @ tt_125c_3.63v -- generated by sim/harness, do not edit

Circuit: * comparator-offset-mc @ tt_125c_3.63v -- generated by sim/harness, do not edit

Doing analysis at TEMP = 125.000000 and TNOM = 27.000000

Using SPARSE 1.3 as Direct Linear Solver

No. of Data Rows : 6
voa = -4.595118605e-04
ddc = 1.0064964374e-07
dde = -9.926114137e-08
Reset re-loads circuit * comparator-offset-mc @ tt_125c_3.63v -- generated by sim/harness, do not edit

Circuit: * comparator-offset-mc @ tt_125c_3.63v -- generated by sim/harness, do not edit

Doing analysis at TEMP = 125.000000 and TNOM = 27.000000

Using SPARSE 1.3 as Direct Linear Solver

No. of Data Rows : 6
voa = -1.874051841e-04
ddc = 3.5733590815e-08
dde = -3.413687458e-08
Reset re-loads circuit * comparator-offset-mc @ tt_125c_3.63v -- generated by sim/harness, do not edit

Circuit: * comparator-offset-mc @ tt_125c_3.63v -- generated by sim/harness, do not edit

Doing analysis at TEMP = 125.000000 and TNOM = 27.000000

Using SPARSE 1.3 as Direct Linear Solver

No. of Data Rows : 6
voa = 5.0670805060e-04
ddc = -8.095545143e-08
dde = 7.5937962095e-08
Reset re-loads circuit * comparator-offset-mc @ tt_125c_3.63v -- generated by sim/harness, do not edit

Circuit: * comparator-offset-mc @ tt_125c_3.63v -- generated by sim/harness, do not edit

Doing analysis at TEMP = 125.000000 and TNOM = 27.000000

Using SPARSE 1.3 as Direct Linear Solver

No. of Data Rows : 6
voa = 5.4742738806e-04
ddc = -8.881058540e-08
dde = 8.6835954343e-08
Reset re-loads circuit * comparator-offset-mc @ tt_125c_3.63v -- generated by sim/harness, do not edit

Circuit: * comparator-offset-mc @ tt_125c_3.63v -- generated by sim/harness, do not edit

Doing analysis at TEMP = 125.000000 and TNOM = 27.000000

Using SPARSE 1.3 as Direct Linear Solver

No. of Data Rows : 6
voa = 7.3713136615e-04
ddc = -1.095918268e-07
dde = 1.0737309226e-07
Reset re-loads circuit * comparator-offset-mc @ tt_125c_3.63v -- generated by sim/harness, do not edit

Circuit: * comparator-offset-mc @ tt_125c_3.63v -- generated by sim/harness, do not edit

Doing analysis at TEMP = 125.000000 and TNOM = 27.000000

Using SPARSE 1.3 as Direct Linear Solver
 Reference value :  0.00000e+00
No. of Data Rows : 6
voa = -1.380132700e-03
ddc = 2.0423523489e-07
dde = -2.036000058e-07
Reset re-loads circuit * comparator-offset-mc @ tt_125c_3.63v -- generated by sim/harness, do not edit

Circuit: * comparator-offset-mc @ tt_125c_3.63v -- generated by sim/harness, do not edit

Doing analysis at TEMP = 125.000000 and TNOM = 27.000000

Using SPARSE 1.3 as Direct Linear Solver

No. of Data Rows : 6
voa = -1.251684636e-03
ddc = 2.2418305760e-07
dde = -1.888156302e-07
Reset re-loads circuit * comparator-offset-mc @ tt_125c_3.63v -- generated by sim/harness, do not edit

Circuit: * comparator-offset-mc @ tt_125c_3.63v -- generated by sim/harness, do not edit

Doing analysis at TEMP = 125.000000 and TNOM = 27.000000

Using SPARSE 1.3 as Direct Linear Solver

No. of Data Rows : 6
voa = 1.1504447870e-04
ddc = -6.607302641e-09
dde = 6.0129946240e-09
Reset re-loads circuit * comparator-offset-mc @ tt_125c_3.63v -- generated by sim/harness, do not edit

Circuit: * comparator-offset-mc @ tt_125c_3.63v -- generated by sim/harness, do not edit

Doing analysis at TEMP = 125.000000 and TNOM = 27.000000

Using SPARSE 1.3 as Direct Linear Solver

No. of Data Rows : 6
voa = 7.3749689016e-04
ddc = -1.315833477e-07
dde = 1.2930476921e-07
Reset re-loads circuit * comparator-offset-mc @ tt_125c_3.63v -- generated by sim/harness, do not edit

Circuit: * comparator-offset-mc @ tt_125c_3.63v -- generated by sim/harness, do not edit

Doing analysis at TEMP = 125.000000 and TNOM = 27.000000

Using SPARSE 1.3 as Direct Linear Solver

No. of Data Rows : 6
voa = -5.086937716e-04
ddc = 7.9781416146e-08
dde = -7.831796434e-08
Reset re-loads circuit * comparator-offset-mc @ tt_125c_3.63v -- generated by sim/harness, do not edit

Circuit: * comparator-offset-mc @ tt_125c_3.63v -- generated by sim/harness, do not edit

Doing analysis at TEMP = 125.000000 and TNOM = 27.000000

Using SPARSE 1.3 as Direct Linear Solver

No. of Data Rows : 6
voa = 7.5766313669e-04
ddc = -9.564388231e-08
dde = 9.3628245524e-08
Reset re-loads circuit * comparator-offset-mc @ tt_125c_3.63v -- generated by sim/harness, do not edit

Circuit: * comparator-offset-mc @ tt_125c_3.63v -- generated by sim/harness, do not edit

Doing analysis at TEMP = 125.000000 and TNOM = 27.000000

Using SPARSE 1.3 as Direct Linear Solver

No. of Data Rows : 6
voa = 1.3567838427e-03
ddc = -1.987414063e-07
dde = 1.9547443412e-07
Reset re-loads circuit * comparator-offset-mc @ tt_125c_3.63v -- generated by sim/harness, do not edit

Circuit: * comparator-offset-mc @ tt_125c_3.63v -- generated by sim/harness, do not edit

Doing analysis at TEMP = 125.000000 and TNOM = 27.000000

Using SPARSE 1.3 as Direct Linear Solver
 Reference value :  0.00000e+00
No. of Data Rows : 6
voa = -1.761583963e-04
ddc = 8.9725513541e-09
dde = -8.700077932e-09
Reset re-loads circuit * comparator-offset-mc @ tt_125c_3.63v -- generated by sim/harness, do not edit

Circuit: * comparator-offset-mc @ tt_125c_3.63v -- generated by sim/harness, do not edit

Doing analysis at TEMP = 125.000000 and TNOM = 27.000000

Using SPARSE 1.3 as Direct Linear Solver

No. of Data Rows : 6
voa = -1.096278057e-03
ddc = 1.5918418260e-07
dde = -1.574531404e-07
Reset re-loads circuit * comparator-offset-mc @ tt_125c_3.63v -- generated by sim/harness, do not edit

Circuit: * comparator-offset-mc @ tt_125c_3.63v -- generated by sim/harness, do not edit

Doing analysis at TEMP = 125.000000 and TNOM = 27.000000

Using SPARSE 1.3 as Direct Linear Solver

No. of Data Rows : 6
voa = -3.768259639e-04
ddc = 5.8065337922e-08
dde = -5.589753443e-08
Reset re-loads circuit * comparator-offset-mc @ tt_125c_3.63v -- generated by sim/harness, do not edit

Circuit: * comparator-offset-mc @ tt_125c_3.63v -- generated by sim/harness, do not edit

Doing analysis at TEMP = 125.000000 and TNOM = 27.000000

Using SPARSE 1.3 as Direct Linear Solver

No. of Data Rows : 6
voa = 2.5388324154e-03
ddc = -4.146063198e-07
dde = 3.9042124553e-07
Reset re-loads circuit * comparator-offset-mc @ tt_125c_3.63v -- generated by sim/harness, do not edit

Circuit: * comparator-offset-mc @ tt_125c_3.63v -- generated by sim/harness, do not edit

Doing analysis at TEMP = 125.000000 and TNOM = 27.000000

Using SPARSE 1.3 as Direct Linear Solver

No. of Data Rows : 6
voa = 1.7030574792e-04
ddc = -6.172812537e-09
dde = 5.4812971169e-09
Reset re-loads circuit * comparator-offset-mc @ tt_125c_3.63v -- generated by sim/harness, do not edit

Circuit: * comparator-offset-mc @ tt_125c_3.63v -- generated by sim/harness, do not edit

Doing analysis at TEMP = 125.000000 and TNOM = 27.000000

Using SPARSE 1.3 as Direct Linear Solver

No. of Data Rows : 6
voa = 6.4353935540e-04
ddc = -1.109336454e-07
dde = 1.0857541573e-07
Reset re-loads circuit * comparator-offset-mc @ tt_125c_3.63v -- generated by sim/harness, do not edit

Circuit: * comparator-offset-mc @ tt_125c_3.63v -- generated by sim/harness, do not edit

Doing analysis at TEMP = 125.000000 and TNOM = 27.000000

Using SPARSE 1.3 as Direct Linear Solver
 Reference value :  0.00000e+00
No. of Data Rows : 6
voa = -1.233915595e-03
ddc = 1.8793221677e-07
dde = -1.853292808e-07
Reset re-loads circuit * comparator-offset-mc @ tt_125c_3.63v -- generated by sim/harness, do not edit

Circuit: * comparator-offset-mc @ tt_125c_3.63v -- generated by sim/harness, do not edit

Doing analysis at TEMP = 125.000000 and TNOM = 27.000000

Using SPARSE 1.3 as Direct Linear Solver

No. of Data Rows : 6
voa = -3.161052549e-04
ddc = 6.6016206596e-08
dde = -6.395142748e-08
Reset re-loads circuit * comparator-offset-mc @ tt_125c_3.63v -- generated by sim/harness, do not edit

Circuit: * comparator-offset-mc @ tt_125c_3.63v -- generated by sim/harness, do not edit

Doing analysis at TEMP = 125.000000 and TNOM = 27.000000

Using SPARSE 1.3 as Direct Linear Solver

No. of Data Rows : 6
voa = -7.820783706e-04
ddc = 1.2065957440e-07
dde = -1.177942476e-07
Reset re-loads circuit * comparator-offset-mc @ tt_125c_3.63v -- generated by sim/harness, do not edit

Circuit: * comparator-offset-mc @ tt_125c_3.63v -- generated by sim/harness, do not edit

Doing analysis at TEMP = 125.000000 and TNOM = 27.000000

Using SPARSE 1.3 as Direct Linear Solver

No. of Data Rows : 6
voa = -1.295742082e-03
ddc = 2.0079832788e-07
dde = -1.884868616e-07
Reset re-loads circuit * comparator-offset-mc @ tt_125c_3.63v -- generated by sim/harness, do not edit

Circuit: * comparator-offset-mc @ tt_125c_3.63v -- generated by sim/harness, do not edit

Doing analysis at TEMP = 125.000000 and TNOM = 27.000000

Using SPARSE 1.3 as Direct Linear Solver

No. of Data Rows : 6
voa = 1.4137368500e-03
ddc = -2.166153455e-07
dde = 2.1332285065e-07
Reset re-loads circuit * comparator-offset-mc @ tt_125c_3.63v -- generated by sim/harness, do not edit

Circuit: * comparator-offset-mc @ tt_125c_3.63v -- generated by sim/harness, do not edit

Doing analysis at TEMP = 125.000000 and TNOM = 27.000000

Using SPARSE 1.3 as Direct Linear Solver

No. of Data Rows : 6
voa = 8.7060469745e-04
ddc = -1.247508657e-07
dde = 1.2225810430e-07
Reset re-loads circuit * comparator-offset-mc @ tt_125c_3.63v -- generated by sim/harness, do not edit

Circuit: * comparator-offset-mc @ tt_125c_3.63v -- generated by sim/harness, do not edit

Doing analysis at TEMP = 125.000000 and TNOM = 27.000000

Using SPARSE 1.3 as Direct Linear Solver
 Reference value :  0.00000e+00
No. of Data Rows : 6
voa = 4.3804825031e-05
ddc = -2.082890670e-08
dde = 2.0581176548e-08
Reset re-loads circuit * comparator-offset-mc @ tt_125c_3.63v -- generated by sim/harness, do not edit

Circuit: * comparator-offset-mc @ tt_125c_3.63v -- generated by sim/harness, do not edit

Doing analysis at TEMP = 125.000000 and TNOM = 27.000000

Using SPARSE 1.3 as Direct Linear Solver

No. of Data Rows : 6
voa = 7.8524423401e-04
ddc = -1.220840761e-07
dde = 1.1972155140e-07
Reset re-loads circuit * comparator-offset-mc @ tt_125c_3.63v -- generated by sim/harness, do not edit

Circuit: * comparator-offset-mc @ tt_125c_3.63v -- generated by sim/harness, do not edit

Doing analysis at TEMP = 125.000000 and TNOM = 27.000000

Using SPARSE 1.3 as Direct Linear Solver

No. of Data Rows : 6
voa = -2.535859112e-06
ddc = -2.538726520e-09
dde = 2.5933008973e-09
Reset re-loads circuit * comparator-offset-mc @ tt_125c_3.63v -- generated by sim/harness, do not edit

Circuit: * comparator-offset-mc @ tt_125c_3.63v -- generated by sim/harness, do not edit

Doing analysis at TEMP = 125.000000 and TNOM = 27.000000

Using SPARSE 1.3 as Direct Linear Solver

No. of Data Rows : 6
voa = 9.0611117663e-04
ddc = -1.263509290e-07
dde = 1.2173373564e-07
Reset re-loads circuit * comparator-offset-mc @ tt_125c_3.63v -- generated by sim/harness, do not edit

Circuit: * comparator-offset-mc @ tt_125c_3.63v -- generated by sim/harness, do not edit

Doing analysis at TEMP = 125.000000 and TNOM = 27.000000

Using SPARSE 1.3 as Direct Linear Solver

No. of Data Rows : 6
voa = 3.8589134286e-04
ddc = -5.234124844e-08
dde = 5.1227277795e-08
Reset re-loads circuit * comparator-offset-mc @ tt_125c_3.63v -- generated by sim/harness, do not edit

Circuit: * comparator-offset-mc @ tt_125c_3.63v -- generated by sim/harness, do not edit

Doing analysis at TEMP = 125.000000 and TNOM = 27.000000

Using SPARSE 1.3 as Direct Linear Solver

No. of Data Rows : 6
voa = 1.7940955117e-03
ddc = -2.522480436e-07
dde = 2.4813266859e-07
Reset re-loads circuit * comparator-offset-mc @ tt_125c_3.63v -- generated by sim/harness, do not edit

Circuit: * comparator-offset-mc @ tt_125c_3.63v -- generated by sim/harness, do not edit

Doing analysis at TEMP = 125.000000 and TNOM = 27.000000

Using SPARSE 1.3 as Direct Linear Solver
 Reference value :  2.00000e-03
No. of Data Rows : 6
voa = -3.822321607e-04
ddc = 9.6994017952e-08
dde = -8.573666393e-08
Reset re-loads circuit * comparator-offset-mc @ tt_125c_3.63v -- generated by sim/harness, do not edit

Circuit: * comparator-offset-mc @ tt_125c_3.63v -- generated by sim/harness, do not edit

Doing analysis at TEMP = 125.000000 and TNOM = 27.000000

Using SPARSE 1.3 as Direct Linear Solver

No. of Data Rows : 6
voa = 3.7591265743e-04
ddc = -4.368973066e-08
dde = 4.2874793593e-08
Reset re-loads circuit * comparator-offset-mc @ tt_125c_3.63v -- generated by sim/harness, do not edit

Circuit: * comparator-offset-mc @ tt_125c_3.63v -- generated by sim/harness, do not edit

Doing analysis at TEMP = 125.000000 and TNOM = 27.000000

Using SPARSE 1.3 as Direct Linear Solver

No. of Data Rows : 6
voa = -5.149223671e-04
ddc = 7.2872531166e-08
dde = -7.093610430e-08
Reset re-loads circuit * comparator-offset-mc @ tt_125c_3.63v -- generated by sim/harness, do not edit

Circuit: * comparator-offset-mc @ tt_125c_3.63v -- generated by sim/harness, do not edit

Doing analysis at TEMP = 125.000000 and TNOM = 27.000000

Using SPARSE 1.3 as Direct Linear Solver

No. of Data Rows : 6
voa = 3.2916969549e-04
ddc = -5.842644176e-08
dde = 5.6977162411e-08
Reset re-loads circuit * comparator-offset-mc @ tt_125c_3.63v -- generated by sim/harness, do not edit

Circuit: * comparator-offset-mc @ tt_125c_3.63v -- generated by sim/harness, do not edit

Doing analysis at TEMP = 125.000000 and TNOM = 27.000000

Using SPARSE 1.3 as Direct Linear Solver

No. of Data Rows : 6
voa = -6.676846581e-05
ddc = 2.4921121035e-08
dde = -2.442214585e-08
Reset re-loads circuit * comparator-offset-mc @ tt_125c_3.63v -- generated by sim/harness, do not edit

Circuit: * comparator-offset-mc @ tt_125c_3.63v -- generated by sim/harness, do not edit

Doing analysis at TEMP = 125.000000 and TNOM = 27.000000

Using SPARSE 1.3 as Direct Linear Solver

No. of Data Rows : 6
voa = -2.157596913e-04
ddc = 2.5923161007e-08
dde = -2.478576221e-08
Reset re-loads circuit * comparator-offset-mc @ tt_125c_3.63v -- generated by sim/harness, do not edit

Circuit: * comparator-offset-mc @ tt_125c_3.63v -- generated by sim/harness, do not edit

Doing analysis at TEMP = 125.000000 and TNOM = 27.000000

Using SPARSE 1.3 as Direct Linear Solver
 Reference value :  0.00000e+00
No. of Data Rows : 6
voa = 1.2494377137e-03
ddc = -1.946402837e-07
dde = 1.9166269727e-07
m_n_samples = 2.0000000000e+02
m_sig_vos_mv = 9.3498754979e-01
m_vos_3sig_mv = 2.8049626494e+00
m_mean_vos_uv = 7.1506560968e+01
m_mean_vos_sem = 1.0815710684e+00
m_sig_dvos_dn_uv = 1.4085515000e-01
m_sig_dvos_up_uv = 1.3644018077e-01
m_mean_dvos_dn_uv = -6.740283384e-03
m_mean_dvos_up_uv = 7.6946136083e-03
m_av_mean = 1.3913534402e+01
m_av_sigma_pct = 4.3122559935e-01
m_sig_rpair_uv = 0.0000000000e+00
m_vbias_anchor_mv = 9.8845758176e+02
Note: Simulation executed from .control section 

Warning: m=xx on .subckt line will override multiplier m hierarchy!

Note: Starting dynamic gmin stepping
Note: Dynamic gmin stepping completed
Note: Starting dynamic gmin stepping
Note: Dynamic gmin stepping completed
Note: Starting dynamic gmin stepping
Note: Dynamic gmin stepping completed
Note: Starting dynamic gmin stepping
Note: Dynamic gmin stepping completed
Note: Starting dynamic gmin stepping
Note: Dynamic gmin stepping completed
Note: Starting dynamic gmin stepping
Note: Dynamic gmin stepping completed
Note: Starting dynamic gmin stepping
Note: Dynamic gmin stepping completed
Note: Starting dynamic gmin stepping
Note: Dynamic gmin stepping completed
Note: Starting dynamic gmin stepping
Note: Dynamic gmin stepping completed
Note: Starting dynamic gmin stepping
Note: Dynamic gmin stepping completed
Note: Starting dynamic gmin stepping
Note: Dynamic gmin stepping completed
Note: Starting dynamic gmin stepping
Note: Dynamic gmin stepping completed
Note: Starting dynamic gmin stepping
Note: Dynamic gmin stepping completed
Note: Starting dynamic gmin stepping
Note: Dynamic gmin stepping completed
Note: Starting dynamic gmin stepping
Note: Dynamic gmin stepping completed
Note: Starting dynamic gmin stepping
Note: Dynamic gmin stepping completed
Note: Starting dynamic gmin stepping
Note: Dynamic gmin stepping completed
Note: Starting dynamic gmin stepping
Note: Dynamic gmin stepping completed
Note: Starting dynamic gmin stepping
Note: Dynamic gmin stepping completed
Note: Starting dynamic gmin stepping
Note: Dynamic gmin stepping completed
Note: Starting dynamic gmin stepping
Note: Dynamic gmin stepping completed
Note: Starting dynamic gmin stepping
Note: Dynamic gmin stepping completed
Note: Starting dynamic gmin stepping
Note: Dynamic gmin stepping completed
Note: Starting dynamic gmin stepping
Note: Dynamic gmin stepping completed
Note: Starting dynamic gmin stepping
Note: Dynamic gmin stepping completed
Note: Starting dynamic gmin stepping
Note: Dynamic gmin stepping completed
Note: Starting dynamic gmin stepping
Note: Dynamic gmin stepping completed
Note: Starting dynamic gmin stepping
Note: Dynamic gmin stepping completed
Note: Starting dynamic gmin stepping
Note: Dynamic gmin stepping completed
Note: Starting dynamic gmin stepping
Note: Dynamic gmin stepping completed
Note: Starting dynamic gmin stepping
Note: Dynamic gmin stepping completed
Note: Starting dynamic gmin stepping
Note: Dynamic gmin stepping completed
Note: Starting dynamic gmin stepping
Note: Dynamic gmin stepping completed
Note: Starting dynamic gmin stepping
Note: Dynamic gmin stepping completed
Note: Starting dynamic gmin stepping
Note: Dynamic gmin stepping completed
Note: Starting dynamic gmin stepping
Note: Dynamic gmin stepping completed
Note: Starting dynamic gmin stepping
Note: Dynamic gmin stepping completed
Note: Starting dynamic gmin stepping
Note: Dynamic gmin stepping completed
Note: Starting dynamic gmin stepping
Note: Dynamic gmin stepping completed
Note: Starting dynamic gmin stepping
Note: Dynamic gmin stepping completed
Note: Starting dynamic gmin stepping
Note: Dynamic gmin stepping completed
Note: Starting dynamic gmin stepping
Note: Dynamic gmin stepping completed
Note: Starting dynamic gmin stepping
Note: Dynamic gmin stepping completed
Note: Starting dynamic gmin stepping
Note: Dynamic gmin stepping completed
Note: Starting dynamic gmin stepping
Note: Dynamic gmin stepping completed
Note: Starting dynamic gmin stepping
Note: Dynamic gmin stepping completed
Note: Starting dynamic gmin stepping
Note: Dynamic gmin stepping completed
Note: Starting dynamic gmin stepping
Note: Dynamic gmin stepping completed
Note: Starting dynamic gmin stepping
Note: Dynamic gmin stepping completed
Note: Starting dynamic gmin stepping
Note: Dynamic gmin stepping completed
Note: Starting dynamic gmin stepping
Note: Dynamic gmin stepping completed
Note: Starting dynamic gmin stepping
Note: Dynamic gmin stepping completed
Note: Starting dynamic gmin stepping
Note: Dynamic gmin stepping completed
Note: Starting dynamic gmin stepping
Note: Dynamic gmin stepping completed
Note: Starting dynamic gmin stepping
Note: Dynamic gmin stepping completed
Note: Starting dynamic gmin stepping
Note: Dynamic gmin stepping completed
Note: Starting dynamic gmin stepping
Note: Dynamic gmin stepping completed
Note: Starting dynamic gmin stepping
Note: Dynamic gmin stepping completed
Note: Starting dynamic gmin stepping
Note: Dynamic gmin stepping completed
Note: Starting dynamic gmin stepping
Note: Dynamic gmin stepping completed
Note: Starting dynamic gmin stepping
Note: Dynamic gmin stepping completed
Note: Starting dynamic gmin stepping
Note: Dynamic gmin stepping completed
Note: Starting dynamic gmin stepping
Note: Dynamic gmin stepping completed
Note: Starting dynamic gmin stepping
Note: Dynamic gmin stepping completed
Note: Starting dynamic gmin stepping
Note: Dynamic gmin stepping completed
Note: Starting dynamic gmin stepping
Note: Dynamic gmin stepping completed
Note: Starting dynamic gmin stepping
Note: Dynamic gmin stepping completed
Note: Starting dynamic gmin stepping
Note: Dynamic gmin stepping completed
Note: Starting dynamic gmin stepping
Note: Dynamic gmin stepping completed
Note: Starting dynamic gmin stepping
Note: Dynamic gmin stepping completed
Note: Starting dynamic gmin stepping
Note: Dynamic gmin stepping completed
Note: Starting dynamic gmin stepping
Note: Dynamic gmin stepping completed
Note: Starting dynamic gmin stepping
Note: Dynamic gmin stepping completed
Note: Starting dynamic gmin stepping
Note: Dynamic gmin stepping completed
Note: Starting dynamic gmin stepping
Note: Dynamic gmin stepping completed
Note: Starting dynamic gmin stepping
Note: Dynamic gmin stepping completed
Note: Starting dynamic gmin stepping
Note: Dynamic gmin stepping completed
Note: Starting dynamic gmin stepping
Note: Dynamic gmin stepping completed
Note: Starting dynamic gmin stepping
Note: Dynamic gmin stepping completed
Note: Starting dynamic gmin stepping
Note: Dynamic gmin stepping completed
Note: Starting dynamic gmin stepping
Note: Dynamic gmin stepping completed
Note: Starting dynamic gmin stepping
Note: Dynamic gmin stepping completed
Note: Starting dynamic gmin stepping
Note: Dynamic gmin stepping completed
Note: Starting dynamic gmin stepping
Note: Dynamic gmin stepping completed
Note: Starting dynamic gmin stepping
Note: Dynamic gmin stepping completed
Note: Starting dynamic gmin stepping
Note: Dynamic gmin stepping completed
Note: Starting dynamic gmin stepping
Note: Dynamic gmin stepping completed
Note: Starting dynamic gmin stepping
Note: Dynamic gmin stepping completed
Note: Starting dynamic gmin stepping
Note: Dynamic gmin stepping completed
Note: Starting dynamic gmin stepping
Note: Dynamic gmin stepping completed
Note: Starting dynamic gmin stepping
Note: Dynamic gmin stepping completed
Note: Starting dynamic gmin stepping
Note: Dynamic gmin stepping completed
Note: Starting dynamic gmin stepping
Note: Dynamic gmin stepping completed
Note: Starting dynamic gmin stepping
Note: Dynamic gmin stepping completed
Note: Starting dynamic gmin stepping
Note: Dynamic gmin stepping completed
Note: Starting dynamic gmin stepping
Note: Dynamic gmin stepping completed
Note: Starting dynamic gmin stepping
Note: Dynamic gmin stepping completed
Note: Starting dynamic gmin stepping
Note: Dynamic gmin stepping completed
Note: Starting dynamic gmin stepping
Note: Dynamic gmin stepping completed
Note: Starting dynamic gmin stepping
Note: Dynamic gmin stepping completed
Note: Starting dynamic gmin stepping
Note: Dynamic gmin stepping completed
Note: Starting dynamic gmin stepping
Note: Dynamic gmin stepping completed
Note: Starting dynamic gmin stepping
Note: Dynamic gmin stepping completed
Note: Starting dynamic gmin stepping
Note: Dynamic gmin stepping completed
Note: Starting dynamic gmin stepping
Note: Dynamic gmin stepping completed
Note: Starting dynamic gmin stepping
Note: Dynamic gmin stepping completed
Note: Starting dynamic gmin stepping
Note: Dynamic gmin stepping completed
Note: Starting dynamic gmin stepping
Note: Dynamic gmin stepping completed
Note: Starting dynamic gmin stepping
Note: Dynamic gmin stepping completed
Note: Starting dynamic gmin stepping
Note: Dynamic gmin stepping completed
Note: Starting dynamic gmin stepping
Note: Dynamic gmin stepping completed
Note: Starting dynamic gmin stepping
Note: Dynamic gmin stepping completed
Note: Starting dynamic gmin stepping
Note: Dynamic gmin stepping completed
Note: Starting dynamic gmin stepping
Note: Dynamic gmin stepping completed
Note: Starting dynamic gmin stepping
Note: Dynamic gmin stepping completed
Note: Starting dynamic gmin stepping
Note: Dynamic gmin stepping completed
Note: Starting dynamic gmin stepping
Note: Dynamic gmin stepping completed
Note: Starting dynamic gmin stepping
Note: Dynamic gmin stepping completed
Note: Starting dynamic gmin stepping
Note: Dynamic gmin stepping completed
Note: Starting dynamic gmin stepping
Note: Dynamic gmin stepping completed
Note: Starting dynamic gmin stepping
Note: Dynamic gmin stepping completed
Note: Starting dynamic gmin stepping
Note: Dynamic gmin stepping completed
Note: Starting dynamic gmin stepping
Note: Dynamic gmin stepping completed
Note: Starting dynamic gmin stepping
Note: Dynamic gmin stepping completed
Note: Starting dynamic gmin stepping
Note: Dynamic gmin stepping completed
Note: Starting dynamic gmin stepping
Note: Dynamic gmin stepping completed
Note: Starting dynamic gmin stepping
Note: Dynamic gmin stepping completed
Note: Starting dynamic gmin stepping
Note: Dynamic gmin stepping completed
Note: Starting dynamic gmin stepping
Note: Dynamic gmin stepping completed
Note: Starting dynamic gmin stepping
Note: Dynamic gmin stepping completed
Note: Starting dynamic gmin stepping
Note: Dynamic gmin stepping completed
Note: Starting dynamic gmin stepping
Note: Dynamic gmin stepping completed
Note: Starting dynamic gmin stepping
Note: Dynamic gmin stepping completed
Note: Starting dynamic gmin stepping
Note: Dynamic gmin stepping completed
Note: Starting dynamic gmin stepping
Note: Dynamic gmin stepping completed
Note: Starting dynamic gmin stepping
Note: Dynamic gmin stepping completed
Note: Starting dynamic gmin stepping
Note: Dynamic gmin stepping completed
Note: Starting dynamic gmin stepping
Note: Dynamic gmin stepping completed
Note: Starting dynamic gmin stepping
Note: Dynamic gmin stepping completed
Note: Starting dynamic gmin stepping
Note: Dynamic gmin stepping completed
Note: Starting dynamic gmin stepping
Note: Dynamic gmin stepping completed
Note: Starting dynamic gmin stepping
Note: Dynamic gmin stepping completed
Note: Starting dynamic gmin stepping
Note: Dynamic gmin stepping completed
Note: Starting dynamic gmin stepping
Note: Dynamic gmin stepping completed
Note: Starting dynamic gmin stepping
Note: Dynamic gmin stepping completed
Note: Starting dynamic gmin stepping
Note: Dynamic gmin stepping completed
Note: Starting dynamic gmin stepping
Note: Dynamic gmin stepping completed
Note: Starting dynamic gmin stepping
Note: Dynamic gmin stepping completed
Note: Starting dynamic gmin stepping
Note: Dynamic gmin stepping completed
Note: Starting dynamic gmin stepping
Note: Dynamic gmin stepping completed
Note: Starting dynamic gmin stepping
Note: Dynamic gmin stepping completed
Note: Starting dynamic gmin stepping
Note: Dynamic gmin stepping completed
Note: Starting dynamic gmin stepping
Note: Dynamic gmin stepping completed
Note: Starting dynamic gmin stepping
Note: Dynamic gmin stepping completed
Note: Starting dynamic gmin stepping
Note: Dynamic gmin stepping completed
Note: Starting dynamic gmin stepping
Note: Dynamic gmin stepping completed
Note: Starting dynamic gmin stepping
Note: Dynamic gmin stepping completed
Note: Starting dynamic gmin stepping
Note: Dynamic gmin stepping completed
Note: Starting dynamic gmin stepping
Note: Dynamic gmin stepping completed
Note: Starting dynamic gmin stepping
Note: Dynamic gmin stepping completed
Note: Starting dynamic gmin stepping
Note: Dynamic gmin stepping completed
Note: Starting dynamic gmin stepping
Note: Dynamic gmin stepping completed
Note: Starting dynamic gmin stepping
Note: Dynamic gmin stepping completed
Note: Starting dynamic gmin stepping
Note: Dynamic gmin stepping completed
Note: Starting dynamic gmin stepping
Note: Dynamic gmin stepping completed
Note: Starting dynamic gmin stepping
Note: Dynamic gmin stepping completed
Note: Starting dynamic gmin stepping
Note: Dynamic gmin stepping completed
Note: Starting dynamic gmin stepping
Note: Dynamic gmin stepping completed
Note: Starting dynamic gmin stepping
Note: Dynamic gmin stepping completed
Note: Starting dynamic gmin stepping
Note: Dynamic gmin stepping completed
Note: Starting dynamic gmin stepping
Note: Dynamic gmin stepping completed
Note: Starting dynamic gmin stepping
Note: Dynamic gmin stepping completed
Note: Starting dynamic gmin stepping
Note: Dynamic gmin stepping completed
Note: Starting dynamic gmin stepping
Note: Dynamic gmin stepping completed
Note: Starting dynamic gmin stepping
Note: Dynamic gmin stepping completed
Note: Starting dynamic gmin stepping
Note: Dynamic gmin stepping completed
Note: Starting dynamic gmin stepping
Note: Dynamic gmin stepping completed
Note: Starting dynamic gmin stepping
Note: Dynamic gmin stepping completed
Note: Starting dynamic gmin stepping
Note: Dynamic gmin stepping completed
Note: Starting dynamic gmin stepping
Note: Dynamic gmin stepping completed
Note: Starting dynamic gmin stepping
Note: Dynamic gmin stepping completed
Note: Starting dynamic gmin stepping
Note: Dynamic gmin stepping completed
Note: Starting dynamic gmin stepping
Note: Dynamic gmin stepping completed
Note: Starting dynamic gmin stepping
Note: Dynamic gmin stepping completed
Note: Starting dynamic gmin stepping
Note: Dynamic gmin stepping completed
Note: Starting dynamic gmin stepping
Note: Dynamic gmin stepping completed
Note: Starting dynamic gmin stepping
Note: Dynamic gmin stepping completed
Note: Starting dynamic gmin stepping
Note: Dynamic gmin stepping completed
Note: Starting dynamic gmin stepping
Note: Dynamic gmin stepping completed
Note: Starting dynamic gmin stepping
Note: Dynamic gmin stepping completed
Note: Starting dynamic gmin stepping
Note: Dynamic gmin stepping completed
Note: Starting dynamic gmin stepping
Note: Dynamic gmin stepping completed
Note: Starting dynamic gmin stepping
Note: Dynamic gmin stepping completed
Note: Starting dynamic gmin stepping
Note: Dynamic gmin stepping completed
Note: Starting dynamic gmin stepping
Note: Dynamic gmin stepping completed
Note: Starting dynamic gmin stepping
Note: Dynamic gmin stepping completed
Note: Starting dynamic gmin stepping
Note: Dynamic gmin stepping completed
Note: Starting dynamic gmin stepping
Note: Dynamic gmin stepping completed
Note: Starting dynamic gmin stepping
Note: Dynamic gmin stepping completed
Note: Starting dynamic gmin stepping
Note: Dynamic gmin stepping completed
Note: Starting dynamic gmin stepping
Note: Dynamic gmin stepping completed
Note: Starting dynamic gmin stepping
Note: Dynamic gmin stepping completed
Note: Starting dynamic gmin stepping
Note: Dynamic gmin stepping completed
Note: Starting dynamic gmin stepping
Note: Dynamic gmin stepping completed
Note: Starting dynamic gmin stepping
Note: Dynamic gmin stepping completed
Note: Starting dynamic gmin stepping
Note: Dynamic gmin stepping completed
Note: Starting dynamic gmin stepping
Note: Dynamic gmin stepping completed
Note: Starting dynamic gmin stepping
Note: Dynamic gmin stepping completed
Note: Starting dynamic gmin stepping
Note: Dynamic gmin stepping completed
Note: Starting dynamic gmin stepping
Note: Dynamic gmin stepping completed
Note: Starting dynamic gmin stepping
Note: Dynamic gmin stepping completed
Note: Starting dynamic gmin stepping
Note: Dynamic gmin stepping completed
Note: Starting dynamic gmin stepping
Note: Dynamic gmin stepping completed
Note: Starting dynamic gmin stepping
Note: Dynamic gmin stepping completed
Note: Starting dynamic gmin stepping
Note: Dynamic gmin stepping completed
Note: Starting dynamic gmin stepping
Note: Dynamic gmin stepping completed
Note: Starting dynamic gmin stepping
Note: Dynamic gmin stepping completed
Note: Starting dynamic gmin stepping
Note: Dynamic gmin stepping completed
Note: Starting dynamic gmin stepping
Note: Dynamic gmin stepping completed
Note: Starting dynamic gmin stepping
Note: Dynamic gmin stepping completed
Note: Starting dynamic gmin stepping
Note: Dynamic gmin stepping completed
Note: Starting dynamic gmin stepping
Note: Dynamic gmin stepping completed
Note: Starting dynamic gmin stepping
Note: Dynamic gmin stepping completed
Note: Starting dynamic gmin stepping
Note: Dynamic gmin stepping completed
Note: Starting dynamic gmin stepping
Note: Dynamic gmin stepping completed
Note: Starting dynamic gmin stepping
Note: Dynamic gmin stepping completed
Note: Starting dynamic gmin stepping
Note: Dynamic gmin stepping completed
Note: Starting dynamic gmin stepping
Note: Dynamic gmin stepping completed
Note: Starting dynamic gmin stepping
Note: Dynamic gmin stepping completed
Note: Starting dynamic gmin stepping
Note: Dynamic gmin stepping completed
Note: Starting dynamic gmin stepping
Note: Dynamic gmin stepping completed
Note: Starting dynamic gmin stepping
Note: Dynamic gmin stepping completed
Note: Starting dynamic gmin stepping
Note: Dynamic gmin stepping completed
Note: Starting dynamic gmin stepping
Note: Dynamic gmin stepping completed
Note: Starting dynamic gmin stepping
Note: Dynamic gmin stepping completed
Note: Starting dynamic gmin stepping
Note: Dynamic gmin stepping completed
Note: Starting dynamic gmin stepping
Note: Dynamic gmin stepping completed
Note: Starting dynamic gmin stepping
Note: Dynamic gmin stepping completed
Note: Starting dynamic gmin stepping
Note: Dynamic gmin stepping completed
Note: Starting dynamic gmin stepping
Note: Dynamic gmin stepping completed
Note: Starting dynamic gmin stepping
Note: Dynamic gmin stepping completed
Note: Starting dynamic gmin stepping
Note: Dynamic gmin stepping completed
Note: Starting dynamic gmin stepping
Note: Dynamic gmin stepping completed
Note: Starting dynamic gmin stepping
Note: Dynamic gmin stepping completed
Note: Starting dynamic gmin stepping
Note: Dynamic gmin stepping completed
Note: Starting dynamic gmin stepping
Note: Dynamic gmin stepping completed
Note: Starting dynamic gmin stepping
Note: Dynamic gmin stepping completed
Note: Starting dynamic gmin stepping
Note: Dynamic gmin stepping completed
Note: Starting dynamic gmin stepping
Note: Dynamic gmin stepping completed
Note: Starting dynamic gmin stepping
Note: Dynamic gmin stepping completed
Note: Starting dynamic gmin stepping
Note: Dynamic gmin stepping completed
Note: Starting dynamic gmin stepping
Note: Dynamic gmin stepping completed
Note: Starting dynamic gmin stepping
Note: Dynamic gmin stepping completed
Note: Starting dynamic gmin stepping
Note: Dynamic gmin stepping completed
Note: Starting dynamic gmin stepping
Note: Dynamic gmin stepping completed
Note: Starting dynamic gmin stepping
Note: Dynamic gmin stepping completed
Note: Starting dynamic gmin stepping
Note: Dynamic gmin stepping completed
Note: Starting dynamic gmin stepping
Note: Dynamic gmin stepping completed
Note: Starting dynamic gmin stepping
Note: Dynamic gmin stepping completed
Note: Starting dynamic gmin stepping
Note: Dynamic gmin stepping completed
Note: Starting dynamic gmin stepping
Note: Dynamic gmin stepping completed
Note: Starting dynamic gmin stepping
Note: Dynamic gmin stepping completed
Note: Starting dynamic gmin stepping
Note: Dynamic gmin stepping completed
Note: Starting dynamic gmin stepping
Note: Dynamic gmin stepping completed
Note: Starting dynamic gmin stepping
Note: Dynamic gmin stepping completed
Note: Starting dynamic gmin stepping
Note: Dynamic gmin stepping completed
Note: Starting dynamic gmin stepping
Note: Dynamic gmin stepping completed
Note: Starting dynamic gmin stepping
Note: Dynamic gmin stepping completed
Note: Starting dynamic gmin stepping
Note: Dynamic gmin stepping completed
Note: Starting dynamic gmin stepping
Note: Dynamic gmin stepping completed
Note: Starting dynamic gmin stepping
Note: Dynamic gmin stepping completed
Note: Starting dynamic gmin stepping
Note: Dynamic gmin stepping completed
Note: Starting dynamic gmin stepping
Note: Dynamic gmin stepping completed
Note: Starting dynamic gmin stepping
Note: Dynamic gmin stepping completed
Note: Starting dynamic gmin stepping
Note: Dynamic gmin stepping completed
Note: Starting dynamic gmin stepping
Note: Dynamic gmin stepping completed
Note: Starting dynamic gmin stepping
Note: Dynamic gmin stepping completed
Note: Starting dynamic gmin stepping
Note: Dynamic gmin stepping completed
Note: Starting dynamic gmin stepping
Note: Dynamic gmin stepping completed
Note: Starting dynamic gmin stepping
Note: Dynamic gmin stepping completed
Note: Starting dynamic gmin stepping
Note: Dynamic gmin stepping completed
Note: Starting dynamic gmin stepping
Note: Dynamic gmin stepping completed
Note: Starting dynamic gmin stepping
Note: Dynamic gmin stepping completed
Note: Starting dynamic gmin stepping
Note: Dynamic gmin stepping completed
Note: Starting dynamic gmin stepping
Note: Dynamic gmin stepping completed
Note: Starting dynamic gmin stepping
Note: Dynamic gmin stepping completed
Note: Starting dynamic gmin stepping
Note: Dynamic gmin stepping completed
Note: Starting dynamic gmin stepping
Note: Dynamic gmin stepping completed
Note: Starting dynamic gmin stepping
Note: Dynamic gmin stepping completed
Note: Starting dynamic gmin stepping
Note: Dynamic gmin stepping completed
Note: Starting dynamic gmin stepping
Note: Dynamic gmin stepping completed
Note: Starting dynamic gmin stepping
Note: Dynamic gmin stepping completed
Note: Starting dynamic gmin stepping
Note: Dynamic gmin stepping completed
Note: Starting dynamic gmin stepping
Note: Dynamic gmin stepping completed
Note: Starting dynamic gmin stepping
Note: Dynamic gmin stepping completed
Note: Starting dynamic gmin stepping
Note: Dynamic gmin stepping completed
Note: Starting dynamic gmin stepping
Note: Dynamic gmin stepping completed
Note: Starting dynamic gmin stepping
Note: Dynamic gmin stepping completed
Note: Starting dynamic gmin stepping
Note: Dynamic gmin stepping completed
Note: Starting dynamic gmin stepping
Note: Dynamic gmin stepping completed
Note: Starting dynamic gmin stepping
Note: Dynamic gmin stepping completed
Note: Starting dynamic gmin stepping
Note: Dynamic gmin stepping completed
Note: Starting dynamic gmin stepping
Note: Dynamic gmin stepping completed
Note: Starting dynamic gmin stepping
Note: Dynamic gmin stepping completed
Note: Starting dynamic gmin stepping
Note: Dynamic gmin stepping completed
Note: Starting dynamic gmin stepping
Note: Dynamic gmin stepping completed
Note: Starting dynamic gmin stepping
Note: Dynamic gmin stepping completed
Note: Starting dynamic gmin stepping
Note: Dynamic gmin stepping completed
Note: Starting dynamic gmin stepping
Note: Dynamic gmin stepping completed
Note: Starting dynamic gmin stepping
Note: Dynamic gmin stepping completed
Note: Starting dynamic gmin stepping
Note: Dynamic gmin stepping completed
Note: Starting dynamic gmin stepping
Note: Dynamic gmin stepping completed
Note: Starting dynamic gmin stepping
Note: Dynamic gmin stepping completed
Note: Starting dynamic gmin stepping
Note: Dynamic gmin stepping completed
Note: Starting dynamic gmin stepping
Note: Dynamic gmin stepping completed
Note: Starting dynamic gmin stepping
Note: Dynamic gmin stepping completed
Note: Starting dynamic gmin stepping
Note: Dynamic gmin stepping completed
Note: Starting dynamic gmin stepping
Note: Dynamic gmin stepping completed
Note: Starting dynamic gmin stepping
Note: Dynamic gmin stepping completed
Note: Starting dynamic gmin stepping
Note: Dynamic gmin stepping completed
Note: Starting dynamic gmin stepping
Note: Dynamic gmin stepping completed
Note: Starting dynamic gmin stepping
Note: Dynamic gmin stepping completed
Note: Starting dynamic gmin stepping
Note: Dynamic gmin stepping completed
Note: Starting dynamic gmin stepping
Note: Dynamic gmin stepping completed
Note: Starting dynamic gmin stepping
Note: Dynamic gmin stepping completed
Note: Starting dynamic gmin stepping
Note: Dynamic gmin stepping completed
Note: Starting dynamic gmin stepping
Note: Dynamic gmin stepping completed
Note: Starting dynamic gmin stepping
Note: Dynamic gmin stepping completed
Note: Starting dynamic gmin stepping
Note: Dynamic gmin stepping completed
Note: Starting dynamic gmin stepping
Note: Dynamic gmin stepping completed
Note: Starting dynamic gmin stepping
Note: Dynamic gmin stepping completed
Note: Starting dynamic gmin stepping
Note: Dynamic gmin stepping completed
Note: Starting dynamic gmin stepping
Note: Dynamic gmin stepping completed
Note: Starting dynamic gmin stepping
Note: Dynamic gmin stepping completed
Note: Starting dynamic gmin stepping
Note: Dynamic gmin stepping completed
Note: Starting dynamic gmin stepping
Note: Dynamic gmin stepping completed
Note: Starting dynamic gmin stepping
Note: Dynamic gmin stepping completed
Note: Starting dynamic gmin stepping
Note: Dynamic gmin stepping completed
Note: Starting dynamic gmin stepping
Note: Dynamic gmin stepping completed
Note: Starting dynamic gmin stepping
Note: Dynamic gmin stepping completed
Note: Starting dynamic gmin stepping
Note: Dynamic gmin stepping completed
Note: Starting dynamic gmin stepping
Note: Dynamic gmin stepping completed
Note: Starting dynamic gmin stepping
Note: Dynamic gmin stepping completed
Note: Starting dynamic gmin stepping
Note: Dynamic gmin stepping completed
Note: Starting dynamic gmin stepping
Note: Dynamic gmin stepping completed
Note: Starting dynamic gmin stepping
Note: Dynamic gmin stepping completed
Note: Starting dynamic gmin stepping
Note: Dynamic gmin stepping completed
Note: Starting dynamic gmin stepping
Note: Dynamic gmin stepping completed
Note: Starting dynamic gmin stepping
Note: Dynamic gmin stepping completed
Note: Starting dynamic gmin stepping
Note: Dynamic gmin stepping completed
Note: Starting dynamic gmin stepping
Note: Dynamic gmin stepping completed
Note: Starting dynamic gmin stepping
Note: Dynamic gmin stepping completed
Note: Starting dynamic gmin stepping
Note: Dynamic gmin stepping completed
Note: Starting dynamic gmin stepping
Note: Dynamic gmin stepping completed
Note: Starting dynamic gmin stepping
Note: Dynamic gmin stepping completed
Note: Starting dynamic gmin stepping
Note: Dynamic gmin stepping completed
Note: Starting dynamic gmin stepping
Note: Dynamic gmin stepping completed
Note: Starting dynamic gmin stepping
Note: Dynamic gmin stepping completed
Note: Starting dynamic gmin stepping
Note: Dynamic gmin stepping completed
Note: Starting dynamic gmin stepping
Note: Dynamic gmin stepping completed
Note: Starting dynamic gmin stepping
Note: Dynamic gmin stepping completed
Note: Starting dynamic gmin stepping
Note: Dynamic gmin stepping completed
Note: Starting dynamic gmin stepping
Note: Dynamic gmin stepping completed
Note: Starting dynamic gmin stepping
Note: Dynamic gmin stepping completed
Note: Starting dynamic gmin stepping
Note: Dynamic gmin stepping completed
Note: Starting dynamic gmin stepping
Note: Dynamic gmin stepping completed
Note: Starting dynamic gmin stepping
Note: Dynamic gmin stepping completed
Note: Starting dynamic gmin stepping
Note: Dynamic gmin stepping completed
Note: Starting dynamic gmin stepping
Note: Dynamic gmin stepping completed
Note: Starting dynamic gmin stepping
Note: Dynamic gmin stepping completed
Note: Starting dynamic gmin stepping
Note: Dynamic gmin stepping completed
Note: Starting dynamic gmin stepping
Note: Dynamic gmin stepping completed
Note: Starting dynamic gmin stepping
Note: Dynamic gmin stepping completed
Note: Starting dynamic gmin stepping
Note: Dynamic gmin stepping completed
Note: Starting dynamic gmin stepping
Note: Dynamic gmin stepping completed
Note: Starting dynamic gmin stepping
Note: Dynamic gmin stepping completed
Note: Starting dynamic gmin stepping
Note: Dynamic gmin stepping completed
Note: Starting dynamic gmin stepping
Note: Dynamic gmin stepping completed
Note: Starting dynamic gmin stepping
Note: Dynamic gmin stepping completed
Note: Starting dynamic gmin stepping
Note: Dynamic gmin stepping completed
Note: Starting dynamic gmin stepping
Note: Dynamic gmin stepping completed
Note: Starting dynamic gmin stepping
Note: Dynamic gmin stepping completed
Note: Starting dynamic gmin stepping
Note: Dynamic gmin stepping completed
Note: Starting dynamic gmin stepping
Note: Dynamic gmin stepping completed
Note: Starting dynamic gmin stepping
Note: Dynamic gmin stepping completed
Note: Starting dynamic gmin stepping
Note: Dynamic gmin stepping completed
Note: Starting dynamic gmin stepping
Note: Dynamic gmin stepping completed
Note: Starting dynamic gmin stepping
Note: Dynamic gmin stepping completed
Note: Starting dynamic gmin stepping
Note: Dynamic gmin stepping completed
Note: Starting dynamic gmin stepping
Note: Dynamic gmin stepping completed
Note: Starting dynamic gmin stepping
Note: Dynamic gmin stepping completed
Note: Starting dynamic gmin stepping
Note: Dynamic gmin stepping completed
Note: Starting dynamic gmin stepping
Note: Dynamic gmin stepping completed
Note: Starting dynamic gmin stepping
Note: Dynamic gmin stepping completed
Note: Starting dynamic gmin stepping
Note: Dynamic gmin stepping completed
Note: Starting dynamic gmin stepping
Note: Dynamic gmin stepping completed
Note: Starting dynamic gmin stepping
Note: Dynamic gmin stepping completed
Note: Starting dynamic gmin stepping
Note: Dynamic gmin stepping completed
Note: Starting dynamic gmin stepping
Note: Dynamic gmin stepping completed
Note: Starting dynamic gmin stepping
Note: Dynamic gmin stepping completed
Note: Starting dynamic gmin stepping
Note: Dynamic gmin stepping completed
Note: Starting dynamic gmin stepping
Note: Dynamic gmin stepping completed
Note: Starting dynamic gmin stepping
Note: Dynamic gmin stepping completed
Note: Starting dynamic gmin stepping
Note: Dynamic gmin stepping completed
Note: Starting dynamic gmin stepping
Note: Dynamic gmin stepping completed
Note: Starting dynamic gmin stepping
Note: Dynamic gmin stepping completed
Note: Starting dynamic gmin stepping
Note: Dynamic gmin stepping completed
Note: Starting dynamic gmin stepping
Note: Dynamic gmin stepping completed
Note: Starting dynamic gmin stepping
Note: Dynamic gmin stepping completed
Note: Starting dynamic gmin stepping
Note: Dynamic gmin stepping completed
Note: Starting dynamic gmin stepping
Note: Dynamic gmin stepping completed
Note: Starting dynamic gmin stepping
Note: Dynamic gmin stepping completed
Note: Starting dynamic gmin stepping
Note: Dynamic gmin stepping completed
Note: Starting dynamic gmin stepping
Note: Dynamic gmin stepping completed
Note: Starting dynamic gmin stepping
Note: Dynamic gmin stepping completed
Note: Starting dynamic gmin stepping
Note: Dynamic gmin stepping completed
Note: Starting dynamic gmin stepping
Note: Dynamic gmin stepping completed
Note: Starting dynamic gmin stepping
Note: Dynamic gmin stepping completed
Note: Starting dynamic gmin stepping
Note: Dynamic gmin stepping completed
Note: Starting dynamic gmin stepping
Note: Dynamic gmin stepping completed
Note: Starting dynamic gmin stepping
Note: Dynamic gmin stepping completed
Note: Starting dynamic gmin stepping
Note: Dynamic gmin stepping completed
Note: Starting dynamic gmin stepping
Note: Dynamic gmin stepping completed
Note: Starting dynamic gmin stepping
Note: Dynamic gmin stepping completed
Note: Starting dynamic gmin stepping
Note: Dynamic gmin stepping completed
Note: Starting dynamic gmin stepping
Note: Dynamic gmin stepping completed
Note: Starting dynamic gmin stepping
Note: Dynamic gmin stepping completed
Note: Starting dynamic gmin stepping
Note: Dynamic gmin stepping completed
Note: Starting dynamic gmin stepping
Note: Dynamic gmin stepping completed
Note: Starting dynamic gmin stepping
Note: Dynamic gmin stepping completed
Note: Starting dynamic gmin stepping
Note: Dynamic gmin stepping completed
Note: Starting dynamic gmin stepping
Note: Dynamic gmin stepping completed
Note: Starting dynamic gmin stepping
Note: Dynamic gmin stepping completed
Note: Starting dynamic gmin stepping
Note: Dynamic gmin stepping completed
Note: Starting dynamic gmin stepping
Note: Dynamic gmin stepping completed
Note: Starting dynamic gmin stepping
Note: Dynamic gmin stepping completed
Note: Starting dynamic gmin stepping
Note: Dynamic gmin stepping completed
Note: Starting dynamic gmin stepping
Note: Dynamic gmin stepping completed
Note: Starting dynamic gmin stepping
Note: Dynamic gmin stepping completed
Note: Starting dynamic gmin stepping
Note: Dynamic gmin stepping completed
Note: Starting dynamic gmin stepping
Note: Dynamic gmin stepping completed
Note: Starting dynamic gmin stepping
Note: Dynamic gmin stepping completed
Note: Starting dynamic gmin stepping
Note: Dynamic gmin stepping completed
Note: Starting dynamic gmin stepping
Note: Dynamic gmin stepping completed
Note: Starting dynamic gmin stepping
Note: Dynamic gmin stepping completed
Note: Starting dynamic gmin stepping
Note: Dynamic gmin stepping completed
Note: Starting dynamic gmin stepping
Note: Dynamic gmin stepping completed
Note: Starting dynamic gmin stepping
Note: Dynamic gmin stepping completed
Note: Starting dynamic gmin stepping
Note: Dynamic gmin stepping completed
Note: Starting dynamic gmin stepping
Note: Dynamic gmin stepping completed
Note: Starting dynamic gmin stepping
Note: Dynamic gmin stepping completed
Note: Starting dynamic gmin stepping
Note: Dynamic gmin stepping completed
Note: Starting dynamic gmin stepping
Note: Dynamic gmin stepping completed
Note: Starting dynamic gmin stepping
Note: Dynamic gmin stepping completed
Note: Starting dynamic gmin stepping
Note: Dynamic gmin stepping completed
Note: Starting dynamic gmin stepping
Note: Dynamic gmin stepping completed
Note: Starting dynamic gmin stepping
Note: Dynamic gmin stepping completed
Note: Starting dynamic gmin stepping
Note: Dynamic gmin stepping completed
Note: Starting dynamic gmin stepping
Note: Dynamic gmin stepping completed
Note: Starting dynamic gmin stepping
Note: Dynamic gmin stepping completed
Note: Starting dynamic gmin stepping
Note: Dynamic gmin stepping completed
Note: Starting dynamic gmin stepping
Note: Dynamic gmin stepping completed
Note: Starting dynamic gmin stepping
Note: Dynamic gmin stepping completed
Note: Starting dynamic gmin stepping
Note: Dynamic gmin stepping completed
Note: Starting dynamic gmin stepping
Note: Dynamic gmin stepping completed
Note: Starting dynamic gmin stepping
Note: Dynamic gmin stepping completed
Note: Starting dynamic gmin stepping
Note: Dynamic gmin stepping completed
Note: Starting dynamic gmin stepping
Note: Dynamic gmin stepping completed
Note: Starting dynamic gmin stepping
Note: Dynamic gmin stepping completed
Note: Starting dynamic gmin stepping
Note: Dynamic gmin stepping completed
Note: Starting dynamic gmin stepping
Note: Dynamic gmin stepping completed
Note: Starting dynamic gmin stepping
Note: Dynamic gmin stepping completed
Note: Starting dynamic gmin stepping
Note: Dynamic gmin stepping completed
Note: Starting dynamic gmin stepping
Note: Dynamic gmin stepping completed
Note: Starting dynamic gmin stepping
Note: Dynamic gmin stepping completed
Note: Starting dynamic gmin stepping
Note: Dynamic gmin stepping completed
Note: Starting dynamic gmin stepping
Note: Dynamic gmin stepping completed
Note: Starting dynamic gmin stepping
Note: Dynamic gmin stepping completed
Note: Starting dynamic gmin stepping
Note: Dynamic gmin stepping completed
Note: Starting dynamic gmin stepping
Note: Dynamic gmin stepping completed
Note: Starting dynamic gmin stepping
Note: Dynamic gmin stepping completed
Note: Starting dynamic gmin stepping
Note: Dynamic gmin stepping completed
Note: Starting dynamic gmin stepping
Note: Dynamic gmin stepping completed
Note: Starting dynamic gmin stepping
Note: Dynamic gmin stepping completed
Note: Starting dynamic gmin stepping
Note: Dynamic gmin stepping completed
Note: Starting dynamic gmin stepping
Note: Dynamic gmin stepping completed
Note: Starting dynamic gmin stepping
Note: Dynamic gmin stepping completed
Note: Starting dynamic gmin stepping
Note: Dynamic gmin stepping completed
Note: Starting dynamic gmin stepping
Note: Dynamic gmin stepping completed
Note: Starting dynamic gmin stepping
Note: Dynamic gmin stepping completed
Note: Starting dynamic gmin stepping
Note: Dynamic gmin stepping completed
Note: Starting dynamic gmin stepping
Note: Dynamic gmin stepping completed
Note: Starting dynamic gmin stepping
Note: Dynamic gmin stepping completed
Note: Starting dynamic gmin stepping
Note: Dynamic gmin stepping completed
Note: Starting dynamic gmin stepping
Note: Dynamic gmin stepping completed
Note: Starting dynamic gmin stepping
Note: Dynamic gmin stepping completed
Note: Starting dynamic gmin stepping
Note: Dynamic gmin stepping completed
Note: Starting dynamic gmin stepping
Note: Dynamic gmin stepping completed
Note: Starting dynamic gmin stepping
Note: Dynamic gmin stepping completed
Note: Starting dynamic gmin stepping
Note: Dynamic gmin stepping completed
Note: Starting dynamic gmin stepping
Note: Dynamic gmin stepping completed
Note: Starting dynamic gmin stepping
Note: Dynamic gmin stepping completed
Note: Starting dynamic gmin stepping
Note: Dynamic gmin stepping completed
Note: Starting dynamic gmin stepping
Note: Dynamic gmin stepping completed
Note: Starting dynamic gmin stepping
Note: Dynamic gmin stepping completed
Note: Starting dynamic gmin stepping
Note: Dynamic gmin stepping completed
Note: Starting dynamic gmin stepping
Note: Dynamic gmin stepping completed
Note: Starting dynamic gmin stepping
Note: Dynamic gmin stepping completed
Note: Starting dynamic gmin stepping
Note: Dynamic gmin stepping completed
Note: Starting dynamic gmin stepping
Note: Dynamic gmin stepping completed
Note: Starting dynamic gmin stepping
Note: Dynamic gmin stepping completed
Note: Starting dynamic gmin stepping
Note: Dynamic gmin stepping completed
Note: Starting dynamic gmin stepping
Note: Dynamic gmin stepping completed
Note: Starting dynamic gmin stepping
Note: Dynamic gmin stepping completed
Note: Starting dynamic gmin stepping
Note: Dynamic gmin stepping completed
Note: Starting dynamic gmin stepping
Note: Dynamic gmin stepping completed
Note: Starting dynamic gmin stepping
Note: Dynamic gmin stepping completed
Note: Starting dynamic gmin stepping
Note: Dynamic gmin stepping completed
Note: Starting dynamic gmin stepping
Note: Dynamic gmin stepping completed
Note: Starting dynamic gmin stepping
Note: Dynamic gmin stepping completed
Note: Starting dynamic gmin stepping
Note: Dynamic gmin stepping completed
Note: Starting dynamic gmin stepping
Note: Dynamic gmin stepping completed
Note: Starting dynamic gmin stepping
Note: Dynamic gmin stepping completed
Note: Starting dynamic gmin stepping
Note: Dynamic gmin stepping completed
Note: Starting dynamic gmin stepping
Note: Dynamic gmin stepping completed
Note: Starting dynamic gmin stepping
Note: Dynamic gmin stepping completed
Note: Starting dynamic gmin stepping
Note: Dynamic gmin stepping completed
Note: Starting dynamic gmin stepping
Note: Dynamic gmin stepping completed
Note: Starting dynamic gmin stepping
Note: Dynamic gmin stepping completed
Note: Starting dynamic gmin stepping
Note: Dynamic gmin stepping completed
Note: Starting dynamic gmin stepping
Note: Dynamic gmin stepping completed
Note: Starting dynamic gmin stepping
Note: Dynamic gmin stepping completed
Note: Starting dynamic gmin stepping
Note: Dynamic gmin stepping completed
Note: Starting dynamic gmin stepping
Note: Dynamic gmin stepping completed
Note: Starting dynamic gmin stepping
Note: Dynamic gmin stepping completed
Note: Starting dynamic gmin stepping
Note: Dynamic gmin stepping completed
Note: Starting dynamic gmin stepping
Note: Dynamic gmin stepping completed
Note: Starting dynamic gmin stepping
Note: Dynamic gmin stepping completed
Note: Starting dynamic gmin stepping
Note: Dynamic gmin stepping completed
Note: Starting dynamic gmin stepping
Note: Dynamic gmin stepping completed
Note: Starting dynamic gmin stepping
Note: Dynamic gmin stepping completed
Note: Starting dynamic gmin stepping
Note: Dynamic gmin stepping completed
Note: Starting dynamic gmin stepping
Note: Dynamic gmin stepping completed
Note: Starting dynamic gmin stepping
Note: Dynamic gmin stepping completed
Note: Starting dynamic gmin stepping
Note: Dynamic gmin stepping completed
Note: Starting dynamic gmin stepping
Note: Dynamic gmin stepping completed
Note: Starting dynamic gmin stepping
Note: Dynamic gmin stepping completed
Note: Starting dynamic gmin stepping
Note: Dynamic gmin stepping completed
Note: Starting dynamic gmin stepping
Note: Dynamic gmin stepping completed
Note: Starting dynamic gmin stepping
Note: Dynamic gmin stepping completed
Note: Starting dynamic gmin stepping
Note: Dynamic gmin stepping completed
Note: Starting dynamic gmin stepping
Note: Dynamic gmin stepping completed
Note: Starting dynamic gmin stepping
Note: Dynamic gmin stepping completed
Note: Starting dynamic gmin stepping
Note: Dynamic gmin stepping completed
Note: Starting dynamic gmin stepping
Note: Dynamic gmin stepping completed
Note: Starting dynamic gmin stepping
Note: Dynamic gmin stepping completed
Note: Starting dynamic gmin stepping
Note: Dynamic gmin stepping completed
Note: Starting dynamic gmin stepping
Note: Dynamic gmin stepping completed
Note: Starting dynamic gmin stepping
Note: Dynamic gmin stepping completed
Note: Starting dynamic gmin stepping
Note: Dynamic gmin stepping completed
Note: Starting dynamic gmin stepping
Note: Dynamic gmin stepping completed
Note: Starting dynamic gmin stepping
Note: Dynamic gmin stepping completed
Note: Starting dynamic gmin stepping
Note: Dynamic gmin stepping completed
Note: Starting dynamic gmin stepping
Note: Dynamic gmin stepping completed
Note: Starting dynamic gmin stepping
Note: Dynamic gmin stepping completed
Note: Starting dynamic gmin stepping
Note: Dynamic gmin stepping completed
Note: Starting dynamic gmin stepping
Note: Dynamic gmin stepping completed
Note: Starting dynamic gmin stepping
Note: Dynamic gmin stepping completed
Note: Starting dynamic gmin stepping
Note: Dynamic gmin stepping completed
Note: Starting dynamic gmin stepping
Note: Dynamic gmin stepping completed
Note: Starting dynamic gmin stepping
Note: Dynamic gmin stepping completed
Note: Starting dynamic gmin stepping
Note: Dynamic gmin stepping completed
Note: Starting dynamic gmin stepping
Note: Dynamic gmin stepping completed
Note: Starting dynamic gmin stepping
Note: Dynamic gmin stepping completed
Note: Starting dynamic gmin stepping
Note: Dynamic gmin stepping completed
Note: Starting dynamic gmin stepping
Note: Dynamic gmin stepping completed
Note: Starting dynamic gmin stepping
Note: Dynamic gmin stepping completed
Note: Starting dynamic gmin stepping
Note: Dynamic gmin stepping completed
Note: Starting dynamic gmin stepping
Note: Dynamic gmin stepping completed
Note: Starting dynamic gmin stepping
Note: Dynamic gmin stepping completed
Note: Starting dynamic gmin stepping
Note: Dynamic gmin stepping completed
Note: Starting dynamic gmin stepping
Note: Dynamic gmin stepping completed
Note: Starting dynamic gmin stepping
Note: Dynamic gmin stepping completed
Note: Starting dynamic gmin stepping
Note: Dynamic gmin stepping completed
Note: Starting dynamic gmin stepping
Note: Dynamic gmin stepping completed
Note: Starting dynamic gmin stepping
Note: Dynamic gmin stepping completed
Note: Starting dynamic gmin stepping
Note: Dynamic gmin stepping completed
Note: Starting dynamic gmin stepping
Note: Dynamic gmin stepping completed
Note: Starting dynamic gmin stepping
Note: Dynamic gmin stepping completed
Note: Starting dynamic gmin stepping
Note: Dynamic gmin stepping completed
Note: Starting dynamic gmin stepping
Note: Dynamic gmin stepping completed
Note: Starting dynamic gmin stepping
Note: Dynamic gmin stepping completed
Note: Starting dynamic gmin stepping
Note: Dynamic gmin stepping completed
Note: Starting dynamic gmin stepping
Note: Dynamic gmin stepping completed
Note: Starting dynamic gmin stepping
Note: Dynamic gmin stepping completed
Note: Starting dynamic gmin stepping
Note: Dynamic gmin stepping completed
Note: Starting dynamic gmin stepping
Note: Dynamic gmin stepping completed
Note: Starting dynamic gmin stepping
Note: Dynamic gmin stepping completed
Note: Starting dynamic gmin stepping
Note: Dynamic gmin stepping completed
Note: Starting dynamic gmin stepping
Note: Dynamic gmin stepping completed
Note: Starting dynamic gmin stepping
Note: Dynamic gmin stepping completed
Note: Starting dynamic gmin stepping
Note: Dynamic gmin stepping completed
Note: Starting dynamic gmin stepping
Note: Dynamic gmin stepping completed
Note: Starting dynamic gmin stepping
Note: Dynamic gmin stepping completed
Note: Starting dynamic gmin stepping
Note: Dynamic gmin stepping completed
Note: Starting dynamic gmin stepping
Note: Dynamic gmin stepping completed
Note: Starting dynamic gmin stepping
Note: Dynamic gmin stepping completed
Note: Starting dynamic gmin stepping
Note: Dynamic gmin stepping completed
Note: Starting dynamic gmin stepping
Note: Dynamic gmin stepping completed
Note: Starting dynamic gmin stepping
Note: Dynamic gmin stepping completed
Note: Starting dynamic gmin stepping
Note: Dynamic gmin stepping completed
Note: Starting dynamic gmin stepping
Note: Dynamic gmin stepping completed
Note: Starting dynamic gmin stepping
Note: Dynamic gmin stepping completed
Note: Starting dynamic gmin stepping
Note: Dynamic gmin stepping completed
Note: Starting dynamic gmin stepping
Note: Dynamic gmin stepping completed
Note: Starting dynamic gmin stepping
Note: Dynamic gmin stepping completed
Note: Starting dynamic gmin stepping
Note: Dynamic gmin stepping completed
Note: Starting dynamic gmin stepping
Note: Dynamic gmin stepping completed
Note: Starting dynamic gmin stepping
Note: Dynamic gmin stepping completed
Note: Starting dynamic gmin stepping
Note: Dynamic gmin stepping completed
Note: Starting dynamic gmin stepping
Note: Dynamic gmin stepping completed
Note: Starting dynamic gmin stepping
Note: Dynamic gmin stepping completed
Note: Starting dynamic gmin stepping
Note: Dynamic gmin stepping completed
Note: Starting dynamic gmin stepping
Note: Dynamic gmin stepping completed
Note: Starting dynamic gmin stepping
Note: Dynamic gmin stepping completed
Note: Starting dynamic gmin stepping
Note: Dynamic gmin stepping completed
Note: Starting dynamic gmin stepping
Note: Dynamic gmin stepping completed
Note: Starting dynamic gmin stepping
Note: Dynamic gmin stepping completed
Note: Starting dynamic gmin stepping
Note: Dynamic gmin stepping completed
Note: Starting dynamic gmin stepping
Note: Dynamic gmin stepping completed
Note: Starting dynamic gmin stepping
Note: Dynamic gmin stepping completed
Note: Starting dynamic gmin stepping
Note: Dynamic gmin stepping completed
Note: Starting dynamic gmin stepping
Note: Dynamic gmin stepping completed
Note: Starting dynamic gmin stepping
Note: Dynamic gmin stepping completed
Note: Starting dynamic gmin stepping
Note: Dynamic gmin stepping completed
Note: Starting dynamic gmin stepping
Note: Dynamic gmin stepping completed
Note: Starting dynamic gmin stepping
Note: Dynamic gmin stepping completed
Note: Starting dynamic gmin stepping
Note: Dynamic gmin stepping completed
Note: Starting dynamic gmin stepping
Note: Dynamic gmin stepping completed
Note: Starting dynamic gmin stepping
Note: Dynamic gmin stepping completed
Note: Starting dynamic gmin stepping
Note: Dynamic gmin stepping completed
Note: Starting dynamic gmin stepping
Note: Dynamic gmin stepping completed
Note: Starting dynamic gmin stepping
Note: Dynamic gmin stepping completed
Note: Starting dynamic gmin stepping
Note: Dynamic gmin stepping completed
Note: Starting dynamic gmin stepping
Note: Dynamic gmin stepping completed
Note: Starting dynamic gmin stepping
Note: Dynamic gmin stepping completed
Note: Starting dynamic gmin stepping
Note: Dynamic gmin stepping completed
Note: Starting dynamic gmin stepping
Note: Dynamic gmin stepping completed
Note: Starting dynamic gmin stepping
Note: Dynamic gmin stepping completed
Note: Starting dynamic gmin stepping
Note: Dynamic gmin stepping completed
Note: Starting dynamic gmin stepping
Note: Dynamic gmin stepping completed
Note: Starting dynamic gmin stepping
Note: Dynamic gmin stepping completed
Note: Starting dynamic gmin stepping
Note: Dynamic gmin stepping completed
Note: Starting dynamic gmin stepping
Note: Dynamic gmin stepping completed
Note: Starting dynamic gmin stepping
Note: Dynamic gmin stepping completed
Note: Starting dynamic gmin stepping
Note: Dynamic gmin stepping completed
Note: Starting dynamic gmin stepping
Note: Dynamic gmin stepping completed
Note: Starting dynamic gmin stepping
Note: Dynamic gmin stepping completed
Note: Starting dynamic gmin stepping
Note: Dynamic gmin stepping completed
Note: Starting dynamic gmin stepping
Note: Dynamic gmin stepping completed
Note: Starting dynamic gmin stepping
Note: Dynamic gmin stepping completed
Note: Starting dynamic gmin stepping
Note: Dynamic gmin stepping completed
Note: Starting dynamic gmin stepping
Note: Dynamic gmin stepping completed
Note: Starting dynamic gmin stepping
Note: Dynamic gmin stepping completed
Note: Starting dynamic gmin stepping
Note: Dynamic gmin stepping completed
Note: Starting dynamic gmin stepping
Note: Dynamic gmin stepping completed
Note: Starting dynamic gmin stepping
Note: Dynamic gmin stepping completed
Note: Starting dynamic gmin stepping
Note: Dynamic gmin stepping completed
Note: Starting dynamic gmin stepping
Note: Dynamic gmin stepping completed
Note: Starting dynamic gmin stepping
Note: Dynamic gmin stepping completed
Note: Starting dynamic gmin stepping
Note: Dynamic gmin stepping completed
Note: Starting dynamic gmin stepping
Note: Dynamic gmin stepping completed
Note: Starting dynamic gmin stepping
Note: Dynamic gmin stepping completed
Note: Starting dynamic gmin stepping
Note: Dynamic gmin stepping completed
Note: Starting dynamic gmin stepping
Note: Dynamic gmin stepping completed
Note: Starting dynamic gmin stepping
Note: Dynamic gmin stepping completed
Note: Starting dynamic gmin stepping
Note: Dynamic gmin stepping completed
Note: Starting dynamic gmin stepping
Note: Dynamic gmin stepping completed
Note: Starting dynamic gmin stepping
Note: Dynamic gmin stepping completed
Note: Starting dynamic gmin stepping
Note: Dynamic gmin stepping completed
Note: Starting dynamic gmin stepping
Note: Dynamic gmin stepping completed
Note: Starting dynamic gmin stepping
Note: Dynamic gmin stepping completed
Note: Starting dynamic gmin stepping
Note: Dynamic gmin stepping completed
Note: Starting dynamic gmin stepping
Note: Dynamic gmin stepping completed
Note: Starting dynamic gmin stepping
Note: Dynamic gmin stepping completed
Note: Starting dynamic gmin stepping
Note: Dynamic gmin stepping completed
Note: Starting dynamic gmin stepping
Note: Dynamic gmin stepping completed
Note: Starting dynamic gmin stepping
Note: Dynamic gmin stepping completed
Note: Starting dynamic gmin stepping
Note: Dynamic gmin stepping completed
Note: Starting dynamic gmin stepping
Note: Dynamic gmin stepping completed
Note: Starting dynamic gmin stepping
Note: Dynamic gmin stepping completed
Note: Starting dynamic gmin stepping
Note: Dynamic gmin stepping completed
Note: Starting dynamic gmin stepping
Note: Dynamic gmin stepping completed
Note: Starting dynamic gmin stepping
Note: Dynamic gmin stepping completed
Note: Starting dynamic gmin stepping
Note: Dynamic gmin stepping completed
Note: Starting dynamic gmin stepping
Note: Dynamic gmin stepping completed
Note: Starting dynamic gmin stepping
Note: Dynamic gmin stepping completed
Note: Starting dynamic gmin stepping
Note: Dynamic gmin stepping completed
Note: Starting dynamic gmin stepping
Note: Dynamic gmin stepping completed
Note: Starting dynamic gmin stepping
Note: Dynamic gmin stepping completed
Note: Starting dynamic gmin stepping
Note: Dynamic gmin stepping completed
Note: Starting dynamic gmin stepping
Note: Dynamic gmin stepping completed
Note: Starting dynamic gmin stepping
Note: Dynamic gmin stepping completed
Note: Starting dynamic gmin stepping
Note: Dynamic gmin stepping completed
Note: Starting dynamic gmin stepping
Note: Dynamic gmin stepping completed
Note: Starting dynamic gmin stepping
Note: Dynamic gmin stepping completed
Note: Starting dynamic gmin stepping
Note: Dynamic gmin stepping completed
Note: Starting dynamic gmin stepping
Note: Dynamic gmin stepping completed
Note: Starting dynamic gmin stepping
Note: Dynamic gmin stepping completed
Note: Starting dynamic gmin stepping
Note: Dynamic gmin stepping completed
Note: Starting dynamic gmin stepping
Note: Dynamic gmin stepping completed
Note: Starting dynamic gmin stepping
Note: Dynamic gmin stepping completed
Note: Starting dynamic gmin stepping
Note: Dynamic gmin stepping completed
Note: Starting dynamic gmin stepping
Note: Dynamic gmin stepping completed
Note: Starting dynamic gmin stepping
Note: Dynamic gmin stepping completed
Note: Starting dynamic gmin stepping
Note: Dynamic gmin stepping completed
Note: Starting dynamic gmin stepping
Note: Dynamic gmin stepping completed
Note: Starting dynamic gmin stepping
Note: Dynamic gmin stepping completed
Note: Starting dynamic gmin stepping
Note: Dynamic gmin stepping completed
Note: Starting dynamic gmin stepping
Note: Dynamic gmin stepping completed
Note: Starting dynamic gmin stepping
Note: Dynamic gmin stepping completed
Note: Starting dynamic gmin stepping
Note: Dynamic gmin stepping completed
Note: Starting dynamic gmin stepping
Note: Dynamic gmin stepping completed
Note: Starting dynamic gmin stepping
Note: Dynamic gmin stepping completed
Note: Starting dynamic gmin stepping
Note: Dynamic gmin stepping completed
Note: Starting dynamic gmin stepping
Note: Dynamic gmin stepping completed
Note: Starting dynamic gmin stepping
Note: Dynamic gmin stepping completed
Note: Starting dynamic gmin stepping
Note: Dynamic gmin stepping completed
Note: Starting dynamic gmin stepping
Note: Dynamic gmin stepping completed
Note: Starting dynamic gmin stepping
Note: Dynamic gmin stepping completed
Note: Starting dynamic gmin stepping
Note: Dynamic gmin stepping completed
Note: Starting dynamic gmin stepping
Note: Dynamic gmin stepping completed
Note: Starting dynamic gmin stepping
Note: Dynamic gmin stepping completed
Note: Starting dynamic gmin stepping
Note: Dynamic gmin stepping completed
Note: Starting dynamic gmin stepping
Note: Dynamic gmin stepping completed
Note: Starting dynamic gmin stepping
Note: Dynamic gmin stepping completed
Note: Starting dynamic gmin stepping
Note: Dynamic gmin stepping completed
Note: Starting dynamic gmin stepping
Note: Dynamic gmin stepping completed
Note: Starting dynamic gmin stepping
Note: Dynamic gmin stepping completed
Note: Starting dynamic gmin stepping
Note: Dynamic gmin stepping completed
Note: Starting dynamic gmin stepping
Note: Dynamic gmin stepping completed
Note: Starting dynamic gmin stepping
Note: Dynamic gmin stepping completed
Note: Starting dynamic gmin stepping
Note: Dynamic gmin stepping completed
Note: Starting dynamic gmin stepping
Note: Dynamic gmin stepping completed
Note: Starting dynamic gmin stepping
Note: Dynamic gmin stepping completed
Note: Starting dynamic gmin stepping
Note: Dynamic gmin stepping completed
Note: Starting dynamic gmin stepping
Note: Dynamic gmin stepping completed
Note: Starting dynamic gmin stepping
Note: Dynamic gmin stepping completed
Note: Starting dynamic gmin stepping
Note: Dynamic gmin stepping completed
Note: Starting dynamic gmin stepping
Note: Dynamic gmin stepping completed
Note: Starting dynamic gmin stepping
Note: Dynamic gmin stepping completed
Note: Starting dynamic gmin stepping
Note: Dynamic gmin stepping completed
Note: Starting dynamic gmin stepping
Note: Dynamic gmin stepping completed
Note: Starting dynamic gmin stepping
Note: Dynamic gmin stepping completed
Note: Starting dynamic gmin stepping
Note: Dynamic gmin stepping completed
Note: Starting dynamic gmin stepping
Note: Dynamic gmin stepping completed
Note: Starting dynamic gmin stepping
Note: Dynamic gmin stepping completed
Note: Starting dynamic gmin stepping
Note: Dynamic gmin stepping completed
Note: Starting dynamic gmin stepping
Note: Dynamic gmin stepping completed
Note: Starting dynamic gmin stepping
Note: Dynamic gmin stepping completed
Note: Starting dynamic gmin stepping
Note: Dynamic gmin stepping completed
Note: Starting dynamic gmin stepping
Note: Dynamic gmin stepping completed
Note: Starting dynamic gmin stepping
Note: Dynamic gmin stepping completed
Note: Starting dynamic gmin stepping
Note: Dynamic gmin stepping completed
Note: Starting dynamic gmin stepping
Note: Dynamic gmin stepping completed
Note: Starting dynamic gmin stepping
Note: Dynamic gmin stepping completed
Note: Starting dynamic gmin stepping
Note: Dynamic gmin stepping completed
Note: Starting dynamic gmin stepping
Note: Dynamic gmin stepping completed
Note: Starting dynamic gmin stepping
Note: Dynamic gmin stepping completed
Note: Starting dynamic gmin stepping
Note: Dynamic gmin stepping completed
Note: Starting dynamic gmin stepping
Note: Dynamic gmin stepping completed
Note: Starting dynamic gmin stepping
Note: Dynamic gmin stepping completed
Note: Starting dynamic gmin stepping
Note: Dynamic gmin stepping completed
Note: Starting dynamic gmin stepping
Note: Dynamic gmin stepping completed
Note: Starting dynamic gmin stepping
Note: Dynamic gmin stepping completed
Note: Starting dynamic gmin stepping
Note: Dynamic gmin stepping completed
Note: Starting dynamic gmin stepping
Note: Dynamic gmin stepping completed
Note: Starting dynamic gmin stepping
Note: Dynamic gmin stepping completed
Note: Starting dynamic gmin stepping
Note: Dynamic gmin stepping completed
Note: Starting dynamic gmin stepping
Note: Dynamic gmin stepping completed
Note: Starting dynamic gmin stepping
Note: Dynamic gmin stepping completed
Note: Starting dynamic gmin stepping
Note: Dynamic gmin stepping completed
Note: Starting dynamic gmin stepping
Note: Dynamic gmin stepping completed
Note: Starting dynamic gmin stepping
Note: Dynamic gmin stepping completed
Note: Starting dynamic gmin stepping
Note: Dynamic gmin stepping completed
Note: Starting dynamic gmin stepping
Note: Dynamic gmin stepping completed
Note: Starting dynamic gmin stepping
Note: Dynamic gmin stepping completed
Note: Starting dynamic gmin stepping
Note: Dynamic gmin stepping completed
Note: Starting dynamic gmin stepping
Note: Dynamic gmin stepping completed
Note: Starting dynamic gmin stepping
Note: Dynamic gmin stepping completed
Note: Starting dynamic gmin stepping
Note: Dynamic gmin stepping completed
Note: Starting dynamic gmin stepping
Note: Dynamic gmin stepping completed
Note: Starting dynamic gmin stepping
Note: Dynamic gmin stepping completed
Note: Starting dynamic gmin stepping
Note: Dynamic gmin stepping completed
Note: Starting dynamic gmin stepping
Note: Dynamic gmin stepping completed
Note: Starting dynamic gmin stepping
Note: Dynamic gmin stepping completed
Note: Starting dynamic gmin stepping
Note: Dynamic gmin stepping completed
Note: Starting dynamic gmin stepping
Note: Dynamic gmin stepping completed
Note: Starting dynamic gmin stepping
Note: Dynamic gmin stepping completed
Note: Starting dynamic gmin stepping
Note: Dynamic gmin stepping completed
Note: Starting dynamic gmin stepping
Note: Dynamic gmin stepping completed
Note: Starting dynamic gmin stepping
Note: Dynamic gmin stepping completed
Note: Starting dynamic gmin stepping
Note: Dynamic gmin stepping completed
